date	platform	campaign_type	industry	country	impressions	clicks	CTR	CPC	ad_spend
21-01-2024	Google Ads	Search	Fintech	UAE	59886	2113	0.0353	1.26	2662.38
22-01-2024	TikTok Ads	Search	EdTech	UK	135608	5220	0.0385	1.18	6159.6
15-06-2024	TikTok Ads	Video	Healthcare	USA	92313	5991	0.0649	0.85	5092.35
02-01-2024	TikTok Ads	Shopping	SaaS	Germany	83953	5935	0.0707	1.32	7834.2
22-02-2024	TikTok Ads	Search	Healthcare	UK	91807	4489	0.0489	1.93	8663.77
15-10-2024	TikTok Ads	Search	Fintech	Canada	17666	724	0.041	0.37	267.88
14-08-2024	Meta Ads	Video	Fintech	USA	118252	3748	0.0317	0.42	1574.16
05-04-2024	TikTok Ads	Search	EdTech	UAE	92939	5176	0.0557	0.66	3416.16
17-04-2024	Meta Ads	Display	EdTech	Germany	30939	937	0.0303	0.59	552.83
13-11-2024	Google Ads	Shopping	Fintech	USA	8748	362	0.0414	1.21	438.02
22-04-2024	Meta Ads	Video	E-commerce	UAE	98264	3144	0.032	1.56	4904.64
11-09-2024	Meta Ads	Video	Fintech	Canada	173229	5092	0.0294	1.72	8758.24
26-05-2024	Meta Ads	Video	SaaS	Canada	147483	2138	0.0145	0.57	1218.66
29-02-2024	Google Ads	Shopping	SaaS	USA	116472	4006	0.0344	2.68	10736.08
22-04-2024	TikTok Ads	Shopping	EdTech	Canada	37711	2111	0.056	0.68	1435.48
15-10-2024	TikTok Ads	Shopping	E-commerce	Germany	96412	7047	0.0731	1.11	7822.17
13-08-2024	TikTok Ads	Video	Fintech	Canada	184476	8854	0.048	0.35	3098.9
20-08-2024	TikTok Ads	Search	Fintech	Germany	38828	3607	0.0929	0.97	3498.79
25-12-2024	Meta Ads	Video	SaaS	Canada	187957	4586	0.0244	2.1	9630.6
01-11-2024	Google Ads	Video	SaaS	Canada	34592	1615	0.0467	1.15	1857.25
04-07-2024	Meta Ads	Shopping	Fintech	USA	185798	5889	0.0317	0.9	5300.1
30-12-2024	TikTok Ads	Video	EdTech	India	194407	13122	0.0675	0.85	11153.7
13-11-2024	Google Ads	Search	SaaS	UAE	188062	8143	0.0433	1.8	14657.4
14-12-2024	Meta Ads	Shopping	Healthcare	India	195710	4481	0.0229	0.53	2374.93
09-04-2024	Google Ads	Display	Healthcare	Australia	198824	9046	0.0455	3.61	32656.06
08-06-2024	Meta Ads	Shopping	SaaS	USA	196962	5081	0.0258	2.06	10466.86
29-08-2024	Google Ads	Shopping	SaaS	UAE	105386	3783	0.0359	1.82	6885.06
05-09-2024	Google Ads	Search	Healthcare	UAE	49425	1996	0.0404	1.27	2534.92
26-12-2024	Meta Ads	Video	E-commerce	Canada	191141	4453	0.0233	1.23	5477.19
23-05-2024	TikTok Ads	Shopping	EdTech	Canada	91900	4696	0.0511	0.53	2488.88
26-11-2024	Google Ads	Video	Healthcare	Canada	11801	795	0.0674	2.97	2361.15
16-11-2024	Meta Ads	Display	Fintech	UAE	193926	5837	0.0301	1	5837
27-02-2024	Google Ads	Display	EdTech	India	35355	961	0.0272	2.22	2133.42
12-11-2024	TikTok Ads	Shopping	Healthcare	UAE	133148	9120	0.0685	0.5	4560
12-01-2024	Meta Ads	Video	E-commerce	Canada	104657	4029	0.0385	0.71	2860.59
24-05-2024	TikTok Ads	Shopping	Fintech	India	174160	9683	0.0556	1.84	17816.72
05-01-2024	TikTok Ads	Display	Fintech	UAE	6015	410	0.0683	1.93	791.3
06-01-2024	Meta Ads	Search	Healthcare	Australia	17763	726	0.0409	1.94	1408.44
14-10-2024	TikTok Ads	Search	EdTech	India	97193	6230	0.0641	1.6	9968
06-03-2024	Meta Ads	Shopping	Healthcare	UAE	58682	1748	0.0298	1.49	2604.52
21-03-2024	TikTok Ads	Display	SaaS	Canada	108196	5334	0.0493	0.99	5280.66
08-01-2024	Google Ads	Search	Fintech	India	63243	1707	0.027	2.24	3823.68
20-08-2024	Google Ads	Search	E-commerce	UAE	152979	4650	0.0304	0.79	3673.5
08-01-2024	Google Ads	Display	EdTech	USA	132600	6802	0.0513	1.53	10407.06
30-09-2024	Google Ads	Video	Fintech	Australia	110977	4150	0.0374	1.13	4689.5
07-03-2024	Google Ads	Search	EdTech	UK	87152	3599	0.0413	2.63	9465.37
16-08-2024	Meta Ads	Shopping	Fintech	UAE	164096	1919	0.0117	0.66	1266.54
10-08-2024	Meta Ads	Shopping	Healthcare	Germany	21389	941	0.044	0.8	752.8
27-04-2024	Google Ads	Shopping	Healthcare	India	69323	2169	0.0313	2.19	4750.11
17-05-2024	Google Ads	Display	SaaS	UAE	138291	3318	0.024	0.83	2753.94
29-11-2024	TikTok Ads	Shopping	EdTech	UK	72444	2339	0.0323	1.39	3251.21
04-12-2024	Google Ads	Search	Healthcare	UAE	160002	7520	0.047	2.96	22259.2
12-08-2024	Meta Ads	Search	E-commerce	USA	16246	448	0.0276	1.99	891.52
05-06-2024	Meta Ads	Shopping	Fintech	Germany	15789	423	0.0268	1.81	765.63
05-06-2024	Google Ads	Search	EdTech	Australia	25103	710	0.0283	2.34	1661.4
28-12-2024	TikTok Ads	Display	SaaS	India	138515	4377	0.0316	0.51	2232.27
20-02-2024	Meta Ads	Search	EdTech	Australia	180399	6025	0.0334	0.7	4217.5
16-05-2024	Meta Ads	Video	E-commerce	UAE	62545	606	0.0097	1.96	1187.76
30-06-2024	Google Ads	Shopping	Fintech	Canada	72526	2146	0.0296	1.56	3347.76
07-07-2024	Meta Ads	Display	EdTech	Australia	67823	2075	0.0306	1.83	3797.25
23-06-2024	Meta Ads	Display	E-commerce	India	164937	4453	0.027	1.08	4809.24
14-12-2024	Meta Ads	Search	EdTech	UK	114575	2039	0.0178	0.53	1080.67
13-06-2024	Google Ads	Shopping	Fintech	Germany	132157	2999	0.0227	0.93	2789.07
11-01-2024	TikTok Ads	Video	Healthcare	Germany	108145	3882	0.0359	0.94	3649.08
29-04-2024	TikTok Ads	Search	SaaS	India	72642	3014	0.0415	1.16	3496.24
07-04-2024	TikTok Ads	Display	Healthcare	UAE	131678	8374	0.0636	0.91	7620.34
13-05-2024	Google Ads	Video	E-commerce	Australia	34402	1314	0.0382	3.29	4323.06
08-10-2024	Meta Ads	Video	Healthcare	Germany	58276	1183	0.0203	1.49	1762.67
14-08-2024	Google Ads	Shopping	EdTech	Canada	168059	3462	0.0206	3.08	10662.96
16-08-2024	Meta Ads	Video	Fintech	Canada	91123	1567	0.0172	2.33	3651.11
28-05-2024	Meta Ads	Shopping	Fintech	Australia	16344	452	0.0277	0.9	406.8
26-03-2024	TikTok Ads	Video	SaaS	UAE	99457	5808	0.0584	1.6	9292.8
07-06-2024	Meta Ads	Video	E-commerce	India	57375	843	0.0147	1.61	1357.23
17-04-2024	Google Ads	Display	E-commerce	UAE	115017	2771	0.0241	2.56	7093.76
28-09-2024	Meta Ads	Search	EdTech	USA	90431	1853	0.0205	1.7	3150.1
13-03-2024	Meta Ads	Search	E-commerce	USA	140566	5046	0.0359	0.62	3128.52
28-02-2024	Meta Ads	Search	EdTech	Germany	133583	3954	0.0296	0.65	2570.1
08-04-2024	Google Ads	Video	E-commerce	USA	198555	13104	0.066	2.46	32235.84
23-09-2024	Meta Ads	Display	Healthcare	UK	88560	1319	0.0149	0.52	685.88
24-06-2024	Google Ads	Display	Fintech	UAE	117217	5602	0.0478	3.49	19550.98
24-08-2024	Meta Ads	Shopping	Fintech	UAE	104616	4048	0.0387	1.77	7164.96
14-02-2024	TikTok Ads	Video	Healthcare	Canada	79553	2712	0.0341	0.31	840.72
20-08-2024	Google Ads	Search	Fintech	USA	170904	4751	0.0278	1.12	5321.12
14-07-2024	Google Ads	Search	Healthcare	India	88807	4999	0.0563	2.37	11847.63
14-08-2024	Meta Ads	Shopping	EdTech	Canada	157499	1574	0.01	1.76	2770.24
27-09-2024	Meta Ads	Search	E-commerce	Australia	46846	983	0.021	0.72	707.76
18-09-2024	TikTok Ads	Search	Fintech	Germany	104986	6131	0.0584	0.36	2207.16
24-05-2024	Meta Ads	Shopping	EdTech	India	172516	6314	0.0366	0.72	4546.08
23-08-2024	Meta Ads	Display	E-commerce	India	187099	2469	0.0132	0.83	2049.27
04-04-2024	Google Ads	Shopping	SaaS	India	111661	3930	0.0352	0.84	3301.2
09-06-2024	Meta Ads	Display	EdTech	Germany	79441	3082	0.0388	0.53	1633.46
15-04-2024	Google Ads	Display	SaaS	Australia	14078	763	0.0542	2.26	1724.38
07-01-2024	Meta Ads	Shopping	Fintech	Australia	182235	5047	0.0277	0.74	3734.78
24-02-2024	Meta Ads	Video	SaaS	Canada	128629	2109	0.0164	1.29	2720.61
02-04-2024	Meta Ads	Display	Fintech	Canada	21309	432	0.0203	1.66	717.12
06-09-2024	Google Ads	Search	Fintech	USA	167932	6717	0.04	2.46	16523.82
08-01-2024	TikTok Ads	Search	Fintech	UK	162795	8107	0.0498	0.96	7782.72
18-08-2024	Meta Ads	Search	EdTech	UK	50893	1124	0.0221	1.41	1584.84
22-09-2024	TikTok Ads	Display	SaaS	UAE	81619	3623	0.0444	0.47	1702.81
25-07-2024	Meta Ads	Search	EdTech	Germany	154381	1698	0.011	1.85	3141.3
12-01-2024	Google Ads	Search	Fintech	India	124273	3603	0.029	1.55	5584.65
01-12-2024	Meta Ads	Video	Healthcare	Germany	6969	176	0.0253	1.08	190.08
24-05-2024	TikTok Ads	Display	SaaS	UK	29089	1076	0.037	0.65	699.4
10-07-2024	Google Ads	Shopping	SaaS	UK	10704	489	0.0457	1.71	836.19
04-12-2024	TikTok Ads	Search	E-commerce	Australia	22772	1045	0.0459	0.95	992.75
11-04-2024	Google Ads	Search	Fintech	Germany	68449	3285	0.048	2.38	7818.3
26-10-2024	Google Ads	Search	SaaS	UAE	51819	2497	0.0482	2.88	7191.36
19-11-2024	Google Ads	Video	Fintech	Australia	173722	3821	0.022	1.54	5884.34
15-12-2024	Google Ads	Shopping	SaaS	USA	119014	5938	0.0499	2.88	17101.44
20-05-2024	Google Ads	Search	SaaS	Australia	159741	6868	0.043	1.37	9409.16
29-02-2024	Google Ads	Shopping	Fintech	Germany	167982	7693	0.0458	2.64	20309.52
08-06-2024	Google Ads	Video	Fintech	Germany	96658	2822	0.0292	3.37	9510.14
19-01-2024	Meta Ads	Video	EdTech	India	43467	991	0.0228	1.9	1882.9
05-01-2024	Google Ads	Search	EdTech	UK	41378	2023	0.0489	1.23	2488.29
26-10-2024	TikTok Ads	Video	EdTech	India	100673	5718	0.0568	1.05	6003.9
13-12-2024	TikTok Ads	Shopping	Healthcare	Australia	191994	14898	0.0776	1.08	16089.84
21-05-2024	TikTok Ads	Display	EdTech	UK	152235	6104	0.0401	0.73	4455.92
07-12-2024	Meta Ads	Video	Fintech	Australia	66929	1539	0.023	1.21	1862.19
09-05-2024	Google Ads	Video	SaaS	Canada	188202	7189	0.0382	1.15	8267.35
25-01-2024	Google Ads	Video	Fintech	USA	184316	4091	0.0222	1.04	4254.64
10-09-2024	Google Ads	Video	Healthcare	Canada	65545	3355	0.0512	1.77	5938.35
04-06-2024	Google Ads	Video	Healthcare	USA	33141	798	0.0241	3.29	2625.42
09-07-2024	Meta Ads	Video	Healthcare	Germany	76229	1562	0.0205	1.01	1577.62
09-11-2024	TikTok Ads	Search	SaaS	Australia	141614	10677	0.0754	0.35	3736.95
14-07-2024	Meta Ads	Shopping	Healthcare	UK	161193	4916	0.0305	1.37	6734.92
17-02-2024	Google Ads	Search	SaaS	Germany	142244	4935	0.0347	2.98	14706.3
27-03-2024	Meta Ads	Search	Fintech	UAE	178063	1851	0.0104	0.45	832.95
28-01-2024	Google Ads	Video	Fintech	Australia	193978	5780	0.0298	1.73	9999.4
18-02-2024	Meta Ads	Display	SaaS	Canada	187051	6284	0.0336	2.01	12630.84
11-01-2024	Meta Ads	Video	EdTech	UK	152977	5491	0.0359	1.35	7412.85
01-05-2024	Google Ads	Display	E-commerce	UAE	129447	4310	0.0333	2.7	11637
22-01-2024	Google Ads	Shopping	Fintech	USA	28387	672	0.0237	3.32	2231.04
27-04-2024	Meta Ads	Shopping	Fintech	Australia	88986	1308	0.0147	0.75	981
10-01-2024	Google Ads	Video	SaaS	UK	170268	7917	0.0465	3.14	24859.38
20-01-2024	Google Ads	Display	Healthcare	USA	122322	6152	0.0503	1.23	7566.96
07-02-2024	Meta Ads	Display	Healthcare	UK	69429	2430	0.035	1.59	3863.7
07-06-2024	Meta Ads	Display	SaaS	Canada	196675	4031	0.0205	1.97	7941.07
25-05-2024	Google Ads	Video	E-commerce	Australia	104134	3603	0.0346	3.46	12466.38
24-12-2024	Meta Ads	Display	EdTech	Canada	150544	2890	0.0192	1.7	4913
28-10-2024	TikTok Ads	Video	SaaS	Canada	75553	3331	0.0441	0.44	1465.64
23-10-2024	Meta Ads	Search	EdTech	India	149565	2437	0.0163	0.37	901.69
15-04-2024	Google Ads	Display	SaaS	India	12896	535	0.0415	0.98	524.3
22-05-2024	TikTok Ads	Display	Fintech	Germany	70428	3310	0.047	1.17	3872.7
09-06-2024	TikTok Ads	Shopping	EdTech	USA	12345	456	0.037	0.62	282.72
25-11-2024	Meta Ads	Display	SaaS	USA	18140	455	0.0251	1.15	523.25
18-02-2024	Google Ads	Video	Fintech	Australia	42823	1588	0.0371	2.97	4716.36
26-01-2024	TikTok Ads	Shopping	SaaS	Germany	34118	1470	0.0431	0.85	1249.5
08-01-2024	Meta Ads	Video	EdTech	UK	127775	3871	0.0303	0.76	2941.96
15-09-2024	Google Ads	Shopping	Fintech	UAE	136354	3736	0.0274	1.16	4333.76
28-10-2024	Google Ads	Shopping	E-commerce	Germany	115454	7227	0.0626	2.46	17778.42
02-06-2024	Meta Ads	Search	EdTech	USA	37994	1379	0.0363	1.06	1461.74
12-10-2024	Meta Ads	Video	EdTech	Germany	74615	2327	0.0312	1.1	2559.7
15-12-2024	Google Ads	Search	EdTech	Canada	176790	4490	0.0254	1.49	6690.1
29-10-2024	Google Ads	Shopping	Fintech	Germany	60077	1994	0.0332	3.11	6201.34
31-03-2024	Meta Ads	Display	Fintech	Canada	151295	2163	0.0143	1.58	3417.54
19-04-2024	TikTok Ads	Display	E-commerce	Canada	20282	1740	0.0858	1.25	2175
12-10-2024	Google Ads	Search	Healthcare	Germany	185488	3950	0.0213	1.39	5490.5
11-09-2024	Meta Ads	Display	E-commerce	Australia	28567	999	0.035	1.69	1688.31
19-11-2024	Google Ads	Search	E-commerce	UAE	96170	5145	0.0535	2.12	10907.4
07-02-2024	Meta Ads	Shopping	Healthcare	Canada	101019	2515	0.0249	1.69	4250.35
01-03-2024	TikTok Ads	Shopping	E-commerce	UK	91795	3800	0.0414	1.22	4636
08-07-2024	Meta Ads	Search	E-commerce	India	22543	333	0.0148	1.49	496.17
28-02-2024	Meta Ads	Shopping	Healthcare	Canada	119598	1064	0.0089	2	2128
27-08-2024	Meta Ads	Search	EdTech	UAE	158504	4897	0.0309	0.43	2105.71
22-03-2024	Google Ads	Display	E-commerce	Australia	39542	1209	0.0306	1.85	2236.65
19-07-2024	Google Ads	Display	Fintech	India	110848	3181	0.0287	2.45	7793.45
22-12-2024	Meta Ads	Video	Healthcare	Australia	79964	1487	0.0186	1.07	1591.09
19-12-2024	TikTok Ads	Display	EdTech	Germany	105127	7747	0.0737	0.88	6817.36
07-01-2024	Google Ads	Shopping	EdTech	UAE	73803	1505	0.0204	2.12	3190.6
24-06-2024	Google Ads	Shopping	Healthcare	UK	96575	4925	0.051	2.4	11820
20-02-2024	Google Ads	Shopping	Fintech	UK	162489	4500	0.0277	3.03	13635
05-05-2024	Meta Ads	Search	Healthcare	Canada	76155	3548	0.0466	1.25	4435
06-12-2024	TikTok Ads	Search	Fintech	UK	180021	13105	0.0728	1.61	21099.05
13-04-2024	TikTok Ads	Video	EdTech	UK	79965	3070	0.0384	1.02	3131.4
28-05-2024	Meta Ads	Search	EdTech	India	49789	622	0.0125	2.08	1293.76
11-04-2024	TikTok Ads	Video	SaaS	Germany	195026	9653	0.0495	1.83	17664.99
17-02-2024	TikTok Ads	Shopping	Healthcare	Canada	130438	7721	0.0592	1.6	12353.6
14-12-2024	TikTok Ads	Shopping	SaaS	India	141917	4796	0.0338	0.66	3165.36
22-11-2024	TikTok Ads	Shopping	SaaS	USA	146958	7494	0.051	1.68	12589.92
16-09-2024	Google Ads	Video	E-commerce	UK	13605	300	0.0221	2.08	624
23-05-2024	Google Ads	Display	SaaS	Germany	116041	6428	0.0554	1.75	11249
25-09-2024	TikTok Ads	Search	E-commerce	India	170396	10138	0.0595	1.08	10949.04
22-02-2024	Meta Ads	Display	EdTech	India	19743	619	0.0314	1.25	773.75
28-08-2024	Google Ads	Search	E-commerce	Australia	94081	5588	0.0594	2.69	15031.72
10-06-2024	TikTok Ads	Video	Fintech	USA	141643	8526	0.0602	0.46	3921.96
23-01-2024	Meta Ads	Shopping	SaaS	Australia	90716	3002	0.0331	1.47	4412.94
20-12-2024	Google Ads	Search	EdTech	USA	72055	1678	0.0233	3.17	5319.26
18-04-2024	Meta Ads	Shopping	E-commerce	Germany	112692	2096	0.0186	2.27	4757.92
08-11-2024	Google Ads	Video	Fintech	UAE	31672	877	0.0277	0.72	631.44
30-06-2024	Meta Ads	Video	E-commerce	Germany	59131	1425	0.0241	1.04	1482
23-06-2024	Google Ads	Search	SaaS	Canada	119397	3868	0.0324	1.8	6962.4
02-11-2024	Meta Ads	Search	EdTech	Australia	157008	5024	0.032	0.72	3617.28
04-01-2024	Meta Ads	Shopping	EdTech	UK	117217	2133	0.0182	1.29	2751.57
27-10-2024	TikTok Ads	Search	SaaS	Canada	111956	5911	0.0528	1.57	9280.27
05-01-2024	Meta Ads	Display	SaaS	USA	10939	113	0.0104	1.18	133.34
10-08-2024	TikTok Ads	Display	SaaS	India	72293	4532	0.0627	1.81	8202.92
17-02-2024	Google Ads	Shopping	Fintech	Germany	78402	4531	0.0578	2.75	12460.25
25-10-2024	TikTok Ads	Display	E-commerce	Canada	160892	9122	0.0567	0.64	5838.08
14-03-2024	TikTok Ads	Search	EdTech	USA	154092	8860	0.0575	1.17	10366.2
10-01-2024	Meta Ads	Shopping	Healthcare	UAE	73323	1928	0.0263	1.71	3296.88
17-01-2024	TikTok Ads	Video	SaaS	India	58521	3318	0.0567	1.85	6138.3
04-10-2024	TikTok Ads	Search	SaaS	USA	48361	2713	0.0561	0.87	2360.31
11-05-2024	TikTok Ads	Display	Healthcare	UAE	179870	7500	0.0417	1.44	10800
06-10-2024	TikTok Ads	Search	E-commerce	Canada	114850	8234	0.0717	1.63	13421.42
17-06-2024	Google Ads	Display	Healthcare	India	54976	2611	0.0475	1.32	3446.52
26-08-2024	Google Ads	Shopping	Fintech	Australia	162636	9237	0.0568	1.41	13024.17
28-05-2024	Google Ads	Display	Healthcare	India	23375	1175	0.0503	1.42	1668.5
22-12-2024	Meta Ads	Shopping	E-commerce	Canada	167917	6246	0.0372	0.6	3747.6
07-09-2024	Google Ads	Search	E-commerce	USA	71216	2357	0.0331	3.17	7471.69
04-12-2024	Google Ads	Video	EdTech	Germany	29618	1883	0.0636	2.17	4086.11
01-12-2024	Google Ads	Search	Healthcare	Canada	136461	3984	0.0292	1.49	5936.16
24-07-2024	TikTok Ads	Search	Healthcare	Australia	132426	7309	0.0552	0.32	2338.88
29-11-2024	TikTok Ads	Search	E-commerce	Germany	159692	6882	0.0431	0.37	2546.34
04-09-2024	Meta Ads	Video	Fintech	India	27931	608	0.0218	1.52	924.16
06-08-2024	Meta Ads	Display	EdTech	USA	131155	4052	0.0309	1.24	5024.48
27-05-2024	TikTok Ads	Shopping	Fintech	USA	66842	2339	0.035	1.4	3274.6
05-03-2024	Google Ads	Shopping	SaaS	UAE	7642	202	0.0265	3.38	682.76
12-06-2024	Google Ads	Shopping	E-commerce	USA	70618	3601	0.051	2.23	8030.23
27-09-2024	Meta Ads	Video	E-commerce	Germany	74212	1528	0.0206	1.46	2230.88
09-03-2024	Google Ads	Shopping	E-commerce	USA	10039	501	0.05	2.29	1147.29
23-12-2024	Meta Ads	Video	Healthcare	India	102088	4481	0.0439	0.73	3271.13
14-09-2024	TikTok Ads	Display	Fintech	UAE	25025	1256	0.0502	0.43	540.08
05-11-2024	Google Ads	Shopping	Healthcare	Canada	36707	943	0.0257	1.31	1235.33
17-10-2024	TikTok Ads	Search	EdTech	Canada	17356	925	0.0533	0.46	425.5
25-06-2024	TikTok Ads	Search	EdTech	India	86257	4597	0.0533	0.83	3815.51
08-11-2024	Google Ads	Shopping	Fintech	India	32518	1258	0.0387	2.41	3031.78
27-07-2024	Meta Ads	Display	E-commerce	India	75269	2604	0.0346	0.83	2161.32
16-05-2024	Google Ads	Video	EdTech	Canada	20534	993	0.0484	2.87	2849.91
15-11-2024	TikTok Ads	Shopping	E-commerce	UAE	98500	5614	0.057	0.61	3424.54
25-07-2024	TikTok Ads	Search	Fintech	UAE	41468	3354	0.0809	1.11	3722.94
26-05-2024	Google Ads	Video	Healthcare	Canada	123696	6531	0.0528	2.58	16849.98
08-11-2024	Meta Ads	Shopping	EdTech	Germany	81848	1694	0.0207	1.29	2185.26
29-02-2024	Google Ads	Display	EdTech	Canada	92923	1932	0.0208	3.17	6124.44
09-11-2024	Google Ads	Shopping	E-commerce	UK	170732	7700	0.0451	0.81	6237
03-10-2024	Google Ads	Display	E-commerce	Australia	86471	4859	0.0562	1.57	7628.63
26-10-2024	Meta Ads	Display	EdTech	UK	115986	1357	0.0117	1.48	2008.36
21-06-2024	TikTok Ads	Display	Healthcare	USA	42019	2979	0.0709	1.51	4498.29
28-01-2024	TikTok Ads	Shopping	EdTech	USA	34063	1243	0.0365	0.38	472.34
13-04-2024	TikTok Ads	Shopping	Healthcare	Australia	107476	4707	0.0438	1.7	8001.9
16-12-2024	TikTok Ads	Search	Fintech	Canada	33302	3007	0.0903	0.28	841.96
21-12-2024	Google Ads	Shopping	SaaS	USA	70206	3945	0.0562	3.6	14202
17-02-2024	Meta Ads	Video	E-commerce	Germany	16094	616	0.0383	2.29	1410.64
03-06-2024	Meta Ads	Video	Fintech	UAE	182718	2558	0.014	1.36	3478.88
01-08-2024	TikTok Ads	Search	EdTech	India	66169	2057	0.0311	1.49	3064.93
13-01-2024	Meta Ads	Shopping	SaaS	India	24404	710	0.0291	0.61	433.1
23-05-2024	TikTok Ads	Shopping	EdTech	Australia	30517	2575	0.0844	0.8	2060
04-04-2024	TikTok Ads	Video	E-commerce	Australia	145148	5762	0.0397	1.49	8585.38
19-02-2024	Google Ads	Display	Fintech	Germany	37101	2166	0.0584	2.95	6389.7
08-02-2024	Meta Ads	Search	EdTech	UK	151480	2514	0.0166	2.06	5178.84
05-04-2024	TikTok Ads	Video	EdTech	India	159813	7575	0.0474	0.9	6817.5
21-09-2024	TikTok Ads	Display	Healthcare	UK	135956	11529	0.0848	0.5	5764.5
26-07-2024	Google Ads	Search	SaaS	UAE	70982	2548	0.0359	2.88	7338.24
17-03-2024	TikTok Ads	Search	Healthcare	India	132992	7926	0.0596	0.64	5072.64
13-08-2024	TikTok Ads	Video	Healthcare	India	13597	747	0.055	1.91	1426.77
06-05-2024	Meta Ads	Search	EdTech	USA	199472	5286	0.0265	1.32	6977.52
27-02-2024	Google Ads	Search	Healthcare	USA	108751	5459	0.0502	1.43	7806.37
24-12-2024	Meta Ads	Display	E-commerce	India	175591	5864	0.0334	0.44	2580.16
08-11-2024	TikTok Ads	Search	EdTech	India	36027	2770	0.0769	1.08	2991.6
19-08-2024	TikTok Ads	Shopping	E-commerce	Canada	57265	2302	0.0402	1.3	2992.6
18-07-2024	Google Ads	Shopping	Fintech	India	161904	4727	0.0292	1.64	7752.28
31-08-2024	Google Ads	Display	Healthcare	Canada	49757	1243	0.025	3.14	3903.02
28-07-2024	Google Ads	Video	EdTech	USA	168623	6896	0.0409	1.42	9792.32
06-09-2024	Meta Ads	Video	SaaS	Canada	98079	3226	0.0329	2.18	7032.68
23-06-2024	Google Ads	Search	EdTech	UK	11305	562	0.0498	1.72	966.64
20-10-2024	TikTok Ads	Shopping	Healthcare	India	109188	6354	0.0582	1.26	8006.04
14-08-2024	Meta Ads	Display	Healthcare	Germany	73309	2323	0.0317	0.6	1393.8
14-12-2024	Google Ads	Video	Healthcare	India	81996	1508	0.0184	2.33	3513.64
03-04-2024	TikTok Ads	Display	EdTech	UK	122192	4398	0.036	0.99	4354.02
30-11-2024	Google Ads	Display	SaaS	UAE	79960	1591	0.0199	1.03	1638.73
05-11-2024	Meta Ads	Display	Healthcare	Australia	188804	5267	0.0279	2.1	11060.7
25-05-2024	Meta Ads	Display	Fintech	UK	80139	2436	0.0304	1.58	3848.88
25-12-2024	Meta Ads	Shopping	SaaS	Germany	51999	930	0.0179	1.2	1116
11-12-2024	Google Ads	Video	EdTech	India	119527	6597	0.0552	3.1	20450.7
17-08-2024	Meta Ads	Search	Fintech	India	194073	6346	0.0327	1.8	11422.8
27-09-2024	TikTok Ads	Display	SaaS	UK	55599	3697	0.0665	1.64	6063.08
17-10-2024	Google Ads	Video	Healthcare	India	176541	4378	0.0248	2.87	12564.86
23-06-2024	Google Ads	Display	Fintech	UAE	118710	4036	0.034	2.48	10009.28
17-02-2024	TikTok Ads	Search	Fintech	Germany	113297	9675	0.0854	1.81	17511.75
05-07-2024	Google Ads	Search	Fintech	UK	6881	357	0.052	2.29	817.53
20-05-2024	Meta Ads	Shopping	EdTech	Germany	121477	1834	0.0151	0.49	898.66
28-06-2024	Google Ads	Display	SaaS	Australia	188419	10231	0.0543	2.15	21996.65
11-08-2024	Meta Ads	Video	EdTech	UK	46743	1523	0.0326	0.8	1218.4
10-03-2024	Google Ads	Video	Fintech	India	93302	4058	0.0435	0.81	3286.98
14-05-2024	Google Ads	Search	SaaS	Australia	140747	8571	0.0609	3.25	27855.75
16-04-2024	Google Ads	Search	Healthcare	Australia	36831	1572	0.0427	3.45	5423.4
17-04-2024	TikTok Ads	Display	SaaS	Germany	146842	10646	0.0725	1.23	13094.58
05-04-2024	Meta Ads	Display	EdTech	USA	69892	2851	0.0408	0.78	2223.78
29-03-2024	Google Ads	Shopping	SaaS	UK	118985	4545	0.0382	3.23	14680.35
12-07-2024	Meta Ads	Display	E-commerce	India	12452	280	0.0225	1.23	344.4
22-01-2024	Google Ads	Display	EdTech	UAE	85077	4032	0.0474	2.84	11450.88
18-08-2024	TikTok Ads	Search	Fintech	India	39782	3393	0.0853	1.71	5802.03
13-04-2024	Google Ads	Video	EdTech	Australia	192135	10663	0.0555	1.78	18980.14
04-04-2024	Meta Ads	Search	Healthcare	India	156317	5924	0.0379	0.71	4206.04
15-02-2024	Google Ads	Shopping	Fintech	Germany	39754	2007	0.0505	2.33	4676.31
02-10-2024	Meta Ads	Shopping	EdTech	UAE	84526	2214	0.0262	0.44	974.16
27-08-2024	Google Ads	Shopping	SaaS	UK	159226	5206	0.0327	0.97	5049.82
01-10-2024	TikTok Ads	Display	SaaS	Canada	178503	9639	0.054	0.56	5397.84
19-05-2024	TikTok Ads	Shopping	SaaS	India	176946	13784	0.0779	0.86	11854.24
02-08-2024	Meta Ads	Display	Fintech	Germany	163124	4273	0.0262	0.91	3888.43
21-06-2024	Meta Ads	Display	EdTech	UAE	150486	6230	0.0414	1.21	7538.3
17-05-2024	Google Ads	Search	E-commerce	UK	88384	3641	0.0412	1.22	4442.02
07-07-2024	Meta Ads	Display	SaaS	USA	74922	1333	0.0178	1.32	1759.56
17-01-2024	TikTok Ads	Video	EdTech	UAE	188846	12671	0.0671	1.37	17359.27
27-03-2024	TikTok Ads	Search	SaaS	UK	10209	314	0.0308	1.79	562.06
27-11-2024	TikTok Ads	Video	E-commerce	India	31140	1712	0.055	1.34	2294.08
08-03-2024	Meta Ads	Video	SaaS	Canada	46850	983	0.021	1.58	1553.14
28-04-2024	Meta Ads	Shopping	EdTech	Canada	17720	287	0.0162	1.41	404.67
29-01-2024	Google Ads	Video	SaaS	Germany	16781	684	0.0408	1.3	889.2
29-11-2024	Meta Ads	Video	E-commerce	Germany	61652	2614	0.0424	1.28	3345.92
06-07-2024	Meta Ads	Display	EdTech	USA	194933	4054	0.0208	2.03	8229.62
25-02-2024	Google Ads	Search	EdTech	Canada	100386	5250	0.0523	0.98	5145
25-01-2024	Google Ads	Search	Healthcare	UAE	50203	1390	0.0277	1.95	2710.5
14-01-2024	TikTok Ads	Search	SaaS	India	85428	5134	0.0601	0.86	4415.24
05-05-2024	TikTok Ads	Video	EdTech	UAE	192428	9967	0.0518	1.6	15947.2
19-08-2024	Google Ads	Shopping	Healthcare	UK	33756	2150	0.0637	2.17	4665.5
28-03-2024	Meta Ads	Video	Fintech	UAE	103162	1485	0.0144	0.97	1440.45
02-09-2024	Google Ads	Search	EdTech	UAE	142844	2971	0.0208	1.69	5020.99
31-05-2024	Google Ads	Search	Fintech	USA	50201	2198	0.0438	2.25	4945.5
16-01-2024	Meta Ads	Video	Fintech	USA	143421	3542	0.0247	0.86	3046.12
13-10-2024	Meta Ads	Shopping	Fintech	Australia	71537	1809	0.0253	1.65	2984.85
03-11-2024	Google Ads	Video	Fintech	USA	198604	8162	0.0411	3.1	25302.2
08-04-2024	Google Ads	Search	Healthcare	Canada	114028	3112	0.0273	1.36	4232.32
05-06-2024	TikTok Ads	Video	Healthcare	Australia	180309	5823	0.0323	0.65	3784.95
22-03-2024	Meta Ads	Video	SaaS	Canada	168402	5237	0.0311	0.85	4451.45
23-12-2024	TikTok Ads	Video	E-commerce	Canada	125419	4126	0.0329	0.85	3507.1
05-02-2024	TikTok Ads	Video	SaaS	UK	123680	8373	0.0677	0.6	5023.8
24-06-2024	Google Ads	Search	Fintech	UK	117660	6388	0.0543	1.81	11562.28
02-09-2024	Meta Ads	Video	Fintech	Canada	76916	2761	0.0359	0.71	1960.31
17-02-2024	Meta Ads	Video	E-commerce	Canada	150631	5648	0.0375	1.94	10957.12
19-02-2024	Google Ads	Display	Fintech	Australia	126635	4254	0.0336	1.33	5657.82
14-12-2024	Google Ads	Video	EdTech	India	159721	3625	0.0227	1.91	6923.75
01-09-2024	Meta Ads	Shopping	Healthcare	UAE	150698	4581	0.0304	0.51	2336.31
14-04-2024	TikTok Ads	Search	EdTech	Canada	98348	3225	0.0328	1.27	4095.75
03-08-2024	Meta Ads	Search	E-commerce	USA	110603	2377	0.0215	0.69	1640.13
18-01-2024	Google Ads	Shopping	E-commerce	UAE	76792	3317	0.0432	3.1	10282.7
08-03-2024	TikTok Ads	Shopping	SaaS	USA	44405	1953	0.044	1.53	2988.09
28-08-2024	Google Ads	Shopping	E-commerce	India	49462	1206	0.0244	1.95	2351.7
01-05-2024	TikTok Ads	Display	SaaS	Australia	140440	11825	0.0842	0.68	8041
27-06-2024	TikTok Ads	Display	Healthcare	USA	112392	4934	0.0439	1.64	8091.76
17-04-2024	TikTok Ads	Shopping	Healthcare	Australia	125654	8318	0.0662	0.58	4824.44
16-07-2024	Meta Ads	Search	Healthcare	UK	167002	3406	0.0204	1.83	6232.98
06-04-2024	TikTok Ads	Search	SaaS	Australia	108247	6971	0.0644	0.59	4112.89
14-04-2024	Meta Ads	Display	Fintech	Australia	53128	1678	0.0316	1.51	2533.78
01-02-2024	Meta Ads	Video	EdTech	USA	65942	2044	0.031	1.05	2146.2
14-03-2024	Google Ads	Display	E-commerce	Canada	32160	1186	0.0369	1.34	1589.24
29-09-2024	Google Ads	Search	EdTech	USA	58364	2241	0.0384	2.22	4975.02
05-06-2024	Meta Ads	Search	E-commerce	India	79462	2058	0.0259	0.88	1811.04
01-04-2024	Meta Ads	Display	SaaS	India	151864	4358	0.0287	1.69	7365.02
27-04-2024	Google Ads	Shopping	EdTech	UAE	182926	6749	0.0369	1.94	13093.06
25-10-2024	Meta Ads	Shopping	E-commerce	India	107489	2515	0.0234	1.4	3521
03-08-2024	TikTok Ads	Search	Healthcare	India	40709	1314	0.0323	0.7	919.8
24-09-2024	Google Ads	Video	Fintech	Australia	143561	9144	0.0637	1.93	17647.92
24-03-2024	Google Ads	Shopping	Fintech	India	94242	5466	0.058	1.67	9128.22
23-09-2024	Google Ads	Display	Healthcare	UAE	111311	5765	0.0518	2.71	15623.15
24-09-2024	TikTok Ads	Video	Fintech	USA	130865	9461	0.0723	1.48	14002.28
02-01-2024	Meta Ads	Video	EdTech	USA	138639	2204	0.0159	1.8	3967.2
15-06-2024	TikTok Ads	Shopping	SaaS	India	147355	7485	0.0508	0.91	6811.35
29-04-2024	Meta Ads	Shopping	Fintech	UK	26751	489	0.0183	1.93	943.77
25-01-2024	TikTok Ads	Display	SaaS	UK	42706	2084	0.0488	1.59	3313.56
02-09-2024	Meta Ads	Video	SaaS	UAE	173337	3189	0.0184	2.03	6473.67
28-07-2024	Meta Ads	Shopping	SaaS	Canada	99948	1389	0.0139	1.04	1444.56
30-03-2024	Google Ads	Video	Healthcare	Canada	65282	1723	0.0264	1.91	3290.93
01-02-2024	Google Ads	Video	EdTech	USA	48790	2824	0.0579	1.3	3671.2
16-07-2024	Google Ads	Shopping	EdTech	UAE	163272	5551	0.034	2.23	12378.73
04-11-2024	Google Ads	Video	EdTech	Australia	149233	3686	0.0247	1	3686
27-02-2024	TikTok Ads	Search	SaaS	UAE	7637	415	0.0544	1.54	639.1
04-01-2024	Google Ads	Display	Fintech	UK	20198	878	0.0435	2.68	2353.04
11-09-2024	Google Ads	Search	EdTech	UAE	32675	941	0.0288	1.09	1025.69
28-02-2024	Google Ads	Search	EdTech	USA	116560	4312	0.037	2.79	12030.48
27-01-2024	Meta Ads	Display	E-commerce	Australia	176459	3670	0.0208	1.91	7009.7
02-09-2024	Meta Ads	Shopping	SaaS	Australia	49980	1664	0.0333	1.98	3294.72
07-01-2024	Meta Ads	Video	Healthcare	Germany	98944	1850	0.0187	1.42	2627
01-04-2024	TikTok Ads	Video	Healthcare	USA	115310	3205	0.0278	1.04	3333.2
08-08-2024	Meta Ads	Search	E-commerce	India	8626	242	0.0281	1.13	273.46
05-01-2024	Meta Ads	Display	E-commerce	Germany	88732	1579	0.0178	0.44	694.76
20-06-2024	Meta Ads	Video	EdTech	Germany	29502	604	0.0205	1.61	972.44
14-09-2024	TikTok Ads	Search	E-commerce	Canada	198085	14460	0.073	0.82	11857.2
14-07-2024	Meta Ads	Shopping	Healthcare	USA	111802	2247	0.0201	1.65	3707.55
01-08-2024	Google Ads	Shopping	EdTech	UAE	65186	1955	0.03	2.26	4418.3
15-06-2024	TikTok Ads	Video	EdTech	UK	101176	6505	0.0643	0.96	6244.8
07-08-2024	TikTok Ads	Video	SaaS	UAE	41307	1367	0.0331	0.57	779.19
12-05-2024	Meta Ads	Video	EdTech	UK	174579	3247	0.0186	1.33	4318.51
14-02-2024	Meta Ads	Video	SaaS	India	83137	2045	0.0246	1.01	2065.45
04-01-2024	Meta Ads	Search	Healthcare	UK	122897	2040	0.0166	0.77	1570.8
17-10-2024	TikTok Ads	Search	Healthcare	India	47462	1803	0.038	0.53	955.59
19-06-2024	TikTok Ads	Display	EdTech	Germany	99202	6428	0.0648	1.54	9899.12
26-02-2024	Meta Ads	Shopping	SaaS	USA	125871	3083	0.0245	1.72	5302.76
10-03-2024	Google Ads	Search	Healthcare	UK	8880	216	0.0244	2.06	444.96
30-11-2024	Google Ads	Shopping	EdTech	USA	156388	7021	0.0449	1.64	11514.44
27-03-2024	Google Ads	Video	EdTech	UK	109672	2675	0.0244	2.55	6821.25
07-05-2024	Meta Ads	Display	SaaS	UAE	70030	1470	0.021	1.68	2469.6
03-01-2024	Meta Ads	Video	EdTech	India	149375	6109	0.0409	2.18	13317.62
07-06-2024	Meta Ads	Search	Fintech	Canada	123171	3756	0.0305	1.86	6986.16
16-03-2024	Meta Ads	Search	SaaS	UK	52779	596	0.0113	1.09	649.64
23-05-2024	Google Ads	Display	Fintech	USA	117036	3569	0.0305	2.13	7601.97
17-07-2024	TikTok Ads	Shopping	E-commerce	UAE	177517	13917	0.0784	0.91	12664.47
30-12-2024	TikTok Ads	Search	EdTech	Germany	196349	8325	0.0424	0.69	5744.25
31-10-2024	TikTok Ads	Search	SaaS	UAE	174898	13029	0.0745	1.26	16416.54
30-06-2024	Google Ads	Display	EdTech	USA	83972	4903	0.0584	2.9	14218.7
26-04-2024	Meta Ads	Search	Fintech	USA	165371	2993	0.0181	1.51	4519.43
30-08-2024	TikTok Ads	Shopping	Fintech	USA	133949	7219	0.0539	1.52	10972.88
15-09-2024	TikTok Ads	Display	Fintech	Australia	105400	7704	0.0731	1.11	8551.44
04-08-2024	Google Ads	Shopping	EdTech	USA	63959	2014	0.0315	2.28	4591.92
06-03-2024	Google Ads	Search	SaaS	India	6044	146	0.0242	1.13	164.98
08-04-2024	Google Ads	Shopping	Fintech	USA	90945	3637	0.04	3.02	10983.74
01-02-2024	Google Ads	Search	SaaS	UK	73681	4457	0.0605	1.77	7888.89
14-12-2024	Google Ads	Display	Healthcare	Australia	195545	8799	0.045	2.98	26221.02
14-07-2024	Google Ads	Shopping	E-commerce	USA	46846	2183	0.0466	3.36	7334.88
03-07-2024	Google Ads	Shopping	Healthcare	Canada	183428	4549	0.0248	2.11	9598.39
09-05-2024	Google Ads	Shopping	EdTech	Australia	173913	5860	0.0337	3.46	20275.6
05-05-2024	Google Ads	Video	SaaS	USA	190541	9527	0.05	2.17	20673.59
11-09-2024	TikTok Ads	Video	SaaS	Canada	122116	5507	0.0451	0.98	5396.86
23-03-2024	Google Ads	Display	Fintech	India	47879	1149	0.024	3.06	3515.94
08-10-2024	Meta Ads	Search	Healthcare	USA	164876	5820	0.0353	0.74	4306.8
13-05-2024	Meta Ads	Display	SaaS	USA	163253	1779	0.0109	0.51	907.29
04-10-2024	Meta Ads	Shopping	Fintech	India	120631	1532	0.0127	0.77	1179.64
29-04-2024	Meta Ads	Display	Fintech	Australia	12610	197	0.0157	0.66	130.02
12-01-2024	Meta Ads	Video	Healthcare	UK	62676	595	0.0095	2.42	1439.9
10-07-2024	Google Ads	Search	Fintech	UK	59943	2163	0.0361	3.29	7116.27
20-10-2024	Meta Ads	Display	SaaS	USA	78302	900	0.0115	0.49	441
04-09-2024	Google Ads	Video	EdTech	UK	154805	9535	0.0616	0.96	9153.6
09-05-2024	TikTok Ads	Video	Fintech	Australia	41839	2991	0.0715	0.99	2961.09
17-06-2024	Meta Ads	Shopping	SaaS	India	127872	2953	0.0231	0.59	1742.27
04-11-2024	Google Ads	Display	Fintech	Germany	146779	5019	0.0342	2.22	11142.18
26-06-2024	Google Ads	Shopping	EdTech	USA	133588	6545	0.049	1.68	10995.6
29-01-2024	Google Ads	Video	Fintech	UK	82462	3916	0.0475	2.1	8223.6
18-01-2024	Google Ads	Display	E-commerce	Australia	55248	1646	0.0298	2.6	4279.6
09-08-2024	Google Ads	Display	Healthcare	UAE	90374	2349	0.026	0.97	2278.53
06-03-2024	Meta Ads	Video	EdTech	USA	104976	1238	0.0118	1.52	1881.76
10-11-2024	Google Ads	Display	SaaS	Australia	124774	3481	0.0279	1.21	4212.01
14-08-2024	Google Ads	Search	SaaS	USA	109263	2829	0.0259	0.88	2489.52
13-06-2024	Google Ads	Video	Fintech	UAE	105814	6126	0.0579	2.79	17091.54
16-08-2024	TikTok Ads	Shopping	Healthcare	Canada	41113	2347	0.0571	0.96	2253.12
15-01-2024	Google Ads	Search	SaaS	Canada	43098	1620	0.0376	2.73	4422.6
28-08-2024	Meta Ads	Display	E-commerce	Canada	25991	309	0.0119	1.52	469.68
21-11-2024	Google Ads	Display	EdTech	India	150778	2985	0.0198	1.39	4149.15
17-07-2024	Google Ads	Video	EdTech	Germany	113500	7604	0.067	1.3	9885.2
31-10-2024	Meta Ads	Video	EdTech	UAE	140453	4213	0.03	1.09	4592.17
21-04-2024	TikTok Ads	Display	SaaS	Germany	27936	1402	0.0502	1.32	1850.64
27-02-2024	TikTok Ads	Display	SaaS	UK	133303	4225	0.0317	1.53	6464.25
02-05-2024	Google Ads	Video	EdTech	UAE	117333	2898	0.0247	3.93	11389.14
14-09-2024	Meta Ads	Display	SaaS	USA	152680	6214	0.0407	2.1	13049.4
20-09-2024	Google Ads	Display	Healthcare	USA	168384	4681	0.0278	2.57	12030.17
22-08-2024	Google Ads	Display	Fintech	Australia	106026	5152	0.0486	1.72	8861.44
22-04-2024	Google Ads	Search	E-commerce	Germany	107364	4895	0.0456	2.65	12971.75
25-06-2024	Google Ads	Video	EdTech	UK	132152	7572	0.0573	1.14	8632.08
14-07-2024	Google Ads	Shopping	Fintech	Australia	116695	5799	0.0497	3.13	18150.87
28-11-2024	Meta Ads	Search	E-commerce	UK	116030	4177	0.036	0.9	3759.3
11-08-2024	TikTok Ads	Search	E-commerce	Australia	164599	11209	0.0681	0.41	4595.69
18-04-2024	TikTok Ads	Video	Fintech	India	188844	12860	0.0681	0.98	12602.8
10-09-2024	TikTok Ads	Search	E-commerce	Canada	90468	5753	0.0636	0.8	4602.4
24-06-2024	Google Ads	Video	E-commerce	Australia	117223	7935	0.0677	2.02	16028.7
26-03-2024	TikTok Ads	Shopping	SaaS	Germany	93478	5786	0.0619	0.42	2430.12
29-11-2024	Google Ads	Video	EdTech	Canada	9134	228	0.025	1.39	316.92
10-05-2024	Meta Ads	Display	E-commerce	UAE	29485	1341	0.0455	1.41	1890.81
23-12-2024	TikTok Ads	Video	SaaS	Canada	22221	1706	0.0768	0.5	853
19-06-2024	Google Ads	Display	SaaS	Germany	178567	8374	0.0469	1.33	11137.42
06-10-2024	TikTok Ads	Display	E-commerce	Australia	93074	4225	0.0454	1.54	6506.5
24-12-2024	Google Ads	Search	Healthcare	Australia	155840	4566	0.0293	1.12	5113.92
21-07-2024	TikTok Ads	Display	E-commerce	India	21956	1611	0.0734	1.41	2271.51
06-05-2024	Meta Ads	Search	E-commerce	USA	177224	2374	0.0134	1.57	3727.18
04-11-2024	Google Ads	Search	EdTech	UAE	93720	2661	0.0284	1.7	4523.7
28-05-2024	Google Ads	Display	EdTech	USA	169909	7781	0.0458	2.5	19452.5
05-08-2024	Meta Ads	Video	Healthcare	USA	46548	1047	0.0225	1.55	1622.85
08-12-2024	Meta Ads	Search	Healthcare	USA	6875	158	0.0231	1.83	289.14
26-12-2024	Google Ads	Search	SaaS	India	106975	4300	0.0402	2.39	10277
08-02-2024	Google Ads	Shopping	SaaS	UK	10574	389	0.0368	2.59	1007.51
16-07-2024	TikTok Ads	Video	Fintech	Australia	147658	6939	0.047	0.86	5967.54
02-06-2024	Meta Ads	Shopping	SaaS	Canada	52013	1565	0.0301	1.03	1611.95
18-10-2024	Google Ads	Search	E-commerce	India	49484	1118	0.0226	2.05	2291.9
04-07-2024	Google Ads	Search	Healthcare	USA	18877	545	0.0289	3.2	1744
15-04-2024	Meta Ads	Shopping	Healthcare	UK	106505	1022	0.0096	1.8	1839.6
25-05-2024	Google Ads	Search	E-commerce	India	65107	1777	0.0273	1.63	2896.51
02-03-2024	Google Ads	Shopping	SaaS	India	69839	1620	0.0232	1.26	2041.2
27-02-2024	Google Ads	Video	SaaS	USA	104794	5920	0.0565	3.66	21667.2
14-04-2024	Meta Ads	Video	EdTech	USA	33549	1224	0.0365	0.76	930.24
17-02-2024	Google Ads	Video	SaaS	Germany	133027	7808	0.0587	1.26	9838.08
12-11-2024	Meta Ads	Video	EdTech	Germany	27419	1192	0.0435	1.83	2181.36
24-05-2024	Google Ads	Video	Healthcare	Canada	102648	2330	0.0227	2.55	5941.5
20-01-2024	Google Ads	Display	E-commerce	Canada	181687	8321	0.0458	3.14	26127.94
22-07-2024	Google Ads	Display	SaaS	UK	166792	6071	0.0364	3.15	19123.65
26-06-2024	TikTok Ads	Search	SaaS	USA	7889	416	0.0528	1	416
14-11-2024	Meta Ads	Video	E-commerce	India	129746	4891	0.0377	1.81	8852.71
17-03-2024	Google Ads	Display	E-commerce	Germany	94506	3269	0.0346	1.56	5099.64
17-05-2024	Google Ads	Display	EdTech	Canada	12086	594	0.0492	2.46	1461.24
07-05-2024	TikTok Ads	Display	SaaS	UK	145497	4743	0.0326	0.35	1660.05
18-05-2024	Meta Ads	Search	EdTech	UAE	14491	259	0.0179	1.7	440.3
13-03-2024	Meta Ads	Shopping	Fintech	UAE	156043	4478	0.0287	1.33	5955.74
19-07-2024	TikTok Ads	Display	Healthcare	UK	115304	3551	0.0308	1.56	5539.56
24-09-2024	TikTok Ads	Shopping	Fintech	UAE	132571	9147	0.069	1.02	9329.94
13-11-2024	Google Ads	Display	E-commerce	UAE	92502	2960	0.032	2.06	6097.6
23-11-2024	Google Ads	Display	EdTech	USA	133792	6943	0.0519	2.35	16316.05
26-12-2024	Google Ads	Display	EdTech	UK	77258	3963	0.0513	1.8	7133.4
10-05-2024	Google Ads	Display	EdTech	UAE	74672	2665	0.0357	1.56	4157.4
18-04-2024	TikTok Ads	Search	Healthcare	Australia	41558	1757	0.0423	1.21	2125.97
05-12-2024	Google Ads	Shopping	Healthcare	Australia	134560	5947	0.0442	2.84	16889.48
26-05-2024	TikTok Ads	Search	E-commerce	Canada	143518	10491	0.0731	0.85	8917.35
09-10-2024	Meta Ads	Video	Fintech	UK	7402	91	0.0124	2.08	189.28
25-09-2024	Google Ads	Shopping	EdTech	Australia	49225	2367	0.0481	1.84	4355.28
28-07-2024	Google Ads	Video	Healthcare	India	173678	11428	0.0658	2.11	24113.08
07-03-2024	Meta Ads	Display	Healthcare	Australia	92793	1261	0.0136	0.37	466.57
09-08-2024	TikTok Ads	Video	SaaS	UK	122408	6671	0.0545	1.17	7805.07
04-07-2024	TikTok Ads	Search	E-commerce	UAE	162826	7815	0.048	1.64	12816.6
10-07-2024	Meta Ads	Shopping	Healthcare	India	134614	3190	0.0237	1.78	5678.2
18-03-2024	Google Ads	Shopping	Fintech	India	116451	3388	0.0291	3.39	11485.32
13-02-2024	Google Ads	Search	E-commerce	Germany	188276	11277	0.0599	2.48	27966.96
14-07-2024	Meta Ads	Search	Fintech	Australia	165552	4337	0.0262	2.22	9628.14
18-08-2024	Meta Ads	Video	EdTech	UK	82271	3397	0.0413	0.52	1766.44
30-12-2024	TikTok Ads	Search	Fintech	Germany	61921	3814	0.0616	0.31	1182.34
26-09-2024	Google Ads	Shopping	E-commerce	Canada	161089	6540	0.0406	2.1	13734
13-09-2024	Google Ads	Shopping	Healthcare	USA	85618	2679	0.0313	0.92	2464.68
12-12-2024	Meta Ads	Search	Healthcare	Australia	30457	606	0.0199	0.58	351.48
25-01-2024	TikTok Ads	Search	E-commerce	India	46420	1880	0.0405	1.9	3572
21-08-2024	Google Ads	Search	E-commerce	UK	180746	5024	0.0278	1.28	6430.72
26-06-2024	TikTok Ads	Search	SaaS	Germany	131244	5604	0.0427	0.38	2129.52
01-03-2024	Google Ads	Search	E-commerce	Germany	86678	2158	0.0249	1.45	3129.1
03-11-2024	Google Ads	Display	EdTech	Canada	70226	4037	0.0575	2.16	8719.92
01-12-2024	Google Ads	Search	Fintech	Germany	124119	6416	0.0517	2.55	16360.8
16-05-2024	Google Ads	Shopping	Healthcare	UAE	126292	5165	0.0409	1.49	7695.85
23-02-2024	Google Ads	Video	E-commerce	Canada	189935	10161	0.0535	1.49	15139.89
16-04-2024	Google Ads	Display	EdTech	UAE	103066	2380	0.0231	2.49	5926.2
30-03-2024	Meta Ads	Shopping	E-commerce	USA	11083	193	0.0175	0.83	160.19
25-04-2024	Meta Ads	Display	EdTech	UAE	6074	128	0.0212	1.51	193.28
11-10-2024	TikTok Ads	Video	Healthcare	Canada	54752	2814	0.0514	0.86	2420.04
10-02-2024	Meta Ads	Video	Healthcare	UK	141313	4762	0.0337	1.05	5000.1
28-11-2024	TikTok Ads	Display	EdTech	USA	34669	1965	0.0567	1.61	3163.65
17-03-2024	Meta Ads	Display	E-commerce	Australia	104714	1015	0.0097	0.93	943.95
30-05-2024	TikTok Ads	Video	Healthcare	UAE	109733	6616	0.0603	0.91	6020.56
16-09-2024	TikTok Ads	Display	SaaS	USA	67502	5859	0.0868	0.48	2812.32
24-04-2024	Google Ads	Display	E-commerce	Canada	129121	4893	0.0379	2.56	12526.08
25-03-2024	Google Ads	Video	Fintech	USA	173102	4414	0.0255	3.4	15007.6
27-03-2024	Google Ads	Shopping	EdTech	Canada	140607	6397	0.0455	1.43	9147.71
11-01-2024	Google Ads	Search	Healthcare	Germany	48351	2156	0.0446	3.16	6812.96
06-04-2024	TikTok Ads	Video	Fintech	Germany	118135	8151	0.069	0.69	5624.19
25-06-2024	TikTok Ads	Search	Fintech	UK	20185	878	0.0435	0.61	535.58
29-11-2024	TikTok Ads	Video	E-commerce	Australia	50802	3617	0.0712	0.42	1519.14
14-08-2024	Meta Ads	Shopping	E-commerce	Canada	34048	694	0.0204	1.45	1006.3
23-02-2024	TikTok Ads	Video	SaaS	UAE	56672	2397	0.0423	0.48	1150.56
15-05-2024	Google Ads	Video	Fintech	UAE	128962	7337	0.0569	1.35	9904.95
22-09-2024	Meta Ads	Video	Healthcare	UK	15532	593	0.0382	1.43	847.99
15-08-2024	Google Ads	Video	Fintech	Australia	154666	5939	0.0384	1.28	7601.92
22-08-2024	TikTok Ads	Video	E-commerce	USA	9722	455	0.0469	1.21	550.55
10-08-2024	Google Ads	Display	Fintech	Australia	24464	511	0.0209	1.12	572.32
09-02-2024	Meta Ads	Video	E-commerce	India	170413	3936	0.0231	0.71	2794.56
12-03-2024	TikTok Ads	Video	Fintech	Germany	109205	4499	0.0412	0.84	3779.16
20-08-2024	Google Ads	Shopping	E-commerce	Germany	161926	5424	0.0335	3.29	17844.96
14-10-2024	Meta Ads	Search	E-commerce	UK	125725	1646	0.0131	0.81	1333.26
17-05-2024	TikTok Ads	Video	Healthcare	UAE	116301	4198	0.0361	1.45	6087.1
12-12-2024	Google Ads	Shopping	SaaS	Canada	88251	2665	0.0302	1.29	3437.85
12-10-2024	Google Ads	Video	EdTech	Germany	185378	3244	0.0175	1.82	5904.08
13-08-2024	Meta Ads	Shopping	SaaS	USA	177905	5532	0.0311	0.98	5421.36
16-08-2024	Meta Ads	Video	E-commerce	Canada	122845	2714	0.0221	0.57	1546.98
17-06-2024	Meta Ads	Video	Healthcare	Germany	36017	1210	0.0336	1.01	1222.1
13-05-2024	Google Ads	Search	EdTech	USA	71267	3962	0.0556	0.93	3684.66
04-01-2024	Meta Ads	Display	EdTech	India	97152	1156	0.0119	0.54	624.24
03-09-2024	Meta Ads	Shopping	E-commerce	USA	33834	906	0.0268	0.88	797.28
14-12-2024	TikTok Ads	Shopping	E-commerce	Canada	183775	7093	0.0386	1	7093
31-08-2024	Meta Ads	Search	Fintech	UAE	199405	5204	0.0261	0.96	4995.84
19-03-2024	TikTok Ads	Search	Healthcare	Germany	169512	9475	0.0559	1.41	13359.75
06-11-2024	Google Ads	Display	EdTech	India	14884	541	0.0364	3.25	1758.25
19-11-2024	TikTok Ads	Shopping	Healthcare	Germany	47623	1695	0.0356	1.85	3135.75
24-11-2024	Meta Ads	Search	E-commerce	USA	102780	1952	0.019	1.2	2342.4
10-02-2024	Google Ads	Shopping	Healthcare	Australia	167717	4142	0.0247	1.73	7165.66
05-09-2024	Meta Ads	Search	E-commerce	UK	189598	6673	0.0352	1.99	13279.27
21-01-2024	TikTok Ads	Display	SaaS	Germany	92273	6237	0.0676	1.41	8794.17
05-09-2024	Google Ads	Display	Fintech	UK	118884	5932	0.0499	2.95	17499.4
04-04-2024	Google Ads	Search	Healthcare	Australia	84303	4417	0.0524	3.12	13781.04
04-01-2024	Google Ads	Video	EdTech	Germany	89730	4621	0.0515	2.68	12384.28
30-11-2024	Google Ads	Search	SaaS	UK	174737	5207	0.0298	1.44	7498.08
10-09-2024	Google Ads	Shopping	Healthcare	Germany	145508	7158	0.0492	1.44	10307.52
24-04-2024	Google Ads	Shopping	EdTech	Australia	75649	1792	0.0237	2.78	4981.76
25-03-2024	TikTok Ads	Display	E-commerce	UK	85522	3378	0.0395	0.35	1182.3
19-11-2024	Meta Ads	Shopping	Healthcare	Canada	19588	434	0.0222	1.77	768.18
02-11-2024	TikTok Ads	Video	E-commerce	Canada	92985	8024	0.0863	0.85	6820.4
21-03-2024	Google Ads	Video	E-commerce	USA	134198	2670	0.0199	3.15	8410.5
06-12-2024	TikTok Ads	Search	E-commerce	Canada	25951	809	0.0312	0.48	388.32
19-10-2024	Google Ads	Shopping	E-commerce	UK	55385	1678	0.0303	1.44	2416.32
01-01-2024	Google Ads	Search	SaaS	India	21702	1000	0.0461	3.17	3170
27-02-2024	TikTok Ads	Search	SaaS	UAE	195972	13796	0.0704	0.5	6898
12-09-2024	Meta Ads	Search	Healthcare	UAE	73447	2401	0.0327	1.44	3457.44
17-10-2024	Meta Ads	Search	Healthcare	UAE	55867	1681	0.0301	1.98	3328.38
19-05-2024	Google Ads	Display	Fintech	UK	64567	1439	0.0223	2.29	3295.31
02-07-2024	TikTok Ads	Shopping	SaaS	Canada	97254	3374	0.0347	1.65	5567.1
20-01-2024	Meta Ads	Shopping	Healthcare	UK	147897	2144	0.0145	1.94	4159.36
13-09-2024	Meta Ads	Display	Healthcare	Germany	115379	5134	0.0445	2.41	12372.94
03-03-2024	Google Ads	Search	Fintech	UK	51566	1531	0.0297	1.39	2128.09
18-06-2024	Google Ads	Search	Healthcare	UAE	184889	6212	0.0336	2.17	13480.04
17-04-2024	TikTok Ads	Shopping	EdTech	Australia	100028	7402	0.074	0.73	5403.46
31-07-2024	TikTok Ads	Search	EdTech	India	29741	1287	0.0433	1.23	1583.01
12-03-2024	Google Ads	Shopping	Fintech	Australia	155033	5782	0.0373	2.17	12546.94
15-08-2024	TikTok Ads	Shopping	Fintech	Canada	13562	790	0.0583	1.18	932.2
18-01-2024	Meta Ads	Shopping	Healthcare	UAE	84830	2612	0.0308	1.98	5171.76
21-05-2024	Meta Ads	Shopping	Healthcare	Germany	119427	1146	0.0096	1.93	2211.78
15-08-2024	Google Ads	Shopping	EdTech	India	175623	9483	0.054	0.97	9198.51
25-07-2024	Google Ads	Search	SaaS	Australia	93919	4968	0.0529	2.55	12668.4
04-11-2024	TikTok Ads	Display	Fintech	UAE	46190	3030	0.0656	0.42	1272.6
29-10-2024	Meta Ads	Display	Healthcare	Australia	152996	3136	0.0205	1.79	5613.44
03-06-2024	TikTok Ads	Shopping	E-commerce	UAE	62600	3142	0.0502	0.71	2230.82
29-02-2024	Meta Ads	Search	E-commerce	UAE	36127	610	0.0169	1.11	677.1
28-04-2024	TikTok Ads	Video	EdTech	India	110940	6512	0.0587	1.41	9181.92
01-04-2024	Meta Ads	Search	E-commerce	UK	91332	3762	0.0412	0.65	2445.3
27-08-2024	TikTok Ads	Video	EdTech	UAE	149526	4321	0.0289	0.78	3370.38
29-04-2024	Meta Ads	Search	Healthcare	USA	77746	2861	0.0368	1.04	2975.44
17-04-2024	Google Ads	Video	Healthcare	UK	105804	3110	0.0294	0.97	3016.7
15-09-2024	Meta Ads	Video	Fintech	Germany	37599	1225	0.0326	1.3	1592.5
14-04-2024	Google Ads	Shopping	E-commerce	India	9791	519	0.0531	3.95	2050.05
29-02-2024	Google Ads	Search	Healthcare	USA	34802	1708	0.0491	2.9	4953.2
17-10-2024	TikTok Ads	Display	Healthcare	India	81394	5192	0.0638	0.94	4880.48
06-09-2024	Google Ads	Shopping	E-commerce	Germany	101299	3504	0.0346	1.8	6307.2
30-08-2024	Meta Ads	Video	Healthcare	Germany	140431	1544	0.011	0.52	802.88
04-06-2024	Google Ads	Video	SaaS	Canada	113368	5260	0.0464	1.31	6890.6
18-06-2024	Google Ads	Display	E-commerce	Germany	89263	3695	0.0414	1.77	6540.15
01-08-2024	Meta Ads	Display	E-commerce	USA	168947	4510	0.0267	1.94	8749.4
13-06-2024	TikTok Ads	Search	EdTech	UAE	139511	8384	0.0601	1.35	11318.4
12-09-2024	Google Ads	Search	Fintech	UK	25927	1501	0.0579	1.01	1516.01
20-11-2024	Meta Ads	Shopping	E-commerce	Germany	165322	4529	0.0274	1.73	7835.17
13-12-2024	Meta Ads	Video	Healthcare	India	149542	2497	0.0167	1.04	2596.88
17-09-2024	Meta Ads	Video	Healthcare	UK	20021	462	0.0231	1.57	725.34
16-01-2024	Google Ads	Shopping	SaaS	UAE	31783	781	0.0246	1.16	905.96
14-01-2024	Meta Ads	Display	EdTech	India	171020	2616	0.0153	0.44	1151.04
24-01-2024	Google Ads	Shopping	Fintech	Australia	31325	858	0.0274	2.12	1818.96
30-12-2024	Meta Ads	Display	SaaS	Australia	49134	1026	0.0209	0.8	820.8
30-04-2024	Google Ads	Display	SaaS	India	114599	2028	0.0177	2.43	4928.04
08-10-2024	Meta Ads	Video	Fintech	UK	198581	1985	0.01	1.76	3493.6
21-07-2024	Google Ads	Video	SaaS	Canada	157890	9204	0.0583	3.37	31017.48
04-04-2024	Google Ads	Search	EdTech	Germany	161215	5948	0.0369	2.27	13501.96
30-01-2024	TikTok Ads	Video	Fintech	India	48147	3562	0.074	0.42	1496.04
04-04-2024	Meta Ads	Video	EdTech	USA	90818	3287	0.0362	0.8	2629.6
28-06-2024	Google Ads	Video	SaaS	India	118415	6500	0.0549	1.74	11310
13-11-2024	TikTok Ads	Shopping	SaaS	Germany	113886	4965	0.0436	1.34	6653.1
29-03-2024	Meta Ads	Display	Healthcare	USA	113668	2864	0.0252	1.57	4496.48
21-06-2024	Meta Ads	Shopping	Healthcare	Australia	76880	1798	0.0234	1.18	2121.64
28-09-2024	Google Ads	Search	EdTech	Australia	138438	4734	0.0342	3.54	16758.36
10-11-2024	Google Ads	Search	E-commerce	Germany	34764	1251	0.036	0.83	1038.33
27-03-2024	Meta Ads	Video	Fintech	Canada	61387	1608	0.0262	2.09	3360.72
01-11-2024	TikTok Ads	Shopping	SaaS	UAE	139607	10289	0.0737	0.91	9362.99
03-02-2024	Meta Ads	Shopping	EdTech	UK	48271	1182	0.0245	1.94	2293.08
21-11-2024	TikTok Ads	Search	EdTech	Australia	181833	10018	0.0551	0.48	4808.64
20-05-2024	Meta Ads	Video	E-commerce	USA	83678	2761	0.033	1.66	4583.26
25-04-2024	Google Ads	Search	SaaS	Australia	32898	1743	0.053	1.17	2039.31
03-09-2024	Meta Ads	Search	Healthcare	Germany	36153	882	0.0244	1.68	1481.76
14-06-2024	Meta Ads	Search	Healthcare	USA	140372	4548	0.0324	1.44	6549.12
27-01-2024	TikTok Ads	Video	SaaS	UAE	196889	9568	0.0486	0.93	8898.24
11-02-2024	TikTok Ads	Display	EdTech	UK	77467	3300	0.0426	1.01	3333
11-02-2024	Google Ads	Shopping	Fintech	UAE	29016	1088	0.0375	2.06	2241.28
11-07-2024	Meta Ads	Shopping	Healthcare	Canada	117200	1699	0.0145	1.94	3296.06
05-05-2024	Google Ads	Shopping	SaaS	Germany	134157	3407	0.0254	2.41	8210.87
26-03-2024	Google Ads	Display	Fintech	India	161434	6328	0.0392	0.77	4872.56
14-07-2024	TikTok Ads	Shopping	SaaS	Canada	62888	3307	0.0526	0.61	2017.27
13-05-2024	Google Ads	Video	SaaS	Canada	108187	2423	0.0224	2.67	6469.41
19-08-2024	Meta Ads	Search	E-commerce	Canada	199363	3847	0.0193	0.9	3462.3
29-04-2024	Meta Ads	Video	SaaS	Australia	59160	958	0.0162	1	958
21-11-2024	Google Ads	Shopping	E-commerce	Australia	78551	2411	0.0307	3.38	8149.18
03-10-2024	Meta Ads	Display	SaaS	USA	186711	7748	0.0415	0.58	4493.84
04-10-2024	Meta Ads	Shopping	SaaS	UK	5528	108	0.0196	2.02	218.16
07-12-2024	Google Ads	Shopping	SaaS	Canada	144535	7588	0.0525	3.1	23522.8
08-08-2024	Meta Ads	Search	E-commerce	UAE	8188	272	0.0333	1.16	315.52
05-08-2024	Google Ads	Display	Fintech	Canada	71151	4368	0.0614	3.23	14108.64
06-03-2024	Meta Ads	Shopping	EdTech	Germany	171797	5153	0.03	0.54	2782.62
18-02-2024	TikTok Ads	Search	EdTech	Australia	173050	8565	0.0495	0.69	5909.85
04-09-2024	TikTok Ads	Video	E-commerce	Canada	178269	8646	0.0485	0.63	5446.98
21-12-2024	Google Ads	Display	E-commerce	UAE	164028	5905	0.036	1	5905
01-02-2024	TikTok Ads	Video	Healthcare	Australia	184504	15479	0.0839	0.8	12383.2
19-10-2024	TikTok Ads	Shopping	Healthcare	India	119515	6824	0.0571	0.86	5868.64
18-10-2024	Meta Ads	Search	EdTech	USA	108591	2084	0.0192	2.16	4501.44
11-05-2024	Meta Ads	Shopping	EdTech	UK	68472	2601	0.038	1.38	3589.38
21-09-2024	TikTok Ads	Shopping	Fintech	USA	170201	7931	0.0466	1.05	8327.55
09-03-2024	Google Ads	Video	EdTech	Australia	92340	2502	0.0271	1.96	4903.92
11-04-2024	TikTok Ads	Search	SaaS	USA	136940	4683	0.0342	0.69	3231.27
24-12-2024	Google Ads	Search	EdTech	Australia	106311	5762	0.0542	0.92	5301.04
15-03-2024	TikTok Ads	Shopping	E-commerce	Canada	120016	3336	0.0278	1.33	4436.88
22-10-2024	Meta Ads	Display	SaaS	Germany	193946	7854	0.0405	1.89	14844.06
24-09-2024	TikTok Ads	Shopping	E-commerce	Australia	138780	4135	0.0298	0.85	3514.75
27-07-2024	Meta Ads	Display	SaaS	UK	51365	873	0.017	0.7	611.1
06-03-2024	Google Ads	Shopping	Healthcare	UK	185903	4647	0.025	2.96	13755.12
01-03-2024	TikTok Ads	Display	SaaS	Australia	61232	2951	0.0482	0.75	2213.25
06-10-2024	TikTok Ads	Display	SaaS	USA	122286	7642	0.0625	1.47	11233.74
06-03-2024	TikTok Ads	Shopping	Healthcare	UK	60114	4917	0.0818	1.35	6637.95
04-02-2024	Meta Ads	Display	Healthcare	Australia	124004	2083	0.0168	1.51	3145.33
05-02-2024	TikTok Ads	Search	E-commerce	UK	168322	4965	0.0295	0.91	4518.15
09-05-2024	Meta Ads	Display	Healthcare	Germany	113957	3008	0.0264	2.33	7008.64
04-02-2024	Google Ads	Search	SaaS	USA	137290	5011	0.0365	1.56	7817.16
21-05-2024	Meta Ads	Video	Fintech	UAE	12253	468	0.0382	0.77	360.36
21-12-2024	Google Ads	Video	EdTech	Australia	109216	5777	0.0529	3.06	17677.62
03-03-2024	Google Ads	Shopping	Fintech	Canada	166215	9158	0.0551	0.72	6593.76
29-11-2024	Meta Ads	Shopping	SaaS	India	140678	5655	0.0402	2.07	11705.85
19-07-2024	Google Ads	Search	E-commerce	UAE	176066	5264	0.0299	1.58	8317.12
29-04-2024	Google Ads	Search	Healthcare	Canada	59418	1996	0.0336	1.65	3293.4
27-01-2024	Google Ads	Search	EdTech	UAE	143183	5784	0.0404	0.86	4974.24
19-07-2024	Meta Ads	Shopping	E-commerce	India	194059	3434	0.0177	1.36	4670.24
02-08-2024	Google Ads	Shopping	SaaS	UAE	98899	2185	0.0221	3.16	6904.6
25-02-2024	Meta Ads	Search	E-commerce	UK	129494	1631	0.0126	2.14	3490.34
03-03-2024	TikTok Ads	Shopping	SaaS	UAE	191443	6872	0.0359	1.67	11476.24
30-12-2024	TikTok Ads	Search	SaaS	Australia	61950	4076	0.0658	0.3	1222.8
08-11-2024	Google Ads	Shopping	SaaS	UK	34605	809	0.0234	1.76	1423.84
31-01-2024	TikTok Ads	Shopping	Fintech	UAE	127790	7015	0.0549	1.23	8628.45
09-01-2024	TikTok Ads	Search	Healthcare	Germany	96310	6905	0.0717	1.28	8838.4
05-09-2024	Google Ads	Shopping	Fintech	India	197589	4781	0.0242	1.6	7649.6
17-02-2024	Meta Ads	Video	E-commerce	USA	118566	3711	0.0313	1.13	4193.43
25-09-2024	Meta Ads	Shopping	Healthcare	Germany	199451	3989	0.02	1.28	5105.92
23-10-2024	Google Ads	Display	SaaS	UAE	88251	5965	0.0676	0.82	4891.3
15-01-2024	Google Ads	Display	Fintech	Canada	55406	2648	0.0478	1.9	5031.2
16-02-2024	TikTok Ads	Display	Fintech	Australia	141447	9873	0.0698	1.39	13723.47
06-02-2024	Google Ads	Video	EdTech	UK	73591	2649	0.036	2.83	7496.67
25-02-2024	Google Ads	Video	Fintech	India	66477	2718	0.0409	2.86	7773.48
28-08-2024	Meta Ads	Video	E-commerce	UAE	196386	6794	0.0346	0.81	5503.14
28-10-2024	Google Ads	Display	Fintech	Canada	78927	3172	0.0402	3.2	10150.4
10-12-2024	Google Ads	Display	SaaS	Canada	184857	3419	0.0185	2.57	8786.83
30-08-2024	TikTok Ads	Display	EdTech	India	122174	6499	0.0532	0.88	5719.12
26-07-2024	Google Ads	Search	SaaS	Germany	108719	4207	0.0387	3.2	13462.4
08-11-2024	Meta Ads	Shopping	Healthcare	Australia	186949	3140	0.0168	0.6	1884
12-09-2024	Google Ads	Video	E-commerce	UK	193869	13124	0.0677	2.93	38453.32
28-07-2024	Google Ads	Search	EdTech	Australia	158535	3836	0.0242	2.16	8285.76
14-12-2024	TikTok Ads	Search	EdTech	UAE	148949	12332	0.0828	1.01	12455.32
19-07-2024	Google Ads	Display	Fintech	USA	184810	7447	0.0403	3.12	23234.64
16-07-2024	Meta Ads	Video	E-commerce	USA	85989	997	0.0116	1.69	1684.93
16-02-2024	Meta Ads	Shopping	Fintech	Canada	35755	654	0.0183	1.6	1046.4
25-10-2024	Meta Ads	Video	Fintech	UK	184298	7758	0.0421	1.55	12024.9
17-03-2024	Meta Ads	Video	SaaS	India	22878	619	0.0271	1.01	625.19
16-11-2024	Meta Ads	Search	Fintech	UK	151539	3455	0.0228	2.05	7082.75
26-10-2024	Google Ads	Display	Healthcare	Australia	180365	6114	0.0339	3.46	21154.44
22-08-2024	Meta Ads	Video	Fintech	Australia	30168	1080	0.0358	0.46	496.8
12-05-2024	Google Ads	Display	Fintech	UAE	26352	1697	0.0644	1.71	2901.87
23-01-2024	Google Ads	Search	Healthcare	India	57979	2081	0.0359	1.89	3933.09
12-10-2024	Google Ads	Video	Fintech	Australia	173769	6759	0.0389	2.86	19330.74
01-09-2024	TikTok Ads	Shopping	SaaS	Germany	131206	8279	0.0631	1.53	12666.87
20-05-2024	Meta Ads	Display	EdTech	UK	64799	842	0.013	1.75	1473.5
16-01-2024	Meta Ads	Shopping	E-commerce	UK	167893	4432	0.0264	0.58	2570.56
29-04-2024	Google Ads	Display	EdTech	Australia	72474	4022	0.0555	3.11	12508.42
25-10-2024	Meta Ads	Video	EdTech	Canada	138678	1802	0.013	1.9	3423.8
06-07-2024	TikTok Ads	Search	Healthcare	UAE	70195	4239	0.0604	1.42	6019.38
28-08-2024	Meta Ads	Search	EdTech	USA	73513	2073	0.0282	2.22	4602.06
02-06-2024	Google Ads	Search	SaaS	Germany	162786	7406	0.0455	1.45	10738.7
23-09-2024	Google Ads	Video	Healthcare	USA	133909	5664	0.0423	2.88	16312.32
25-01-2024	Google Ads	Search	E-commerce	Australia	92185	3779	0.041	1.62	6121.98
16-06-2024	Meta Ads	Search	E-commerce	Australia	136637	4399	0.0322	1.31	5762.69
04-06-2024	Meta Ads	Display	E-commerce	India	56986	1270	0.0223	0.93	1181.1
20-02-2024	Meta Ads	Display	SaaS	UK	148859	3840	0.0258	1.8	6912
03-08-2024	Google Ads	Search	EdTech	USA	151900	5270	0.0347	1.11	5849.7
08-10-2024	Meta Ads	Shopping	EdTech	UAE	155555	4588	0.0295	1.55	7111.4
11-10-2024	Meta Ads	Display	SaaS	Germany	198979	2089	0.0105	1.7	3551.3
04-12-2024	Meta Ads	Search	E-commerce	India	186740	4182	0.0224	0.56	2341.92
04-07-2024	Google Ads	Shopping	Fintech	Australia	126246	4203	0.0333	2.05	8616.15
15-02-2024	Google Ads	Search	Fintech	Germany	30835	925	0.03	1.96	1813
22-12-2024	TikTok Ads	Video	EdTech	Canada	112938	3263	0.0289	0.39	1272.57
16-12-2024	Google Ads	Display	SaaS	Canada	143573	3474	0.0242	1.63	5662.62
14-07-2024	TikTok Ads	Display	E-commerce	Canada	113621	10112	0.089	0.99	10010.88
31-08-2024	Meta Ads	Search	Healthcare	UK	125155	5256	0.042	1.07	5623.92
26-06-2024	Meta Ads	Shopping	Fintech	USA	52940	1281	0.0242	1.5	1921.5
01-09-2024	TikTok Ads	Display	SaaS	USA	106069	3139	0.0296	0.5	1569.5
24-03-2024	Google Ads	Video	EdTech	Canada	185523	6029	0.0325	1.38	8320.02
11-11-2024	TikTok Ads	Shopping	EdTech	India	184969	15407	0.0833	1.34	20645.38
24-12-2024	Google Ads	Video	Healthcare	Canada	118005	5003	0.0424	1.8	9005.4
06-09-2024	Google Ads	Video	SaaS	India	47176	1278	0.0271	1.43	1827.54
10-12-2024	Meta Ads	Video	Fintech	UK	8512	251	0.0296	0.64	160.64
17-06-2024	Meta Ads	Shopping	EdTech	Australia	83591	2499	0.0299	1.68	4198.32
25-06-2024	Google Ads	Search	E-commerce	UAE	88323	3965	0.0449	2.36	9357.4
28-11-2024	Google Ads	Video	Healthcare	Germany	24755	811	0.0328	2.48	2011.28
04-03-2024	Google Ads	Video	E-commerce	UAE	99410	4195	0.0422	0.83	3481.85
12-01-2024	Meta Ads	Video	SaaS	Australia	176250	6204	0.0352	0.65	4032.6
04-01-2024	Meta Ads	Shopping	EdTech	UK	184729	2586	0.014	0.9	2327.4
16-01-2024	Google Ads	Search	Healthcare	UK	175381	4226	0.0241	0.91	3845.66
29-10-2024	Google Ads	Video	SaaS	UK	174741	7129	0.0408	2.17	15469.93
17-01-2024	Meta Ads	Shopping	E-commerce	Germany	62033	2667	0.043	1.1	2933.7
18-04-2024	TikTok Ads	Search	Fintech	Canada	6067	201	0.0332	0.63	126.63
06-06-2024	Google Ads	Search	SaaS	UAE	187941	9303	0.0495	2.33	21675.99
23-10-2024	TikTok Ads	Shopping	EdTech	UAE	16094	535	0.0333	1.81	968.35
27-09-2024	Meta Ads	Display	EdTech	India	8599	258	0.0301	0.65	167.7
07-01-2024	Google Ads	Video	Fintech	UAE	32476	1136	0.035	1.64	1863.04
31-01-2024	Google Ads	Display	Fintech	Canada	64739	1599	0.0247	3.26	5212.74
06-05-2024	Google Ads	Search	EdTech	UK	51666	2965	0.0574	2.92	8657.8
03-11-2024	Meta Ads	Shopping	SaaS	India	39723	1116	0.0281	0.95	1060.2
12-12-2024	TikTok Ads	Search	Healthcare	Canada	163984	12971	0.0791	1.68	21791.28
10-01-2024	Meta Ads	Video	Fintech	Australia	51698	1307	0.0253	1.96	2561.72
16-02-2024	Google Ads	Shopping	SaaS	UAE	50206	2399	0.0478	2.02	4845.98
08-10-2024	Google Ads	Video	Fintech	UAE	194099	4774	0.0246	2.49	11887.26
29-12-2024	TikTok Ads	Video	E-commerce	USA	11820	366	0.031	1.72	629.52
16-12-2024	TikTok Ads	Search	SaaS	USA	56782	3264	0.0575	0.8	2611.2
13-08-2024	TikTok Ads	Video	SaaS	UK	191894	7138	0.0372	0.77	5496.26
19-01-2024	Google Ads	Shopping	Fintech	UK	55075	3056	0.0555	2.36	7212.16
28-04-2024	Google Ads	Shopping	EdTech	India	81830	4091	0.05	1.45	5931.95
17-12-2024	Meta Ads	Search	EdTech	USA	87911	1116	0.0127	0.48	535.68
15-09-2024	Meta Ads	Search	SaaS	Canada	9521	237	0.0249	1.77	419.49
14-04-2024	TikTok Ads	Search	E-commerce	UK	88115	5383	0.0611	0.68	3660.44
24-06-2024	Google Ads	Shopping	E-commerce	Germany	184030	5649	0.0307	2.23	12597.27
21-08-2024	Meta Ads	Video	EdTech	UK	151729	4491	0.0296	1.85	8308.35
24-02-2024	TikTok Ads	Video	SaaS	India	68176	2679	0.0393	1.24	3321.96
12-10-2024	Meta Ads	Shopping	Healthcare	UAE	160136	6581	0.0411	0.4	2632.4
22-04-2024	Google Ads	Video	Healthcare	Canada	164504	3322	0.0202	2.07	6876.54
20-04-2024	TikTok Ads	Display	Healthcare	Australia	111399	4155	0.0373	1.22	5069.1
29-07-2024	Google Ads	Search	E-commerce	Germany	135011	3496	0.0259	1.89	6607.44
04-08-2024	Google Ads	Display	Healthcare	USA	24359	1461	0.06	2.34	3418.74
23-05-2024	Meta Ads	Shopping	Healthcare	UK	130611	2207	0.0169	0.73	1611.11
03-12-2024	TikTok Ads	Search	SaaS	UK	156601	8628	0.0551	0.31	2674.68
29-11-2024	Meta Ads	Search	SaaS	Germany	172967	5016	0.029	2.08	10433.28
13-04-2024	Google Ads	Shopping	SaaS	Canada	165104	7958	0.0482	3.09	24590.22
17-01-2024	Google Ads	Video	Fintech	Canada	49109	1203	0.0245	3.26	3921.78
25-12-2024	Meta Ads	Shopping	SaaS	UK	46291	1976	0.0427	0.73	1442.48
02-08-2024	Google Ads	Video	Fintech	Germany	33750	1410	0.0418	1.91	2693.1
26-01-2024	Meta Ads	Search	Healthcare	USA	177593	1811	0.0102	0.79	1430.69
23-03-2024	Google Ads	Display	SaaS	India	150465	5311	0.0353	3.13	16623.43
08-12-2024	TikTok Ads	Shopping	SaaS	Canada	25860	1569	0.0607	1.08	1694.52
17-08-2024	Google Ads	Display	SaaS	Germany	41375	2350	0.0568	2.2	5170
28-04-2024	Meta Ads	Display	SaaS	UAE	26159	782	0.0299	1.51	1180.82
06-02-2024	Meta Ads	Display	EdTech	India	184541	3063	0.0166	1.72	5268.36
31-08-2024	Meta Ads	Video	E-commerce	UAE	196373	5184	0.0264	0.86	4458.24
10-01-2024	Google Ads	Video	Healthcare	Australia	131031	6092	0.0465	2.94	17910.48
15-01-2024	Meta Ads	Search	EdTech	Germany	113269	3182	0.0281	1.53	4868.46
27-11-2024	TikTok Ads	Video	SaaS	USA	92346	6815	0.0738	0.82	5588.3
05-10-2024	Google Ads	Search	Fintech	Australia	143241	7133	0.0498	2.06	14693.98
11-07-2024	Meta Ads	Video	SaaS	UK	194137	2640	0.0136	2.41	6362.4
24-01-2024	TikTok Ads	Shopping	EdTech	UK	79967	2327	0.0291	1.05	2443.35
31-08-2024	Meta Ads	Video	E-commerce	UAE	60919	1851	0.0304	1.79	3313.29
27-09-2024	TikTok Ads	Search	SaaS	Canada	40886	1782	0.0436	0.55	980.1
30-03-2024	TikTok Ads	Shopping	SaaS	India	37646	1874	0.0498	1.1	2061.4
15-03-2024	Meta Ads	Search	EdTech	Germany	117529	4266	0.0363	1.03	4393.98
28-05-2024	TikTok Ads	Video	Fintech	India	150250	7196	0.0479	0.67	4821.32
31-05-2024	Meta Ads	Video	E-commerce	Germany	196929	2382	0.0121	1.3	3096.6
20-10-2024	Google Ads	Search	Healthcare	Germany	91491	4053	0.0443	1.74	7052.22
04-12-2024	Google Ads	Video	E-commerce	UK	154741	6019	0.0389	1.04	6259.76
27-10-2024	TikTok Ads	Display	E-commerce	India	72963	5618	0.077	0.48	2696.64
15-09-2024	Google Ads	Video	Fintech	USA	194281	5906	0.0304	2.5	14765
28-09-2024	Meta Ads	Display	E-commerce	UAE	92844	3277	0.0353	1.81	5931.37
11-05-2024	Google Ads	Video	SaaS	UAE	132441	2436	0.0184	2.09	5091.24
08-10-2024	Meta Ads	Search	EdTech	Germany	110977	2829	0.0255	0.66	1867.14
30-09-2024	Google Ads	Search	Healthcare	UAE	50076	2964	0.0592	3.4	10077.6
30-10-2024	Google Ads	Search	SaaS	Australia	180590	4857	0.0269	1.51	7334.07
19-06-2024	Meta Ads	Search	Fintech	UAE	153530	3899	0.0254	2.31	9006.69
05-01-2024	Google Ads	Video	SaaS	India	135223	3285	0.0243	3.02	9920.7
30-12-2024	Meta Ads	Display	EdTech	USA	108152	4250	0.0393	0.72	3060
03-03-2024	Google Ads	Video	Healthcare	Germany	76442	2392	0.0313	1.64	3922.88
12-11-2024	Google Ads	Video	EdTech	Germany	57335	1869	0.0326	2.75	5139.75
25-11-2024	TikTok Ads	Display	SaaS	UK	82661	4769	0.0577	1.33	6342.77
30-04-2024	Google Ads	Shopping	Fintech	India	72902	4942	0.0678	3.3	16308.6
01-02-2024	Meta Ads	Search	E-commerce	UK	63528	711	0.0112	1.49	1059.39
18-12-2024	TikTok Ads	Shopping	Fintech	USA	169238	6583	0.0389	0.53	3488.99
06-12-2024	Meta Ads	Display	SaaS	Canada	14815	189	0.0128	0.55	103.95
21-08-2024	TikTok Ads	Search	Healthcare	Germany	47278	2803	0.0593	1.69	4737.07
17-02-2024	Google Ads	Video	Fintech	UAE	15046	400	0.0266	1.18	472
04-08-2024	Meta Ads	Shopping	SaaS	Canada	58968	1715	0.0291	1.49	2555.35
21-02-2024	Google Ads	Search	Healthcare	India	13083	707	0.0541	2.38	1682.66
17-12-2024	TikTok Ads	Search	SaaS	Germany	109222	7306	0.0669	1.09	7963.54
04-04-2024	TikTok Ads	Search	SaaS	UK	45382	2246	0.0495	1.59	3571.14
15-09-2024	Meta Ads	Display	Healthcare	UAE	196432	6501	0.0331	0.4	2600.4
05-12-2024	TikTok Ads	Search	EdTech	India	71470	2065	0.0289	1.18	2436.7
01-01-2024	TikTok Ads	Display	SaaS	USA	103026	9066	0.088	1.43	12964.38
13-07-2024	Meta Ads	Display	Fintech	India	140793	2886	0.0205	1.52	4386.72
24-07-2024	Meta Ads	Search	Fintech	Canada	8970	306	0.0342	0.6	183.6
18-12-2024	Meta Ads	Display	Fintech	Germany	177825	4285	0.0241	0.78	3342.3
07-12-2024	Meta Ads	Display	SaaS	UAE	122512	4532	0.037	1.84	8338.88
09-06-2024	Google Ads	Search	EdTech	Canada	107548	4258	0.0396	3.2	13625.6
06-07-2024	TikTok Ads	Display	Healthcare	UK	89224	5255	0.0589	1.99	10457.45
27-10-2024	Meta Ads	Display	E-commerce	UK	100561	3781	0.0376	1.39	5255.59
31-05-2024	Google Ads	Search	Fintech	UAE	50111	2320	0.0463	2.73	6333.6
22-03-2024	Google Ads	Display	SaaS	Germany	65985	1445	0.0219	0.82	1184.9
25-07-2024	Meta Ads	Video	E-commerce	Germany	93257	1930	0.0207	1.32	2547.6
24-12-2024	TikTok Ads	Search	SaaS	India	102847	6458	0.0628	1.17	7555.86
18-02-2024	Meta Ads	Search	SaaS	UAE	161738	5046	0.0312	1.66	8376.36
07-05-2024	Meta Ads	Shopping	Healthcare	Australia	46516	772	0.0166	0.59	455.48
02-11-2024	Google Ads	Video	SaaS	Canada	7802	340	0.0437	2.37	805.8
22-10-2024	Google Ads	Search	EdTech	USA	15960	750	0.047	1.72	1290
16-01-2024	TikTok Ads	Shopping	SaaS	Australia	55701	4138	0.0743	0.34	1406.92
30-06-2024	Google Ads	Display	E-commerce	India	64757	3976	0.0614	1.43	5685.68
04-04-2024	TikTok Ads	Search	SaaS	UK	199291	16660	0.0836	1.16	19325.6
18-09-2024	TikTok Ads	Shopping	EdTech	UK	116800	8351	0.0715	0.7	5845.7
30-10-2024	Meta Ads	Shopping	Healthcare	Canada	88470	2459	0.0278	0.99	2434.41
07-03-2024	TikTok Ads	Display	Healthcare	Australia	186782	14270	0.0764	1.08	15411.6
08-12-2024	Google Ads	Display	Healthcare	UAE	121832	6786	0.0557	1.18	8007.48
11-09-2024	Google Ads	Video	E-commerce	USA	88514	1610	0.0182	0.86	1384.6
14-10-2024	Meta Ads	Display	Fintech	India	125424	3787	0.0302	0.48	1817.76
06-12-2024	TikTok Ads	Video	Healthcare	UAE	23883	1332	0.0558	1.56	2077.92
08-05-2024	Meta Ads	Shopping	E-commerce	Germany	49864	2074	0.0416	1.75	3629.5
27-07-2024	Google Ads	Video	SaaS	UAE	190890	7616	0.0399	1.16	8834.56
02-11-2024	Google Ads	Display	EdTech	UK	146295	3394	0.0232	3.41	11573.54
23-09-2024	Meta Ads	Search	SaaS	India	29343	346	0.0118	2.01	695.46
25-09-2024	TikTok Ads	Display	EdTech	Australia	154712	10288	0.0665	1.08	11111.04
06-04-2024	TikTok Ads	Video	EdTech	Germany	60438	5554	0.0919	1.44	7997.76
01-06-2024	Google Ads	Shopping	EdTech	Australia	18149	918	0.0506	1.62	1487.16
02-10-2024	TikTok Ads	Shopping	SaaS	Germany	39626	1172	0.0296	0.58	679.76
20-04-2024	TikTok Ads	Shopping	E-commerce	UAE	103730	4335	0.0418	1.48	6415.8
29-06-2024	Google Ads	Display	Healthcare	USA	35346	1279	0.0362	2.54	3248.66
30-01-2024	Meta Ads	Video	Healthcare	Australia	57776	1490	0.0258	1.18	1758.2
25-09-2024	Meta Ads	Shopping	SaaS	UAE	178916	4723	0.0264	1.54	7273.42
15-12-2024	Meta Ads	Search	Fintech	Canada	34778	705	0.0203	1.56	1099.8
05-06-2024	TikTok Ads	Search	Fintech	Australia	179120	8794	0.0491	0.96	8442.24
19-06-2024	Meta Ads	Display	Fintech	UAE	91706	1650	0.018	1.68	2772
16-09-2024	Meta Ads	Display	EdTech	Germany	7056	227	0.0322	0.82	186.14
21-01-2024	Meta Ads	Display	E-commerce	Germany	161646	5253	0.0325	1	5253
05-04-2024	Google Ads	Video	SaaS	Canada	177115	8005	0.0452	2.9	23214.5
03-10-2024	TikTok Ads	Search	Healthcare	Australia	141087	10609	0.0752	0.44	4667.96
03-11-2024	TikTok Ads	Video	SaaS	Australia	184745	12451	0.0674	1.67	20793.17
10-09-2024	Google Ads	Shopping	E-commerce	UAE	104969	5773	0.055	1.42	8197.66
03-06-2024	TikTok Ads	Shopping	Fintech	India	80885	3995	0.0494	0.44	1757.8
15-04-2024	Google Ads	Video	E-commerce	Canada	33807	807	0.0239	2.03	1638.21
21-03-2024	Meta Ads	Search	SaaS	India	198074	5783	0.0292	0.61	3527.63
17-11-2024	Google Ads	Search	EdTech	UK	115282	4876	0.0423	3.76	18333.76
27-02-2024	Google Ads	Display	Healthcare	USA	45880	2817	0.0614	1.14	3211.38
21-05-2024	Meta Ads	Search	Healthcare	Germany	20993	583	0.0278	1.28	746.24
11-03-2024	Google Ads	Video	SaaS	Canada	183448	8053	0.0439	2.08	16750.24
21-01-2024	TikTok Ads	Shopping	EdTech	UAE	119944	9331	0.0778	0.61	5691.91
27-01-2024	TikTok Ads	Search	Healthcare	Canada	69198	3529	0.051	0.55	1940.95
08-12-2024	Meta Ads	Search	Healthcare	UK	46936	2234	0.0476	0.79	1764.86
04-07-2024	TikTok Ads	Video	EdTech	India	21689	895	0.0413	0.95	850.25
14-03-2024	TikTok Ads	Search	EdTech	India	24504	899	0.0367	1.42	1276.58
16-04-2024	Meta Ads	Shopping	E-commerce	Canada	119053	4000	0.0336	1.01	4040
21-01-2024	TikTok Ads	Search	Healthcare	Canada	160522	5425	0.0338	1.11	6021.75
04-08-2024	Google Ads	Shopping	EdTech	UK	158627	7725	0.0487	2.88	22248
26-06-2024	Meta Ads	Video	SaaS	Germany	157955	2780	0.0176	0.62	1723.6
16-03-2024	Meta Ads	Shopping	EdTech	USA	196112	2647	0.0135	1.51	3996.97
15-02-2024	Meta Ads	Display	EdTech	Germany	67167	1907	0.0284	1.43	2727.01
07-08-2024	Google Ads	Display	Healthcare	India	90550	3966	0.0438	2.76	10946.16
07-09-2024	Google Ads	Shopping	EdTech	USA	91150	4119	0.0452	3.83	15775.77
20-04-2024	Google Ads	Display	Fintech	India	157832	4072	0.0258	2.38	9691.36
27-09-2024	Google Ads	Video	Fintech	India	28958	1355	0.0468	2.87	3888.85
09-11-2024	Meta Ads	Shopping	EdTech	UAE	8487	271	0.032	0.91	246.61
04-01-2024	Meta Ads	Shopping	Healthcare	Canada	91284	2126	0.0233	0.92	1955.92
22-03-2024	Meta Ads	Video	Fintech	Germany	84737	1415	0.0167	0.61	863.15
26-11-2024	Meta Ads	Search	EdTech	Australia	31547	772	0.0245	1.99	1536.28
29-12-2024	Meta Ads	Video	SaaS	Canada	162038	2722	0.0168	0.77	2095.94
28-08-2024	Google Ads	Video	EdTech	UAE	145119	9998	0.0689	1.46	14597.08
10-05-2024	TikTok Ads	Display	Healthcare	Canada	92601	4065	0.0439	0.52	2113.8
30-12-2024	Google Ads	Shopping	Healthcare	Canada	148041	8053	0.0544	3.47	27943.91
25-09-2024	Google Ads	Display	E-commerce	UK	25195	738	0.0293	2.61	1926.18
21-01-2024	Google Ads	Display	EdTech	Australia	186465	8689	0.0466	2.42	21027.38
06-09-2024	Google Ads	Shopping	Fintech	Australia	136960	5382	0.0393	1.42	7642.44
21-04-2024	Google Ads	Video	EdTech	USA	193405	7852	0.0406	0.96	7537.92
05-06-2024	Meta Ads	Video	Healthcare	USA	118591	4043	0.0341	1.15	4649.45
07-02-2024	Google Ads	Search	Fintech	Germany	163349	7906	0.0484	2.68	21188.08
31-08-2024	Google Ads	Video	Healthcare	USA	166957	5476	0.0328	1.22	6680.72
28-06-2024	Meta Ads	Display	SaaS	UK	169818	4992	0.0294	1.9	9484.8
04-11-2024	Google Ads	Display	EdTech	India	158441	3976	0.0251	2.72	10814.72
25-12-2024	Google Ads	Display	E-commerce	UK	10380	503	0.0485	2	1006
21-09-2024	Google Ads	Shopping	SaaS	Australia	27791	930	0.0335	1.49	1385.7
28-03-2024	Meta Ads	Shopping	E-commerce	Australia	124870	2622	0.021	1.68	4404.96
30-08-2024	Meta Ads	Display	Healthcare	Australia	137053	5550	0.0405	1.52	8436
21-04-2024	Meta Ads	Search	E-commerce	UAE	43062	1322	0.0307	0.7	925.4
03-09-2024	Google Ads	Video	SaaS	USA	177472	9210	0.0519	2.03	18696.3
26-05-2024	Google Ads	Display	Healthcare	Australia	25967	656	0.0253	2.69	1764.64
25-09-2024	TikTok Ads	Shopping	SaaS	Canada	139162	7152	0.0514	1.39	9941.28
22-12-2024	Google Ads	Display	Fintech	UK	45364	1628	0.0359	1.23	2002.44
15-01-2024	Google Ads	Display	E-commerce	UK	62320	3857	0.0619	1.01	3895.57
15-11-2024	Meta Ads	Shopping	SaaS	Canada	141436	3026	0.0214	1.84	5567.84
18-10-2024	Meta Ads	Video	EdTech	Germany	152318	4554	0.0299	1.08	4918.32
01-09-2024	Google Ads	Search	SaaS	USA	27778	1902	0.0685	1.55	2948.1
19-08-2024	TikTok Ads	Video	E-commerce	UK	82400	3708	0.045	0.8	2966.4
29-11-2024	Google Ads	Search	Healthcare	UK	195606	10817	0.0553	3.53	38184.01
20-11-2024	TikTok Ads	Shopping	Fintech	Canada	18181	1179	0.0649	0.64	754.56
26-04-2024	Google Ads	Video	SaaS	USA	86560	5323	0.0615	0.91	4843.93
11-03-2024	Google Ads	Video	Fintech	USA	89845	2605	0.029	1.74	4532.7
08-06-2024	Meta Ads	Shopping	Fintech	Germany	194121	6270	0.0323	0.69	4326.3
23-10-2024	Meta Ads	Video	SaaS	Canada	81313	1089	0.0134	1.43	1557.27
15-08-2024	Google Ads	Display	Healthcare	USA	95153	5404	0.0568	1.7	9186.8
17-02-2024	Meta Ads	Display	Fintech	Germany	104926	3273	0.0312	1.48	4844.04
06-12-2024	Meta Ads	Shopping	SaaS	Germany	16093	466	0.029	0.83	386.78
27-11-2024	Google Ads	Shopping	EdTech	Canada	155338	10718	0.069	1.86	19935.48
13-11-2024	Google Ads	Video	EdTech	Canada	179877	4317	0.024	2.54	10965.18
24-08-2024	TikTok Ads	Video	E-commerce	Australia	185510	9739	0.0525	2.05	19964.95
20-08-2024	TikTok Ads	Search	EdTech	Germany	135992	8023	0.059	0.4	3209.2
16-01-2024	Google Ads	Search	EdTech	Germany	192593	4949	0.0257	1.83	9056.67
30-12-2024	Meta Ads	Search	EdTech	UAE	18487	693	0.0375	0.49	339.57
24-11-2024	Meta Ads	Video	EdTech	UK	88452	3361	0.038	1.63	5478.43
16-10-2024	TikTok Ads	Display	Fintech	USA	178714	7559	0.0423	1.14	8617.26
05-07-2024	TikTok Ads	Display	SaaS	UK	113190	3984	0.0352	1.41	5617.44
13-04-2024	Meta Ads	Video	E-commerce	Australia	126103	4300	0.0341	1.09	4687
21-12-2024	Google Ads	Search	Healthcare	India	101355	4459	0.044	2.55	11370.45
16-02-2024	Google Ads	Display	EdTech	Canada	197974	4375	0.0221	2.43	10631.25
07-04-2024	Meta Ads	Shopping	Fintech	UK	49261	724	0.0147	0.62	448.88
31-01-2024	TikTok Ads	Shopping	SaaS	India	174668	10916	0.0625	0.63	6877.08
16-10-2024	Google Ads	Shopping	Fintech	USA	163178	5172	0.0317	2.21	11430.12
17-11-2024	TikTok Ads	Search	EdTech	USA	105726	8542	0.0808	1.4	11958.8
12-02-2024	TikTok Ads	Display	Healthcare	UAE	74285	2094	0.0282	0.63	1319.22
29-01-2024	Google Ads	Display	EdTech	USA	168471	6014	0.0357	0.97	5833.58
09-10-2024	TikTok Ads	Search	E-commerce	UK	128295	4695	0.0366	0.84	3943.8
26-11-2024	Meta Ads	Search	Healthcare	Australia	109777	2722	0.0248	1.44	3919.68
17-09-2024	TikTok Ads	Video	Healthcare	UAE	153537	7277	0.0474	1	7277
30-08-2024	Google Ads	Shopping	Fintech	Germany	20915	913	0.0437	1.03	940.39
26-07-2024	Meta Ads	Search	EdTech	UK	29992	605	0.0202	0.61	369.05
05-03-2024	Meta Ads	Search	Fintech	UK	187461	2511	0.0134	1.7	4268.7
17-05-2024	Google Ads	Display	E-commerce	Australia	107885	3344	0.031	2.09	6988.96
23-05-2024	Google Ads	Video	E-commerce	Germany	162242	5110	0.0315	2.67	13643.7
06-05-2024	Meta Ads	Video	EdTech	USA	34404	1204	0.035	1.42	1709.68
02-11-2024	Meta Ads	Display	EdTech	Australia	133773	3491	0.0261	1.83	6388.53
03-08-2024	Google Ads	Video	SaaS	Canada	185948	5373	0.0289	0.73	3922.29
13-07-2024	Google Ads	Shopping	Healthcare	Australia	98375	1898	0.0193	3.35	6358.3
22-07-2024	Google Ads	Video	Healthcare	USA	190826	12174	0.0638	1.75	21304.5
07-07-2024	Meta Ads	Display	Healthcare	UAE	105050	3077	0.0293	0.5	1538.5
19-07-2024	Google Ads	Shopping	E-commerce	India	52547	2806	0.0534	2.15	6032.9
15-05-2024	Google Ads	Search	Healthcare	India	139648	4398	0.0315	3	13194
21-06-2024	TikTok Ads	Search	Fintech	Germany	186434	8743	0.0469	1.65	14425.95
29-07-2024	Google Ads	Search	Fintech	Germany	63001	3181	0.0505	1.48	4707.88
12-04-2024	Meta Ads	Shopping	E-commerce	UK	132343	3507	0.0265	1.14	3997.98
19-06-2024	Google Ads	Shopping	Healthcare	UK	172570	3692	0.0214	2.16	7974.72
09-04-2024	Google Ads	Video	Fintech	UAE	196510	10316	0.0525	2	20632
13-05-2024	Google Ads	Display	EdTech	Canada	140875	6818	0.0484	2.25	15340.5
02-08-2024	TikTok Ads	Shopping	SaaS	USA	50955	3892	0.0764	1.27	4942.84
19-10-2024	Google Ads	Search	Fintech	USA	103991	3067	0.0295	2.59	7943.53
25-10-2024	Google Ads	Video	EdTech	Germany	22637	876	0.0387	1.22	1068.72
20-12-2024	Meta Ads	Display	Fintech	Canada	86099	2910	0.0338	2.19	6372.9
08-11-2024	Meta Ads	Display	Fintech	UAE	181950	2401	0.0132	0.67	1608.67
11-06-2024	Meta Ads	Video	E-commerce	Australia	102229	2146	0.021	0.61	1309.06
22-09-2024	TikTok Ads	Video	SaaS	Germany	53167	2536	0.0477	0.44	1115.84
06-05-2024	Meta Ads	Shopping	SaaS	Canada	10177	413	0.0406	1.85	764.05
08-12-2024	Meta Ads	Shopping	E-commerce	Canada	67714	738	0.0109	1.11	819.18
23-10-2024	Google Ads	Shopping	Fintech	UK	51032	3036	0.0595	2.23	6770.28
11-08-2024	TikTok Ads	Display	SaaS	USA	68474	4923	0.0719	0.47	2313.81
12-08-2024	TikTok Ads	Video	SaaS	Australia	12838	784	0.0611	0.42	329.28
05-06-2024	Google Ads	Display	Healthcare	UK	151595	9262	0.0611	1.76	16301.12
11-04-2024	TikTok Ads	Video	E-commerce	Germany	38799	1303	0.0336	0.33	429.99
23-06-2024	Google Ads	Video	SaaS	Australia	121565	2601	0.0214	2.04	5306.04
11-09-2024	Meta Ads	Display	E-commerce	Canada	38762	1007	0.026	0.68	684.76
18-02-2024	Meta Ads	Search	E-commerce	India	32410	693	0.0214	1.79	1240.47
29-03-2024	TikTok Ads	Video	EdTech	Australia	134132	4694	0.035	0.82	3849.08
28-01-2024	Google Ads	Display	E-commerce	Australia	38005	1489	0.0392	1.51	2248.39
15-01-2024	Google Ads	Search	E-commerce	India	91348	2914	0.0319	1.73	5041.22
22-08-2024	Google Ads	Display	E-commerce	UK	87607	3661	0.0418	3.15	11532.15
01-02-2024	TikTok Ads	Shopping	Fintech	India	95288	7108	0.0746	0.51	3625.08
28-09-2024	TikTok Ads	Video	Healthcare	UK	68620	3602	0.0525	0.48	1728.96
06-07-2024	TikTok Ads	Video	Healthcare	Australia	95975	3848	0.0401	1.78	6849.44
12-12-2024	Google Ads	Shopping	SaaS	Canada	162064	5607	0.0346	2.42	13568.94
18-05-2024	Meta Ads	Search	Fintech	USA	57712	848	0.0147	0.9	763.2
29-06-2024	Meta Ads	Shopping	Fintech	Germany	147412	3670	0.0249	1.17	4293.9
06-02-2024	Google Ads	Display	E-commerce	UAE	79525	2298	0.0289	1.58	3630.84
18-04-2024	Meta Ads	Shopping	E-commerce	UK	78480	1389	0.0177	1.69	2347.41
11-03-2024	TikTok Ads	Display	SaaS	UK	165232	7617	0.0461	0.77	5865.09
18-05-2024	Google Ads	Display	SaaS	UAE	13294	583	0.0439	1.38	804.54
16-11-2024	Meta Ads	Video	EdTech	UK	55333	852	0.0154	1.05	894.6
24-09-2024	Meta Ads	Display	Fintech	UK	177027	6160	0.0348	1.23	7576.8
10-11-2024	Meta Ads	Search	E-commerce	USA	21679	448	0.0207	0.89	398.72
09-07-2024	Google Ads	Search	Healthcare	UK	18601	706	0.038	2	1412
29-11-2024	Google Ads	Shopping	Healthcare	UAE	146583	2990	0.0204	1.61	4813.9
17-11-2024	Google Ads	Shopping	Fintech	Australia	46745	2140	0.0458	3.44	7361.6
09-12-2024	Google Ads	Display	E-commerce	Canada	39505	2251	0.057	3.06	6888.06
11-03-2024	Google Ads	Shopping	Healthcare	Germany	179342	4071	0.0227	2.26	9200.46
27-10-2024	Google Ads	Video	Fintech	UAE	75410	3039	0.0403	0.95	2887.05
28-06-2024	Google Ads	Search	Healthcare	UAE	83488	4049	0.0485	1.15	4656.35
26-12-2024	TikTok Ads	Display	SaaS	USA	149143	5175	0.0347	0.53	2742.75
21-11-2024	Meta Ads	Shopping	Fintech	Australia	52743	1207	0.0229	1.93	2329.51
19-04-2024	Meta Ads	Shopping	Healthcare	UK	92091	3342	0.0363	1.48	4946.16
14-04-2024	TikTok Ads	Video	Healthcare	USA	118687	10586	0.0892	0.75	7939.5
25-10-2024	Google Ads	Video	EdTech	UAE	195664	6378	0.0326	2.6	16582.8
26-09-2024	TikTok Ads	Search	EdTech	India	89946	5162	0.0574	0.63	3252.06
05-12-2024	TikTok Ads	Search	EdTech	India	170529	11766	0.069	1.48	17413.68
03-01-2024	Meta Ads	Display	Fintech	Canada	129750	2452	0.0189	1.09	2672.68
22-01-2024	Meta Ads	Display	Healthcare	USA	197882	5144	0.026	0.81	4166.64
06-06-2024	Google Ads	Display	E-commerce	Australia	58266	2651	0.0455	1.22	3234.22
01-09-2024	Meta Ads	Search	E-commerce	USA	98699	2171	0.022	2.22	4819.62
18-01-2024	TikTok Ads	Video	EdTech	UK	172820	5512	0.0319	1.5	8268
30-11-2024	Google Ads	Shopping	EdTech	UK	61902	2599	0.042	2.92	7589.08
20-07-2024	TikTok Ads	Shopping	EdTech	UAE	148573	8706	0.0586	1.77	15409.62
06-11-2024	Meta Ads	Shopping	EdTech	Germany	149654	6689	0.0447	1.29	8628.81
24-01-2024	Meta Ads	Search	Healthcare	India	191478	6414	0.0335	1.57	10069.98
01-05-2024	Meta Ads	Search	E-commerce	Canada	7196	287	0.04	2.21	634.27
14-11-2024	Google Ads	Display	Healthcare	India	30757	1202	0.0391	3.26	3918.52
11-04-2024	Google Ads	Display	Healthcare	Canada	17578	330	0.0188	3.07	1013.1
02-02-2024	Google Ads	Display	E-commerce	USA	65530	2018	0.0308	2.81	5670.58
18-09-2024	TikTok Ads	Search	SaaS	UK	89403	5578	0.0624	1.48	8255.44
09-06-2024	TikTok Ads	Shopping	E-commerce	Australia	161904	4339	0.0268	1.05	4555.95
08-09-2024	Meta Ads	Video	EdTech	Canada	27036	708	0.0262	1.67	1182.36
08-06-2024	Meta Ads	Shopping	SaaS	UK	12712	212	0.0167	1.7	360.4
10-02-2024	Google Ads	Shopping	E-commerce	UAE	24198	1214	0.0502	1.35	1638.9
31-07-2024	Google Ads	Display	SaaS	India	80324	2337	0.0291	2.99	6987.63
22-04-2024	Google Ads	Search	SaaS	Germany	160525	6003	0.0374	1.67	10025.01
27-02-2024	Google Ads	Display	Fintech	Germany	104821	4224	0.0403	1.36	5744.64
03-10-2024	Google Ads	Video	Healthcare	India	48118	1616	0.0336	3.66	5914.56
06-02-2024	TikTok Ads	Display	SaaS	Australia	53709	2868	0.0534	0.89	2552.52
14-02-2024	Google Ads	Display	Healthcare	UK	25497	1142	0.0448	1.84	2101.28
26-08-2024	TikTok Ads	Display	Fintech	UAE	178782	7705	0.0431	1.28	9862.4
03-05-2024	Meta Ads	Video	Healthcare	India	189221	7587	0.0401	0.91	6904.17
26-12-2024	Meta Ads	Search	Fintech	Germany	138704	1803	0.013	0.86	1550.58
08-10-2024	Google Ads	Video	EdTech	UK	120475	7794	0.0647	0.78	6079.32
19-08-2024	Google Ads	Shopping	Healthcare	Germany	125019	8251	0.066	3.77	31106.27
11-12-2024	Meta Ads	Search	EdTech	USA	198775	3637	0.0183	1.99	7237.63
05-01-2024	TikTok Ads	Video	EdTech	Australia	52059	2956	0.0568	0.57	1684.92
31-05-2024	Google Ads	Display	SaaS	USA	183373	7169	0.0391	1.55	11111.95
13-09-2024	Meta Ads	Search	E-commerce	USA	114844	3307	0.0288	2.1	6944.7
27-08-2024	Meta Ads	Search	E-commerce	USA	53865	1098	0.0204	1.28	1405.44
07-01-2024	Google Ads	Video	E-commerce	Germany	25080	1113	0.0444	2.62	2916.06
12-07-2024	TikTok Ads	Search	E-commerce	India	95853	4658	0.0486	0.31	1443.98
26-05-2024	Google Ads	Video	SaaS	Canada	27593	896	0.0325	2.39	2141.44
11-09-2024	Meta Ads	Video	EdTech	USA	34949	1324	0.0379	1.79	2369.96
17-05-2024	TikTok Ads	Shopping	E-commerce	USA	72986	3379	0.0463	1.77	5980.83
02-02-2024	Google Ads	Shopping	Healthcare	UAE	149848	9290	0.062	1.97	18301.3
03-09-2024	Google Ads	Video	SaaS	Australia	143235	3981	0.0278	1.83	7285.23
11-02-2024	TikTok Ads	Video	EdTech	India	157625	9457	0.06	0.48	4539.36
28-11-2024	Meta Ads	Search	Fintech	India	172816	3819	0.0221	2.14	8172.66
14-12-2024	TikTok Ads	Video	E-commerce	UK	56529	4494	0.0795	1.51	6785.94
13-04-2024	TikTok Ads	Shopping	EdTech	USA	176030	13079	0.0743	1.51	19749.29
03-11-2024	Meta Ads	Search	SaaS	Canada	128355	1758	0.0137	1.86	3269.88
25-09-2024	Google Ads	Video	Fintech	USA	14096	476	0.0338	1.29	614.04
02-04-2024	Google Ads	Video	SaaS	USA	31855	1411	0.0443	1.7	2398.7
19-02-2024	Google Ads	Search	EdTech	UAE	95218	2199	0.0231	2.39	5255.61
06-02-2024	Google Ads	Shopping	E-commerce	Germany	102409	3389	0.0331	3.58	12132.62
12-09-2024	Google Ads	Search	E-commerce	India	31049	1021	0.0329	3.31	3379.51
19-09-2024	TikTok Ads	Search	Healthcare	Germany	129077	4065	0.0315	1.22	4959.3
20-09-2024	Meta Ads	Shopping	E-commerce	Germany	166874	6641	0.0398	0.68	4515.88
13-02-2024	Google Ads	Search	SaaS	Australia	153865	5785	0.0376	1.7	9834.5
07-11-2024	TikTok Ads	Display	Healthcare	UK	187199	12036	0.0643	1.33	16007.88
27-06-2024	Meta Ads	Video	SaaS	UK	117696	4531	0.0385	1.09	4938.79
19-10-2024	Meta Ads	Search	Healthcare	Canada	147324	1325	0.009	1.72	2279
04-08-2024	Google Ads	Video	Fintech	Australia	39001	1450	0.0372	2.62	3799
03-01-2024	TikTok Ads	Search	Healthcare	USA	69277	5057	0.073	1.06	5360.42
10-04-2024	Google Ads	Search	E-commerce	USA	166687	11384	0.0683	0.73	8310.32
02-12-2024	Meta Ads	Video	E-commerce	Canada	173898	5321	0.0306	0.53	2820.13
31-05-2024	Google Ads	Display	SaaS	Canada	117000	7979	0.0682	1.47	11729.13
25-10-2024	Meta Ads	Shopping	SaaS	UK	55697	957	0.0172	0.91	870.87
03-07-2024	Google Ads	Display	Fintech	UK	46585	1504	0.0323	2.2	3308.8
14-08-2024	TikTok Ads	Search	E-commerce	Germany	97345	5178	0.0532	0.61	3158.58
18-06-2024	TikTok Ads	Video	E-commerce	India	143519	10519	0.0733	0.86	9046.34
01-05-2024	Meta Ads	Display	E-commerce	Canada	68843	633	0.0092	0.89	563.37
27-03-2024	Google Ads	Display	Fintech	USA	129679	5848	0.0451	1.48	8655.04
31-01-2024	Meta Ads	Search	Fintech	UK	153157	5498	0.0359	1.8	9896.4
21-08-2024	Meta Ads	Display	E-commerce	Canada	138074	3313	0.024	1.91	6327.83
16-11-2024	Google Ads	Shopping	SaaS	Germany	119132	3466	0.0291	2.19	7590.54
05-05-2024	Google Ads	Video	E-commerce	Canada	43634	1937	0.0444	2.38	4610.06
27-06-2024	Meta Ads	Shopping	Fintech	USA	198899	2923	0.0147	1.97	5758.31
15-05-2024	Meta Ads	Video	SaaS	Germany	143383	3412	0.0238	1.02	3480.24
06-02-2024	Meta Ads	Video	E-commerce	UAE	92469	2487	0.0269	0.6	1492.2
09-11-2024	Google Ads	Shopping	SaaS	Germany	30852	684	0.0222	1.59	1087.56
16-11-2024	Meta Ads	Search	Healthcare	Germany	87565	3213	0.0367	2.2	7068.6
11-12-2024	Google Ads	Shopping	EdTech	UK	154058	3728	0.0242	2.46	9170.88
14-06-2024	Google Ads	Display	SaaS	India	160579	7804	0.0486	1.36	10613.44
24-10-2024	TikTok Ads	Search	SaaS	UAE	34076	1363	0.04	1.14	1553.82
29-05-2024	TikTok Ads	Shopping	Healthcare	Germany	37261	1591	0.0427	1.08	1718.28
16-02-2024	Meta Ads	Shopping	Fintech	USA	178553	7213	0.0404	2.28	16445.64
06-03-2024	Meta Ads	Search	Healthcare	Australia	132390	2780	0.021	1.01	2807.8
17-08-2024	TikTok Ads	Search	Healthcare	Australia	166446	7822	0.047	1.15	8995.3
30-10-2024	TikTok Ads	Shopping	EdTech	Germany	158807	5859	0.0369	0.57	3339.63
18-10-2024	Meta Ads	Video	EdTech	Australia	66265	1881	0.0284	2.04	3837.24
11-02-2024	Google Ads	Search	SaaS	UK	137156	5253	0.0383	2.15	11293.95
28-12-2024	Google Ads	Shopping	Fintech	India	123292	2527	0.0205	3.55	8970.85
07-08-2024	TikTok Ads	Display	Fintech	UK	68642	3363	0.049	0.37	1244.31
20-02-2024	Google Ads	Shopping	SaaS	Canada	147727	7534	0.051	2.33	17554.22
10-03-2024	TikTok Ads	Search	E-commerce	Australia	179818	11724	0.0652	1.03	12075.72
25-10-2024	Google Ads	Display	Fintech	Australia	158481	6053	0.0382	1.63	9866.39
10-06-2024	TikTok Ads	Search	Fintech	India	12784	1055	0.0826	0.38	400.9
11-12-2024	Meta Ads	Video	EdTech	Australia	117169	3304	0.0282	1.27	4196.08
17-01-2024	Meta Ads	Video	EdTech	Germany	190928	5078	0.0266	1.45	7363.1
12-12-2024	Google Ads	Search	E-commerce	India	38512	1840	0.0478	1.34	2465.6
11-02-2024	Meta Ads	Video	SaaS	UAE	92986	2082	0.0224	1.73	3601.86
29-04-2024	Meta Ads	Search	Healthcare	UAE	80589	1160	0.0144	0.95	1102
19-07-2024	Meta Ads	Display	EdTech	India	140475	5043	0.0359	2.04	10287.72
09-09-2024	Google Ads	Video	E-commerce	Canada	103348	1891	0.0183	1.54	2912.14
17-01-2024	Meta Ads	Search	EdTech	Australia	100343	3461	0.0345	1.08	3737.88
21-07-2024	TikTok Ads	Display	SaaS	UAE	179039	14663	0.0819	1.36	19941.68
20-04-2024	Meta Ads	Display	SaaS	UK	13100	186	0.0142	1.5	279
04-02-2024	Google Ads	Search	EdTech	UAE	167198	5132	0.0307	2.31	11854.92
08-09-2024	Meta Ads	Video	E-commerce	UK	35755	672	0.0188	2.01	1350.72
17-04-2024	Google Ads	Display	E-commerce	Germany	177420	7646	0.0431	2.42	18503.32
21-02-2024	Google Ads	Search	SaaS	UAE	195067	9129	0.0468	0.95	8672.55
30-01-2024	Google Ads	Display	EdTech	USA	44435	1453	0.0327	2.68	3894.04
04-04-2024	TikTok Ads	Search	SaaS	UAE	57448	2338	0.0407	0.5	1169
06-01-2024	Google Ads	Video	E-commerce	UK	139158	3061	0.022	1.27	3887.47
29-02-2024	Meta Ads	Display	Healthcare	Germany	148463	4810	0.0324	2.11	10149.1
27-01-2024	Meta Ads	Search	E-commerce	Australia	30123	554	0.0184	1.78	986.12
05-01-2024	Meta Ads	Shopping	E-commerce	USA	139257	2631	0.0189	1.61	4235.91
06-07-2024	Google Ads	Search	Healthcare	Germany	103053	2607	0.0253	2.19	5709.33
29-02-2024	Google Ads	Display	Fintech	Canada	44140	2101	0.0476	1.05	2206.05
04-07-2024	Meta Ads	Display	SaaS	India	88698	1073	0.0121	0.92	987.16
12-01-2024	Meta Ads	Display	EdTech	Canada	182011	1911	0.0105	0.55	1051.05
20-01-2024	TikTok Ads	Display	Fintech	India	29180	1464	0.0502	0.53	775.92
13-01-2024	Meta Ads	Video	E-commerce	UK	138686	2621	0.0189	1.52	3983.92
22-09-2024	Google Ads	Search	Fintech	India	181976	7752	0.0426	1.72	13333.44
10-12-2024	Google Ads	Shopping	Healthcare	UK	103902	3927	0.0378	1.16	4555.32
05-04-2024	TikTok Ads	Display	SaaS	Canada	132081	10051	0.0761	0.71	7136.21
18-05-2024	Meta Ads	Video	E-commerce	UK	25077	341	0.0136	0.42	143.22
16-04-2024	Meta Ads	Video	E-commerce	UAE	113987	3579	0.0314	0.76	2720.04
20-03-2024	Meta Ads	Shopping	Fintech	Canada	14705	363	0.0247	0.94	341.22
02-06-2024	Google Ads	Search	EdTech	USA	16955	440	0.026	1.82	800.8
22-09-2024	Meta Ads	Display	E-commerce	India	127082	2452	0.0193	2.18	5345.36
13-02-2024	Meta Ads	Video	E-commerce	India	57299	1186	0.0207	1.35	1601.1
19-06-2024	Meta Ads	Shopping	Fintech	Australia	134986	4346	0.0322	1.63	7083.98
22-07-2024	Google Ads	Display	E-commerce	Australia	12546	725	0.0578	1.45	1051.25
27-05-2024	Google Ads	Search	Fintech	Canada	161554	6252	0.0387	3.05	19068.6
25-01-2024	Meta Ads	Search	Healthcare	India	27499	728	0.0265	1.07	778.96
20-12-2024	TikTok Ads	Display	EdTech	India	153936	5895	0.0383	0.89	5246.55
07-04-2024	TikTok Ads	Display	E-commerce	Germany	41232	1859	0.0451	1.06	1970.54
16-02-2024	Meta Ads	Video	Healthcare	Canada	133088	5243	0.0394	1.68	8808.24
18-04-2024	Meta Ads	Search	SaaS	Australia	33082	340	0.0103	1.86	632.4
16-04-2024	Meta Ads	Display	Fintech	Germany	179504	5026	0.028	1.11	5578.86
11-06-2024	Meta Ads	Shopping	Healthcare	USA	16344	534	0.0327	0.9	480.6
05-03-2024	TikTok Ads	Display	E-commerce	Canada	196312	12642	0.0644	1.28	16181.76
31-10-2024	TikTok Ads	Shopping	E-commerce	USA	17626	1113	0.0632	0.54	601.02
22-05-2024	Meta Ads	Shopping	SaaS	Germany	46603	955	0.0205	0.69	658.95
28-01-2024	Meta Ads	Search	EdTech	UAE	113878	3678	0.0323	0.92	3383.76
24-05-2024	Meta Ads	Display	E-commerce	Canada	196354	2945	0.015	1.11	3268.95
25-07-2024	Meta Ads	Video	EdTech	Australia	62194	2039	0.0328	1.84	3751.76
17-11-2024	TikTok Ads	Shopping	Healthcare	Germany	56069	2949	0.0526	0.85	2506.65
18-07-2024	Meta Ads	Search	EdTech	UAE	18706	458	0.0245	0.44	201.52
22-03-2024	TikTok Ads	Video	SaaS	Canada	49390	3368	0.0682	1.65	5557.2
19-07-2024	Google Ads	Shopping	Fintech	India	23773	461	0.0194	1.6	737.6
03-09-2024	Meta Ads	Search	E-commerce	Canada	19959	586	0.0294	1.99	1166.14
30-01-2024	Meta Ads	Display	Fintech	UAE	166155	6048	0.0364	1.46	8830.08
28-02-2024	TikTok Ads	Shopping	SaaS	UAE	50819	3206	0.0631	0.95	3045.7
28-08-2024	Google Ads	Display	Healthcare	UK	15796	301	0.0191	1.91	574.91
24-02-2024	TikTok Ads	Display	E-commerce	India	133422	8458	0.0634	0.82	6935.56
28-04-2024	Meta Ads	Video	EdTech	Germany	181026	2769	0.0153	1.06	2935.14
17-03-2024	Meta Ads	Shopping	E-commerce	Germany	57784	907	0.0157	1.21	1097.47
22-06-2024	Meta Ads	Search	E-commerce	India	81023	1944	0.024	1.31	2546.64
08-07-2024	Google Ads	Shopping	EdTech	USA	93623	6319	0.0675	1.25	7898.75
12-05-2024	TikTok Ads	Search	EdTech	Germany	118483	8826	0.0745	1.69	14915.94
30-04-2024	Google Ads	Shopping	Healthcare	UAE	155018	9146	0.059	2.96	27072.16
03-11-2024	Google Ads	Search	EdTech	Canada	13614	744	0.0547	2.97	2209.68
16-12-2024	Google Ads	Display	SaaS	Australia	7594	225	0.0297	1.19	267.75
16-08-2024	TikTok Ads	Search	E-commerce	Australia	161640	5916	0.0366	0.46	2721.36
23-12-2024	Google Ads	Video	E-commerce	UAE	83845	2599	0.031	2.69	6991.31
17-05-2024	Google Ads	Display	Healthcare	Germany	195610	9956	0.0509	2.37	23595.72
14-09-2024	Google Ads	Display	Healthcare	UAE	63812	2686	0.0421	2.98	8004.28
28-08-2024	Google Ads	Video	Fintech	UAE	33794	1030	0.0305	1.75	1802.5
15-06-2024	Meta Ads	Shopping	Fintech	India	130056	3537	0.0272	0.58	2051.46
29-12-2024	Google Ads	Shopping	SaaS	Canada	149438	3287	0.022	3.73	12260.51
17-01-2024	Meta Ads	Shopping	Healthcare	Canada	185750	1653	0.0089	1.3	2148.9
29-07-2024	Meta Ads	Video	SaaS	India	24750	747	0.0302	1.19	888.93
16-11-2024	TikTok Ads	Shopping	Fintech	UK	66262	3790	0.0572	1.07	4055.3
09-05-2024	TikTok Ads	Video	E-commerce	UK	126854	7243	0.0571	0.81	5866.83
19-09-2024	Meta Ads	Video	EdTech	Canada	32559	553	0.017	0.71	392.63
27-07-2024	Google Ads	Search	SaaS	UAE	85729	1757	0.0205	3.02	5306.14
08-12-2024	Meta Ads	Shopping	E-commerce	India	126432	1567	0.0124	1.65	2585.55
28-03-2024	Meta Ads	Search	Fintech	UK	196595	2614	0.0133	0.38	993.32
24-09-2024	Meta Ads	Search	E-commerce	UK	14028	342	0.0244	1.89	646.38
21-03-2024	Google Ads	Display	Healthcare	Canada	77964	2915	0.0374	3.38	9852.7
12-04-2024	Google Ads	Search	Fintech	UK	102677	3131	0.0305	3.67	11490.77
29-12-2024	Google Ads	Search	Fintech	Germany	137737	3925	0.0285	0.9	3532.5
05-05-2024	Google Ads	Shopping	EdTech	USA	93534	3544	0.0379	0.95	3366.8
17-06-2024	Google Ads	Video	Fintech	Australia	127475	7342	0.0576	2.34	17180.28
09-09-2024	Google Ads	Display	SaaS	USA	82700	2679	0.0324	0.86	2303.94
19-05-2024	TikTok Ads	Shopping	E-commerce	UK	96432	7155	0.0742	0.35	2504.25
06-12-2024	TikTok Ads	Shopping	SaaS	USA	154656	6557	0.0424	0.4	2622.8
22-06-2024	Google Ads	Video	Healthcare	UK	115415	3866	0.0335	3.29	12719.14
14-09-2024	Google Ads	Search	E-commerce	Canada	157963	5607	0.0355	0.88	4934.16
06-06-2024	Meta Ads	Video	Fintech	Canada	133684	2018	0.0151	1.72	3470.96
05-01-2024	Google Ads	Shopping	Healthcare	UAE	20091	956	0.0476	3.41	3259.96
19-12-2024	Google Ads	Display	E-commerce	Canada	126946	6728	0.053	2.31	15541.68
30-12-2024	TikTok Ads	Search	Healthcare	Germany	8311	476	0.0573	1.61	766.36
26-04-2024	Google Ads	Video	Healthcare	UK	140091	7242	0.0517	2.52	18249.84
16-05-2024	TikTok Ads	Shopping	E-commerce	Canada	140121	4778	0.0341	0.86	4109.08
31-07-2024	Meta Ads	Display	Fintech	UK	159301	6738	0.0423	2.18	14688.84
16-01-2024	TikTok Ads	Shopping	SaaS	Germany	88940	4384	0.0493	0.32	1402.88
04-08-2024	Meta Ads	Search	Fintech	Canada	194287	5032	0.0259	0.85	4277.2
08-02-2024	TikTok Ads	Search	Healthcare	India	17911	1148	0.0641	1.15	1320.2
22-07-2024	Meta Ads	Display	SaaS	UK	9909	170	0.0172	1.86	316.2
18-01-2024	TikTok Ads	Search	E-commerce	India	168616	6508	0.0386	1.02	6638.16
29-09-2024	Meta Ads	Shopping	Healthcare	Germany	139346	4096	0.0294	0.62	2539.52
15-03-2024	Meta Ads	Search	Fintech	UK	98740	1589	0.0161	2.09	3321.01
02-06-2024	TikTok Ads	Video	EdTech	India	26471	1890	0.0714	0.94	1776.6
25-07-2024	Meta Ads	Display	Healthcare	USA	174048	3846	0.0221	1.74	6692.04
01-04-2024	Meta Ads	Search	Healthcare	Australia	8877	230	0.026	0.76	174.8
13-05-2024	Meta Ads	Shopping	EdTech	Germany	32488	919	0.0283	1.93	1773.67
10-11-2024	Google Ads	Search	Healthcare	USA	77968	3001	0.0385	2.85	8552.85
31-07-2024	TikTok Ads	Video	Fintech	UAE	10156	474	0.0467	0.31	146.94
23-03-2024	Meta Ads	Display	Fintech	UK	63676	1757	0.0276	1.16	2038.12
29-06-2024	Google Ads	Video	EdTech	UAE	93545	2974	0.0318	1.16	3449.84
18-02-2024	Meta Ads	Display	EdTech	India	8671	156	0.018	1.46	227.76
06-04-2024	Meta Ads	Video	Fintech	USA	95930	1554	0.0162	0.72	1118.88
23-07-2024	Google Ads	Display	E-commerce	Australia	73683	3757	0.051	3.32	12473.24
17-07-2024	Meta Ads	Shopping	SaaS	India	152932	6591	0.0431	1.25	8238.75
01-03-2024	TikTok Ads	Shopping	SaaS	UAE	125354	6179	0.0493	0.35	2162.65
06-09-2024	Google Ads	Shopping	E-commerce	Canada	193613	9157	0.0473	2.79	25548.03
25-11-2024	Google Ads	Display	EdTech	Australia	158138	2846	0.018	2.04	5805.84
28-06-2024	Google Ads	Video	Healthcare	UAE	134814	2804	0.0208	1.91	5355.64
19-02-2024	Google Ads	Search	E-commerce	Australia	102366	2589	0.0253	1.59	4116.51
24-05-2024	Meta Ads	Display	Healthcare	Canada	159044	2385	0.015	1.65	3935.25
22-04-2024	TikTok Ads	Shopping	EdTech	USA	35932	1440	0.0401	0.91	1310.4
01-04-2024	TikTok Ads	Display	EdTech	Australia	116561	4231	0.0363	1	4231
07-07-2024	Meta Ads	Shopping	Fintech	Australia	8608	100	0.0117	0.58	58
19-08-2024	Meta Ads	Search	E-commerce	UAE	19284	642	0.0333	1.57	1007.94
07-03-2024	Meta Ads	Display	Fintech	India	161764	2652	0.0164	0.99	2625.48
11-12-2024	TikTok Ads	Video	Fintech	Germany	116045	6660	0.0574	0.35	2331
06-06-2024	Meta Ads	Shopping	E-commerce	UK	61395	2038	0.0332	2.36	4809.68
02-04-2024	Google Ads	Shopping	EdTech	UAE	119183	5041	0.0423	3.38	17038.58
04-10-2024	Meta Ads	Search	E-commerce	UAE	26747	1099	0.0411	1.14	1252.86
16-12-2024	Meta Ads	Display	EdTech	Germany	157898	3094	0.0196	2.39	7394.66
27-06-2024	Meta Ads	Search	Healthcare	USA	49456	801	0.0162	1.86	1489.86
17-02-2024	Google Ads	Video	SaaS	Canada	150213	5242	0.0349	3.15	16512.3
07-01-2024	Google Ads	Shopping	EdTech	USA	73305	3635	0.0496	2.48	9014.8
22-06-2024	TikTok Ads	Display	Fintech	UK	187663	10790	0.0575	0.69	7445.1
31-10-2024	TikTok Ads	Display	Healthcare	USA	85066	5903	0.0694	1.3	7673.9
05-02-2024	Google Ads	Shopping	EdTech	USA	12045	255	0.0212	2.02	515.1
08-05-2024	Google Ads	Video	Fintech	UAE	77796	3703	0.0476	2.67	9887.01
05-02-2024	TikTok Ads	Shopping	Fintech	UK	90443	3789	0.0419	0.57	2159.73
17-03-2024	Meta Ads	Display	E-commerce	Canada	52838	660	0.0125	1.78	1174.8
13-06-2024	Meta Ads	Video	E-commerce	Australia	61284	1574	0.0257	1.52	2392.48
02-01-2024	Meta Ads	Search	Healthcare	India	163624	4368	0.0267	1.28	5591.04
08-06-2024	Meta Ads	Display	Healthcare	UK	194674	3601	0.0185	1.45	5221.45
17-09-2024	Meta Ads	Search	Healthcare	India	15485	196	0.0127	1.54	301.84
17-03-2024	Google Ads	Search	Fintech	Germany	138154	9518	0.0689	2.22	21129.96
29-05-2024	TikTok Ads	Video	Fintech	USA	76922	2669	0.0347	1.32	3523.08
12-08-2024	Google Ads	Shopping	EdTech	Germany	13947	718	0.0515	1.56	1120.08
08-11-2024	Google Ads	Display	EdTech	Germany	199164	6671	0.0335	3.19	21280.49
21-09-2024	Meta Ads	Shopping	E-commerce	Canada	138018	1683	0.0122	1.03	1733.49
03-03-2024	Meta Ads	Shopping	Fintech	UAE	161408	1581	0.0098	1.11	1754.91
29-10-2024	TikTok Ads	Shopping	E-commerce	Germany	130811	8895	0.068	0.32	2846.4
27-06-2024	Meta Ads	Display	EdTech	UAE	140460	2753	0.0196	0.51	1404.03
21-03-2024	Meta Ads	Shopping	EdTech	Canada	119731	2969	0.0248	0.56	1662.64
12-10-2024	Meta Ads	Search	E-commerce	USA	61437	1087	0.0177	2.23	2424.01
29-08-2024	Google Ads	Search	E-commerce	UAE	37827	2072	0.0548	0.81	1678.32
24-06-2024	Google Ads	Display	SaaS	Germany	180848	5515	0.0305	3.32	18309.8
19-02-2024	Google Ads	Video	Fintech	UAE	30545	1728	0.0566	1.73	2989.44
26-07-2024	TikTok Ads	Shopping	Fintech	UAE	21643	1142	0.0528	1.03	1176.26
06-02-2024	Meta Ads	Display	Healthcare	UK	58164	936	0.0161	0.88	823.68
09-04-2024	Meta Ads	Shopping	Fintech	UAE	69102	1354	0.0196	1.61	2179.94
01-08-2024	TikTok Ads	Shopping	Fintech	UK	164852	6445	0.0391	1.64	10569.8
24-10-2024	Google Ads	Shopping	Fintech	India	149064	5724	0.0384	1.32	7555.68
06-07-2024	Meta Ads	Shopping	E-commerce	UK	80888	2070	0.0256	0.74	1531.8
16-12-2024	Meta Ads	Display	SaaS	USA	21471	753	0.0351	1.79	1347.87
05-05-2024	Meta Ads	Shopping	Healthcare	India	160182	4901	0.0306	1.02	4999.02
01-04-2024	TikTok Ads	Display	EdTech	Canada	30226	1196	0.0396	1.46	1746.16
12-07-2024	Google Ads	Search	SaaS	Australia	146677	7597	0.0518	1.42	10787.74
24-06-2024	Meta Ads	Shopping	Healthcare	UAE	74859	1661	0.0222	1.35	2242.35
02-05-2024	Google Ads	Display	SaaS	Australia	127232	3867	0.0304	2.95	11407.65
21-12-2024	Google Ads	Video	SaaS	UK	83243	2821	0.0339	3.03	8547.63
20-05-2024	Meta Ads	Shopping	EdTech	UAE	85846	2274	0.0265	0.43	977.82
03-02-2024	TikTok Ads	Display	Healthcare	USA	150227	8683	0.0578	1.7	14761.1
30-07-2024	Google Ads	Display	Healthcare	Canada	50411	1320	0.0262	2.68	3537.6
17-01-2024	Google Ads	Shopping	Fintech	UK	100552	3861	0.0384	1.91	7374.51
02-07-2024	Google Ads	Display	Fintech	UAE	32428	603	0.0186	1.61	970.83
13-11-2024	Google Ads	Search	Healthcare	USA	84517	1664	0.0197	2.4	3993.6
21-03-2024	Meta Ads	Shopping	EdTech	Germany	160091	4210	0.0263	1.07	4504.7
23-06-2024	Google Ads	Search	EdTech	UK	158778	7256	0.0457	1.5	10884
16-04-2024	Google Ads	Search	Healthcare	Germany	145284	8121	0.0559	2.66	21601.86
04-02-2024	Meta Ads	Shopping	E-commerce	Germany	82665	2521	0.0305	0.64	1613.44
21-07-2024	TikTok Ads	Shopping	Fintech	UK	157973	12227	0.0774	0.53	6480.31
09-04-2024	TikTok Ads	Display	Fintech	India	48898	3193	0.0653	0.89	2841.77
08-03-2024	Google Ads	Search	SaaS	USA	185923	7827	0.0421	3.68	28803.36
20-08-2024	TikTok Ads	Search	Healthcare	Canada	89688	6583	0.0734	0.34	2238.22
15-08-2024	TikTok Ads	Search	Fintech	Canada	15273	464	0.0304	0.77	357.28
10-03-2024	Google Ads	Shopping	SaaS	Australia	71107	2936	0.0413	2.67	7839.12
30-06-2024	Google Ads	Shopping	SaaS	UAE	79681	2916	0.0366	2.34	6823.44
19-03-2024	Meta Ads	Video	Healthcare	UK	102148	1205	0.0118	1.31	1578.55
27-06-2024	Meta Ads	Search	Fintech	UK	115540	1686	0.0146	1.58	2663.88
13-06-2024	Google Ads	Video	E-commerce	UAE	16766	846	0.0505	2.46	2081.16
07-02-2024	Google Ads	Display	E-commerce	Germany	96931	5844	0.0603	1.12	6545.28
10-01-2024	Meta Ads	Search	SaaS	UK	175574	6935	0.0395	0.69	4785.15
08-12-2024	TikTok Ads	Shopping	EdTech	Australia	175330	8766	0.05	0.73	6399.18
30-12-2024	Google Ads	Shopping	E-commerce	UAE	45225	2211	0.0489	0.91	2012.01
04-09-2024	Meta Ads	Shopping	Fintech	India	79992	1055	0.0132	1.52	1603.6
17-09-2024	Meta Ads	Display	EdTech	Australia	23113	228	0.0099	0.6	136.8
31-07-2024	Meta Ads	Search	EdTech	Germany	39754	1164	0.0293	1.35	1571.4
16-08-2024	Google Ads	Shopping	SaaS	UAE	89383	5631	0.063	3.67	20665.77
08-02-2024	TikTok Ads	Search	EdTech	USA	128900	10273	0.0797	0.84	8629.32
18-08-2024	Google Ads	Display	EdTech	Canada	179159	6593	0.0368	2.23	14702.39
30-03-2024	TikTok Ads	Display	SaaS	India	15739	1205	0.0766	0.46	554.3
20-03-2024	Meta Ads	Shopping	Fintech	Australia	25243	580	0.023	1.98	1148.4
07-06-2024	TikTok Ads	Video	Fintech	Canada	196745	13240	0.0673	1.63	21581.2
22-11-2024	Meta Ads	Search	E-commerce	Germany	23186	512	0.0221	2.11	1080.32
26-10-2024	Google Ads	Shopping	SaaS	USA	189480	6290	0.0332	3.55	22329.5
11-11-2024	Meta Ads	Video	Fintech	UK	112518	1597	0.0142	1.08	1724.76
12-08-2024	Google Ads	Video	E-commerce	USA	116789	6586	0.0564	2.69	17716.34
26-04-2024	TikTok Ads	Search	SaaS	Germany	42575	2188	0.0514	1.8	3938.4
23-07-2024	TikTok Ads	Video	Fintech	Canada	51557	2882	0.0559	1.25	3602.5
06-01-2024	Meta Ads	Video	Healthcare	Australia	131681	1725	0.0131	0.79	1362.75
11-05-2024	Google Ads	Search	SaaS	Canada	89833	4536	0.0505	3.74	16964.64
09-12-2024	Meta Ads	Shopping	Fintech	USA	116161	4379	0.0377	1.77	7750.83
09-01-2024	Google Ads	Search	SaaS	Australia	53544	1670	0.0312	1.41	2354.7
13-12-2024	Meta Ads	Shopping	Fintech	Canada	107126	3631	0.0339	1.08	3921.48
29-10-2024	Google Ads	Shopping	EdTech	USA	182395	8517	0.0467	3.45	29383.65
15-10-2024	Meta Ads	Video	SaaS	USA	39253	1122	0.0286	1.25	1402.5
26-02-2024	TikTok Ads	Search	E-commerce	Canada	109794	3886	0.0354	1.61	6256.46
09-11-2024	Google Ads	Video	E-commerce	UAE	27612	963	0.0349	3.3	3177.9
13-10-2024	Meta Ads	Search	E-commerce	India	61994	1847	0.0298	0.8	1477.6
05-10-2024	Google Ads	Search	E-commerce	UAE	48953	2447	0.05	1.11	2716.17
18-04-2024	Google Ads	Search	E-commerce	Germany	13484	382	0.0284	1.34	511.88
16-11-2024	TikTok Ads	Display	EdTech	UK	13255	709	0.0535	1.32	935.88
08-11-2024	Meta Ads	Video	EdTech	Australia	162889	4658	0.0286	1.11	5170.38
28-10-2024	TikTok Ads	Shopping	Healthcare	UAE	21972	1915	0.0872	1.05	2010.75
20-08-2024	TikTok Ads	Shopping	SaaS	Canada	186136	13885	0.0746	0.95	13190.75
28-04-2024	Google Ads	Display	Healthcare	UAE	135171	5231	0.0387	1.78	9311.18
27-03-2024	Meta Ads	Search	Fintech	India	176656	2897	0.0164	1.87	5417.39
06-02-2024	Google Ads	Display	Healthcare	USA	51678	2966	0.0574	2.58	7652.28
11-08-2024	Meta Ads	Search	SaaS	Germany	26491	423	0.016	0.95	401.85
15-09-2024	Meta Ads	Shopping	Healthcare	UK	174862	3846	0.022	0.45	1730.7
13-10-2024	Meta Ads	Video	E-commerce	Germany	77353	1895	0.0245	1.69	3202.55
17-03-2024	Meta Ads	Shopping	EdTech	UAE	108726	2968	0.0273	2.32	6885.76
28-06-2024	Google Ads	Search	Fintech	UK	196883	10119	0.0514	1.48	14976.12
23-12-2024	Google Ads	Search	EdTech	UAE	180627	8074	0.0447	1.58	12756.92
25-02-2024	Google Ads	Video	SaaS	India	85196	2572	0.0302	2.29	5889.88
18-03-2024	Google Ads	Video	E-commerce	Australia	74098	1911	0.0258	2.85	5446.35
07-01-2024	TikTok Ads	Search	Healthcare	UK	166711	13670	0.082	1.5	20505
18-09-2024	Google Ads	Video	Healthcare	UAE	141501	6452	0.0456	2.97	19162.44
30-03-2024	Google Ads	Video	Fintech	UAE	81303	4154	0.0511	1.95	8100.3
13-01-2024	TikTok Ads	Shopping	SaaS	India	83871	6382	0.0761	1.05	6701.1
05-11-2024	Meta Ads	Video	Healthcare	Germany	178013	1886	0.0106	1.14	2150.04
10-09-2024	Meta Ads	Search	EdTech	India	160341	2228	0.0139	0.86	1916.08
15-06-2024	Google Ads	Shopping	E-commerce	USA	138135	7721	0.0559	1.66	12816.86
09-10-2024	Meta Ads	Display	E-commerce	Germany	72500	1341	0.0185	1.55	2078.55
28-01-2024	TikTok Ads	Display	Healthcare	India	104626	9144	0.0874	1.1	10058.4
04-11-2024	Google Ads	Shopping	Fintech	India	70107	4045	0.0577	2.72	11002.4
22-02-2024	Meta Ads	Search	EdTech	USA	63952	1451	0.0227	2.24	3250.24
05-04-2024	Meta Ads	Shopping	E-commerce	UK	43148	979	0.0227	1.11	1086.69
06-03-2024	Google Ads	Shopping	SaaS	UAE	193326	12334	0.0638	1.28	15787.52
22-01-2024	Meta Ads	Search	Fintech	USA	80507	2318	0.0288	0.71	1645.78
27-01-2024	Meta Ads	Search	Fintech	Canada	128556	4910	0.0382	0.88	4320.8
10-08-2024	Meta Ads	Search	Healthcare	UK	29055	912	0.0314	1.47	1340.64
03-04-2024	Meta Ads	Video	SaaS	UAE	172517	3191	0.0185	1.81	5775.71
18-01-2024	Meta Ads	Video	Fintech	Canada	84712	1473	0.0174	2.27	3343.71
02-12-2024	Google Ads	Video	Fintech	India	115760	2558	0.0221	3.19	8160.02
16-04-2024	Google Ads	Search	Fintech	Germany	187831	7306	0.0389	1.37	10009.22
18-01-2024	Meta Ads	Video	Fintech	UK	72278	2421	0.0335	1.29	3123.09
21-10-2024	Google Ads	Search	EdTech	USA	121107	3148	0.026	2.39	7523.72
19-08-2024	Google Ads	Shopping	Fintech	India	112930	2427	0.0215	0.95	2305.65
14-12-2024	Google Ads	Video	SaaS	Canada	94767	4662	0.0492	2.9	13519.8
28-10-2024	TikTok Ads	Display	E-commerce	India	189933	13295	0.07	1.03	13693.85
21-09-2024	Meta Ads	Shopping	Fintech	Canada	17281	793	0.0459	1.18	935.74
11-03-2024	Google Ads	Video	Fintech	UK	41388	964	0.0233	3.04	2930.56
09-11-2024	Google Ads	Shopping	EdTech	USA	52083	2781	0.0534	2.64	7341.84
02-12-2024	Google Ads	Video	E-commerce	UAE	110109	2378	0.0216	3.19	7585.82
26-07-2024	TikTok Ads	Display	Fintech	Canada	73743	1991	0.027	1.77	3524.07
28-07-2024	Google Ads	Shopping	Healthcare	Australia	79189	4315	0.0545	0.92	3969.8
13-12-2024	Meta Ads	Search	Fintech	USA	179943	4174	0.0232	2.2	9182.8
08-03-2024	Google Ads	Search	E-commerce	Canada	22414	472	0.0211	2.51	1184.72
07-11-2024	Meta Ads	Video	SaaS	Australia	107299	2585	0.0241	1.32	3412.2
03-04-2024	TikTok Ads	Shopping	SaaS	Australia	68815	3172	0.0461	0.79	2505.88
24-10-2024	Google Ads	Display	EdTech	Germany	164457	8321	0.0506	1.76	14644.96
17-11-2024	Google Ads	Display	E-commerce	India	105477	6391	0.0606	1.84	11759.44
05-12-2024	Google Ads	Video	Fintech	UK	160816	9745	0.0606	1.22	11888.9
02-09-2024	Google Ads	Display	Healthcare	UK	23904	609	0.0255	1.66	1010.94
30-12-2024	Meta Ads	Display	SaaS	USA	60448	1493	0.0247	2.29	3418.97
24-08-2024	TikTok Ads	Video	Fintech	UAE	138332	9558	0.0691	0.35	3345.3
12-03-2024	Google Ads	Video	SaaS	India	112399	3585	0.0319	3.11	11149.35
16-02-2024	Google Ads	Video	E-commerce	Germany	180069	5780	0.0321	1.47	8496.6
27-09-2024	Meta Ads	Shopping	Fintech	USA	155354	3371	0.0217	1.27	4281.17
15-05-2024	Meta Ads	Shopping	Fintech	UAE	163564	1946	0.0119	0.66	1284.36
11-01-2024	TikTok Ads	Display	Fintech	UK	146587	5995	0.0409	1.52	9112.4
29-03-2024	Google Ads	Display	Healthcare	USA	79843	2427	0.0304	1.43	3470.61
11-10-2024	Meta Ads	Video	SaaS	Canada	128245	2949	0.023	1.59	4688.91
26-09-2024	Google Ads	Shopping	Fintech	Australia	161252	8046	0.0499	3.05	24540.3
24-01-2024	TikTok Ads	Shopping	SaaS	Germany	107262	5127	0.0478	1.24	6357.48
24-05-2024	Meta Ads	Video	SaaS	Germany	22139	458	0.0207	0.43	196.94
17-04-2024	Meta Ads	Shopping	SaaS	India	30618	719	0.0235	1.27	913.13
12-12-2024	Google Ads	Search	Healthcare	Canada	78606	3914	0.0498	1.23	4814.22
22-02-2024	Google Ads	Display	SaaS	Germany	31885	1613	0.0506	1.01	1629.13
18-08-2024	TikTok Ads	Shopping	EdTech	Canada	11713	334	0.0286	1.46	487.64
04-04-2024	Meta Ads	Shopping	E-commerce	UK	26637	479	0.018	0.83	397.57
30-07-2024	Google Ads	Display	EdTech	India	44387	1886	0.0425	2.81	5299.66
03-01-2024	Meta Ads	Search	E-commerce	UK	91392	2705	0.0296	2.04	5518.2
24-09-2024	TikTok Ads	Search	EdTech	UK	31727	2233	0.0704	0.46	1027.18
23-08-2024	Meta Ads	Shopping	SaaS	Germany	154676	1624	0.0105	1.69	2744.56
14-08-2024	Meta Ads	Shopping	E-commerce	UK	122710	5129	0.0418	1.02	5231.58
22-12-2024	TikTok Ads	Search	EdTech	Canada	194117	16422	0.0846	1.33	21841.26
03-02-2024	TikTok Ads	Shopping	Healthcare	Australia	23043	1534	0.0666	1.36	2086.24
23-02-2024	Google Ads	Search	Fintech	USA	21198	703	0.0332	1.96	1377.88
20-06-2024	Meta Ads	Display	Healthcare	India	132208	3133	0.0237	1.57	4918.81
16-02-2024	Meta Ads	Shopping	Fintech	India	19040	784	0.0412	1.93	1513.12
15-03-2024	Google Ads	Display	Healthcare	India	157270	5535	0.0352	1	5535
07-01-2024	Google Ads	Video	E-commerce	UK	33433	1698	0.0508	2.93	4975.14
27-03-2024	Meta Ads	Video	Fintech	Germany	94786	2682	0.0283	1.5	4023
25-04-2024	Meta Ads	Display	E-commerce	Australia	144895	2158	0.0149	1.92	4143.36
10-12-2024	Meta Ads	Display	Fintech	Germany	57996	1705	0.0294	2.04	3478.2
02-09-2024	Google Ads	Shopping	Healthcare	Canada	154631	4793	0.031	3.14	15050.02
28-02-2024	Meta Ads	Video	SaaS	Germany	56209	1405	0.025	2.39	3357.95
06-07-2024	TikTok Ads	Video	SaaS	Canada	187411	15667	0.0836	0.43	6736.81
10-09-2024	Google Ads	Video	Fintech	India	46583	2319	0.0498	2.76	6400.44
09-03-2024	Meta Ads	Display	E-commerce	Canada	17438	371	0.0213	1.63	604.73
11-03-2024	Google Ads	Video	SaaS	UAE	122784	6237	0.0508	2.69	16777.53
08-09-2024	Meta Ads	Shopping	EdTech	Germany	151730	2063	0.0136	0.74	1526.62
20-08-2024	Google Ads	Search	Fintech	India	83498	3531	0.0423	1.03	3636.93
21-10-2024	TikTok Ads	Shopping	Fintech	UK	194060	11721	0.0604	1.73	20277.33
17-03-2024	Google Ads	Shopping	E-commerce	Germany	30118	951	0.0316	3.28	3119.28
05-03-2024	Meta Ads	Search	Healthcare	USA	88904	1724	0.0194	1	1724
18-12-2024	Google Ads	Display	Healthcare	Australia	119911	4592	0.0383	2.83	12995.36
22-05-2024	Meta Ads	Search	EdTech	UK	184702	5134	0.0278	2.01	10319.34
11-04-2024	Meta Ads	Video	Fintech	USA	5209	198	0.0381	0.7	138.6
19-06-2024	Meta Ads	Display	E-commerce	India	88717	816	0.0092	1.87	1525.92
06-08-2024	Google Ads	Shopping	E-commerce	India	146788	6003	0.0409	2.42	14527.26
30-01-2024	Google Ads	Video	SaaS	Australia	89052	2591	0.0291	3.66	9483.06
29-10-2024	Google Ads	Shopping	E-commerce	Germany	46971	2437	0.0519	2.04	4971.48
26-09-2024	Meta Ads	Shopping	E-commerce	UK	185419	7750	0.0418	1.38	10695
27-06-2024	Google Ads	Display	EdTech	UAE	36391	1684	0.0463	3.59	6045.56
03-04-2024	Google Ads	Display	EdTech	India	169575	3730	0.022	2.71	10108.3
24-07-2024	Google Ads	Video	E-commerce	UK	146656	5719	0.039	1.75	10008.25
25-05-2024	Google Ads	Display	Fintech	Germany	116972	6269	0.0536	2.83	17741.27
17-11-2024	Meta Ads	Search	SaaS	Canada	45664	516	0.0113	1.67	861.72
15-12-2024	Meta Ads	Shopping	SaaS	UK	125759	2804	0.0223	1.75	4907
24-03-2024	Google Ads	Shopping	EdTech	UAE	26529	1106	0.0417	1.78	1968.68
13-12-2024	TikTok Ads	Shopping	EdTech	India	114863	5766	0.0502	1.63	9398.58
24-10-2024	Meta Ads	Display	Healthcare	USA	171353	5534	0.0323	1.86	10293.24
22-12-2024	Meta Ads	Shopping	EdTech	UK	49522	1554	0.0314	1.71	2657.34
03-05-2024	Google Ads	Search	Healthcare	India	136135	7936	0.0583	1.36	10792.96
11-05-2024	Meta Ads	Video	Healthcare	UK	172108	6109	0.0355	2.28	13928.52
24-10-2024	TikTok Ads	Video	EdTech	India	193151	12168	0.063	1.13	13749.84
21-06-2024	TikTok Ads	Display	EdTech	Canada	102519	4285	0.0418	1.2	5142
06-09-2024	Google Ads	Shopping	Healthcare	Germany	36092	1050	0.0291	3.68	3864
01-09-2024	TikTok Ads	Video	EdTech	Australia	6628	261	0.0395	1.28	334.08
23-03-2024	Meta Ads	Video	SaaS	UK	28593	694	0.0243	1.58	1096.52
03-06-2024	Meta Ads	Search	EdTech	Germany	186845	4204	0.0225	1.81	7609.24
14-08-2024	Meta Ads	Search	Fintech	USA	25930	609	0.0235	0.55	334.95
26-10-2024	Google Ads	Display	Fintech	UAE	114914	3803	0.0331	2.69	10230.07
27-09-2024	Google Ads	Display	EdTech	Australia	34652	866	0.025	1.57	1359.62
21-02-2024	Google Ads	Display	EdTech	India	136585	5668	0.0415	2.89	16380.52
23-11-2024	Google Ads	Display	Healthcare	Canada	192822	6228	0.0323	3.35	20863.8
30-12-2024	Google Ads	Search	Healthcare	UK	63738	1306	0.0205	0.93	1214.58
28-02-2024	Google Ads	Search	Fintech	India	28267	1769	0.0626	2.59	4581.71
04-04-2024	Meta Ads	Display	Fintech	Australia	42606	1495	0.0351	0.77	1151.15
22-01-2024	TikTok Ads	Display	Healthcare	Canada	120409	8356	0.0694	0.96	8021.76
04-05-2024	TikTok Ads	Display	EdTech	Germany	120210	6455	0.0537	1.78	11489.9
07-08-2024	Meta Ads	Search	Healthcare	UAE	96360	3247	0.0337	0.43	1396.21
22-04-2024	TikTok Ads	Shopping	EdTech	Canada	186006	9002	0.0484	1.52	13683.04
14-10-2024	Google Ads	Shopping	E-commerce	Germany	34036	2086	0.0613	3.45	7196.7
10-02-2024	TikTok Ads	Shopping	SaaS	USA	116709	6640	0.0569	1.97	13080.8
05-06-2024	Meta Ads	Shopping	EdTech	UK	98276	2368	0.0241	1.41	3338.88
19-09-2024	Google Ads	Shopping	EdTech	UK	162353	3977	0.0245	1.45	5766.65
05-12-2024	Meta Ads	Search	SaaS	UK	129790	5697	0.0439	0.52	2962.44
18-12-2024	Google Ads	Video	Healthcare	India	184982	4772	0.0258	3.08	14697.76
16-08-2024	Google Ads	Search	Fintech	UK	166673	4733	0.0284	0.84	3975.72
05-06-2024	Google Ads	Video	EdTech	UAE	109148	3951	0.0362	1.79	7072.29
26-12-2024	Google Ads	Video	EdTech	USA	173700	7208	0.0415	2.29	16506.32
27-04-2024	Meta Ads	Video	EdTech	UAE	173001	3477	0.0201	0.95	3303.15
29-01-2024	Meta Ads	Search	Fintech	UK	56534	1079	0.0191	0.6	647.4
15-12-2024	Google Ads	Search	Healthcare	Australia	58520	3604	0.0616	1.48	5333.92
10-09-2024	Google Ads	Video	Healthcare	Canada	111071	2865	0.0258	2.83	8107.95
08-04-2024	Google Ads	Shopping	SaaS	India	153750	4920	0.032	2.98	14661.6
02-05-2024	Meta Ads	Display	SaaS	USA	108717	1435	0.0132	1.75	2511.25
13-06-2024	Google Ads	Shopping	E-commerce	India	141455	2673	0.0189	2.82	7537.86
04-12-2024	Meta Ads	Search	Healthcare	USA	158742	5778	0.0364	2.17	12538.26
26-04-2024	Meta Ads	Search	E-commerce	Germany	26845	528	0.0197	2.08	1098.24
05-10-2024	Google Ads	Video	Fintech	USA	92332	5336	0.0578	0.94	5015.84
05-09-2024	Google Ads	Search	E-commerce	India	90953	4365	0.048	3.04	13269.6
26-09-2024	Meta Ads	Shopping	SaaS	Canada	15047	368	0.0245	1.06	390.08
12-04-2024	Google Ads	Search	Healthcare	UAE	57632	1256	0.0218	1.75	2198
28-10-2024	TikTok Ads	Shopping	EdTech	UAE	193568	12659	0.0654	1.24	15697.16
21-05-2024	Google Ads	Video	SaaS	Germany	30343	743	0.0245	3.05	2266.15
23-08-2024	Meta Ads	Display	SaaS	Germany	6903	225	0.0326	1.92	432
18-02-2024	TikTok Ads	Display	SaaS	USA	194291	9248	0.0476	1.08	9987.84
09-08-2024	Meta Ads	Shopping	Healthcare	India	25704	616	0.024	1	616
31-05-2024	Google Ads	Display	Healthcare	Germany	18696	327	0.0175	2.61	853.47
16-02-2024	Meta Ads	Video	EdTech	UK	165408	1670	0.0101	1.3	2171
14-04-2024	Google Ads	Search	E-commerce	Australia	191372	11711	0.0612	2.48	29043.28
06-09-2024	Meta Ads	Display	EdTech	USA	71247	1888	0.0265	0.47	887.36
11-04-2024	TikTok Ads	Search	Fintech	UAE	132294	7527	0.0569	0.9	6774.3
29-12-2024	TikTok Ads	Display	E-commerce	Germany	66086	3317	0.0502	0.33	1094.61
23-12-2024	Google Ads	Search	Healthcare	UK	186232	9292	0.0499	2.4	22300.8
01-11-2024	TikTok Ads	Shopping	Healthcare	India	145225	5562	0.0383	0.84	4672.08
27-05-2024	Google Ads	Search	SaaS	Germany	15470	529	0.0342	1.2	634.8
05-04-2024	Google Ads	Display	Healthcare	Australia	91814	2607	0.0284	2.48	6465.36
24-03-2024	Google Ads	Display	EdTech	Australia	96087	3238	0.0337	3.04	9843.52
12-03-2024	Google Ads	Shopping	Fintech	Germany	92943	5037	0.0542	2.26	11383.62
10-04-2024	Meta Ads	Display	SaaS	India	36411	873	0.024	2.03	1772.19
17-08-2024	Meta Ads	Video	EdTech	USA	145170	4688	0.0323	1.75	8204
25-03-2024	Google Ads	Video	E-commerce	Germany	146428	2796	0.0191	2.24	6263.04
28-08-2024	Google Ads	Search	Fintech	Germany	151772	6237	0.0411	1.02	6361.74
19-01-2024	TikTok Ads	Search	E-commerce	USA	179561	8600	0.0479	1.44	12384
11-09-2024	Google Ads	Search	EdTech	UAE	100381	5691	0.0567	0.83	4723.53
23-12-2024	TikTok Ads	Display	E-commerce	India	180552	6030	0.0334	1.7	10251
03-07-2024	TikTok Ads	Display	EdTech	USA	163328	4981	0.0305	1.21	6027.01
03-06-2024	TikTok Ads	Display	EdTech	USA	93635	4363	0.0466	1.36	5933.68
29-12-2024	Google Ads	Display	SaaS	UAE	133526	4633	0.0347	3.07	14223.31
06-02-2024	TikTok Ads	Video	E-commerce	Canada	48475	3160	0.0652	0.76	2401.6
13-11-2024	TikTok Ads	Video	Fintech	India	195722	12624	0.0645	2.01	25374.24
04-05-2024	Google Ads	Search	Healthcare	UK	106277	6961	0.0655	2.96	20604.56
22-01-2024	Google Ads	Shopping	Fintech	Australia	153953	5095	0.0331	2.86	14571.7
07-09-2024	Meta Ads	Video	Healthcare	Germany	142135	2387	0.0168	1.92	4583.04
25-11-2024	Google Ads	Shopping	EdTech	Canada	107891	3733	0.0346	2.31	8623.23
20-03-2024	TikTok Ads	Video	SaaS	USA	191380	8171	0.0427	0.5	4085.5
11-08-2024	Meta Ads	Search	Healthcare	UK	123372	3355	0.0272	2.3	7716.5
24-12-2024	Google Ads	Search	E-commerce	UAE	104464	4314	0.0413	2.26	9749.64
03-06-2024	Google Ads	Video	SaaS	UK	113502	2235	0.0197	1.21	2704.35
09-09-2024	Google Ads	Shopping	Healthcare	Australia	95196	3170	0.0333	1.05	3328.5
27-01-2024	Google Ads	Display	Healthcare	UK	86362	2547	0.0295	1.41	3591.27
28-06-2024	Google Ads	Search	E-commerce	USA	78532	4735	0.0603	2.82	13352.7
19-03-2024	Google Ads	Shopping	Healthcare	Canada	184081	5135	0.0279	2.18	11194.3
28-01-2024	Meta Ads	Display	Healthcare	Canada	93966	2104	0.0224	0.97	2040.88
23-07-2024	Google Ads	Video	SaaS	UAE	28667	1338	0.0467	2.9	3880.2
21-01-2024	Google Ads	Display	Healthcare	Australia	154239	7465	0.0484	3.2	23888
05-04-2024	Meta Ads	Video	Fintech	UAE	103576	1263	0.0122	0.47	593.61
25-09-2024	TikTok Ads	Video	EdTech	India	111154	5124	0.0461	0.89	4560.36
28-10-2024	Google Ads	Search	E-commerce	USA	104456	6403	0.0613	2.11	13510.33
12-10-2024	Meta Ads	Display	SaaS	UAE	173307	3292	0.019	1.03	3390.76
10-03-2024	Google Ads	Display	Fintech	Australia	197459	5667	0.0287	3.56	20174.52
01-09-2024	TikTok Ads	Video	EdTech	UK	154676	5970	0.0386	1.09	6507.3
24-04-2024	Meta Ads	Video	Fintech	India	138528	3698	0.0267	2.27	8394.46
01-08-2024	Google Ads	Display	SaaS	Canada	188490	6879	0.0365	2.84	19536.36
21-09-2024	TikTok Ads	Display	SaaS	USA	155929	6408	0.0411	0.97	6215.76
31-05-2024	Google Ads	Display	EdTech	Canada	177220	4607	0.026	2.32	10688.24
10-10-2024	Meta Ads	Video	E-commerce	Canada	188552	6373	0.0338	0.65	4142.45
15-09-2024	Google Ads	Video	E-commerce	Canada	136460	4462	0.0327	0.88	3926.56
07-10-2024	TikTok Ads	Display	Healthcare	Canada	124614	4573	0.0367	0.29	1326.17
15-04-2024	Meta Ads	Video	SaaS	India	28359	612	0.0216	0.75	459
28-06-2024	Meta Ads	Search	E-commerce	USA	81759	1316	0.0161	0.9	1184.4
05-04-2024	Meta Ads	Video	E-commerce	Germany	131230	2139	0.0163	2.23	4769.97
01-06-2024	TikTok Ads	Search	E-commerce	Canada	49659	2413	0.0486	1.45	3498.85
07-02-2024	TikTok Ads	Display	Fintech	Germany	103029	6830	0.0663	0.52	3551.6
01-06-2024	TikTok Ads	Shopping	Healthcare	Canada	52368	3351	0.064	0.61	2044.11
15-06-2024	TikTok Ads	Video	EdTech	Canada	144585	8357	0.0578	0.52	4345.64
22-03-2024	TikTok Ads	Shopping	Fintech	UK	40308	3853	0.0956	1.09	4199.77
08-08-2024	TikTok Ads	Search	E-commerce	Germany	43635	2469	0.0566	1.21	2987.49
08-08-2024	Meta Ads	Search	EdTech	India	164074	6152	0.0375	0.95	5844.4
13-08-2024	Meta Ads	Shopping	Healthcare	Canada	107300	2693	0.0251	0.57	1535.01
04-11-2024	Meta Ads	Display	EdTech	India	177443	4400	0.0248	2.17	9548
20-04-2024	TikTok Ads	Shopping	EdTech	UAE	141268	7402	0.0524	1.24	9178.48
26-05-2024	TikTok Ads	Display	EdTech	Germany	145631	4194	0.0288	0.84	3522.96
22-11-2024	TikTok Ads	Search	EdTech	Canada	191041	7393	0.0387	0.53	3918.29
13-11-2024	TikTok Ads	Video	Healthcare	UK	72145	3058	0.0424	0.77	2354.66
04-03-2024	Meta Ads	Video	SaaS	UAE	113447	1826	0.0161	1.73	3158.98
12-12-2024	TikTok Ads	Search	Healthcare	India	195512	8328	0.0426	1.63	13574.64
19-06-2024	Meta Ads	Search	SaaS	USA	149446	6456	0.0432	2.19	14138.64
03-09-2024	TikTok Ads	Video	SaaS	Germany	154307	9212	0.0597	1.3	11975.6
26-11-2024	Meta Ads	Display	Healthcare	India	149675	3143	0.021	1.55	4871.65
05-04-2024	TikTok Ads	Shopping	Healthcare	UAE	184065	6350	0.0345	1.34	8509
04-10-2024	TikTok Ads	Search	EdTech	Germany	64484	2966	0.046	1.25	3707.5
28-07-2024	Meta Ads	Video	EdTech	UAE	148088	4561	0.0308	1.36	6202.96
09-09-2024	Google Ads	Display	SaaS	India	28068	990	0.0353	1.01	999.9
23-03-2024	TikTok Ads	Search	Healthcare	USA	131385	6910	0.0526	0.34	2349.4
16-05-2024	TikTok Ads	Search	EdTech	UAE	77882	3029	0.0389	0.47	1423.63
10-09-2024	TikTok Ads	Shopping	Healthcare	UAE	90066	6025	0.0669	1.77	10664.25
25-07-2024	Meta Ads	Shopping	E-commerce	India	186775	2409	0.0129	0.69	1662.21
15-04-2024	Google Ads	Video	Fintech	India	57328	2161	0.0377	1.53	3306.33
22-02-2024	Google Ads	Video	SaaS	India	87570	3415	0.039	2.57	8776.55
18-06-2024	Meta Ads	Video	SaaS	UAE	54864	1876	0.0342	1.52	2851.52
04-11-2024	Google Ads	Display	SaaS	Australia	91861	2535	0.0276	1.24	3143.4
04-06-2024	Meta Ads	Search	E-commerce	Australia	16920	389	0.023	1.23	478.47
16-08-2024	Meta Ads	Shopping	Healthcare	India	117421	3428	0.0292	0.61	2091.08
29-06-2024	Google Ads	Display	EdTech	UK	146332	7184	0.0491	2.8	20115.2
11-01-2024	Meta Ads	Shopping	SaaS	USA	144993	2783	0.0192	1.47	4091.01
28-07-2024	Google Ads	Display	Fintech	Canada	35702	999	0.028	1.58	1578.42
01-09-2024	Google Ads	Shopping	Healthcare	Germany	184976	6270	0.0339	2.66	16678.2
10-06-2024	Google Ads	Search	E-commerce	UAE	119235	5258	0.0441	1.1	5783.8
14-08-2024	Google Ads	Shopping	EdTech	India	127211	3968	0.0312	2.63	10435.84
16-12-2024	TikTok Ads	Video	Fintech	USA	27584	1561	0.0566	0.94	1467.34
25-05-2024	Google Ads	Shopping	SaaS	Germany	194928	9161	0.047	1.88	17222.68
26-10-2024	Google Ads	Search	E-commerce	Australia	90349	5420	0.06	3.02	16368.4
08-07-2024	TikTok Ads	Video	EdTech	Germany	170011	10149	0.0597	0.55	5581.95
06-08-2024	Google Ads	Display	Healthcare	USA	54158	3374	0.0623	0.81	2732.94
02-01-2024	Meta Ads	Display	SaaS	UK	143485	3945	0.0275	0.71	2800.95
18-02-2024	Google Ads	Video	Fintech	Canada	165470	4136	0.025	0.82	3391.52
11-05-2024	Meta Ads	Search	EdTech	USA	112596	2668	0.0237	1.2	3201.6
03-07-2024	Google Ads	Video	EdTech	Canada	82604	5146	0.0623	2.88	14820.48
25-06-2024	Google Ads	Display	Healthcare	UAE	162454	4337	0.0267	1.57	6809.09
20-10-2024	TikTok Ads	Shopping	E-commerce	UK	143667	6852	0.0477	1.13	7742.76
16-02-2024	Google Ads	Video	Healthcare	Australia	83702	3900	0.0466	2.18	8502
12-02-2024	TikTok Ads	Video	Fintech	USA	41497	3299	0.0795	0.65	2144.35
26-05-2024	Google Ads	Search	Fintech	UAE	88442	2485	0.0281	2.89	7181.65
23-02-2024	Google Ads	Shopping	SaaS	UAE	143723	4254	0.0296	1.14	4849.56
15-10-2024	Meta Ads	Search	SaaS	UK	30392	1325	0.0436	1.31	1735.75
10-05-2024	Google Ads	Video	E-commerce	India	94412	4786	0.0507	1.29	6173.94
21-05-2024	Google Ads	Video	EdTech	UK	56305	1644	0.0292	1.65	2712.6
29-09-2024	TikTok Ads	Display	SaaS	Germany	142456	9943	0.0698	0.91	9048.13
26-12-2024	Meta Ads	Display	EdTech	Australia	27169	546	0.0201	1.08	589.68
15-09-2024	Google Ads	Video	SaaS	Germany	127179	5125	0.0403	2.22	11377.5
18-07-2024	Google Ads	Shopping	Fintech	USA	20797	846	0.0407	1.08	913.68
13-08-2024	Meta Ads	Shopping	E-commerce	USA	188201	5627	0.0299	1.88	10578.76
03-06-2024	TikTok Ads	Shopping	E-commerce	Canada	77726	2557	0.0329	0.49	1252.93
10-03-2024	Meta Ads	Search	EdTech	Australia	23123	286	0.0124	1.21	346.06
06-04-2024	Google Ads	Search	SaaS	Canada	86689	3727	0.043	1.16	4323.32
17-05-2024	Google Ads	Search	Healthcare	USA	159251	9172	0.0576	2.84	26048.48
13-01-2024	Meta Ads	Display	E-commerce	UK	70180	736	0.0105	1.4	1030.4
16-09-2024	Google Ads	Video	Fintech	Canada	83466	4089	0.049	2.26	9241.14
13-11-2024	Meta Ads	Display	SaaS	India	137602	2641	0.0192	0.59	1558.19
03-09-2024	TikTok Ads	Video	SaaS	UAE	64222	2067	0.0322	1.89	3906.63
08-07-2024	TikTok Ads	Shopping	Healthcare	India	116739	4319	0.037	0.34	1468.46
30-12-2024	Meta Ads	Shopping	Healthcare	USA	50869	890	0.0175	1.08	961.2
02-12-2024	Meta Ads	Search	EdTech	Germany	127155	3089	0.0243	1.25	3861.25
26-03-2024	Google Ads	Video	EdTech	Germany	162883	8974	0.0551	2.38	21358.12
17-01-2024	TikTok Ads	Search	SaaS	Canada	115716	7394	0.0639	1.16	8577.04
14-06-2024	Google Ads	Video	EdTech	USA	40306	1176	0.0292	0.85	999.6
29-02-2024	TikTok Ads	Search	Fintech	Canada	138025	9192	0.0666	0.64	5882.88
05-02-2024	Meta Ads	Video	SaaS	India	145510	5805	0.0399	1.04	6037.2
07-09-2024	TikTok Ads	Display	Fintech	USA	168297	10535	0.0626	1.4	14749
14-12-2024	Meta Ads	Search	E-commerce	Australia	66157	1687	0.0255	1.3	2193.1
26-03-2024	Meta Ads	Shopping	Fintech	India	115003	2921	0.0254	0.4	1168.4
19-01-2024	Meta Ads	Shopping	Healthcare	USA	173292	7330	0.0423	1.88	13780.4
07-01-2024	Meta Ads	Video	EdTech	Germany	94440	2219	0.0235	1.93	4282.67
24-06-2024	Meta Ads	Video	Healthcare	India	93003	1283	0.0138	1.76	2258.08
02-02-2024	TikTok Ads	Video	E-commerce	USA	112294	9039	0.0805	0.99	8948.61
22-05-2024	Meta Ads	Display	SaaS	USA	165321	4447	0.0269	1.56	6937.32
11-11-2024	TikTok Ads	Video	Healthcare	USA	137895	5901	0.0428	1.34	7907.34
27-02-2024	TikTok Ads	Display	E-commerce	Germany	7978	557	0.0699	0.61	339.77
08-02-2024	TikTok Ads	Display	Fintech	Germany	113994	4320	0.0379	0.77	3326.4
16-02-2024	Google Ads	Search	EdTech	UAE	90794	5638	0.0621	3.1	17477.8
20-12-2024	Meta Ads	Display	Healthcare	Australia	118694	2338	0.0197	2.26	5283.88
17-07-2024	Google Ads	Shopping	Healthcare	UAE	99805	1936	0.0194	1.4	2710.4
30-01-2024	Google Ads	Search	Fintech	Canada	187156	3986	0.0213	2.39	9526.54
04-08-2024	TikTok Ads	Video	EdTech	UAE	120152	4613	0.0384	0.97	4474.61
16-12-2024	Google Ads	Search	Fintech	UK	117458	6824	0.0581	2.01	13716.24
22-06-2024	Meta Ads	Video	EdTech	Australia	35398	1044	0.0295	0.45	469.8
30-03-2024	TikTok Ads	Video	Healthcare	India	98386	7556	0.0768	0.35	2644.6
06-08-2024	Meta Ads	Video	E-commerce	Canada	70133	2293	0.0327	1.04	2384.72
26-06-2024	Google Ads	Video	SaaS	USA	30169	1523	0.0505	1.44	2193.12
25-01-2024	Google Ads	Search	EdTech	Germany	122959	3553	0.0289	1.67	5933.51
12-04-2024	Meta Ads	Search	Healthcare	Australia	73083	3040	0.0416	0.6	1824
02-05-2024	Meta Ads	Display	Fintech	India	113889	4623	0.0406	1.19	5501.37
23-06-2024	Meta Ads	Search	Healthcare	Australia	57203	1029	0.018	0.87	895.23
12-07-2024	TikTok Ads	Display	SaaS	UAE	36562	1257	0.0344	0.43	540.51
01-12-2024	Google Ads	Search	EdTech	USA	177256	4059	0.0229	2.19	8889.21
23-02-2024	TikTok Ads	Shopping	SaaS	India	179036	11046	0.0617	0.87	9610.02
02-07-2024	Google Ads	Display	EdTech	Germany	87481	4181	0.0478	2.88	12041.28
22-06-2024	TikTok Ads	Shopping	E-commerce	India	130645	8243	0.0631	0.95	7830.85
24-11-2024	Google Ads	Search	SaaS	India	121089	3499	0.0289	0.93	3254.07
07-05-2024	Google Ads	Search	EdTech	Canada	15589	285	0.0183	1.18	336.3
11-08-2024	TikTok Ads	Search	Fintech	Germany	101411	9370	0.0924	0.81	7589.7
25-03-2024	Google Ads	Shopping	E-commerce	UK	142045	9161	0.0645	2.39	21894.79
05-07-2024	Meta Ads	Shopping	Healthcare	UK	42236	1013	0.024	1.43	1448.59
23-05-2024	Meta Ads	Shopping	E-commerce	Canada	75628	794	0.0105	0.5	397
08-12-2024	TikTok Ads	Video	Fintech	Germany	116184	4089	0.0352	0.34	1390.26
19-10-2024	Google Ads	Video	E-commerce	USA	121465	5575	0.0459	1.64	9143
09-01-2024	Google Ads	Video	Fintech	UK	108510	3721	0.0343	1.41	5246.61
12-03-2024	Meta Ads	Shopping	Healthcare	Canada	199650	4152	0.0208	0.78	3238.56
10-07-2024	Google Ads	Shopping	SaaS	USA	73734	1990	0.027	0.82	1631.8
10-03-2024	Meta Ads	Shopping	E-commerce	Canada	149532	5069	0.0339	2.39	12114.91
27-01-2024	Google Ads	Search	Fintech	India	79432	4130	0.052	2.29	9457.7
07-10-2024	TikTok Ads	Display	Fintech	Canada	192583	11285	0.0586	1.63	18394.55
09-03-2024	Meta Ads	Video	SaaS	Australia	79266	2425	0.0306	0.72	1746
25-02-2024	Google Ads	Video	Fintech	Australia	33695	1277	0.0379	2.88	3677.76
19-03-2024	TikTok Ads	Search	Fintech	India	92030	6267	0.0681	0.58	3634.86
02-11-2024	Google Ads	Search	Healthcare	India	26259	669	0.0255	1.41	943.29
15-04-2024	Google Ads	Video	Fintech	UK	99447	5917	0.0595	1.05	6212.85
17-11-2024	Meta Ads	Shopping	Healthcare	UAE	170910	3315	0.0194	0.5	1657.5
04-03-2024	Meta Ads	Video	Healthcare	USA	180259	2072	0.0115	1.37	2838.64
23-02-2024	Meta Ads	Video	Healthcare	UAE	146964	5246	0.0357	1.99	10439.54
10-09-2024	Meta Ads	Display	EdTech	Germany	153057	2969	0.0194	2.24	6650.56
08-12-2024	Google Ads	Search	SaaS	UK	78635	2587	0.0329	2.35	6079.45
12-11-2024	Meta Ads	Display	Healthcare	UAE	54031	2215	0.041	1.66	3676.9
17-09-2024	Google Ads	Video	SaaS	Germany	162743	8723	0.0536	1.77	15439.71
04-08-2024	Google Ads	Display	Healthcare	Canada	144494	8409	0.0582	3.04	25563.36
09-11-2024	Google Ads	Search	Fintech	Australia	112549	6640	0.059	3.67	24368.8
23-12-2024	Google Ads	Search	E-commerce	USA	148994	7509	0.0504	3.46	25981.14
24-11-2024	Google Ads	Display	Fintech	Canada	87373	3643	0.0417	1.05	3825.15
01-04-2024	TikTok Ads	Shopping	E-commerce	Australia	41200	1763	0.0428	1.78	3138.14
23-12-2024	Google Ads	Search	Fintech	India	51986	1996	0.0384	1.53	3053.88
15-10-2024	Meta Ads	Search	Fintech	Germany	190392	6016	0.0316	2.29	13776.64
06-12-2024	TikTok Ads	Shopping	E-commerce	Germany	137817	8654	0.0628	1.52	13154.08
20-01-2024	TikTok Ads	Video	Fintech	USA	153145	7197	0.047	1.02	7340.94
07-03-2024	Google Ads	Shopping	E-commerce	USA	20718	426	0.0206	2.65	1128.9
22-01-2024	TikTok Ads	Shopping	Fintech	Germany	5059	415	0.0822	0.73	302.95
28-02-2024	TikTok Ads	Search	SaaS	USA	96045	5820	0.0606	0.31	1804.2
19-05-2024	Google Ads	Display	E-commerce	UAE	12644	572	0.0453	2.22	1269.84
16-07-2024	Google Ads	Video	EdTech	Canada	91901	3326	0.0362	2.58	8581.08
30-03-2024	Google Ads	Search	Fintech	Canada	120431	6262	0.052	2.77	17345.74
23-01-2024	Google Ads	Search	Fintech	Germany	7948	289	0.0364	2.07	598.23
14-08-2024	Meta Ads	Video	E-commerce	UAE	108924	2134	0.0196	0.41	874.94
30-03-2024	Google Ads	Search	SaaS	Germany	66402	2695	0.0406	1.86	5012.7
29-08-2024	Google Ads	Display	EdTech	Canada	96676	5326	0.0551	1.67	8894.42
10-04-2024	Meta Ads	Search	Fintech	USA	10108	320	0.0317	0.51	163.2
30-03-2024	Google Ads	Search	SaaS	UK	23936	1211	0.0506	2.7	3269.7
21-05-2024	Meta Ads	Display	SaaS	India	157455	3810	0.0242	1.24	4724.4
29-03-2024	Google Ads	Shopping	Fintech	Australia	165805	9832	0.0593	2.76	27136.32
27-10-2024	Meta Ads	Search	Fintech	USA	69385	2650	0.0382	1.7	4505
27-04-2024	TikTok Ads	Video	Healthcare	Australia	89944	2644	0.0294	0.31	819.64
03-04-2024	Meta Ads	Search	SaaS	India	62603	1396	0.0223	1.5	2094
10-01-2024	Meta Ads	Shopping	EdTech	USA	62284	1413	0.0227	1.06	1497.78
09-11-2024	Meta Ads	Video	EdTech	USA	172812	2972	0.0172	0.99	2942.28
19-01-2024	Google Ads	Search	Healthcare	UAE	82764	2276	0.0275	0.91	2071.16
14-04-2024	Meta Ads	Search	E-commerce	India	133260	2611	0.0196	2.08	5430.88
08-07-2024	Google Ads	Search	Fintech	Australia	188420	9364	0.0497	2.65	24814.6
20-02-2024	Google Ads	Shopping	Fintech	UK	89431	3300	0.0369	1.47	4851
04-01-2024	Google Ads	Display	E-commerce	USA	52897	1883	0.0356	2.77	5215.91
09-06-2024	Google Ads	Shopping	SaaS	UK	83334	3341	0.0401	1.73	5779.93
17-10-2024	TikTok Ads	Shopping	SaaS	USA	180721	9379	0.0519	1.3	12192.7
09-12-2024	TikTok Ads	Display	Healthcare	Australia	195759	7262	0.0371	0.47	3413.14
10-07-2024	Google Ads	Video	SaaS	USA	158514	4565	0.0288	2.14	9769.1
17-05-2024	Meta Ads	Video	SaaS	USA	82948	2347	0.0283	2.31	5421.57
02-02-2024	Google Ads	Video	SaaS	Canada	44420	1066	0.024	3.64	3880.24
25-02-2024	TikTok Ads	Search	Fintech	UAE	57006	2981	0.0523	1.1	3279.1
15-08-2024	Meta Ads	Video	SaaS	USA	37588	1191	0.0317	1.96	2334.36
02-02-2024	TikTok Ads	Shopping	Healthcare	Australia	196605	14922	0.0759	1.76	26262.72
01-04-2024	Meta Ads	Video	Fintech	Germany	59376	564	0.0095	0.64	360.96
21-05-2024	Meta Ads	Video	E-commerce	India	15865	528	0.0333	1.88	992.64
26-11-2024	Google Ads	Video	EdTech	UAE	80511	3622	0.045	3.32	12025.04
26-06-2024	Google Ads	Shopping	E-commerce	UK	143944	7873	0.0547	2.11	16612.03
08-07-2024	Meta Ads	Search	SaaS	UK	44612	811	0.0182	2	1622
13-11-2024	Google Ads	Display	E-commerce	Australia	17299	479	0.0277	1.94	929.26
29-10-2024	TikTok Ads	Shopping	Healthcare	UAE	71514	3354	0.0469	1.31	4393.74
14-03-2024	Google Ads	Video	E-commerce	India	37135	1006	0.0271	1.92	1931.52
23-11-2024	Google Ads	Display	EdTech	UAE	80542	4236	0.0526	2.15	9107.4
03-04-2024	Google Ads	Shopping	E-commerce	Australia	112992	2802	0.0248	3	8406
09-06-2024	Meta Ads	Search	SaaS	UK	119863	1114	0.0093	1.23	1370.22
07-02-2024	TikTok Ads	Search	Fintech	Germany	108806	5070	0.0466	0.36	1825.2
30-11-2024	TikTok Ads	Shopping	Healthcare	UK	7234	496	0.0687	0.71	352.16
03-05-2024	Meta Ads	Shopping	Fintech	Australia	143541	1980	0.0138	1.41	2791.8
21-03-2024	TikTok Ads	Video	EdTech	India	5497	231	0.0422	1.38	318.78
03-03-2024	Meta Ads	Display	EdTech	UK	160478	4413	0.0275	1.02	4501.26
14-10-2024	Google Ads	Video	E-commerce	UK	116011	2726	0.0235	1.96	5342.96
17-09-2024	Meta Ads	Search	EdTech	Germany	166243	1895	0.0114	0.92	1743.4
16-01-2024	TikTok Ads	Video	E-commerce	Australia	62868	2715	0.0432	1.6	4344
15-12-2024	Google Ads	Video	EdTech	UAE	132953	8163	0.0614	2.76	22529.88
11-03-2024	Meta Ads	Display	Healthcare	UAE	107326	2436	0.0227	0.77	1875.72
28-03-2024	TikTok Ads	Search	E-commerce	Australia	24854	1106	0.0445	1.14	1260.84
05-04-2024	Google Ads	Display	Healthcare	India	175949	7108	0.0404	2.44	17343.52
27-12-2024	TikTok Ads	Shopping	EdTech	USA	131956	7772	0.0589	0.29	2253.88
11-11-2024	Google Ads	Video	Healthcare	UAE	90096	4784	0.0531	3.17	15165.28
13-02-2024	Google Ads	Video	E-commerce	UK	48766	1731	0.0355	1.04	1800.24
24-04-2024	Meta Ads	Display	Fintech	USA	68989	2952	0.0428	1.79	5284.08
13-10-2024	Google Ads	Search	E-commerce	India	197557	4326	0.0219	1.18	5104.68
14-05-2024	Google Ads	Video	E-commerce	Canada	96178	4328	0.045	3.36	14542.08
10-09-2024	TikTok Ads	Shopping	Healthcare	India	144940	5333	0.0368	1.31	6986.23
12-04-2024	TikTok Ads	Shopping	SaaS	UAE	152322	13678	0.0898	0.41	5607.98
22-08-2024	Google Ads	Display	EdTech	Australia	89124	2664	0.0299	1.24	3303.36
13-12-2024	Google Ads	Video	Fintech	India	126404	2073	0.0164	0.92	1907.16
20-11-2024	Meta Ads	Search	Healthcare	Canada	84654	2937	0.0347	1.84	5404.08
20-06-2024	Meta Ads	Video	EdTech	Germany	95987	1919	0.02	1.71	3281.49
01-06-2024	Google Ads	Shopping	SaaS	UAE	154088	9106	0.0591	3.24	29503.44
29-02-2024	TikTok Ads	Search	EdTech	Australia	71883	2077	0.0289	1.71	3551.67
22-07-2024	Meta Ads	Shopping	E-commerce	UAE	133716	1617	0.0121	0.85	1374.45
26-12-2024	TikTok Ads	Display	Fintech	Germany	43319	2534	0.0585	1.66	4206.44
03-09-2024	Google Ads	Search	E-commerce	India	144911	7897	0.0545	1.63	12872.11
22-10-2024	Google Ads	Search	Fintech	UAE	180634	7821	0.0433	2.21	17284.41
03-02-2024	Meta Ads	Display	EdTech	Australia	76095	2031	0.0267	1.49	3026.19
11-07-2024	TikTok Ads	Video	E-commerce	Germany	180128	10555	0.0586	0.84	8866.2
23-06-2024	Meta Ads	Display	EdTech	Australia	169849	5927	0.0349	0.94	5571.38
01-03-2024	Meta Ads	Video	Fintech	Australia	122974	2939	0.0239	1.85	5437.15
02-08-2024	Google Ads	Search	E-commerce	USA	28553	850	0.0298	2.06	1751
29-01-2024	Meta Ads	Display	EdTech	UK	77447	906	0.0117	1.15	1041.9
