campaign_id,campaign_num,utm_campaign,touchpoint_clicks,touchpoint_impressions,touchpoint_marketing_cost,campaign_type,campaign_duration,campaign_channel_used,campaign_location,campaign_language,campaign_dataset_date,performance_campaign_id,campaign_start_date,campaign_end_date,performance_impressions,performance_clicks,campaign_total_cost_usd,campaign_total_revenue_usd,customer_id,touchpoint_id
CMP06,6,CMP06_display,7,158,2.91,Display,15 days,Instagram,New York,German,06-01-2021,CAMP00006,08-07-2025,21-07-2025,177469,7979,3540.34,3885.94,C001,TP1342
CMP11,11,CMP11_display,7,64,0.54,Display,45 days,Email,New York,Spanish,11-01-2021,CAMP00011,27-11-2025,04-12-2025,53998,1343,2491.07,4360.88,C001,TP1572
CMP13,13,CMP13_social_media,5,97,0.78,Social Media,60 days,Facebook,Chicago,Mandarin,13-01-2021,CAMP00013,10-04-2025,15-04-2025,194692,11436,973.85,2310.62,C001,TP889
CMP19,19,CMP19_social_media,8,69,7.83,Social Media,60 days,Google Ads,New York,French,19-01-2021,CAMP00019,15-09-2025,24-09-2025,260948,21678,4608.11,7497.56,C001,TP928
CMP07,7,CMP07_email,4,43,9.34,Email,60 days,Website,Los Angeles,Spanish,07-01-2021,CAMP00007,21-01-2025,05-02-2025,174231,2160,1999.53,3306.37,C001,TP1395
CMP03,3,CMP03_influencer,4,193,7.35,Influencer,30 days,YouTube,Los Angeles,French,03-01-2021,CAMP00003,28-09-2025,06-10-2025,239365,16478,1000.39,1902.24,C001,TP1038
CMP19,19,CMP19_social_media,8,63,6.19,Social Media,60 days,Google Ads,New York,French,19-01-2021,CAMP00019,15-09-2025,24-09-2025,260948,21678,4608.11,7497.56,C001,TP1165
CMP14,14,CMP14_email,9,17,7.08,Email,45 days,Instagram,New York,German,14-01-2021,CAMP00014,26-12-2025,31-12-2025,207001,14356,2479.11,2827.93,C001,TP609
CMP06,6,CMP06_display,2,137,5.15,Display,15 days,Instagram,New York,German,06-01-2021,CAMP00006,08-07-2025,21-07-2025,177469,7979,3540.34,3885.94,C002,TP360
CMP15,15,CMP15_display,8,119,8.51,Display,45 days,Website,Chicago,Spanish,15-01-2021,CAMP00015,01-06-2025,06-06-2025,257862,23315,684.67,2001.69,C002,TP088
CMP05,5,CMP05_email,3,139,4.81,Email,15 days,YouTube,Los Angeles,Mandarin,05-01-2021,CAMP00005,13-03-2025,22-03-2025,285472,4155,4935.48,14111.31,C002,TP1751
CMP07,7,CMP07_email,9,54,2.0,Email,60 days,Website,Los Angeles,Spanish,07-01-2021,CAMP00007,21-01-2025,05-02-2025,174231,2160,1999.53,3306.37,C002,TP279
CMP11,11,CMP11_display,4,176,5.56,Display,45 days,Email,New York,Spanish,11-01-2021,CAMP00011,27-11-2025,04-12-2025,53998,1343,2491.07,4360.88,C002,TP2490
CMP17,17,CMP17_display,8,189,5.82,Display,45 days,Website,Houston,English,17-01-2021,CAMP00017,30-05-2025,14-06-2025,12103,168,4112.15,11010.78,C003,TP2064
CMP04,4,CMP04_display,0,193,1.12,Display,60 days,YouTube,Miami,Mandarin,04-01-2021,CAMP00004,17-04-2025,30-04-2025,156382,2672,1252.63,2209.74,C003,TP1218
CMP06,6,CMP06_display,7,15,3.89,Display,15 days,Instagram,New York,German,06-01-2021,CAMP00006,08-07-2025,21-07-2025,177469,7979,3540.34,3885.94,C003,TP2147
CMP08,8,CMP08_search,2,33,3.24,Search,45 days,Google Ads,Los Angeles,Mandarin,08-01-2021,CAMP00008,13-04-2025,26-04-2025,234598,21435,3793.91,7159.09,C003,TP2550
CMP15,15,CMP15_display,2,99,8.8,Display,45 days,Website,Chicago,Spanish,15-01-2021,CAMP00015,01-06-2025,06-06-2025,257862,23315,684.67,2001.69,C004,TP450
CMP10,10,CMP10_email,0,199,9.82,Email,15 days,Instagram,Los Angeles,English,10-01-2021,CAMP00010,03-08-2025,16-08-2025,195376,2474,1142.07,2323.19,C004,TP1288
CMP05,5,CMP05_email,8,185,1.7,Email,15 days,YouTube,Los Angeles,Mandarin,05-01-2021,CAMP00005,13-03-2025,22-03-2025,285472,4155,4935.48,14111.31,C004,TP1802
CMP12,12,CMP12_influencer,2,13,7.91,Influencer,60 days,Google Ads,Los Angeles,Mandarin,12-01-2021,CAMP00012,29-03-2025,06-04-2025,107304,7128,3882.92,7276.43,C004,TP2346
CMP16,16,CMP16_social_media,0,34,9.41,Social Media,60 days,YouTube,New York,German,16-01-2021,CAMP00016,11-05-2025,24-05-2025,159957,8149,4229.14,8648.05,C004,TP2611
CMP11,11,CMP11_display,6,102,2.2,Display,45 days,Email,New York,Spanish,11-01-2021,CAMP00011,27-11-2025,04-12-2025,53998,1343,2491.07,4360.88,C004,TP2013
CMP07,7,CMP07_email,4,111,7.5,Email,60 days,Website,Los Angeles,Spanish,07-01-2021,CAMP00007,21-01-2025,05-02-2025,174231,2160,1999.53,3306.37,C004,TP677
CMP19,19,CMP19_social_media,3,91,9.41,Social Media,60 days,Google Ads,New York,French,19-01-2021,CAMP00019,15-09-2025,24-09-2025,260948,21678,4608.11,7497.56,C004,TP1312
CMP17,17,CMP17_display,7,81,8.63,Display,45 days,Website,Houston,English,17-01-2021,CAMP00017,30-05-2025,14-06-2025,12103,168,4112.15,11010.78,C005,TP1479
CMP04,4,CMP04_display,5,87,6.29,Display,60 days,YouTube,Miami,Mandarin,04-01-2021,CAMP00004,17-04-2025,30-04-2025,156382,2672,1252.63,2209.74,C005,TP570
CMP14,14,CMP14_email,4,86,1.21,Email,45 days,Instagram,New York,German,14-01-2021,CAMP00014,26-12-2025,31-12-2025,207001,14356,2479.11,2827.93,C005,TP845
CMP09,9,CMP09_social_media,5,2,6.96,Social Media,15 days,Facebook,Chicago,German,09-01-2021,CAMP00009,02-05-2025,08-05-2025,209438,2474,2385.72,2800.53,C005,TP177
CMP11,11,CMP11_display,8,81,4.73,Display,45 days,Email,New York,Spanish,11-01-2021,CAMP00011,27-11-2025,04-12-2025,53998,1343,2491.07,4360.88,C005,TP2127
CMP14,14,CMP14_email,8,23,8.35,Email,45 days,Instagram,New York,German,14-01-2021,CAMP00014,26-12-2025,31-12-2025,207001,14356,2479.11,2827.93,C005,TP990
CMP18,18,CMP18_influencer,0,184,4.86,Influencer,15 days,Instagram,Miami,French,18-01-2021,CAMP00018,05-11-2025,17-11-2025,281690,22173,3399.93,5565.65,C005,TP1157
CMP08,8,CMP08_search,5,17,6.24,Search,45 days,Google Ads,Los Angeles,Mandarin,08-01-2021,CAMP00008,13-04-2025,26-04-2025,234598,21435,3793.91,7159.09,C005,TP1412
CMP19,19,CMP19_social_media,1,106,4.92,Social Media,60 days,Google Ads,New York,French,19-01-2021,CAMP00019,15-09-2025,24-09-2025,260948,21678,4608.11,7497.56,C006,TP1307
CMP01,1,CMP01_email,8,154,3.67,Email,30 days,Google Ads,Chicago,Spanish,01-01-2021,CAMP00001,13-04-2025,19-04-2025,293520,23335,1052.39,2236.02,C006,TP461
CMP08,8,CMP08_search,9,4,2.98,Search,45 days,Google Ads,Los Angeles,Mandarin,08-01-2021,CAMP00008,13-04-2025,26-04-2025,234598,21435,3793.91,7159.09,C006,TP1017
CMP04,4,CMP04_display,0,151,9.83,Display,60 days,YouTube,Miami,Mandarin,04-01-2021,CAMP00004,17-04-2025,30-04-2025,156382,2672,1252.63,2209.74,C006,TP1269
CMP01,1,CMP01_email,7,142,2.08,Email,30 days,Google Ads,Chicago,Spanish,01-01-2021,CAMP00001,13-04-2025,19-04-2025,293520,23335,1052.39,2236.02,C007,TP2240
CMP18,18,CMP18_influencer,3,157,3.61,Influencer,15 days,Instagram,Miami,French,18-01-2021,CAMP00018,05-11-2025,17-11-2025,281690,22173,3399.93,5565.65,C007,TP1973
CMP18,18,CMP18_influencer,2,32,0.87,Influencer,15 days,Instagram,Miami,French,18-01-2021,CAMP00018,05-11-2025,17-11-2025,281690,22173,3399.93,5565.65,C007,TP1737
CMP13,13,CMP13_social_media,4,50,1.15,Social Media,60 days,Facebook,Chicago,Mandarin,13-01-2021,CAMP00013,10-04-2025,15-04-2025,194692,11436,973.85,2310.62,C007,TP2329
CMP07,7,CMP07_email,1,93,2.66,Email,60 days,Website,Los Angeles,Spanish,07-01-2021,CAMP00007,21-01-2025,05-02-2025,174231,2160,1999.53,3306.37,C007,TP2540
CMP12,12,CMP12_influencer,4,21,1.35,Influencer,60 days,Google Ads,Los Angeles,Mandarin,12-01-2021,CAMP00012,29-03-2025,06-04-2025,107304,7128,3882.92,7276.43,C007,TP835
CMP16,16,CMP16_social_media,4,97,6.36,Social Media,60 days,YouTube,New York,German,16-01-2021,CAMP00016,11-05-2025,24-05-2025,159957,8149,4229.14,8648.05,C007,TP1217
CMP11,11,CMP11_display,1,200,5.07,Display,45 days,Email,New York,Spanish,11-01-2021,CAMP00011,27-11-2025,04-12-2025,53998,1343,2491.07,4360.88,C008,TP947
CMP11,11,CMP11_display,4,199,6.98,Display,45 days,Email,New York,Spanish,11-01-2021,CAMP00011,27-11-2025,04-12-2025,53998,1343,2491.07,4360.88,C008,TP1698
CMP11,11,CMP11_display,10,85,2.58,Display,45 days,Email,New York,Spanish,11-01-2021,CAMP00011,27-11-2025,04-12-2025,53998,1343,2491.07,4360.88,C008,TP1194
CMP11,11,CMP11_display,2,177,7.06,Display,45 days,Email,New York,Spanish,11-01-2021,CAMP00011,27-11-2025,04-12-2025,53998,1343,2491.07,4360.88,C008,TP2409
CMP12,12,CMP12_influencer,6,187,8.96,Influencer,60 days,Google Ads,Los Angeles,Mandarin,12-01-2021,CAMP00012,29-03-2025,06-04-2025,107304,7128,3882.92,7276.43,C008,TP1139
CMP11,11,CMP11_display,2,55,8.91,Display,45 days,Email,New York,Spanish,11-01-2021,CAMP00011,27-11-2025,04-12-2025,53998,1343,2491.07,4360.88,C009,TP1791
CMP02,2,CMP02_email,4,15,1.92,Email,60 days,Google Ads,New York,German,02-01-2021,CAMP00002,15-12-2025,24-12-2025,200340,15841,3964.9,11740.15,C009,TP828
CMP05,5,CMP05_email,8,101,5.53,Email,15 days,YouTube,Los Angeles,Mandarin,05-01-2021,CAMP00005,13-03-2025,22-03-2025,285472,4155,4935.48,14111.31,C009,TP2133
CMP03,3,CMP03_influencer,2,42,7.86,Influencer,30 days,YouTube,Los Angeles,French,03-01-2021,CAMP00003,28-09-2025,06-10-2025,239365,16478,1000.39,1902.24,C009,TP2436
CMP02,2,CMP02_email,0,191,9.16,Email,60 days,Google Ads,New York,German,02-01-2021,CAMP00002,15-12-2025,24-12-2025,200340,15841,3964.9,11740.15,C009,TP368
CMP10,10,CMP10_email,1,14,7.5,Email,15 days,Instagram,Los Angeles,English,10-01-2021,CAMP00010,03-08-2025,16-08-2025,195376,2474,1142.07,2323.19,C009,TP2174
CMP09,9,CMP09_social_media,4,181,7.52,Social Media,15 days,Facebook,Chicago,German,09-01-2021,CAMP00009,02-05-2025,08-05-2025,209438,2474,2385.72,2800.53,C009,TP133
CMP03,3,CMP03_influencer,10,7,9.77,Influencer,30 days,YouTube,Los Angeles,French,03-01-2021,CAMP00003,28-09-2025,06-10-2025,239365,16478,1000.39,1902.24,C009,TP2521
CMP19,19,CMP19_social_media,7,14,3.03,Social Media,60 days,Google Ads,New York,French,19-01-2021,CAMP00019,15-09-2025,24-09-2025,260948,21678,4608.11,7497.56,C010,TP984
CMP07,7,CMP07_email,3,93,6.14,Email,60 days,Website,Los Angeles,Spanish,07-01-2021,CAMP00007,21-01-2025,05-02-2025,174231,2160,1999.53,3306.37,C010,TP1357
CMP02,2,CMP02_email,0,111,7.61,Email,60 days,Google Ads,New York,German,02-01-2021,CAMP00002,15-12-2025,24-12-2025,200340,15841,3964.9,11740.15,C010,TP662
CMP15,15,CMP15_display,3,65,9.75,Display,45 days,Website,Chicago,Spanish,15-01-2021,CAMP00015,01-06-2025,06-06-2025,257862,23315,684.67,2001.69,C010,TP1478
CMP06,6,CMP06_display,9,9,0.56,Display,15 days,Instagram,New York,German,06-01-2021,CAMP00006,08-07-2025,21-07-2025,177469,7979,3540.34,3885.94,C011,TP2461
CMP17,17,CMP17_display,4,114,9.48,Display,45 days,Website,Houston,English,17-01-2021,CAMP00017,30-05-2025,14-06-2025,12103,168,4112.15,11010.78,C011,TP1865
CMP10,10,CMP10_email,7,124,9.79,Email,15 days,Instagram,Los Angeles,English,10-01-2021,CAMP00010,03-08-2025,16-08-2025,195376,2474,1142.07,2323.19,C011,TP1756
CMP13,13,CMP13_social_media,4,85,5.94,Social Media,60 days,Facebook,Chicago,Mandarin,13-01-2021,CAMP00013,10-04-2025,15-04-2025,194692,11436,973.85,2310.62,C011,TP1514
CMP16,16,CMP16_social_media,0,146,4.53,Social Media,60 days,YouTube,New York,German,16-01-2021,CAMP00016,11-05-2025,24-05-2025,159957,8149,4229.14,8648.05,C011,TP2099
CMP10,10,CMP10_email,10,9,2.69,Email,15 days,Instagram,Los Angeles,English,10-01-2021,CAMP00010,03-08-2025,16-08-2025,195376,2474,1142.07,2323.19,C012,TP2558
CMP15,15,CMP15_display,1,83,0.57,Display,45 days,Website,Chicago,Spanish,15-01-2021,CAMP00015,01-06-2025,06-06-2025,257862,23315,684.67,2001.69,C012,TP710
CMP14,14,CMP14_email,7,20,9.34,Email,45 days,Instagram,New York,German,14-01-2021,CAMP00014,26-12-2025,31-12-2025,207001,14356,2479.11,2827.93,C012,TP2396
CMP03,3,CMP03_influencer,9,30,0.94,Influencer,30 days,YouTube,Los Angeles,French,03-01-2021,CAMP00003,28-09-2025,06-10-2025,239365,16478,1000.39,1902.24,C012,TP937
CMP17,17,CMP17_display,2,40,7.35,Display,45 days,Website,Houston,English,17-01-2021,CAMP00017,30-05-2025,14-06-2025,12103,168,4112.15,11010.78,C012,TP2560
CMP14,14,CMP14_email,5,28,2.54,Email,45 days,Instagram,New York,German,14-01-2021,CAMP00014,26-12-2025,31-12-2025,207001,14356,2479.11,2827.93,C012,TP1920
CMP15,15,CMP15_display,2,23,3.48,Display,45 days,Website,Chicago,Spanish,15-01-2021,CAMP00015,01-06-2025,06-06-2025,257862,23315,684.67,2001.69,C012,TP2307
CMP17,17,CMP17_display,9,94,6.77,Display,45 days,Website,Houston,English,17-01-2021,CAMP00017,30-05-2025,14-06-2025,12103,168,4112.15,11010.78,C012,TP2263
CMP16,16,CMP16_social_media,2,178,2.94,Social Media,60 days,YouTube,New York,German,16-01-2021,CAMP00016,11-05-2025,24-05-2025,159957,8149,4229.14,8648.05,C012,TP1933
CMP07,7,CMP07_email,10,195,5.37,Email,60 days,Website,Los Angeles,Spanish,07-01-2021,CAMP00007,21-01-2025,05-02-2025,174231,2160,1999.53,3306.37,C012,TP1168
CMP02,2,CMP02_email,2,117,4.99,Email,60 days,Google Ads,New York,German,02-01-2021,CAMP00002,15-12-2025,24-12-2025,200340,15841,3964.9,11740.15,C013,TP522
CMP10,10,CMP10_email,3,125,2.8,Email,15 days,Instagram,Los Angeles,English,10-01-2021,CAMP00010,03-08-2025,16-08-2025,195376,2474,1142.07,2323.19,C013,TP764
CMP15,15,CMP15_display,2,128,8.46,Display,45 days,Website,Chicago,Spanish,15-01-2021,CAMP00015,01-06-2025,06-06-2025,257862,23315,684.67,2001.69,C013,TP2267
CMP13,13,CMP13_social_media,6,98,7.84,Social Media,60 days,Facebook,Chicago,Mandarin,13-01-2021,CAMP00013,10-04-2025,15-04-2025,194692,11436,973.85,2310.62,C013,TP1363
CMP15,15,CMP15_display,7,160,6.41,Display,45 days,Website,Chicago,Spanish,15-01-2021,CAMP00015,01-06-2025,06-06-2025,257862,23315,684.67,2001.69,C013,TP207
CMP04,4,CMP04_display,8,40,3.81,Display,60 days,YouTube,Miami,Mandarin,04-01-2021,CAMP00004,17-04-2025,30-04-2025,156382,2672,1252.63,2209.74,C013,TP1246
CMP15,15,CMP15_display,9,61,6.45,Display,45 days,Website,Chicago,Spanish,15-01-2021,CAMP00015,01-06-2025,06-06-2025,257862,23315,684.67,2001.69,C014,TP1213
CMP05,5,CMP05_email,3,62,8.28,Email,15 days,YouTube,Los Angeles,Mandarin,05-01-2021,CAMP00005,13-03-2025,22-03-2025,285472,4155,4935.48,14111.31,C014,TP1790
CMP18,18,CMP18_influencer,4,158,8.0,Influencer,15 days,Instagram,Miami,French,18-01-2021,CAMP00018,05-11-2025,17-11-2025,281690,22173,3399.93,5565.65,C014,TP067
CMP06,6,CMP06_display,0,15,1.77,Display,15 days,Instagram,New York,German,06-01-2021,CAMP00006,08-07-2025,21-07-2025,177469,7979,3540.34,3885.94,C014,TP925
CMP19,19,CMP19_social_media,7,169,9.51,Social Media,60 days,Google Ads,New York,French,19-01-2021,CAMP00019,15-09-2025,24-09-2025,260948,21678,4608.11,7497.56,C014,TP1428
CMP17,17,CMP17_display,7,158,1.89,Display,45 days,Website,Houston,English,17-01-2021,CAMP00017,30-05-2025,14-06-2025,12103,168,4112.15,11010.78,C014,TP1993
CMP03,3,CMP03_influencer,8,81,2.93,Influencer,30 days,YouTube,Los Angeles,French,03-01-2021,CAMP00003,28-09-2025,06-10-2025,239365,16478,1000.39,1902.24,C014,TP1204
CMP11,11,CMP11_display,8,16,2.93,Display,45 days,Email,New York,Spanish,11-01-2021,CAMP00011,27-11-2025,04-12-2025,53998,1343,2491.07,4360.88,C014,TP2555
CMP02,2,CMP02_email,6,155,1.51,Email,60 days,Google Ads,New York,German,02-01-2021,CAMP00002,15-12-2025,24-12-2025,200340,15841,3964.9,11740.15,C015,TP2010
CMP11,11,CMP11_display,8,131,6.26,Display,45 days,Email,New York,Spanish,11-01-2021,CAMP00011,27-11-2025,04-12-2025,53998,1343,2491.07,4360.88,C015,TP2426
CMP04,4,CMP04_display,3,63,4.94,Display,60 days,YouTube,Miami,Mandarin,04-01-2021,CAMP00004,17-04-2025,30-04-2025,156382,2672,1252.63,2209.74,C015,TP1458
CMP02,2,CMP02_email,0,67,7.61,Email,60 days,Google Ads,New York,German,02-01-2021,CAMP00002,15-12-2025,24-12-2025,200340,15841,3964.9,11740.15,C015,TP128
CMP01,1,CMP01_email,7,119,0.51,Email,30 days,Google Ads,Chicago,Spanish,01-01-2021,CAMP00001,13-04-2025,19-04-2025,293520,23335,1052.39,2236.02,C015,TP2388
CMP02,2,CMP02_email,1,198,4.23,Email,60 days,Google Ads,New York,German,02-01-2021,CAMP00002,15-12-2025,24-12-2025,200340,15841,3964.9,11740.15,C015,TP185
CMP19,19,CMP19_social_media,2,153,3.45,Social Media,60 days,Google Ads,New York,French,19-01-2021,CAMP00019,15-09-2025,24-09-2025,260948,21678,4608.11,7497.56,C015,TP1229
CMP09,9,CMP09_social_media,6,198,0.93,Social Media,15 days,Facebook,Chicago,German,09-01-2021,CAMP00009,02-05-2025,08-05-2025,209438,2474,2385.72,2800.53,C015,TP1493
CMP10,10,CMP10_email,2,165,8.58,Email,15 days,Instagram,Los Angeles,English,10-01-2021,CAMP00010,03-08-2025,16-08-2025,195376,2474,1142.07,2323.19,C016,TP678
CMP03,3,CMP03_influencer,6,147,6.59,Influencer,30 days,YouTube,Los Angeles,French,03-01-2021,CAMP00003,28-09-2025,06-10-2025,239365,16478,1000.39,1902.24,C016,TP2020
CMP17,17,CMP17_display,7,147,3.14,Display,45 days,Website,Houston,English,17-01-2021,CAMP00017,30-05-2025,14-06-2025,12103,168,4112.15,11010.78,C016,TP1961
CMP03,3,CMP03_influencer,2,149,6.09,Influencer,30 days,YouTube,Los Angeles,French,03-01-2021,CAMP00003,28-09-2025,06-10-2025,239365,16478,1000.39,1902.24,C017,TP454
CMP03,3,CMP03_influencer,8,133,4.25,Influencer,30 days,YouTube,Los Angeles,French,03-01-2021,CAMP00003,28-09-2025,06-10-2025,239365,16478,1000.39,1902.24,C017,TP1901
CMP13,13,CMP13_social_media,9,108,1.16,Social Media,60 days,Facebook,Chicago,Mandarin,13-01-2021,CAMP00013,10-04-2025,15-04-2025,194692,11436,973.85,2310.62,C017,TP2306
CMP16,16,CMP16_social_media,10,101,8.0,Social Media,60 days,YouTube,New York,German,16-01-2021,CAMP00016,11-05-2025,24-05-2025,159957,8149,4229.14,8648.05,C017,TP2272
CMP01,1,CMP01_email,7,92,7.98,Email,30 days,Google Ads,Chicago,Spanish,01-01-2021,CAMP00001,13-04-2025,19-04-2025,293520,23335,1052.39,2236.02,C017,TP1927
CMP05,5,CMP05_email,5,17,9.22,Email,15 days,YouTube,Los Angeles,Mandarin,05-01-2021,CAMP00005,13-03-2025,22-03-2025,285472,4155,4935.48,14111.31,C017,TP1820
CMP12,12,CMP12_influencer,1,140,9.36,Influencer,60 days,Google Ads,Los Angeles,Mandarin,12-01-2021,CAMP00012,29-03-2025,06-04-2025,107304,7128,3882.92,7276.43,C017,TP1603
CMP17,17,CMP17_display,4,110,1.88,Display,45 days,Website,Houston,English,17-01-2021,CAMP00017,30-05-2025,14-06-2025,12103,168,4112.15,11010.78,C018,TP1662
CMP05,5,CMP05_email,10,56,3.29,Email,15 days,YouTube,Los Angeles,Mandarin,05-01-2021,CAMP00005,13-03-2025,22-03-2025,285472,4155,4935.48,14111.31,C018,TP485
CMP18,18,CMP18_influencer,1,50,4.54,Influencer,15 days,Instagram,Miami,French,18-01-2021,CAMP00018,05-11-2025,17-11-2025,281690,22173,3399.93,5565.65,C019,TP779
CMP04,4,CMP04_display,4,39,5.29,Display,60 days,YouTube,Miami,Mandarin,04-01-2021,CAMP00004,17-04-2025,30-04-2025,156382,2672,1252.63,2209.74,C019,TP872
CMP01,1,CMP01_email,9,75,8.65,Email,30 days,Google Ads,Chicago,Spanish,01-01-2021,CAMP00001,13-04-2025,19-04-2025,293520,23335,1052.39,2236.02,C019,TP1661
CMP17,17,CMP17_display,10,18,4.89,Display,45 days,Website,Houston,English,17-01-2021,CAMP00017,30-05-2025,14-06-2025,12103,168,4112.15,11010.78,C020,TP1763
CMP04,4,CMP04_display,4,74,3.53,Display,60 days,YouTube,Miami,Mandarin,04-01-2021,CAMP00004,17-04-2025,30-04-2025,156382,2672,1252.63,2209.74,C020,TP2615
CMP18,18,CMP18_influencer,8,103,5.93,Influencer,15 days,Instagram,Miami,French,18-01-2021,CAMP00018,05-11-2025,17-11-2025,281690,22173,3399.93,5565.65,C020,TP2135
CMP01,1,CMP01_email,10,52,1.25,Email,30 days,Google Ads,Chicago,Spanish,01-01-2021,CAMP00001,13-04-2025,19-04-2025,293520,23335,1052.39,2236.02,C020,TP919
CMP13,13,CMP13_social_media,7,64,2.92,Social Media,60 days,Facebook,Chicago,Mandarin,13-01-2021,CAMP00013,10-04-2025,15-04-2025,194692,11436,973.85,2310.62,C020,TP528
CMP12,12,CMP12_influencer,5,48,0.9,Influencer,60 days,Google Ads,Los Angeles,Mandarin,12-01-2021,CAMP00012,29-03-2025,06-04-2025,107304,7128,3882.92,7276.43,C020,TP1338
CMP03,3,CMP03_influencer,1,187,2.33,Influencer,30 days,YouTube,Los Angeles,French,03-01-2021,CAMP00003,28-09-2025,06-10-2025,239365,16478,1000.39,1902.24,C021,TP2373
CMP17,17,CMP17_display,9,133,4.39,Display,45 days,Website,Houston,English,17-01-2021,CAMP00017,30-05-2025,14-06-2025,12103,168,4112.15,11010.78,C021,TP060
CMP03,3,CMP03_influencer,1,179,5.02,Influencer,30 days,YouTube,Los Angeles,French,03-01-2021,CAMP00003,28-09-2025,06-10-2025,239365,16478,1000.39,1902.24,C021,TP008
CMP02,2,CMP02_email,8,184,5.81,Email,60 days,Google Ads,New York,German,02-01-2021,CAMP00002,15-12-2025,24-12-2025,200340,15841,3964.9,11740.15,C022,TP427
CMP05,5,CMP05_email,10,84,0.82,Email,15 days,YouTube,Los Angeles,Mandarin,05-01-2021,CAMP00005,13-03-2025,22-03-2025,285472,4155,4935.48,14111.31,C022,TP2547
CMP17,17,CMP17_display,4,161,2.01,Display,45 days,Website,Houston,English,17-01-2021,CAMP00017,30-05-2025,14-06-2025,12103,168,4112.15,11010.78,C022,TP1162
CMP12,12,CMP12_influencer,10,180,9.0,Influencer,60 days,Google Ads,Los Angeles,Mandarin,12-01-2021,CAMP00012,29-03-2025,06-04-2025,107304,7128,3882.92,7276.43,C022,TP035
CMP08,8,CMP08_search,2,95,3.48,Search,45 days,Google Ads,Los Angeles,Mandarin,08-01-2021,CAMP00008,13-04-2025,26-04-2025,234598,21435,3793.91,7159.09,C022,TP2313
CMP02,2,CMP02_email,7,60,3.48,Email,60 days,Google Ads,New York,German,02-01-2021,CAMP00002,15-12-2025,24-12-2025,200340,15841,3964.9,11740.15,C022,TP2363
CMP15,15,CMP15_display,10,136,7.58,Display,45 days,Website,Chicago,Spanish,15-01-2021,CAMP00015,01-06-2025,06-06-2025,257862,23315,684.67,2001.69,C023,TP1521
CMP09,9,CMP09_social_media,6,118,6.42,Social Media,15 days,Facebook,Chicago,German,09-01-2021,CAMP00009,02-05-2025,08-05-2025,209438,2474,2385.72,2800.53,C023,TP1026
CMP15,15,CMP15_display,8,180,4.53,Display,45 days,Website,Chicago,Spanish,15-01-2021,CAMP00015,01-06-2025,06-06-2025,257862,23315,684.67,2001.69,C023,TP2248
CMP14,14,CMP14_email,0,109,6.11,Email,45 days,Instagram,New York,German,14-01-2021,CAMP00014,26-12-2025,31-12-2025,207001,14356,2479.11,2827.93,C023,TP660
CMP02,2,CMP02_email,10,83,6.5,Email,60 days,Google Ads,New York,German,02-01-2021,CAMP00002,15-12-2025,24-12-2025,200340,15841,3964.9,11740.15,C023,TP1434
CMP16,16,CMP16_social_media,7,88,9.07,Social Media,60 days,YouTube,New York,German,16-01-2021,CAMP00016,11-05-2025,24-05-2025,159957,8149,4229.14,8648.05,C024,TP2420
CMP19,19,CMP19_social_media,3,82,0.63,Social Media,60 days,Google Ads,New York,French,19-01-2021,CAMP00019,15-09-2025,24-09-2025,260948,21678,4608.11,7497.56,C024,TP2608
CMP06,6,CMP06_display,10,79,2.26,Display,15 days,Instagram,New York,German,06-01-2021,CAMP00006,08-07-2025,21-07-2025,177469,7979,3540.34,3885.94,C025,TP1244
CMP07,7,CMP07_email,0,60,2.96,Email,60 days,Website,Los Angeles,Spanish,07-01-2021,CAMP00007,21-01-2025,05-02-2025,174231,2160,1999.53,3306.37,C025,TP1612
CMP19,19,CMP19_social_media,7,190,2.01,Social Media,60 days,Google Ads,New York,French,19-01-2021,CAMP00019,15-09-2025,24-09-2025,260948,21678,4608.11,7497.56,C025,TP801
CMP01,1,CMP01_email,6,30,2.98,Email,30 days,Google Ads,Chicago,Spanish,01-01-2021,CAMP00001,13-04-2025,19-04-2025,293520,23335,1052.39,2236.02,C025,TP1908
CMP13,13,CMP13_social_media,10,16,8.86,Social Media,60 days,Facebook,Chicago,Mandarin,13-01-2021,CAMP00013,10-04-2025,15-04-2025,194692,11436,973.85,2310.62,C025,TP2562
CMP17,17,CMP17_display,6,84,2.13,Display,45 days,Website,Houston,English,17-01-2021,CAMP00017,30-05-2025,14-06-2025,12103,168,4112.15,11010.78,C025,TP1593
CMP07,7,CMP07_email,3,182,1.2,Email,60 days,Website,Los Angeles,Spanish,07-01-2021,CAMP00007,21-01-2025,05-02-2025,174231,2160,1999.53,3306.37,C025,TP2177
CMP05,5,CMP05_email,6,167,2.15,Email,15 days,YouTube,Los Angeles,Mandarin,05-01-2021,CAMP00005,13-03-2025,22-03-2025,285472,4155,4935.48,14111.31,C025,TP1948
CMP13,13,CMP13_social_media,1,66,0.62,Social Media,60 days,Facebook,Chicago,Mandarin,13-01-2021,CAMP00013,10-04-2025,15-04-2025,194692,11436,973.85,2310.62,C025,TP1248
CMP01,1,CMP01_email,0,122,4.62,Email,30 days,Google Ads,Chicago,Spanish,01-01-2021,CAMP00001,13-04-2025,19-04-2025,293520,23335,1052.39,2236.02,C026,TP517
CMP18,18,CMP18_influencer,5,24,2.89,Influencer,15 days,Instagram,Miami,French,18-01-2021,CAMP00018,05-11-2025,17-11-2025,281690,22173,3399.93,5565.65,C026,TP1957
CMP03,3,CMP03_influencer,2,186,8.97,Influencer,30 days,YouTube,Los Angeles,French,03-01-2021,CAMP00003,28-09-2025,06-10-2025,239365,16478,1000.39,1902.24,C026,TP2341
CMP11,11,CMP11_display,6,133,7.89,Display,45 days,Email,New York,Spanish,11-01-2021,CAMP00011,27-11-2025,04-12-2025,53998,1343,2491.07,4360.88,C026,TP1326
CMP09,9,CMP09_social_media,7,180,9.2,Social Media,15 days,Facebook,Chicago,German,09-01-2021,CAMP00009,02-05-2025,08-05-2025,209438,2474,2385.72,2800.53,C026,TP1191
CMP06,6,CMP06_display,8,145,2.04,Display,15 days,Instagram,New York,German,06-01-2021,CAMP00006,08-07-2025,21-07-2025,177469,7979,3540.34,3885.94,C027,TP2411
CMP08,8,CMP08_search,5,9,2.65,Search,45 days,Google Ads,Los Angeles,Mandarin,08-01-2021,CAMP00008,13-04-2025,26-04-2025,234598,21435,3793.91,7159.09,C027,TP2401
CMP18,18,CMP18_influencer,3,113,2.69,Influencer,15 days,Instagram,Miami,French,18-01-2021,CAMP00018,05-11-2025,17-11-2025,281690,22173,3399.93,5565.65,C027,TP437
CMP17,17,CMP17_display,8,40,7.1,Display,45 days,Website,Houston,English,17-01-2021,CAMP00017,30-05-2025,14-06-2025,12103,168,4112.15,11010.78,C027,TP1831
CMP12,12,CMP12_influencer,2,93,8.87,Influencer,60 days,Google Ads,Los Angeles,Mandarin,12-01-2021,CAMP00012,29-03-2025,06-04-2025,107304,7128,3882.92,7276.43,C027,TP2365
CMP16,16,CMP16_social_media,8,28,0.52,Social Media,60 days,YouTube,New York,German,16-01-2021,CAMP00016,11-05-2025,24-05-2025,159957,8149,4229.14,8648.05,C028,TP956
CMP19,19,CMP19_social_media,5,110,6.24,Social Media,60 days,Google Ads,New York,French,19-01-2021,CAMP00019,15-09-2025,24-09-2025,260948,21678,4608.11,7497.56,C028,TP152
CMP09,9,CMP09_social_media,5,100,1.97,Social Media,15 days,Facebook,Chicago,German,09-01-2021,CAMP00009,02-05-2025,08-05-2025,209438,2474,2385.72,2800.53,C028,TP1206
CMP15,15,CMP15_display,0,44,1.25,Display,45 days,Website,Chicago,Spanish,15-01-2021,CAMP00015,01-06-2025,06-06-2025,257862,23315,684.67,2001.69,C028,TP1234
CMP04,4,CMP04_display,1,85,7.35,Display,60 days,YouTube,Miami,Mandarin,04-01-2021,CAMP00004,17-04-2025,30-04-2025,156382,2672,1252.63,2209.74,C028,TP221
CMP04,4,CMP04_display,3,182,8.89,Display,60 days,YouTube,Miami,Mandarin,04-01-2021,CAMP00004,17-04-2025,30-04-2025,156382,2672,1252.63,2209.74,C029,TP1861
CMP07,7,CMP07_email,3,12,4.63,Email,60 days,Website,Los Angeles,Spanish,07-01-2021,CAMP00007,21-01-2025,05-02-2025,174231,2160,1999.53,3306.37,C029,TP2330
CMP12,12,CMP12_influencer,1,94,1.81,Influencer,60 days,Google Ads,Los Angeles,Mandarin,12-01-2021,CAMP00012,29-03-2025,06-04-2025,107304,7128,3882.92,7276.43,C029,TP2167
CMP04,4,CMP04_display,10,127,8.52,Display,60 days,YouTube,Miami,Mandarin,04-01-2021,CAMP00004,17-04-2025,30-04-2025,156382,2672,1252.63,2209.74,C029,TP2042
CMP04,4,CMP04_display,0,193,5.11,Display,60 days,YouTube,Miami,Mandarin,04-01-2021,CAMP00004,17-04-2025,30-04-2025,156382,2672,1252.63,2209.74,C029,TP1555
CMP11,11,CMP11_display,1,61,8.49,Display,45 days,Email,New York,Spanish,11-01-2021,CAMP00011,27-11-2025,04-12-2025,53998,1343,2491.07,4360.88,C029,TP205
CMP15,15,CMP15_display,8,174,5.83,Display,45 days,Website,Chicago,Spanish,15-01-2021,CAMP00015,01-06-2025,06-06-2025,257862,23315,684.67,2001.69,C029,TP846
CMP10,10,CMP10_email,3,185,7.69,Email,15 days,Instagram,Los Angeles,English,10-01-2021,CAMP00010,03-08-2025,16-08-2025,195376,2474,1142.07,2323.19,C029,TP1805
CMP17,17,CMP17_display,3,139,0.8,Display,45 days,Website,Houston,English,17-01-2021,CAMP00017,30-05-2025,14-06-2025,12103,168,4112.15,11010.78,C030,TP1103
CMP16,16,CMP16_social_media,9,197,8.09,Social Media,60 days,YouTube,New York,German,16-01-2021,CAMP00016,11-05-2025,24-05-2025,159957,8149,4229.14,8648.05,C031,TP2247
CMP03,3,CMP03_influencer,3,107,2.86,Influencer,30 days,YouTube,Los Angeles,French,03-01-2021,CAMP00003,28-09-2025,06-10-2025,239365,16478,1000.39,1902.24,C031,TP1301
CMP10,10,CMP10_email,10,130,9.67,Email,15 days,Instagram,Los Angeles,English,10-01-2021,CAMP00010,03-08-2025,16-08-2025,195376,2474,1142.07,2323.19,C032,TP2460
CMP19,19,CMP19_social_media,0,189,3.06,Social Media,60 days,Google Ads,New York,French,19-01-2021,CAMP00019,15-09-2025,24-09-2025,260948,21678,4608.11,7497.56,C032,TP1652
CMP01,1,CMP01_email,3,161,2.38,Email,30 days,Google Ads,Chicago,Spanish,01-01-2021,CAMP00001,13-04-2025,19-04-2025,293520,23335,1052.39,2236.02,C033,TP158
CMP03,3,CMP03_influencer,2,73,2.19,Influencer,30 days,YouTube,Los Angeles,French,03-01-2021,CAMP00003,28-09-2025,06-10-2025,239365,16478,1000.39,1902.24,C033,TP2332
CMP16,16,CMP16_social_media,10,153,2.42,Social Media,60 days,YouTube,New York,German,16-01-2021,CAMP00016,11-05-2025,24-05-2025,159957,8149,4229.14,8648.05,C033,TP420
CMP19,19,CMP19_social_media,7,167,3.15,Social Media,60 days,Google Ads,New York,French,19-01-2021,CAMP00019,15-09-2025,24-09-2025,260948,21678,4608.11,7497.56,C033,TP694
CMP01,1,CMP01_email,3,79,5.02,Email,30 days,Google Ads,Chicago,Spanish,01-01-2021,CAMP00001,13-04-2025,19-04-2025,293520,23335,1052.39,2236.02,C034,TP2029
CMP03,3,CMP03_influencer,2,155,3.5,Influencer,30 days,YouTube,Los Angeles,French,03-01-2021,CAMP00003,28-09-2025,06-10-2025,239365,16478,1000.39,1902.24,C034,TP1819
CMP10,10,CMP10_email,4,153,7.03,Email,15 days,Instagram,Los Angeles,English,10-01-2021,CAMP00010,03-08-2025,16-08-2025,195376,2474,1142.07,2323.19,C034,TP1171
CMP09,9,CMP09_social_media,5,12,6.75,Social Media,15 days,Facebook,Chicago,German,09-01-2021,CAMP00009,02-05-2025,08-05-2025,209438,2474,2385.72,2800.53,C034,TP1048
CMP18,18,CMP18_influencer,8,82,3.89,Influencer,15 days,Instagram,Miami,French,18-01-2021,CAMP00018,05-11-2025,17-11-2025,281690,22173,3399.93,5565.65,C034,TP1259
CMP19,19,CMP19_social_media,9,38,3.34,Social Media,60 days,Google Ads,New York,French,19-01-2021,CAMP00019,15-09-2025,24-09-2025,260948,21678,4608.11,7497.56,C034,TP1119
CMP11,11,CMP11_display,5,130,8.84,Display,45 days,Email,New York,Spanish,11-01-2021,CAMP00011,27-11-2025,04-12-2025,53998,1343,2491.07,4360.88,C035,TP169
CMP10,10,CMP10_email,1,29,6.24,Email,15 days,Instagram,Los Angeles,English,10-01-2021,CAMP00010,03-08-2025,16-08-2025,195376,2474,1142.07,2323.19,C035,TP2593
CMP07,7,CMP07_email,2,198,1.25,Email,60 days,Website,Los Angeles,Spanish,07-01-2021,CAMP00007,21-01-2025,05-02-2025,174231,2160,1999.53,3306.37,C035,TP1394
CMP16,16,CMP16_social_media,9,179,7.59,Social Media,60 days,YouTube,New York,German,16-01-2021,CAMP00016,11-05-2025,24-05-2025,159957,8149,4229.14,8648.05,C035,TP717
CMP14,14,CMP14_email,5,38,5.03,Email,45 days,Instagram,New York,German,14-01-2021,CAMP00014,26-12-2025,31-12-2025,207001,14356,2479.11,2827.93,C035,TP974
CMP09,9,CMP09_social_media,9,109,9.87,Social Media,15 days,Facebook,Chicago,German,09-01-2021,CAMP00009,02-05-2025,08-05-2025,209438,2474,2385.72,2800.53,C035,TP451
CMP12,12,CMP12_influencer,3,49,5.93,Influencer,60 days,Google Ads,Los Angeles,Mandarin,12-01-2021,CAMP00012,29-03-2025,06-04-2025,107304,7128,3882.92,7276.43,C035,TP081
CMP08,8,CMP08_search,9,59,6.3,Search,45 days,Google Ads,Los Angeles,Mandarin,08-01-2021,CAMP00008,13-04-2025,26-04-2025,234598,21435,3793.91,7159.09,C036,TP1747
CMP15,15,CMP15_display,1,47,1.61,Display,45 days,Website,Chicago,Spanish,15-01-2021,CAMP00015,01-06-2025,06-06-2025,257862,23315,684.67,2001.69,C036,TP526
CMP04,4,CMP04_display,8,121,9.28,Display,60 days,YouTube,Miami,Mandarin,04-01-2021,CAMP00004,17-04-2025,30-04-2025,156382,2672,1252.63,2209.74,C036,TP1883
CMP02,2,CMP02_email,0,174,8.22,Email,60 days,Google Ads,New York,German,02-01-2021,CAMP00002,15-12-2025,24-12-2025,200340,15841,3964.9,11740.15,C036,TP1304
CMP04,4,CMP04_display,7,53,2.58,Display,60 days,YouTube,Miami,Mandarin,04-01-2021,CAMP00004,17-04-2025,30-04-2025,156382,2672,1252.63,2209.74,C036,TP751
CMP19,19,CMP19_social_media,3,77,2.93,Social Media,60 days,Google Ads,New York,French,19-01-2021,CAMP00019,15-09-2025,24-09-2025,260948,21678,4608.11,7497.56,C036,TP206
CMP06,6,CMP06_display,1,191,1.21,Display,15 days,Instagram,New York,German,06-01-2021,CAMP00006,08-07-2025,21-07-2025,177469,7979,3540.34,3885.94,C037,TP2295
CMP12,12,CMP12_influencer,10,69,3.02,Influencer,60 days,Google Ads,Los Angeles,Mandarin,12-01-2021,CAMP00012,29-03-2025,06-04-2025,107304,7128,3882.92,7276.43,C037,TP366
CMP14,14,CMP14_email,4,114,6.65,Email,45 days,Instagram,New York,German,14-01-2021,CAMP00014,26-12-2025,31-12-2025,207001,14356,2479.11,2827.93,C037,TP760
CMP09,9,CMP09_social_media,0,184,4.68,Social Media,15 days,Facebook,Chicago,German,09-01-2021,CAMP00009,02-05-2025,08-05-2025,209438,2474,2385.72,2800.53,C037,TP2584
CMP08,8,CMP08_search,10,121,0.56,Search,45 days,Google Ads,Los Angeles,Mandarin,08-01-2021,CAMP00008,13-04-2025,26-04-2025,234598,21435,3793.91,7159.09,C037,TP465
CMP03,3,CMP03_influencer,5,178,8.0,Influencer,30 days,YouTube,Los Angeles,French,03-01-2021,CAMP00003,28-09-2025,06-10-2025,239365,16478,1000.39,1902.24,C037,TP2193
CMP04,4,CMP04_display,3,20,9.47,Display,60 days,YouTube,Miami,Mandarin,04-01-2021,CAMP00004,17-04-2025,30-04-2025,156382,2672,1252.63,2209.74,C038,TP430
CMP16,16,CMP16_social_media,6,42,1.51,Social Media,60 days,YouTube,New York,German,16-01-2021,CAMP00016,11-05-2025,24-05-2025,159957,8149,4229.14,8648.05,C038,TP1376
CMP03,3,CMP03_influencer,3,191,5.68,Influencer,30 days,YouTube,Los Angeles,French,03-01-2021,CAMP00003,28-09-2025,06-10-2025,239365,16478,1000.39,1902.24,C038,TP2185
CMP08,8,CMP08_search,10,30,6.3,Search,45 days,Google Ads,Los Angeles,Mandarin,08-01-2021,CAMP00008,13-04-2025,26-04-2025,234598,21435,3793.91,7159.09,C038,TP1467
CMP11,11,CMP11_display,0,136,2.07,Display,45 days,Email,New York,Spanish,11-01-2021,CAMP00011,27-11-2025,04-12-2025,53998,1343,2491.07,4360.88,C038,TP1518
CMP11,11,CMP11_display,9,70,7.35,Display,45 days,Email,New York,Spanish,11-01-2021,CAMP00011,27-11-2025,04-12-2025,53998,1343,2491.07,4360.88,C038,TP1346
CMP05,5,CMP05_email,7,27,9.32,Email,15 days,YouTube,Los Angeles,Mandarin,05-01-2021,CAMP00005,13-03-2025,22-03-2025,285472,4155,4935.48,14111.31,C039,TP873
CMP13,13,CMP13_social_media,6,113,1.81,Social Media,60 days,Facebook,Chicago,Mandarin,13-01-2021,CAMP00013,10-04-2025,15-04-2025,194692,11436,973.85,2310.62,C039,TP2255
CMP13,13,CMP13_social_media,2,102,1.68,Social Media,60 days,Facebook,Chicago,Mandarin,13-01-2021,CAMP00013,10-04-2025,15-04-2025,194692,11436,973.85,2310.62,C039,TP654
CMP01,1,CMP01_email,1,133,6.36,Email,30 days,Google Ads,Chicago,Spanish,01-01-2021,CAMP00001,13-04-2025,19-04-2025,293520,23335,1052.39,2236.02,C039,TP810
CMP17,17,CMP17_display,6,76,3.38,Display,45 days,Website,Houston,English,17-01-2021,CAMP00017,30-05-2025,14-06-2025,12103,168,4112.15,11010.78,C039,TP1236
CMP09,9,CMP09_social_media,9,73,7.06,Social Media,15 days,Facebook,Chicago,German,09-01-2021,CAMP00009,02-05-2025,08-05-2025,209438,2474,2385.72,2800.53,C039,TP513
CMP07,7,CMP07_email,10,46,6.2,Email,60 days,Website,Los Angeles,Spanish,07-01-2021,CAMP00007,21-01-2025,05-02-2025,174231,2160,1999.53,3306.37,C039,TP1448
CMP04,4,CMP04_display,6,31,7.5,Display,60 days,YouTube,Miami,Mandarin,04-01-2021,CAMP00004,17-04-2025,30-04-2025,156382,2672,1252.63,2209.74,C039,TP339
CMP19,19,CMP19_social_media,3,88,3.61,Social Media,60 days,Google Ads,New York,French,19-01-2021,CAMP00019,15-09-2025,24-09-2025,260948,21678,4608.11,7497.56,C039,TP2040
CMP08,8,CMP08_search,4,48,5.35,Search,45 days,Google Ads,Los Angeles,Mandarin,08-01-2021,CAMP00008,13-04-2025,26-04-2025,234598,21435,3793.91,7159.09,C039,TP2351
CMP16,16,CMP16_social_media,6,80,1.25,Social Media,60 days,YouTube,New York,German,16-01-2021,CAMP00016,11-05-2025,24-05-2025,159957,8149,4229.14,8648.05,C039,TP2009
CMP17,17,CMP17_display,8,42,6.53,Display,45 days,Website,Houston,English,17-01-2021,CAMP00017,30-05-2025,14-06-2025,12103,168,4112.15,11010.78,C039,TP1909
CMP17,17,CMP17_display,8,16,6.14,Display,45 days,Website,Houston,English,17-01-2021,CAMP00017,30-05-2025,14-06-2025,12103,168,4112.15,11010.78,C039,TP1052
CMP19,19,CMP19_social_media,9,48,0.82,Social Media,60 days,Google Ads,New York,French,19-01-2021,CAMP00019,15-09-2025,24-09-2025,260948,21678,4608.11,7497.56,C040,TP2213
CMP11,11,CMP11_display,2,39,9.9,Display,45 days,Email,New York,Spanish,11-01-2021,CAMP00011,27-11-2025,04-12-2025,53998,1343,2491.07,4360.88,C040,TP2211
CMP19,19,CMP19_social_media,5,167,6.43,Social Media,60 days,Google Ads,New York,French,19-01-2021,CAMP00019,15-09-2025,24-09-2025,260948,21678,4608.11,7497.56,C040,TP1792
CMP10,10,CMP10_email,0,39,7.89,Email,15 days,Instagram,Los Angeles,English,10-01-2021,CAMP00010,03-08-2025,16-08-2025,195376,2474,1142.07,2323.19,C040,TP2176
CMP17,17,CMP17_display,8,91,8.8,Display,45 days,Website,Houston,English,17-01-2021,CAMP00017,30-05-2025,14-06-2025,12103,168,4112.15,11010.78,C040,TP2202
CMP13,13,CMP13_social_media,8,148,6.01,Social Media,60 days,Facebook,Chicago,Mandarin,13-01-2021,CAMP00013,10-04-2025,15-04-2025,194692,11436,973.85,2310.62,C040,TP1302
CMP05,5,CMP05_email,9,106,3.63,Email,15 days,YouTube,Los Angeles,Mandarin,05-01-2021,CAMP00005,13-03-2025,22-03-2025,285472,4155,4935.48,14111.31,C041,TP126
CMP08,8,CMP08_search,9,56,2.04,Search,45 days,Google Ads,Los Angeles,Mandarin,08-01-2021,CAMP00008,13-04-2025,26-04-2025,234598,21435,3793.91,7159.09,C041,TP2527
CMP04,4,CMP04_display,9,120,3.45,Display,60 days,YouTube,Miami,Mandarin,04-01-2021,CAMP00004,17-04-2025,30-04-2025,156382,2672,1252.63,2209.74,C041,TP1817
CMP03,3,CMP03_influencer,7,94,7.87,Influencer,30 days,YouTube,Los Angeles,French,03-01-2021,CAMP00003,28-09-2025,06-10-2025,239365,16478,1000.39,1902.24,C041,TP959
CMP10,10,CMP10_email,3,174,2.02,Email,15 days,Instagram,Los Angeles,English,10-01-2021,CAMP00010,03-08-2025,16-08-2025,195376,2474,1142.07,2323.19,C041,TP2472
CMP09,9,CMP09_social_media,8,188,1.19,Social Media,15 days,Facebook,Chicago,German,09-01-2021,CAMP00009,02-05-2025,08-05-2025,209438,2474,2385.72,2800.53,C041,TP151
CMP05,5,CMP05_email,10,23,4.61,Email,15 days,YouTube,Los Angeles,Mandarin,05-01-2021,CAMP00005,13-03-2025,22-03-2025,285472,4155,4935.48,14111.31,C042,TP187
CMP13,13,CMP13_social_media,0,144,4.08,Social Media,60 days,Facebook,Chicago,Mandarin,13-01-2021,CAMP00013,10-04-2025,15-04-2025,194692,11436,973.85,2310.62,C042,TP1907
CMP08,8,CMP08_search,7,117,7.45,Search,45 days,Google Ads,Los Angeles,Mandarin,08-01-2021,CAMP00008,13-04-2025,26-04-2025,234598,21435,3793.91,7159.09,C042,TP1421
CMP11,11,CMP11_display,3,191,6.75,Display,45 days,Email,New York,Spanish,11-01-2021,CAMP00011,27-11-2025,04-12-2025,53998,1343,2491.07,4360.88,C042,TP813
CMP14,14,CMP14_email,2,4,6.77,Email,45 days,Instagram,New York,German,14-01-2021,CAMP00014,26-12-2025,31-12-2025,207001,14356,2479.11,2827.93,C042,TP1815
CMP05,5,CMP05_email,1,130,6.4,Email,15 days,YouTube,Los Angeles,Mandarin,05-01-2021,CAMP00005,13-03-2025,22-03-2025,285472,4155,4935.48,14111.31,C042,TP1266
CMP10,10,CMP10_email,2,60,5.05,Email,15 days,Instagram,Los Angeles,English,10-01-2021,CAMP00010,03-08-2025,16-08-2025,195376,2474,1142.07,2323.19,C042,TP1456
CMP17,17,CMP17_display,1,167,9.65,Display,45 days,Website,Houston,English,17-01-2021,CAMP00017,30-05-2025,14-06-2025,12103,168,4112.15,11010.78,C043,TP706
CMP19,19,CMP19_social_media,10,110,5.22,Social Media,60 days,Google Ads,New York,French,19-01-2021,CAMP00019,15-09-2025,24-09-2025,260948,21678,4608.11,7497.56,C043,TP1126
CMP02,2,CMP02_email,3,3,7.53,Email,60 days,Google Ads,New York,German,02-01-2021,CAMP00002,15-12-2025,24-12-2025,200340,15841,3964.9,11740.15,C044,TP1923
CMP02,2,CMP02_email,7,170,2.0,Email,60 days,Google Ads,New York,German,02-01-2021,CAMP00002,15-12-2025,24-12-2025,200340,15841,3964.9,11740.15,C044,TP223
CMP01,1,CMP01_email,10,156,3.45,Email,30 days,Google Ads,Chicago,Spanish,01-01-2021,CAMP00001,13-04-2025,19-04-2025,293520,23335,1052.39,2236.02,C044,TP707
CMP18,18,CMP18_influencer,7,135,2.25,Influencer,15 days,Instagram,Miami,French,18-01-2021,CAMP00018,05-11-2025,17-11-2025,281690,22173,3399.93,5565.65,C044,TP098
CMP06,6,CMP06_display,2,103,8.64,Display,15 days,Instagram,New York,German,06-01-2021,CAMP00006,08-07-2025,21-07-2025,177469,7979,3540.34,3885.94,C044,TP903
CMP15,15,CMP15_display,0,142,8.04,Display,45 days,Website,Chicago,Spanish,15-01-2021,CAMP00015,01-06-2025,06-06-2025,257862,23315,684.67,2001.69,C045,TP216
CMP15,15,CMP15_display,6,110,7.2,Display,45 days,Website,Chicago,Spanish,15-01-2021,CAMP00015,01-06-2025,06-06-2025,257862,23315,684.67,2001.69,C045,TP2231
CMP19,19,CMP19_social_media,2,146,9.38,Social Media,60 days,Google Ads,New York,French,19-01-2021,CAMP00019,15-09-2025,24-09-2025,260948,21678,4608.11,7497.56,C045,TP2243
CMP15,15,CMP15_display,5,69,4.89,Display,45 days,Website,Chicago,Spanish,15-01-2021,CAMP00015,01-06-2025,06-06-2025,257862,23315,684.67,2001.69,C046,TP1850
CMP14,14,CMP14_email,9,51,2.18,Email,45 days,Instagram,New York,German,14-01-2021,CAMP00014,26-12-2025,31-12-2025,207001,14356,2479.11,2827.93,C046,TP973
CMP11,11,CMP11_display,8,38,1.21,Display,45 days,Email,New York,Spanish,11-01-2021,CAMP00011,27-11-2025,04-12-2025,53998,1343,2491.07,4360.88,C046,TP2268
CMP16,16,CMP16_social_media,1,96,2.06,Social Media,60 days,YouTube,New York,German,16-01-2021,CAMP00016,11-05-2025,24-05-2025,159957,8149,4229.14,8648.05,C046,TP459
CMP09,9,CMP09_social_media,3,59,1.36,Social Media,15 days,Facebook,Chicago,German,09-01-2021,CAMP00009,02-05-2025,08-05-2025,209438,2474,2385.72,2800.53,C046,TP1170
CMP04,4,CMP04_display,7,136,3.18,Display,60 days,YouTube,Miami,Mandarin,04-01-2021,CAMP00004,17-04-2025,30-04-2025,156382,2672,1252.63,2209.74,C046,TP2476
CMP19,19,CMP19_social_media,7,190,5.39,Social Media,60 days,Google Ads,New York,French,19-01-2021,CAMP00019,15-09-2025,24-09-2025,260948,21678,4608.11,7497.56,C046,TP2425
CMP05,5,CMP05_email,7,75,7.1,Email,15 days,YouTube,Los Angeles,Mandarin,05-01-2021,CAMP00005,13-03-2025,22-03-2025,285472,4155,4935.48,14111.31,C047,TP922
CMP04,4,CMP04_display,8,181,5.11,Display,60 days,YouTube,Miami,Mandarin,04-01-2021,CAMP00004,17-04-2025,30-04-2025,156382,2672,1252.63,2209.74,C047,TP642
CMP16,16,CMP16_social_media,4,107,5.28,Social Media,60 days,YouTube,New York,German,16-01-2021,CAMP00016,11-05-2025,24-05-2025,159957,8149,4229.14,8648.05,C047,TP1958
CMP12,12,CMP12_influencer,10,26,4.46,Influencer,60 days,Google Ads,Los Angeles,Mandarin,12-01-2021,CAMP00012,29-03-2025,06-04-2025,107304,7128,3882.92,7276.43,C047,TP578
CMP09,9,CMP09_social_media,5,185,3.2,Social Media,15 days,Facebook,Chicago,German,09-01-2021,CAMP00009,02-05-2025,08-05-2025,209438,2474,2385.72,2800.53,C047,TP1180
CMP18,18,CMP18_influencer,0,70,8.44,Influencer,15 days,Instagram,Miami,French,18-01-2021,CAMP00018,05-11-2025,17-11-2025,281690,22173,3399.93,5565.65,C047,TP1498
CMP04,4,CMP04_display,7,66,2.93,Display,60 days,YouTube,Miami,Mandarin,04-01-2021,CAMP00004,17-04-2025,30-04-2025,156382,2672,1252.63,2209.74,C047,TP2130
CMP04,4,CMP04_display,6,164,9.65,Display,60 days,YouTube,Miami,Mandarin,04-01-2021,CAMP00004,17-04-2025,30-04-2025,156382,2672,1252.63,2209.74,C047,TP1341
CMP08,8,CMP08_search,6,45,9.1,Search,45 days,Google Ads,Los Angeles,Mandarin,08-01-2021,CAMP00008,13-04-2025,26-04-2025,234598,21435,3793.91,7159.09,C048,TP1188
CMP12,12,CMP12_influencer,0,156,2.39,Influencer,60 days,Google Ads,Los Angeles,Mandarin,12-01-2021,CAMP00012,29-03-2025,06-04-2025,107304,7128,3882.92,7276.43,C048,TP159
CMP18,18,CMP18_influencer,6,187,2.97,Influencer,15 days,Instagram,Miami,French,18-01-2021,CAMP00018,05-11-2025,17-11-2025,281690,22173,3399.93,5565.65,C048,TP615
CMP11,11,CMP11_display,9,84,3.24,Display,45 days,Email,New York,Spanish,11-01-2021,CAMP00011,27-11-2025,04-12-2025,53998,1343,2491.07,4360.88,C049,TP039
CMP09,9,CMP09_social_media,1,173,5.78,Social Media,15 days,Facebook,Chicago,German,09-01-2021,CAMP00009,02-05-2025,08-05-2025,209438,2474,2385.72,2800.53,C049,TP1640
CMP08,8,CMP08_search,9,148,4.53,Search,45 days,Google Ads,Los Angeles,Mandarin,08-01-2021,CAMP00008,13-04-2025,26-04-2025,234598,21435,3793.91,7159.09,C049,TP1627
CMP09,9,CMP09_social_media,7,145,7.43,Social Media,15 days,Facebook,Chicago,German,09-01-2021,CAMP00009,02-05-2025,08-05-2025,209438,2474,2385.72,2800.53,C049,TP453
CMP13,13,CMP13_social_media,0,98,7.43,Social Media,60 days,Facebook,Chicago,Mandarin,13-01-2021,CAMP00013,10-04-2025,15-04-2025,194692,11436,973.85,2310.62,C050,TP2618
CMP02,2,CMP02_email,4,33,9.63,Email,60 days,Google Ads,New York,German,02-01-2021,CAMP00002,15-12-2025,24-12-2025,200340,15841,3964.9,11740.15,C050,TP085
CMP12,12,CMP12_influencer,2,104,2.37,Influencer,60 days,Google Ads,Los Angeles,Mandarin,12-01-2021,CAMP00012,29-03-2025,06-04-2025,107304,7128,3882.92,7276.43,C050,TP2413
CMP08,8,CMP08_search,4,106,6.88,Search,45 days,Google Ads,Los Angeles,Mandarin,08-01-2021,CAMP00008,13-04-2025,26-04-2025,234598,21435,3793.91,7159.09,C051,TP1106
CMP11,11,CMP11_display,7,13,4.51,Display,45 days,Email,New York,Spanish,11-01-2021,CAMP00011,27-11-2025,04-12-2025,53998,1343,2491.07,4360.88,C051,TP1039
CMP11,11,CMP11_display,2,93,2.61,Display,45 days,Email,New York,Spanish,11-01-2021,CAMP00011,27-11-2025,04-12-2025,53998,1343,2491.07,4360.88,C051,TP051
CMP04,4,CMP04_display,7,16,8.21,Display,60 days,YouTube,Miami,Mandarin,04-01-2021,CAMP00004,17-04-2025,30-04-2025,156382,2672,1252.63,2209.74,C051,TP1154
CMP19,19,CMP19_social_media,2,71,0.81,Social Media,60 days,Google Ads,New York,French,19-01-2021,CAMP00019,15-09-2025,24-09-2025,260948,21678,4608.11,7497.56,C051,TP1713
CMP14,14,CMP14_email,3,66,7.87,Email,45 days,Instagram,New York,German,14-01-2021,CAMP00014,26-12-2025,31-12-2025,207001,14356,2479.11,2827.93,C051,TP545
CMP13,13,CMP13_social_media,7,90,3.84,Social Media,60 days,Facebook,Chicago,Mandarin,13-01-2021,CAMP00013,10-04-2025,15-04-2025,194692,11436,973.85,2310.62,C051,TP433
CMP01,1,CMP01_email,0,81,7.74,Email,30 days,Google Ads,Chicago,Spanish,01-01-2021,CAMP00001,13-04-2025,19-04-2025,293520,23335,1052.39,2236.02,C051,TP1554
CMP14,14,CMP14_email,4,6,1.53,Email,45 days,Instagram,New York,German,14-01-2021,CAMP00014,26-12-2025,31-12-2025,207001,14356,2479.11,2827.93,C052,TP195
CMP13,13,CMP13_social_media,9,21,7.77,Social Media,60 days,Facebook,Chicago,Mandarin,13-01-2021,CAMP00013,10-04-2025,15-04-2025,194692,11436,973.85,2310.62,C052,TP2105
CMP12,12,CMP12_influencer,0,54,8.07,Influencer,60 days,Google Ads,Los Angeles,Mandarin,12-01-2021,CAMP00012,29-03-2025,06-04-2025,107304,7128,3882.92,7276.43,C052,TP793
CMP05,5,CMP05_email,9,58,6.52,Email,15 days,YouTube,Los Angeles,Mandarin,05-01-2021,CAMP00005,13-03-2025,22-03-2025,285472,4155,4935.48,14111.31,C052,TP267
CMP07,7,CMP07_email,4,114,2.07,Email,60 days,Website,Los Angeles,Spanish,07-01-2021,CAMP00007,21-01-2025,05-02-2025,174231,2160,1999.53,3306.37,C053,TP291
CMP18,18,CMP18_influencer,9,35,7.63,Influencer,15 days,Instagram,Miami,French,18-01-2021,CAMP00018,05-11-2025,17-11-2025,281690,22173,3399.93,5565.65,C053,TP1771
CMP14,14,CMP14_email,1,35,0.8,Email,45 days,Instagram,New York,German,14-01-2021,CAMP00014,26-12-2025,31-12-2025,207001,14356,2479.11,2827.93,C053,TP118
CMP05,5,CMP05_email,8,156,3.48,Email,15 days,YouTube,Los Angeles,Mandarin,05-01-2021,CAMP00005,13-03-2025,22-03-2025,285472,4155,4935.48,14111.31,C053,TP071
CMP04,4,CMP04_display,5,18,3.71,Display,60 days,YouTube,Miami,Mandarin,04-01-2021,CAMP00004,17-04-2025,30-04-2025,156382,2672,1252.63,2209.74,C053,TP1028
CMP15,15,CMP15_display,0,132,4.9,Display,45 days,Website,Chicago,Spanish,15-01-2021,CAMP00015,01-06-2025,06-06-2025,257862,23315,684.67,2001.69,C053,TP566
CMP18,18,CMP18_influencer,0,95,7.68,Influencer,15 days,Instagram,Miami,French,18-01-2021,CAMP00018,05-11-2025,17-11-2025,281690,22173,3399.93,5565.65,C053,TP806
CMP09,9,CMP09_social_media,4,170,4.26,Social Media,15 days,Facebook,Chicago,German,09-01-2021,CAMP00009,02-05-2025,08-05-2025,209438,2474,2385.72,2800.53,C053,TP1121
CMP09,9,CMP09_social_media,3,47,5.29,Social Media,15 days,Facebook,Chicago,German,09-01-2021,CAMP00009,02-05-2025,08-05-2025,209438,2474,2385.72,2800.53,C054,TP377
CMP11,11,CMP11_display,10,43,5.27,Display,45 days,Email,New York,Spanish,11-01-2021,CAMP00011,27-11-2025,04-12-2025,53998,1343,2491.07,4360.88,C054,TP930
CMP18,18,CMP18_influencer,7,117,1.73,Influencer,15 days,Instagram,Miami,French,18-01-2021,CAMP00018,05-11-2025,17-11-2025,281690,22173,3399.93,5565.65,C054,TP090
CMP16,16,CMP16_social_media,9,38,2.36,Social Media,60 days,YouTube,New York,German,16-01-2021,CAMP00016,11-05-2025,24-05-2025,159957,8149,4229.14,8648.05,C054,TP560
CMP09,9,CMP09_social_media,5,112,8.5,Social Media,15 days,Facebook,Chicago,German,09-01-2021,CAMP00009,02-05-2025,08-05-2025,209438,2474,2385.72,2800.53,C054,TP282
CMP16,16,CMP16_social_media,1,96,3.88,Social Media,60 days,YouTube,New York,German,16-01-2021,CAMP00016,11-05-2025,24-05-2025,159957,8149,4229.14,8648.05,C054,TP1708
CMP15,15,CMP15_display,1,10,5.1,Display,45 days,Website,Chicago,Spanish,15-01-2021,CAMP00015,01-06-2025,06-06-2025,257862,23315,684.67,2001.69,C054,TP1063
CMP13,13,CMP13_social_media,8,44,9.88,Social Media,60 days,Facebook,Chicago,Mandarin,13-01-2021,CAMP00013,10-04-2025,15-04-2025,194692,11436,973.85,2310.62,C054,TP489
CMP08,8,CMP08_search,1,30,7.42,Search,45 days,Google Ads,Los Angeles,Mandarin,08-01-2021,CAMP00008,13-04-2025,26-04-2025,234598,21435,3793.91,7159.09,C054,TP2129
CMP13,13,CMP13_social_media,6,110,9.88,Social Media,60 days,Facebook,Chicago,Mandarin,13-01-2021,CAMP00013,10-04-2025,15-04-2025,194692,11436,973.85,2310.62,C055,TP1692
CMP17,17,CMP17_display,0,61,9.66,Display,45 days,Website,Houston,English,17-01-2021,CAMP00017,30-05-2025,14-06-2025,12103,168,4112.15,11010.78,C055,TP1874
CMP06,6,CMP06_display,3,3,3.35,Display,15 days,Instagram,New York,German,06-01-2021,CAMP00006,08-07-2025,21-07-2025,177469,7979,3540.34,3885.94,C055,TP2567
CMP05,5,CMP05_email,2,3,4.45,Email,15 days,YouTube,Los Angeles,Mandarin,05-01-2021,CAMP00005,13-03-2025,22-03-2025,285472,4155,4935.48,14111.31,C055,TP1680
CMP17,17,CMP17_display,1,18,5.6,Display,45 days,Website,Houston,English,17-01-2021,CAMP00017,30-05-2025,14-06-2025,12103,168,4112.15,11010.78,C055,TP1575
CMP01,1,CMP01_email,5,33,6.91,Email,30 days,Google Ads,Chicago,Spanish,01-01-2021,CAMP00001,13-04-2025,19-04-2025,293520,23335,1052.39,2236.02,C055,TP053
CMP17,17,CMP17_display,0,130,8.25,Display,45 days,Website,Houston,English,17-01-2021,CAMP00017,30-05-2025,14-06-2025,12103,168,4112.15,11010.78,C056,TP2210
CMP02,2,CMP02_email,1,70,9.3,Email,60 days,Google Ads,New York,German,02-01-2021,CAMP00002,15-12-2025,24-12-2025,200340,15841,3964.9,11740.15,C056,TP1184
CMP18,18,CMP18_influencer,2,41,6.2,Influencer,15 days,Instagram,Miami,French,18-01-2021,CAMP00018,05-11-2025,17-11-2025,281690,22173,3399.93,5565.65,C056,TP1202
CMP08,8,CMP08_search,6,17,1.95,Search,45 days,Google Ads,Los Angeles,Mandarin,08-01-2021,CAMP00008,13-04-2025,26-04-2025,234598,21435,3793.91,7159.09,C057,TP1929
CMP07,7,CMP07_email,8,41,8.44,Email,60 days,Website,Los Angeles,Spanish,07-01-2021,CAMP00007,21-01-2025,05-02-2025,174231,2160,1999.53,3306.37,C057,TP809
CMP18,18,CMP18_influencer,0,143,3.19,Influencer,15 days,Instagram,Miami,French,18-01-2021,CAMP00018,05-11-2025,17-11-2025,281690,22173,3399.93,5565.65,C058,TP490
CMP14,14,CMP14_email,0,180,5.15,Email,45 days,Instagram,New York,German,14-01-2021,CAMP00014,26-12-2025,31-12-2025,207001,14356,2479.11,2827.93,C058,TP607
CMP04,4,CMP04_display,0,150,1.57,Display,60 days,YouTube,Miami,Mandarin,04-01-2021,CAMP00004,17-04-2025,30-04-2025,156382,2672,1252.63,2209.74,C058,TP902
CMP11,11,CMP11_display,6,42,2.21,Display,45 days,Email,New York,Spanish,11-01-2021,CAMP00011,27-11-2025,04-12-2025,53998,1343,2491.07,4360.88,C058,TP553
CMP19,19,CMP19_social_media,7,133,9.75,Social Media,60 days,Google Ads,New York,French,19-01-2021,CAMP00019,15-09-2025,24-09-2025,260948,21678,4608.11,7497.56,C058,TP595
CMP18,18,CMP18_influencer,6,89,0.79,Influencer,15 days,Instagram,Miami,French,18-01-2021,CAMP00018,05-11-2025,17-11-2025,281690,22173,3399.93,5565.65,C058,TP881
CMP06,6,CMP06_display,8,178,2.82,Display,15 days,Instagram,New York,German,06-01-2021,CAMP00006,08-07-2025,21-07-2025,177469,7979,3540.34,3885.94,C058,TP2385
CMP17,17,CMP17_display,1,46,1.31,Display,45 days,Website,Houston,English,17-01-2021,CAMP00017,30-05-2025,14-06-2025,12103,168,4112.15,11010.78,C058,TP2339
CMP03,3,CMP03_influencer,9,132,7.93,Influencer,30 days,YouTube,Los Angeles,French,03-01-2021,CAMP00003,28-09-2025,06-10-2025,239365,16478,1000.39,1902.24,C059,TP2107
CMP18,18,CMP18_influencer,7,98,1.73,Influencer,15 days,Instagram,Miami,French,18-01-2021,CAMP00018,05-11-2025,17-11-2025,281690,22173,3399.93,5565.65,C059,TP1953
CMP03,3,CMP03_influencer,3,145,6.34,Influencer,30 days,YouTube,Los Angeles,French,03-01-2021,CAMP00003,28-09-2025,06-10-2025,239365,16478,1000.39,1902.24,C059,TP041
CMP09,9,CMP09_social_media,10,151,3.88,Social Media,15 days,Facebook,Chicago,German,09-01-2021,CAMP00009,02-05-2025,08-05-2025,209438,2474,2385.72,2800.53,C059,TP1781
CMP19,19,CMP19_social_media,5,183,3.53,Social Media,60 days,Google Ads,New York,French,19-01-2021,CAMP00019,15-09-2025,24-09-2025,260948,21678,4608.11,7497.56,C059,TP2226
CMP19,19,CMP19_social_media,0,8,6.16,Social Media,60 days,Google Ads,New York,French,19-01-2021,CAMP00019,15-09-2025,24-09-2025,260948,21678,4608.11,7497.56,C059,TP2588
CMP15,15,CMP15_display,8,30,5.55,Display,45 days,Website,Chicago,Spanish,15-01-2021,CAMP00015,01-06-2025,06-06-2025,257862,23315,684.67,2001.69,C059,TP2225
CMP18,18,CMP18_influencer,2,176,5.53,Influencer,15 days,Instagram,Miami,French,18-01-2021,CAMP00018,05-11-2025,17-11-2025,281690,22173,3399.93,5565.65,C060,TP567
CMP08,8,CMP08_search,10,130,7.95,Search,45 days,Google Ads,Los Angeles,Mandarin,08-01-2021,CAMP00008,13-04-2025,26-04-2025,234598,21435,3793.91,7159.09,C060,TP2403
CMP05,5,CMP05_email,4,173,0.53,Email,15 days,YouTube,Los Angeles,Mandarin,05-01-2021,CAMP00005,13-03-2025,22-03-2025,285472,4155,4935.48,14111.31,C060,TP1399
CMP16,16,CMP16_social_media,6,59,6.44,Social Media,60 days,YouTube,New York,German,16-01-2021,CAMP00016,11-05-2025,24-05-2025,159957,8149,4229.14,8648.05,C060,TP2292
CMP12,12,CMP12_influencer,6,42,7.94,Influencer,60 days,Google Ads,Los Angeles,Mandarin,12-01-2021,CAMP00012,29-03-2025,06-04-2025,107304,7128,3882.92,7276.43,C060,TP358
CMP02,2,CMP02_email,4,154,0.52,Email,60 days,Google Ads,New York,German,02-01-2021,CAMP00002,15-12-2025,24-12-2025,200340,15841,3964.9,11740.15,C061,TP1189
CMP18,18,CMP18_influencer,8,169,2.97,Influencer,15 days,Instagram,Miami,French,18-01-2021,CAMP00018,05-11-2025,17-11-2025,281690,22173,3399.93,5565.65,C061,TP1152
CMP12,12,CMP12_influencer,8,37,2.91,Influencer,60 days,Google Ads,Los Angeles,Mandarin,12-01-2021,CAMP00012,29-03-2025,06-04-2025,107304,7128,3882.92,7276.43,C061,TP1904
CMP16,16,CMP16_social_media,7,63,1.63,Social Media,60 days,YouTube,New York,German,16-01-2021,CAMP00016,11-05-2025,24-05-2025,159957,8149,4229.14,8648.05,C061,TP2089
CMP13,13,CMP13_social_media,7,191,9.25,Social Media,60 days,Facebook,Chicago,Mandarin,13-01-2021,CAMP00013,10-04-2025,15-04-2025,194692,11436,973.85,2310.62,C061,TP2138
CMP10,10,CMP10_email,6,163,5.42,Email,15 days,Instagram,Los Angeles,English,10-01-2021,CAMP00010,03-08-2025,16-08-2025,195376,2474,1142.07,2323.19,C062,TP2100
CMP01,1,CMP01_email,2,141,2.01,Email,30 days,Google Ads,Chicago,Spanish,01-01-2021,CAMP00001,13-04-2025,19-04-2025,293520,23335,1052.39,2236.02,C062,TP2144
CMP13,13,CMP13_social_media,0,76,2.69,Social Media,60 days,Facebook,Chicago,Mandarin,13-01-2021,CAMP00013,10-04-2025,15-04-2025,194692,11436,973.85,2310.62,C062,TP772
CMP15,15,CMP15_display,4,3,6.3,Display,45 days,Website,Chicago,Spanish,15-01-2021,CAMP00015,01-06-2025,06-06-2025,257862,23315,684.67,2001.69,C062,TP161
CMP19,19,CMP19_social_media,3,125,7.02,Social Media,60 days,Google Ads,New York,French,19-01-2021,CAMP00019,15-09-2025,24-09-2025,260948,21678,4608.11,7497.56,C062,TP1320
CMP04,4,CMP04_display,0,156,9.92,Display,60 days,YouTube,Miami,Mandarin,04-01-2021,CAMP00004,17-04-2025,30-04-2025,156382,2672,1252.63,2209.74,C062,TP1417
CMP03,3,CMP03_influencer,0,144,3.06,Influencer,30 days,YouTube,Los Angeles,French,03-01-2021,CAMP00003,28-09-2025,06-10-2025,239365,16478,1000.39,1902.24,C062,TP217
CMP10,10,CMP10_email,5,106,2.63,Email,15 days,Instagram,Los Angeles,English,10-01-2021,CAMP00010,03-08-2025,16-08-2025,195376,2474,1142.07,2323.19,C063,TP1435
CMP12,12,CMP12_influencer,6,200,3.3,Influencer,60 days,Google Ads,Los Angeles,Mandarin,12-01-2021,CAMP00012,29-03-2025,06-04-2025,107304,7128,3882.92,7276.43,C063,TP1637
CMP15,15,CMP15_display,7,116,3.95,Display,45 days,Website,Chicago,Spanish,15-01-2021,CAMP00015,01-06-2025,06-06-2025,257862,23315,684.67,2001.69,C063,TP548
CMP04,4,CMP04_display,4,47,8.97,Display,60 days,YouTube,Miami,Mandarin,04-01-2021,CAMP00004,17-04-2025,30-04-2025,156382,2672,1252.63,2209.74,C063,TP1620
CMP11,11,CMP11_display,0,16,6.02,Display,45 days,Email,New York,Spanish,11-01-2021,CAMP00011,27-11-2025,04-12-2025,53998,1343,2491.07,4360.88,C063,TP139
CMP14,14,CMP14_email,2,67,9.04,Email,45 days,Instagram,New York,German,14-01-2021,CAMP00014,26-12-2025,31-12-2025,207001,14356,2479.11,2827.93,C063,TP1002
CMP14,14,CMP14_email,2,174,7.83,Email,45 days,Instagram,New York,German,14-01-2021,CAMP00014,26-12-2025,31-12-2025,207001,14356,2479.11,2827.93,C063,TP2111
CMP15,15,CMP15_display,10,194,3.55,Display,45 days,Website,Chicago,Spanish,15-01-2021,CAMP00015,01-06-2025,06-06-2025,257862,23315,684.67,2001.69,C063,TP1591
CMP15,15,CMP15_display,5,134,5.01,Display,45 days,Website,Chicago,Spanish,15-01-2021,CAMP00015,01-06-2025,06-06-2025,257862,23315,684.67,2001.69,C063,TP191
CMP11,11,CMP11_display,3,46,2.67,Display,45 days,Email,New York,Spanish,11-01-2021,CAMP00011,27-11-2025,04-12-2025,53998,1343,2491.07,4360.88,C064,TP2447
CMP09,9,CMP09_social_media,3,71,4.48,Social Media,15 days,Facebook,Chicago,German,09-01-2021,CAMP00009,02-05-2025,08-05-2025,209438,2474,2385.72,2800.53,C064,TP1851
CMP06,6,CMP06_display,0,65,7.59,Display,15 days,Instagram,New York,German,06-01-2021,CAMP00006,08-07-2025,21-07-2025,177469,7979,3540.34,3885.94,C065,TP130
CMP19,19,CMP19_social_media,6,122,9.14,Social Media,60 days,Google Ads,New York,French,19-01-2021,CAMP00019,15-09-2025,24-09-2025,260948,21678,4608.11,7497.56,C065,TP994
CMP19,19,CMP19_social_media,1,48,6.11,Social Media,60 days,Google Ads,New York,French,19-01-2021,CAMP00019,15-09-2025,24-09-2025,260948,21678,4608.11,7497.56,C065,TP702
CMP06,6,CMP06_display,3,77,6.96,Display,15 days,Instagram,New York,German,06-01-2021,CAMP00006,08-07-2025,21-07-2025,177469,7979,3540.34,3885.94,C065,TP2061
CMP09,9,CMP09_social_media,6,126,1.36,Social Media,15 days,Facebook,Chicago,German,09-01-2021,CAMP00009,02-05-2025,08-05-2025,209438,2474,2385.72,2800.53,C066,TP1079
CMP16,16,CMP16_social_media,5,6,9.47,Social Media,60 days,YouTube,New York,German,16-01-2021,CAMP00016,11-05-2025,24-05-2025,159957,8149,4229.14,8648.05,C066,TP214
CMP08,8,CMP08_search,2,190,9.89,Search,45 days,Google Ads,Los Angeles,Mandarin,08-01-2021,CAMP00008,13-04-2025,26-04-2025,234598,21435,3793.91,7159.09,C066,TP2628
CMP03,3,CMP03_influencer,7,10,5.69,Influencer,30 days,YouTube,Los Angeles,French,03-01-2021,CAMP00003,28-09-2025,06-10-2025,239365,16478,1000.39,1902.24,C067,TP1251
CMP13,13,CMP13_social_media,0,137,5.29,Social Media,60 days,Facebook,Chicago,Mandarin,13-01-2021,CAMP00013,10-04-2025,15-04-2025,194692,11436,973.85,2310.62,C067,TP1452
CMP18,18,CMP18_influencer,0,183,6.17,Influencer,15 days,Instagram,Miami,French,18-01-2021,CAMP00018,05-11-2025,17-11-2025,281690,22173,3399.93,5565.65,C067,TP1712
CMP02,2,CMP02_email,10,179,6.76,Email,60 days,Google Ads,New York,German,02-01-2021,CAMP00002,15-12-2025,24-12-2025,200340,15841,3964.9,11740.15,C068,TP408
CMP18,18,CMP18_influencer,4,136,2.15,Influencer,15 days,Instagram,Miami,French,18-01-2021,CAMP00018,05-11-2025,17-11-2025,281690,22173,3399.93,5565.65,C068,TP1249
CMP07,7,CMP07_email,6,81,2.28,Email,60 days,Website,Los Angeles,Spanish,07-01-2021,CAMP00007,21-01-2025,05-02-2025,174231,2160,1999.53,3306.37,C068,TP2157
CMP15,15,CMP15_display,5,182,7.08,Display,45 days,Website,Chicago,Spanish,15-01-2021,CAMP00015,01-06-2025,06-06-2025,257862,23315,684.67,2001.69,C069,TP1512
CMP01,1,CMP01_email,10,192,5.0,Email,30 days,Google Ads,Chicago,Spanish,01-01-2021,CAMP00001,13-04-2025,19-04-2025,293520,23335,1052.39,2236.02,C069,TP641
CMP03,3,CMP03_influencer,10,168,2.5,Influencer,30 days,YouTube,Los Angeles,French,03-01-2021,CAMP00003,28-09-2025,06-10-2025,239365,16478,1000.39,1902.24,C069,TP626
CMP03,3,CMP03_influencer,0,72,6.4,Influencer,30 days,YouTube,Los Angeles,French,03-01-2021,CAMP00003,28-09-2025,06-10-2025,239365,16478,1000.39,1902.24,C069,TP798
CMP17,17,CMP17_display,5,160,9.31,Display,45 days,Website,Houston,English,17-01-2021,CAMP00017,30-05-2025,14-06-2025,12103,168,4112.15,11010.78,C069,TP1118
CMP06,6,CMP06_display,3,61,1.63,Display,15 days,Instagram,New York,German,06-01-2021,CAMP00006,08-07-2025,21-07-2025,177469,7979,3540.34,3885.94,C069,TP1879
CMP10,10,CMP10_email,4,2,1.61,Email,15 days,Instagram,Los Angeles,English,10-01-2021,CAMP00010,03-08-2025,16-08-2025,195376,2474,1142.07,2323.19,C069,TP1381
CMP19,19,CMP19_social_media,9,104,7.6,Social Media,60 days,Google Ads,New York,French,19-01-2021,CAMP00019,15-09-2025,24-09-2025,260948,21678,4608.11,7497.56,C070,TP1286
CMP07,7,CMP07_email,1,143,7.52,Email,60 days,Website,Los Angeles,Spanish,07-01-2021,CAMP00007,21-01-2025,05-02-2025,174231,2160,1999.53,3306.37,C070,TP861
CMP10,10,CMP10_email,5,58,1.6,Email,15 days,Instagram,Los Angeles,English,10-01-2021,CAMP00010,03-08-2025,16-08-2025,195376,2474,1142.07,2323.19,C072,TP2108
CMP02,2,CMP02_email,7,189,1.75,Email,60 days,Google Ads,New York,German,02-01-2021,CAMP00002,15-12-2025,24-12-2025,200340,15841,3964.9,11740.15,C072,TP2445
CMP07,7,CMP07_email,6,27,2.05,Email,60 days,Website,Los Angeles,Spanish,07-01-2021,CAMP00007,21-01-2025,05-02-2025,174231,2160,1999.53,3306.37,C072,TP2402
CMP15,15,CMP15_display,4,83,1.82,Display,45 days,Website,Chicago,Spanish,15-01-2021,CAMP00015,01-06-2025,06-06-2025,257862,23315,684.67,2001.69,C072,TP006
CMP11,11,CMP11_display,3,146,0.54,Display,45 days,Email,New York,Spanish,11-01-2021,CAMP00011,27-11-2025,04-12-2025,53998,1343,2491.07,4360.88,C072,TP2450
CMP03,3,CMP03_influencer,0,44,3.09,Influencer,30 days,YouTube,Los Angeles,French,03-01-2021,CAMP00003,28-09-2025,06-10-2025,239365,16478,1000.39,1902.24,C072,TP1051
CMP13,13,CMP13_social_media,6,93,6.73,Social Media,60 days,Facebook,Chicago,Mandarin,13-01-2021,CAMP00013,10-04-2025,15-04-2025,194692,11436,973.85,2310.62,C073,TP1898
CMP05,5,CMP05_email,4,19,1.56,Email,15 days,YouTube,Los Angeles,Mandarin,05-01-2021,CAMP00005,13-03-2025,22-03-2025,285472,4155,4935.48,14111.31,C073,TP2523
CMP08,8,CMP08_search,5,178,2.52,Search,45 days,Google Ads,Los Angeles,Mandarin,08-01-2021,CAMP00008,13-04-2025,26-04-2025,234598,21435,3793.91,7159.09,C073,TP2080
CMP14,14,CMP14_email,6,24,3.02,Email,45 days,Instagram,New York,German,14-01-2021,CAMP00014,26-12-2025,31-12-2025,207001,14356,2479.11,2827.93,C073,TP1177
CMP10,10,CMP10_email,5,42,1.88,Email,15 days,Instagram,Los Angeles,English,10-01-2021,CAMP00010,03-08-2025,16-08-2025,195376,2474,1142.07,2323.19,C074,TP829
CMP03,3,CMP03_influencer,7,115,8.76,Influencer,30 days,YouTube,Los Angeles,French,03-01-2021,CAMP00003,28-09-2025,06-10-2025,239365,16478,1000.39,1902.24,C074,TP2286
CMP08,8,CMP08_search,5,8,6.22,Search,45 days,Google Ads,Los Angeles,Mandarin,08-01-2021,CAMP00008,13-04-2025,26-04-2025,234598,21435,3793.91,7159.09,C075,TP1311
CMP11,11,CMP11_display,10,128,4.48,Display,45 days,Email,New York,Spanish,11-01-2021,CAMP00011,27-11-2025,04-12-2025,53998,1343,2491.07,4360.88,C075,TP1595
CMP01,1,CMP01_email,1,96,0.95,Email,30 days,Google Ads,Chicago,Spanish,01-01-2021,CAMP00001,13-04-2025,19-04-2025,293520,23335,1052.39,2236.02,C075,TP1080
CMP13,13,CMP13_social_media,1,110,6.43,Social Media,60 days,Facebook,Chicago,Mandarin,13-01-2021,CAMP00013,10-04-2025,15-04-2025,194692,11436,973.85,2310.62,C075,TP734
CMP09,9,CMP09_social_media,9,48,3.84,Social Media,15 days,Facebook,Chicago,German,09-01-2021,CAMP00009,02-05-2025,08-05-2025,209438,2474,2385.72,2800.53,C075,TP1810
CMP18,18,CMP18_influencer,6,154,3.3,Influencer,15 days,Instagram,Miami,French,18-01-2021,CAMP00018,05-11-2025,17-11-2025,281690,22173,3399.93,5565.65,C075,TP382
CMP12,12,CMP12_influencer,1,6,4.5,Influencer,60 days,Google Ads,Los Angeles,Mandarin,12-01-2021,CAMP00012,29-03-2025,06-04-2025,107304,7128,3882.92,7276.43,C075,TP2356
CMP17,17,CMP17_display,5,59,2.97,Display,45 days,Website,Houston,English,17-01-2021,CAMP00017,30-05-2025,14-06-2025,12103,168,4112.15,11010.78,C076,TP1392
CMP04,4,CMP04_display,7,8,9.31,Display,60 days,YouTube,Miami,Mandarin,04-01-2021,CAMP00004,17-04-2025,30-04-2025,156382,2672,1252.63,2209.74,C076,TP1825
CMP01,1,CMP01_email,9,148,9.74,Email,30 days,Google Ads,Chicago,Spanish,01-01-2021,CAMP00001,13-04-2025,19-04-2025,293520,23335,1052.39,2236.02,C076,TP2474
CMP05,5,CMP05_email,0,95,7.9,Email,15 days,YouTube,Los Angeles,Mandarin,05-01-2021,CAMP00005,13-03-2025,22-03-2025,285472,4155,4935.48,14111.31,C076,TP631
CMP15,15,CMP15_display,9,177,4.46,Display,45 days,Website,Chicago,Spanish,15-01-2021,CAMP00015,01-06-2025,06-06-2025,257862,23315,684.67,2001.69,C076,TP786
CMP16,16,CMP16_social_media,8,6,2.5,Social Media,60 days,YouTube,New York,German,16-01-2021,CAMP00016,11-05-2025,24-05-2025,159957,8149,4229.14,8648.05,C076,TP827
CMP13,13,CMP13_social_media,8,24,5.19,Social Media,60 days,Facebook,Chicago,Mandarin,13-01-2021,CAMP00013,10-04-2025,15-04-2025,194692,11436,973.85,2310.62,C077,TP2497
CMP07,7,CMP07_email,3,42,3.71,Email,60 days,Website,Los Angeles,Spanish,07-01-2021,CAMP00007,21-01-2025,05-02-2025,174231,2160,1999.53,3306.37,C077,TP2261
CMP19,19,CMP19_social_media,8,39,9.53,Social Media,60 days,Google Ads,New York,French,19-01-2021,CAMP00019,15-09-2025,24-09-2025,260948,21678,4608.11,7497.56,C078,TP1173
CMP17,17,CMP17_display,2,198,5.3,Display,45 days,Website,Houston,English,17-01-2021,CAMP00017,30-05-2025,14-06-2025,12103,168,4112.15,11010.78,C078,TP1035
CMP14,14,CMP14_email,10,41,6.24,Email,45 days,Instagram,New York,German,14-01-2021,CAMP00014,26-12-2025,31-12-2025,207001,14356,2479.11,2827.93,C078,TP1415
CMP11,11,CMP11_display,6,183,4.52,Display,45 days,Email,New York,Spanish,11-01-2021,CAMP00011,27-11-2025,04-12-2025,53998,1343,2491.07,4360.88,C078,TP1722
CMP12,12,CMP12_influencer,3,172,3.7,Influencer,60 days,Google Ads,Los Angeles,Mandarin,12-01-2021,CAMP00012,29-03-2025,06-04-2025,107304,7128,3882.92,7276.43,C078,TP1208
CMP06,6,CMP06_display,8,128,0.61,Display,15 days,Instagram,New York,German,06-01-2021,CAMP00006,08-07-2025,21-07-2025,177469,7979,3540.34,3885.94,C078,TP1664
CMP01,1,CMP01_email,5,130,9.13,Email,30 days,Google Ads,Chicago,Spanish,01-01-2021,CAMP00001,13-04-2025,19-04-2025,293520,23335,1052.39,2236.02,C079,TP2410
CMP12,12,CMP12_influencer,6,9,1.14,Influencer,60 days,Google Ads,Los Angeles,Mandarin,12-01-2021,CAMP00012,29-03-2025,06-04-2025,107304,7128,3882.92,7276.43,C079,TP2335
CMP08,8,CMP08_search,0,29,9.02,Search,45 days,Google Ads,Los Angeles,Mandarin,08-01-2021,CAMP00008,13-04-2025,26-04-2025,234598,21435,3793.91,7159.09,C080,TP1935
CMP08,8,CMP08_search,9,32,6.92,Search,45 days,Google Ads,Los Angeles,Mandarin,08-01-2021,CAMP00008,13-04-2025,26-04-2025,234598,21435,3793.91,7159.09,C080,TP2479
CMP16,16,CMP16_social_media,10,90,0.91,Social Media,60 days,YouTube,New York,German,16-01-2021,CAMP00016,11-05-2025,24-05-2025,159957,8149,4229.14,8648.05,C080,TP910
CMP01,1,CMP01_email,4,44,2.83,Email,30 days,Google Ads,Chicago,Spanish,01-01-2021,CAMP00001,13-04-2025,19-04-2025,293520,23335,1052.39,2236.02,C081,TP1777
CMP18,18,CMP18_influencer,2,71,4.17,Influencer,15 days,Instagram,Miami,French,18-01-2021,CAMP00018,05-11-2025,17-11-2025,281690,22173,3399.93,5565.65,C081,TP083
CMP06,6,CMP06_display,4,42,8.05,Display,15 days,Instagram,New York,German,06-01-2021,CAMP00006,08-07-2025,21-07-2025,177469,7979,3540.34,3885.94,C081,TP142
CMP16,16,CMP16_social_media,2,22,1.34,Social Media,60 days,YouTube,New York,German,16-01-2021,CAMP00016,11-05-2025,24-05-2025,159957,8149,4229.14,8648.05,C081,TP2200
CMP05,5,CMP05_email,0,112,3.24,Email,15 days,YouTube,Los Angeles,Mandarin,05-01-2021,CAMP00005,13-03-2025,22-03-2025,285472,4155,4935.48,14111.31,C081,TP276
CMP16,16,CMP16_social_media,5,145,4.53,Social Media,60 days,YouTube,New York,German,16-01-2021,CAMP00016,11-05-2025,24-05-2025,159957,8149,4229.14,8648.05,C081,TP1941
CMP11,11,CMP11_display,6,143,3.53,Display,45 days,Email,New York,Spanish,11-01-2021,CAMP00011,27-11-2025,04-12-2025,53998,1343,2491.07,4360.88,C081,TP1107
CMP17,17,CMP17_display,0,124,7.39,Display,45 days,Website,Houston,English,17-01-2021,CAMP00017,30-05-2025,14-06-2025,12103,168,4112.15,11010.78,C082,TP2257
CMP17,17,CMP17_display,4,93,9.43,Display,45 days,Website,Houston,English,17-01-2021,CAMP00017,30-05-2025,14-06-2025,12103,168,4112.15,11010.78,C082,TP977
CMP01,1,CMP01_email,10,135,3.07,Email,30 days,Google Ads,Chicago,Spanish,01-01-2021,CAMP00001,13-04-2025,19-04-2025,293520,23335,1052.39,2236.02,C082,TP1982
CMP16,16,CMP16_social_media,9,51,7.47,Social Media,60 days,YouTube,New York,German,16-01-2021,CAMP00016,11-05-2025,24-05-2025,159957,8149,4229.14,8648.05,C082,TP1750
CMP17,17,CMP17_display,7,185,4.1,Display,45 days,Website,Houston,English,17-01-2021,CAMP00017,30-05-2025,14-06-2025,12103,168,4112.15,11010.78,C082,TP2579
CMP14,14,CMP14_email,1,167,9.76,Email,45 days,Instagram,New York,German,14-01-2021,CAMP00014,26-12-2025,31-12-2025,207001,14356,2479.11,2827.93,C083,TP1032
CMP10,10,CMP10_email,9,59,0.66,Email,15 days,Instagram,Los Angeles,English,10-01-2021,CAMP00010,03-08-2025,16-08-2025,195376,2474,1142.07,2323.19,C083,TP1265
CMP02,2,CMP02_email,6,182,5.56,Email,60 days,Google Ads,New York,German,02-01-2021,CAMP00002,15-12-2025,24-12-2025,200340,15841,3964.9,11740.15,C084,TP2542
CMP08,8,CMP08_search,1,49,6.5,Search,45 days,Google Ads,Los Angeles,Mandarin,08-01-2021,CAMP00008,13-04-2025,26-04-2025,234598,21435,3793.91,7159.09,C084,TP1630
CMP06,6,CMP06_display,8,152,6.08,Display,15 days,Instagram,New York,German,06-01-2021,CAMP00006,08-07-2025,21-07-2025,177469,7979,3540.34,3885.94,C084,TP773
CMP19,19,CMP19_social_media,9,92,8.91,Social Media,60 days,Google Ads,New York,French,19-01-2021,CAMP00019,15-09-2025,24-09-2025,260948,21678,4608.11,7497.56,C084,TP2535
CMP04,4,CMP04_display,9,146,7.79,Display,60 days,YouTube,Miami,Mandarin,04-01-2021,CAMP00004,17-04-2025,30-04-2025,156382,2672,1252.63,2209.74,C084,TP2378
CMP17,17,CMP17_display,0,3,2.78,Display,45 days,Website,Houston,English,17-01-2021,CAMP00017,30-05-2025,14-06-2025,12103,168,4112.15,11010.78,C084,TP2362
CMP17,17,CMP17_display,3,137,8.32,Display,45 days,Website,Houston,English,17-01-2021,CAMP00017,30-05-2025,14-06-2025,12103,168,4112.15,11010.78,C084,TP1366
CMP04,4,CMP04_display,10,70,9.84,Display,60 days,YouTube,Miami,Mandarin,04-01-2021,CAMP00004,17-04-2025,30-04-2025,156382,2672,1252.63,2209.74,C085,TP1742
CMP16,16,CMP16_social_media,2,175,8.59,Social Media,60 days,YouTube,New York,German,16-01-2021,CAMP00016,11-05-2025,24-05-2025,159957,8149,4229.14,8648.05,C085,TP1034
CMP12,12,CMP12_influencer,1,114,0.57,Influencer,60 days,Google Ads,Los Angeles,Mandarin,12-01-2021,CAMP00012,29-03-2025,06-04-2025,107304,7128,3882.92,7276.43,C086,TP1476
CMP18,18,CMP18_influencer,1,147,9.33,Influencer,15 days,Instagram,Miami,French,18-01-2021,CAMP00018,05-11-2025,17-11-2025,281690,22173,3399.93,5565.65,C086,TP2481
CMP08,8,CMP08_search,4,103,6.85,Search,45 days,Google Ads,Los Angeles,Mandarin,08-01-2021,CAMP00008,13-04-2025,26-04-2025,234598,21435,3793.91,7159.09,C086,TP636
CMP14,14,CMP14_email,9,150,5.58,Email,45 days,Instagram,New York,German,14-01-2021,CAMP00014,26-12-2025,31-12-2025,207001,14356,2479.11,2827.93,C086,TP212
CMP06,6,CMP06_display,0,154,2.77,Display,15 days,Instagram,New York,German,06-01-2021,CAMP00006,08-07-2025,21-07-2025,177469,7979,3540.34,3885.94,C086,TP1967
CMP08,8,CMP08_search,5,16,4.74,Search,45 days,Google Ads,Los Angeles,Mandarin,08-01-2021,CAMP00008,13-04-2025,26-04-2025,234598,21435,3793.91,7159.09,C086,TP1240
CMP02,2,CMP02_email,5,114,2.61,Email,60 days,Google Ads,New York,German,02-01-2021,CAMP00002,15-12-2025,24-12-2025,200340,15841,3964.9,11740.15,C087,TP1826
CMP07,7,CMP07_email,8,57,4.15,Email,60 days,Website,Los Angeles,Spanish,07-01-2021,CAMP00007,21-01-2025,05-02-2025,174231,2160,1999.53,3306.37,C087,TP2559
CMP12,12,CMP12_influencer,7,73,1.95,Influencer,60 days,Google Ads,Los Angeles,Mandarin,12-01-2021,CAMP00012,29-03-2025,06-04-2025,107304,7128,3882.92,7276.43,C087,TP1691
CMP14,14,CMP14_email,1,4,8.86,Email,45 days,Instagram,New York,German,14-01-2021,CAMP00014,26-12-2025,31-12-2025,207001,14356,2479.11,2827.93,C088,TP015
CMP17,17,CMP17_display,3,39,2.34,Display,45 days,Website,Houston,English,17-01-2021,CAMP00017,30-05-2025,14-06-2025,12103,168,4112.15,11010.78,C088,TP1721
CMP09,9,CMP09_social_media,7,90,8.21,Social Media,15 days,Facebook,Chicago,German,09-01-2021,CAMP00009,02-05-2025,08-05-2025,209438,2474,2385.72,2800.53,C088,TP2471
CMP10,10,CMP10_email,7,114,1.06,Email,15 days,Instagram,Los Angeles,English,10-01-2021,CAMP00010,03-08-2025,16-08-2025,195376,2474,1142.07,2323.19,C089,TP2155
CMP11,11,CMP11_display,10,178,3.56,Display,45 days,Email,New York,Spanish,11-01-2021,CAMP00011,27-11-2025,04-12-2025,53998,1343,2491.07,4360.88,C089,TP1419
CMP02,2,CMP02_email,4,149,5.15,Email,60 days,Google Ads,New York,German,02-01-2021,CAMP00002,15-12-2025,24-12-2025,200340,15841,3964.9,11740.15,C089,TP616
CMP07,7,CMP07_email,3,94,2.33,Email,60 days,Website,Los Angeles,Spanish,07-01-2021,CAMP00007,21-01-2025,05-02-2025,174231,2160,1999.53,3306.37,C089,TP1950
CMP06,6,CMP06_display,2,114,9.8,Display,15 days,Instagram,New York,German,06-01-2021,CAMP00006,08-07-2025,21-07-2025,177469,7979,3540.34,3885.94,C089,TP065
CMP03,3,CMP03_influencer,6,178,9.35,Influencer,30 days,YouTube,Los Angeles,French,03-01-2021,CAMP00003,28-09-2025,06-10-2025,239365,16478,1000.39,1902.24,C089,TP1422
CMP08,8,CMP08_search,2,72,5.12,Search,45 days,Google Ads,Los Angeles,Mandarin,08-01-2021,CAMP00008,13-04-2025,26-04-2025,234598,21435,3793.91,7159.09,C090,TP2505
CMP17,17,CMP17_display,3,92,2.99,Display,45 days,Website,Houston,English,17-01-2021,CAMP00017,30-05-2025,14-06-2025,12103,168,4112.15,11010.78,C090,TP2190
CMP09,9,CMP09_social_media,5,100,8.6,Social Media,15 days,Facebook,Chicago,German,09-01-2021,CAMP00009,02-05-2025,08-05-2025,209438,2474,2385.72,2800.53,C090,TP725
CMP11,11,CMP11_display,6,99,1.29,Display,45 days,Email,New York,Spanish,11-01-2021,CAMP00011,27-11-2025,04-12-2025,53998,1343,2491.07,4360.88,C090,TP1343
CMP12,12,CMP12_influencer,5,156,8.75,Influencer,60 days,Google Ads,Los Angeles,Mandarin,12-01-2021,CAMP00012,29-03-2025,06-04-2025,107304,7128,3882.92,7276.43,C090,TP1594
CMP06,6,CMP06_display,6,115,7.49,Display,15 days,Instagram,New York,German,06-01-2021,CAMP00006,08-07-2025,21-07-2025,177469,7979,3540.34,3885.94,C090,TP720
CMP12,12,CMP12_influencer,8,15,8.69,Influencer,60 days,Google Ads,Los Angeles,Mandarin,12-01-2021,CAMP00012,29-03-2025,06-04-2025,107304,7128,3882.92,7276.43,C090,TP951
CMP10,10,CMP10_email,7,101,4.12,Email,15 days,Instagram,Los Angeles,English,10-01-2021,CAMP00010,03-08-2025,16-08-2025,195376,2474,1142.07,2323.19,C091,TP869
CMP15,15,CMP15_display,4,24,6.37,Display,45 days,Website,Chicago,Spanish,15-01-2021,CAMP00015,01-06-2025,06-06-2025,257862,23315,684.67,2001.69,C092,TP2482
CMP06,6,CMP06_display,6,18,9.27,Display,15 days,Instagram,New York,German,06-01-2021,CAMP00006,08-07-2025,21-07-2025,177469,7979,3540.34,3885.94,C092,TP074
CMP09,9,CMP09_social_media,0,16,5.53,Social Media,15 days,Facebook,Chicago,German,09-01-2021,CAMP00009,02-05-2025,08-05-2025,209438,2474,2385.72,2800.53,C092,TP1550
CMP19,19,CMP19_social_media,9,147,4.18,Social Media,60 days,Google Ads,New York,French,19-01-2021,CAMP00019,15-09-2025,24-09-2025,260948,21678,4608.11,7497.56,C092,TP1159
CMP18,18,CMP18_influencer,10,50,8.39,Influencer,15 days,Instagram,Miami,French,18-01-2021,CAMP00018,05-11-2025,17-11-2025,281690,22173,3399.93,5565.65,C092,TP1715
CMP14,14,CMP14_email,4,185,9.47,Email,45 days,Instagram,New York,German,14-01-2021,CAMP00014,26-12-2025,31-12-2025,207001,14356,2479.11,2827.93,C092,TP2223
CMP03,3,CMP03_influencer,3,188,7.14,Influencer,30 days,YouTube,Los Angeles,French,03-01-2021,CAMP00003,28-09-2025,06-10-2025,239365,16478,1000.39,1902.24,C092,TP2371
CMP12,12,CMP12_influencer,2,156,3.89,Influencer,60 days,Google Ads,Los Angeles,Mandarin,12-01-2021,CAMP00012,29-03-2025,06-04-2025,107304,7128,3882.92,7276.43,C092,TP594
CMP01,1,CMP01_email,1,1,7.71,Email,30 days,Google Ads,Chicago,Spanish,01-01-2021,CAMP00001,13-04-2025,19-04-2025,293520,23335,1052.39,2236.02,C092,TP538
CMP17,17,CMP17_display,2,36,4.15,Display,45 days,Website,Houston,English,17-01-2021,CAMP00017,30-05-2025,14-06-2025,12103,168,4112.15,11010.78,C093,TP1149
CMP14,14,CMP14_email,0,154,7.3,Email,45 days,Instagram,New York,German,14-01-2021,CAMP00014,26-12-2025,31-12-2025,207001,14356,2479.11,2827.93,C093,TP722
CMP02,2,CMP02_email,8,112,6.25,Email,60 days,Google Ads,New York,German,02-01-2021,CAMP00002,15-12-2025,24-12-2025,200340,15841,3964.9,11740.15,C093,TP2407
CMP15,15,CMP15_display,5,133,2.83,Display,45 days,Website,Chicago,Spanish,15-01-2021,CAMP00015,01-06-2025,06-06-2025,257862,23315,684.67,2001.69,C093,TP2595
CMP11,11,CMP11_display,4,79,2.57,Display,45 days,Email,New York,Spanish,11-01-2021,CAMP00011,27-11-2025,04-12-2025,53998,1343,2491.07,4360.88,C094,TP1378
CMP17,17,CMP17_display,1,95,5.27,Display,45 days,Website,Houston,English,17-01-2021,CAMP00017,30-05-2025,14-06-2025,12103,168,4112.15,11010.78,C094,TP1317
CMP03,3,CMP03_influencer,8,104,6.33,Influencer,30 days,YouTube,Los Angeles,French,03-01-2021,CAMP00003,28-09-2025,06-10-2025,239365,16478,1000.39,1902.24,C094,TP644
CMP06,6,CMP06_display,2,83,2.68,Display,15 days,Instagram,New York,German,06-01-2021,CAMP00006,08-07-2025,21-07-2025,177469,7979,3540.34,3885.94,C095,TP1504
CMP12,12,CMP12_influencer,3,18,3.61,Influencer,60 days,Google Ads,Los Angeles,Mandarin,12-01-2021,CAMP00012,29-03-2025,06-04-2025,107304,7128,3882.92,7276.43,C095,TP1294
CMP04,4,CMP04_display,0,182,1.86,Display,60 days,YouTube,Miami,Mandarin,04-01-2021,CAMP00004,17-04-2025,30-04-2025,156382,2672,1252.63,2209.74,C095,TP1050
CMP03,3,CMP03_influencer,5,18,6.31,Influencer,30 days,YouTube,Los Angeles,French,03-01-2021,CAMP00003,28-09-2025,06-10-2025,239365,16478,1000.39,1902.24,C095,TP1379
CMP12,12,CMP12_influencer,6,39,9.41,Influencer,60 days,Google Ads,Los Angeles,Mandarin,12-01-2021,CAMP00012,29-03-2025,06-04-2025,107304,7128,3882.92,7276.43,C095,TP1135
CMP11,11,CMP11_display,2,113,8.79,Display,45 days,Email,New York,Spanish,11-01-2021,CAMP00011,27-11-2025,04-12-2025,53998,1343,2491.07,4360.88,C095,TP711
CMP04,4,CMP04_display,9,183,7.94,Display,60 days,YouTube,Miami,Mandarin,04-01-2021,CAMP00004,17-04-2025,30-04-2025,156382,2672,1252.63,2209.74,C095,TP2458
CMP07,7,CMP07_email,10,147,6.87,Email,60 days,Website,Los Angeles,Spanish,07-01-2021,CAMP00007,21-01-2025,05-02-2025,174231,2160,1999.53,3306.37,C095,TP471
CMP18,18,CMP18_influencer,7,32,4.0,Influencer,15 days,Instagram,Miami,French,18-01-2021,CAMP00018,05-11-2025,17-11-2025,281690,22173,3399.93,5565.65,C096,TP196
CMP03,3,CMP03_influencer,8,75,3.68,Influencer,30 days,YouTube,Los Angeles,French,03-01-2021,CAMP00003,28-09-2025,06-10-2025,239365,16478,1000.39,1902.24,C096,TP673
CMP07,7,CMP07_email,10,81,0.84,Email,60 days,Website,Los Angeles,Spanish,07-01-2021,CAMP00007,21-01-2025,05-02-2025,174231,2160,1999.53,3306.37,C096,TP259
CMP03,3,CMP03_influencer,2,68,5.98,Influencer,30 days,YouTube,Los Angeles,French,03-01-2021,CAMP00003,28-09-2025,06-10-2025,239365,16478,1000.39,1902.24,C096,TP755
CMP02,2,CMP02_email,7,35,8.09,Email,60 days,Google Ads,New York,German,02-01-2021,CAMP00002,15-12-2025,24-12-2025,200340,15841,3964.9,11740.15,C096,TP1720
CMP11,11,CMP11_display,2,191,4.68,Display,45 days,Email,New York,Spanish,11-01-2021,CAMP00011,27-11-2025,04-12-2025,53998,1343,2491.07,4360.88,C096,TP612
CMP19,19,CMP19_social_media,0,158,2.5,Social Media,60 days,Google Ads,New York,French,19-01-2021,CAMP00019,15-09-2025,24-09-2025,260948,21678,4608.11,7497.56,C096,TP2037
CMP05,5,CMP05_email,2,178,7.87,Email,15 days,YouTube,Los Angeles,Mandarin,05-01-2021,CAMP00005,13-03-2025,22-03-2025,285472,4155,4935.48,14111.31,C096,TP2621
CMP12,12,CMP12_influencer,6,10,7.62,Influencer,60 days,Google Ads,Los Angeles,Mandarin,12-01-2021,CAMP00012,29-03-2025,06-04-2025,107304,7128,3882.92,7276.43,C097,TP1469
CMP19,19,CMP19_social_media,7,186,2.13,Social Media,60 days,Google Ads,New York,French,19-01-2021,CAMP00019,15-09-2025,24-09-2025,260948,21678,4608.11,7497.56,C097,TP441
CMP06,6,CMP06_display,4,85,4.43,Display,15 days,Instagram,New York,German,06-01-2021,CAMP00006,08-07-2025,21-07-2025,177469,7979,3540.34,3885.94,C097,TP1714
CMP07,7,CMP07_email,1,104,5.51,Email,60 days,Website,Los Angeles,Spanish,07-01-2021,CAMP00007,21-01-2025,05-02-2025,174231,2160,1999.53,3306.37,C097,TP315
CMP18,18,CMP18_influencer,3,135,1.8,Influencer,15 days,Instagram,Miami,French,18-01-2021,CAMP00018,05-11-2025,17-11-2025,281690,22173,3399.93,5565.65,C098,TP1807
CMP10,10,CMP10_email,1,96,7.1,Email,15 days,Instagram,Los Angeles,English,10-01-2021,CAMP00010,03-08-2025,16-08-2025,195376,2474,1142.07,2323.19,C098,TP1873
CMP19,19,CMP19_social_media,6,167,8.01,Social Media,60 days,Google Ads,New York,French,19-01-2021,CAMP00019,15-09-2025,24-09-2025,260948,21678,4608.11,7497.56,C098,TP1089
CMP09,9,CMP09_social_media,2,21,9.99,Social Media,15 days,Facebook,Chicago,German,09-01-2021,CAMP00009,02-05-2025,08-05-2025,209438,2474,2385.72,2800.53,C098,TP2000
CMP03,3,CMP03_influencer,6,82,5.19,Influencer,30 days,YouTube,Los Angeles,French,03-01-2021,CAMP00003,28-09-2025,06-10-2025,239365,16478,1000.39,1902.24,C098,TP309
CMP15,15,CMP15_display,10,30,4.72,Display,45 days,Website,Chicago,Spanish,15-01-2021,CAMP00015,01-06-2025,06-06-2025,257862,23315,684.67,2001.69,C098,TP2160
CMP14,14,CMP14_email,9,75,8.54,Email,45 days,Instagram,New York,German,14-01-2021,CAMP00014,26-12-2025,31-12-2025,207001,14356,2479.11,2827.93,C098,TP1010
CMP10,10,CMP10_email,10,28,7.32,Email,15 days,Instagram,Los Angeles,English,10-01-2021,CAMP00010,03-08-2025,16-08-2025,195376,2474,1142.07,2323.19,C098,TP1837
CMP18,18,CMP18_influencer,10,182,6.77,Influencer,15 days,Instagram,Miami,French,18-01-2021,CAMP00018,05-11-2025,17-11-2025,281690,22173,3399.93,5565.65,C099,TP472
CMP13,13,CMP13_social_media,8,186,3.05,Social Media,60 days,Facebook,Chicago,Mandarin,13-01-2021,CAMP00013,10-04-2025,15-04-2025,194692,11436,973.85,2310.62,C099,TP2348
CMP15,15,CMP15_display,8,106,1.43,Display,45 days,Website,Chicago,Spanish,15-01-2021,CAMP00015,01-06-2025,06-06-2025,257862,23315,684.67,2001.69,C099,TP2134
CMP04,4,CMP04_display,9,29,2.11,Display,60 days,YouTube,Miami,Mandarin,04-01-2021,CAMP00004,17-04-2025,30-04-2025,156382,2672,1252.63,2209.74,C099,TP370
CMP16,16,CMP16_social_media,10,59,3.75,Social Media,60 days,YouTube,New York,German,16-01-2021,CAMP00016,11-05-2025,24-05-2025,159957,8149,4229.14,8648.05,C099,TP352
CMP19,19,CMP19_social_media,3,20,6.7,Social Media,60 days,Google Ads,New York,French,19-01-2021,CAMP00019,15-09-2025,24-09-2025,260948,21678,4608.11,7497.56,C099,TP1012
CMP04,4,CMP04_display,6,64,9.15,Display,60 days,YouTube,Miami,Mandarin,04-01-2021,CAMP00004,17-04-2025,30-04-2025,156382,2672,1252.63,2209.74,C099,TP462
CMP17,17,CMP17_display,4,40,5.56,Display,45 days,Website,Houston,English,17-01-2021,CAMP00017,30-05-2025,14-06-2025,12103,168,4112.15,11010.78,C099,TP164
CMP06,6,CMP06_display,8,103,3.27,Display,15 days,Instagram,New York,German,06-01-2021,CAMP00006,08-07-2025,21-07-2025,177469,7979,3540.34,3885.94,C099,TP393
CMP05,5,CMP05_email,6,179,7.7,Email,15 days,YouTube,Los Angeles,Mandarin,05-01-2021,CAMP00005,13-03-2025,22-03-2025,285472,4155,4935.48,14111.31,C099,TP799
CMP04,4,CMP04_display,2,66,8.71,Display,60 days,YouTube,Miami,Mandarin,04-01-2021,CAMP00004,17-04-2025,30-04-2025,156382,2672,1252.63,2209.74,C099,TP749
CMP05,5,CMP05_email,3,60,4.38,Email,15 days,YouTube,Los Angeles,Mandarin,05-01-2021,CAMP00005,13-03-2025,22-03-2025,285472,4155,4935.48,14111.31,C100,TP017
CMP19,19,CMP19_social_media,9,102,8.19,Social Media,60 days,Google Ads,New York,French,19-01-2021,CAMP00019,15-09-2025,24-09-2025,260948,21678,4608.11,7497.56,C100,TP665
CMP04,4,CMP04_display,10,199,8.78,Display,60 days,YouTube,Miami,Mandarin,04-01-2021,CAMP00004,17-04-2025,30-04-2025,156382,2672,1252.63,2209.74,C100,TP781
CMP09,9,CMP09_social_media,7,194,6.68,Social Media,15 days,Facebook,Chicago,German,09-01-2021,CAMP00009,02-05-2025,08-05-2025,209438,2474,2385.72,2800.53,C100,TP655
CMP08,8,CMP08_search,4,136,3.76,Search,45 days,Google Ads,Los Angeles,Mandarin,08-01-2021,CAMP00008,13-04-2025,26-04-2025,234598,21435,3793.91,7159.09,C101,TP563
CMP12,12,CMP12_influencer,6,35,1.39,Influencer,60 days,Google Ads,Los Angeles,Mandarin,12-01-2021,CAMP00012,29-03-2025,06-04-2025,107304,7128,3882.92,7276.43,C101,TP699
CMP06,6,CMP06_display,1,138,7.81,Display,15 days,Instagram,New York,German,06-01-2021,CAMP00006,08-07-2025,21-07-2025,177469,7979,3540.34,3885.94,C101,TP1268
CMP14,14,CMP14_email,8,94,1.51,Email,45 days,Instagram,New York,German,14-01-2021,CAMP00014,26-12-2025,31-12-2025,207001,14356,2479.11,2827.93,C101,TP172
CMP18,18,CMP18_influencer,1,145,3.77,Influencer,15 days,Instagram,Miami,French,18-01-2021,CAMP00018,05-11-2025,17-11-2025,281690,22173,3399.93,5565.65,C101,TP1564
CMP14,14,CMP14_email,6,121,6.4,Email,45 days,Instagram,New York,German,14-01-2021,CAMP00014,26-12-2025,31-12-2025,207001,14356,2479.11,2827.93,C101,TP1922
CMP19,19,CMP19_social_media,4,172,3.18,Social Media,60 days,Google Ads,New York,French,19-01-2021,CAMP00019,15-09-2025,24-09-2025,260948,21678,4608.11,7497.56,C101,TP1369
CMP01,1,CMP01_email,0,118,8.37,Email,30 days,Google Ads,Chicago,Spanish,01-01-2021,CAMP00001,13-04-2025,19-04-2025,293520,23335,1052.39,2236.02,C101,TP273
CMP18,18,CMP18_influencer,10,19,6.53,Influencer,15 days,Instagram,Miami,French,18-01-2021,CAMP00018,05-11-2025,17-11-2025,281690,22173,3399.93,5565.65,C102,TP2465
CMP03,3,CMP03_influencer,7,46,2.05,Influencer,30 days,YouTube,Los Angeles,French,03-01-2021,CAMP00003,28-09-2025,06-10-2025,239365,16478,1000.39,1902.24,C102,TP1918
CMP04,4,CMP04_display,0,5,0.87,Display,60 days,YouTube,Miami,Mandarin,04-01-2021,CAMP00004,17-04-2025,30-04-2025,156382,2672,1252.63,2209.74,C103,TP571
CMP06,6,CMP06_display,7,84,8.94,Display,15 days,Instagram,New York,German,06-01-2021,CAMP00006,08-07-2025,21-07-2025,177469,7979,3540.34,3885.94,C103,TP2501
CMP06,6,CMP06_display,1,42,6.09,Display,15 days,Instagram,New York,German,06-01-2021,CAMP00006,08-07-2025,21-07-2025,177469,7979,3540.34,3885.94,C103,TP1082
CMP12,12,CMP12_influencer,8,31,9.26,Influencer,60 days,Google Ads,Los Angeles,Mandarin,12-01-2021,CAMP00012,29-03-2025,06-04-2025,107304,7128,3882.92,7276.43,C103,TP001
CMP08,8,CMP08_search,10,42,7.56,Search,45 days,Google Ads,Los Angeles,Mandarin,08-01-2021,CAMP00008,13-04-2025,26-04-2025,234598,21435,3793.91,7159.09,C103,TP009
CMP08,8,CMP08_search,7,88,6.77,Search,45 days,Google Ads,Los Angeles,Mandarin,08-01-2021,CAMP00008,13-04-2025,26-04-2025,234598,21435,3793.91,7159.09,C103,TP1991
CMP13,13,CMP13_social_media,2,195,4.07,Social Media,60 days,Facebook,Chicago,Mandarin,13-01-2021,CAMP00013,10-04-2025,15-04-2025,194692,11436,973.85,2310.62,C104,TP1427
CMP05,5,CMP05_email,2,27,5.15,Email,15 days,YouTube,Los Angeles,Mandarin,05-01-2021,CAMP00005,13-03-2025,22-03-2025,285472,4155,4935.48,14111.31,C104,TP387
CMP05,5,CMP05_email,2,62,6.78,Email,15 days,YouTube,Los Angeles,Mandarin,05-01-2021,CAMP00005,13-03-2025,22-03-2025,285472,4155,4935.48,14111.31,C104,TP1529
CMP16,16,CMP16_social_media,2,28,0.8,Social Media,60 days,YouTube,New York,German,16-01-2021,CAMP00016,11-05-2025,24-05-2025,159957,8149,4229.14,8648.05,C104,TP1535
CMP08,8,CMP08_search,10,154,4.95,Search,45 days,Google Ads,Los Angeles,Mandarin,08-01-2021,CAMP00008,13-04-2025,26-04-2025,234598,21435,3793.91,7159.09,C104,TP1445
CMP10,10,CMP10_email,5,13,8.72,Email,15 days,Instagram,Los Angeles,English,10-01-2021,CAMP00010,03-08-2025,16-08-2025,195376,2474,1142.07,2323.19,C104,TP507
CMP15,15,CMP15_display,4,193,5.37,Display,45 days,Website,Chicago,Spanish,15-01-2021,CAMP00015,01-06-2025,06-06-2025,257862,23315,684.67,2001.69,C104,TP1906
CMP14,14,CMP14_email,6,107,6.46,Email,45 days,Instagram,New York,German,14-01-2021,CAMP00014,26-12-2025,31-12-2025,207001,14356,2479.11,2827.93,C104,TP1446
CMP03,3,CMP03_influencer,5,30,4.62,Influencer,30 days,YouTube,Los Angeles,French,03-01-2021,CAMP00003,28-09-2025,06-10-2025,239365,16478,1000.39,1902.24,C105,TP2162
CMP09,9,CMP09_social_media,1,102,8.63,Social Media,15 days,Facebook,Chicago,German,09-01-2021,CAMP00009,02-05-2025,08-05-2025,209438,2474,2385.72,2800.53,C105,TP1011
CMP10,10,CMP10_email,4,136,5.36,Email,15 days,Instagram,Los Angeles,English,10-01-2021,CAMP00010,03-08-2025,16-08-2025,195376,2474,1142.07,2323.19,C105,TP728
CMP06,6,CMP06_display,3,132,9.09,Display,15 days,Instagram,New York,German,06-01-2021,CAMP00006,08-07-2025,21-07-2025,177469,7979,3540.34,3885.94,C105,TP2622
CMP12,12,CMP12_influencer,5,164,8.53,Influencer,60 days,Google Ads,Los Angeles,Mandarin,12-01-2021,CAMP00012,29-03-2025,06-04-2025,107304,7128,3882.92,7276.43,C106,TP091
CMP17,17,CMP17_display,7,96,3.78,Display,45 days,Website,Houston,English,17-01-2021,CAMP00017,30-05-2025,14-06-2025,12103,168,4112.15,11010.78,C106,TP1105
CMP02,2,CMP02_email,7,46,9.46,Email,60 days,Google Ads,New York,German,02-01-2021,CAMP00002,15-12-2025,24-12-2025,200340,15841,3964.9,11740.15,C106,TP1548
CMP17,17,CMP17_display,1,103,1.86,Display,45 days,Website,Houston,English,17-01-2021,CAMP00017,30-05-2025,14-06-2025,12103,168,4112.15,11010.78,C106,TP587
CMP17,17,CMP17_display,6,53,9.68,Display,45 days,Website,Houston,English,17-01-2021,CAMP00017,30-05-2025,14-06-2025,12103,168,4112.15,11010.78,C106,TP2511
CMP06,6,CMP06_display,8,31,2.43,Display,15 days,Instagram,New York,German,06-01-2021,CAMP00006,08-07-2025,21-07-2025,177469,7979,3540.34,3885.94,C107,TP2118
CMP03,3,CMP03_influencer,0,124,3.43,Influencer,30 days,YouTube,Los Angeles,French,03-01-2021,CAMP00003,28-09-2025,06-10-2025,239365,16478,1000.39,1902.24,C107,TP1186
CMP08,8,CMP08_search,10,44,8.22,Search,45 days,Google Ads,Los Angeles,Mandarin,08-01-2021,CAMP00008,13-04-2025,26-04-2025,234598,21435,3793.91,7159.09,C107,TP005
CMP17,17,CMP17_display,6,38,9.09,Display,45 days,Website,Houston,English,17-01-2021,CAMP00017,30-05-2025,14-06-2025,12103,168,4112.15,11010.78,C108,TP569
CMP02,2,CMP02_email,4,167,7.23,Email,60 days,Google Ads,New York,German,02-01-2021,CAMP00002,15-12-2025,24-12-2025,200340,15841,3964.9,11740.15,C108,TP2023
CMP18,18,CMP18_influencer,2,93,1.66,Influencer,15 days,Instagram,Miami,French,18-01-2021,CAMP00018,05-11-2025,17-11-2025,281690,22173,3399.93,5565.65,C108,TP1914
CMP18,18,CMP18_influencer,6,94,2.16,Influencer,15 days,Instagram,Miami,French,18-01-2021,CAMP00018,05-11-2025,17-11-2025,281690,22173,3399.93,5565.65,C108,TP222
CMP09,9,CMP09_social_media,10,150,8.86,Social Media,15 days,Facebook,Chicago,German,09-01-2021,CAMP00009,02-05-2025,08-05-2025,209438,2474,2385.72,2800.53,C108,TP1997
CMP17,17,CMP17_display,3,66,2.18,Display,45 days,Website,Houston,English,17-01-2021,CAMP00017,30-05-2025,14-06-2025,12103,168,4112.15,11010.78,C109,TP811
CMP15,15,CMP15_display,4,161,4.13,Display,45 days,Website,Chicago,Spanish,15-01-2021,CAMP00015,01-06-2025,06-06-2025,257862,23315,684.67,2001.69,C109,TP1806
CMP13,13,CMP13_social_media,2,132,6.28,Social Media,60 days,Facebook,Chicago,Mandarin,13-01-2021,CAMP00013,10-04-2025,15-04-2025,194692,11436,973.85,2310.62,C109,TP1253
CMP12,12,CMP12_influencer,8,138,7.4,Influencer,60 days,Google Ads,Los Angeles,Mandarin,12-01-2021,CAMP00012,29-03-2025,06-04-2025,107304,7128,3882.92,7276.43,C110,TP1567
CMP01,1,CMP01_email,0,4,3.31,Email,30 days,Google Ads,Chicago,Spanish,01-01-2021,CAMP00001,13-04-2025,19-04-2025,293520,23335,1052.39,2236.02,C111,TP1219
CMP06,6,CMP06_display,0,51,4.62,Display,15 days,Instagram,New York,German,06-01-2021,CAMP00006,08-07-2025,21-07-2025,177469,7979,3540.34,3885.94,C111,TP1260
CMP10,10,CMP10_email,4,171,1.11,Email,15 days,Instagram,Los Angeles,English,10-01-2021,CAMP00010,03-08-2025,16-08-2025,195376,2474,1142.07,2323.19,C111,TP1257
CMP15,15,CMP15_display,10,55,7.28,Display,45 days,Website,Chicago,Spanish,15-01-2021,CAMP00015,01-06-2025,06-06-2025,257862,23315,684.67,2001.69,C111,TP1534
CMP13,13,CMP13_social_media,2,174,2.88,Social Media,60 days,Facebook,Chicago,Mandarin,13-01-2021,CAMP00013,10-04-2025,15-04-2025,194692,11436,973.85,2310.62,C111,TP1130
CMP08,8,CMP08_search,2,100,0.66,Search,45 days,Google Ads,Los Angeles,Mandarin,08-01-2021,CAMP00008,13-04-2025,26-04-2025,234598,21435,3793.91,7159.09,C111,TP1459
CMP14,14,CMP14_email,4,105,3.87,Email,45 days,Instagram,New York,German,14-01-2021,CAMP00014,26-12-2025,31-12-2025,207001,14356,2479.11,2827.93,C111,TP1255
CMP04,4,CMP04_display,2,141,1.64,Display,60 days,YouTube,Miami,Mandarin,04-01-2021,CAMP00004,17-04-2025,30-04-2025,156382,2672,1252.63,2209.74,C111,TP1875
CMP11,11,CMP11_display,6,66,5.98,Display,45 days,Email,New York,Spanish,11-01-2021,CAMP00011,27-11-2025,04-12-2025,53998,1343,2491.07,4360.88,C111,TP2537
CMP17,17,CMP17_display,10,131,2.85,Display,45 days,Website,Houston,English,17-01-2021,CAMP00017,30-05-2025,14-06-2025,12103,168,4112.15,11010.78,C112,TP391
CMP07,7,CMP07_email,9,79,1.24,Email,60 days,Website,Los Angeles,Spanish,07-01-2021,CAMP00007,21-01-2025,05-02-2025,174231,2160,1999.53,3306.37,C112,TP1071
CMP10,10,CMP10_email,9,130,3.35,Email,15 days,Instagram,Los Angeles,English,10-01-2021,CAMP00010,03-08-2025,16-08-2025,195376,2474,1142.07,2323.19,C112,TP1744
CMP08,8,CMP08_search,6,21,2.73,Search,45 days,Google Ads,Los Angeles,Mandarin,08-01-2021,CAMP00008,13-04-2025,26-04-2025,234598,21435,3793.91,7159.09,C112,TP357
CMP03,3,CMP03_influencer,7,126,3.11,Influencer,30 days,YouTube,Los Angeles,French,03-01-2021,CAMP00003,28-09-2025,06-10-2025,239365,16478,1000.39,1902.24,C112,TP1287
CMP09,9,CMP09_social_media,1,198,2.76,Social Media,15 days,Facebook,Chicago,German,09-01-2021,CAMP00009,02-05-2025,08-05-2025,209438,2474,2385.72,2800.53,C113,TP2270
CMP12,12,CMP12_influencer,7,139,7.26,Influencer,60 days,Google Ads,Los Angeles,Mandarin,12-01-2021,CAMP00012,29-03-2025,06-04-2025,107304,7128,3882.92,7276.43,C113,TP1339
CMP06,6,CMP06_display,9,155,9.94,Display,15 days,Instagram,New York,German,06-01-2021,CAMP00006,08-07-2025,21-07-2025,177469,7979,3540.34,3885.94,C113,TP383
CMP17,17,CMP17_display,5,38,1.09,Display,45 days,Website,Houston,English,17-01-2021,CAMP00017,30-05-2025,14-06-2025,12103,168,4112.15,11010.78,C113,TP274
CMP04,4,CMP04_display,6,167,8.1,Display,60 days,YouTube,Miami,Mandarin,04-01-2021,CAMP00004,17-04-2025,30-04-2025,156382,2672,1252.63,2209.74,C113,TP263
CMP02,2,CMP02_email,5,178,7.47,Email,60 days,Google Ads,New York,German,02-01-2021,CAMP00002,15-12-2025,24-12-2025,200340,15841,3964.9,11740.15,C113,TP272
CMP10,10,CMP10_email,3,8,6.75,Email,15 days,Instagram,Los Angeles,English,10-01-2021,CAMP00010,03-08-2025,16-08-2025,195376,2474,1142.07,2323.19,C113,TP1867
CMP03,3,CMP03_influencer,1,152,5.15,Influencer,30 days,YouTube,Los Angeles,French,03-01-2021,CAMP00003,28-09-2025,06-10-2025,239365,16478,1000.39,1902.24,C113,TP278
CMP01,1,CMP01_email,2,45,9.26,Email,30 days,Google Ads,Chicago,Spanish,01-01-2021,CAMP00001,13-04-2025,19-04-2025,293520,23335,1052.39,2236.02,C113,TP1195
CMP18,18,CMP18_influencer,0,112,3.44,Influencer,15 days,Instagram,Miami,French,18-01-2021,CAMP00018,05-11-2025,17-11-2025,281690,22173,3399.93,5565.65,C113,TP1670
CMP11,11,CMP11_display,8,55,8.63,Display,45 days,Email,New York,Spanish,11-01-2021,CAMP00011,27-11-2025,04-12-2025,53998,1343,2491.07,4360.88,C114,TP732
CMP05,5,CMP05_email,0,170,5.59,Email,15 days,YouTube,Los Angeles,Mandarin,05-01-2021,CAMP00005,13-03-2025,22-03-2025,285472,4155,4935.48,14111.31,C114,TP1671
CMP13,13,CMP13_social_media,0,116,6.4,Social Media,60 days,Facebook,Chicago,Mandarin,13-01-2021,CAMP00013,10-04-2025,15-04-2025,194692,11436,973.85,2310.62,C114,TP2201
CMP03,3,CMP03_influencer,0,11,8.12,Influencer,30 days,YouTube,Los Angeles,French,03-01-2021,CAMP00003,28-09-2025,06-10-2025,239365,16478,1000.39,1902.24,C114,TP495
CMP12,12,CMP12_influencer,9,111,4.52,Influencer,60 days,Google Ads,Los Angeles,Mandarin,12-01-2021,CAMP00012,29-03-2025,06-04-2025,107304,7128,3882.92,7276.43,C115,TP2207
CMP05,5,CMP05_email,6,73,5.41,Email,15 days,YouTube,Los Angeles,Mandarin,05-01-2021,CAMP00005,13-03-2025,22-03-2025,285472,4155,4935.48,14111.31,C115,TP727
CMP09,9,CMP09_social_media,0,6,5.3,Social Media,15 days,Facebook,Chicago,German,09-01-2021,CAMP00009,02-05-2025,08-05-2025,209438,2474,2385.72,2800.53,C115,TP1788
CMP16,16,CMP16_social_media,1,17,8.4,Social Media,60 days,YouTube,New York,German,16-01-2021,CAMP00016,11-05-2025,24-05-2025,159957,8149,4229.14,8648.05,C115,TP1505
CMP04,4,CMP04_display,5,11,4.09,Display,60 days,YouTube,Miami,Mandarin,04-01-2021,CAMP00004,17-04-2025,30-04-2025,156382,2672,1252.63,2209.74,C116,TP381
CMP07,7,CMP07_email,2,82,2.38,Email,60 days,Website,Los Angeles,Spanish,07-01-2021,CAMP00007,21-01-2025,05-02-2025,174231,2160,1999.53,3306.37,C116,TP475
CMP07,7,CMP07_email,2,31,9.17,Email,60 days,Website,Los Angeles,Spanish,07-01-2021,CAMP00007,21-01-2025,05-02-2025,174231,2160,1999.53,3306.37,C116,TP239
CMP02,2,CMP02_email,3,61,6.75,Email,60 days,Google Ads,New York,German,02-01-2021,CAMP00002,15-12-2025,24-12-2025,200340,15841,3964.9,11740.15,C116,TP2498
CMP10,10,CMP10_email,0,181,7.32,Email,15 days,Instagram,Los Angeles,English,10-01-2021,CAMP00010,03-08-2025,16-08-2025,195376,2474,1142.07,2323.19,C117,TP1827
CMP17,17,CMP17_display,1,185,8.34,Display,45 days,Website,Houston,English,17-01-2021,CAMP00017,30-05-2025,14-06-2025,12103,168,4112.15,11010.78,C117,TP600
CMP14,14,CMP14_email,5,112,6.42,Email,45 days,Instagram,New York,German,14-01-2021,CAMP00014,26-12-2025,31-12-2025,207001,14356,2479.11,2827.93,C117,TP1587
CMP04,4,CMP04_display,2,181,2.87,Display,60 days,YouTube,Miami,Mandarin,04-01-2021,CAMP00004,17-04-2025,30-04-2025,156382,2672,1252.63,2209.74,C117,TP2442
CMP11,11,CMP11_display,5,24,1.68,Display,45 days,Email,New York,Spanish,11-01-2021,CAMP00011,27-11-2025,04-12-2025,53998,1343,2491.07,4360.88,C117,TP900
CMP14,14,CMP14_email,6,60,6.16,Email,45 days,Instagram,New York,German,14-01-2021,CAMP00014,26-12-2025,31-12-2025,207001,14356,2479.11,2827.93,C117,TP2625
CMP01,1,CMP01_email,2,40,0.67,Email,30 days,Google Ads,Chicago,Spanish,01-01-2021,CAMP00001,13-04-2025,19-04-2025,293520,23335,1052.39,2236.02,C117,TP1972
CMP06,6,CMP06_display,4,144,7.14,Display,15 days,Instagram,New York,German,06-01-2021,CAMP00006,08-07-2025,21-07-2025,177469,7979,3540.34,3885.94,C118,TP1333
CMP08,8,CMP08_search,6,152,8.77,Search,45 days,Google Ads,Los Angeles,Mandarin,08-01-2021,CAMP00008,13-04-2025,26-04-2025,234598,21435,3793.91,7159.09,C118,TP1315
CMP15,15,CMP15_display,2,123,2.47,Display,45 days,Website,Chicago,Spanish,15-01-2021,CAMP00015,01-06-2025,06-06-2025,257862,23315,684.67,2001.69,C118,TP1057
CMP13,13,CMP13_social_media,4,156,1.81,Social Media,60 days,Facebook,Chicago,Mandarin,13-01-2021,CAMP00013,10-04-2025,15-04-2025,194692,11436,973.85,2310.62,C118,TP614
CMP18,18,CMP18_influencer,9,60,8.32,Influencer,15 days,Instagram,Miami,French,18-01-2021,CAMP00018,05-11-2025,17-11-2025,281690,22173,3399.93,5565.65,C118,TP1483
CMP02,2,CMP02_email,6,28,5.47,Email,60 days,Google Ads,New York,German,02-01-2021,CAMP00002,15-12-2025,24-12-2025,200340,15841,3964.9,11740.15,C118,TP1634
CMP03,3,CMP03_influencer,2,185,2.91,Influencer,30 days,YouTube,Los Angeles,French,03-01-2021,CAMP00003,28-09-2025,06-10-2025,239365,16478,1000.39,1902.24,C119,TP1232
CMP04,4,CMP04_display,0,85,6.35,Display,60 days,YouTube,Miami,Mandarin,04-01-2021,CAMP00004,17-04-2025,30-04-2025,156382,2672,1252.63,2209.74,C119,TP991
CMP01,1,CMP01_email,6,53,4.6,Email,30 days,Google Ads,Chicago,Spanish,01-01-2021,CAMP00001,13-04-2025,19-04-2025,293520,23335,1052.39,2236.02,C119,TP1761
CMP10,10,CMP10_email,10,173,7.58,Email,15 days,Instagram,Los Angeles,English,10-01-2021,CAMP00010,03-08-2025,16-08-2025,195376,2474,1142.07,2323.19,C119,TP2573
CMP08,8,CMP08_search,6,154,6.74,Search,45 days,Google Ads,Los Angeles,Mandarin,08-01-2021,CAMP00008,13-04-2025,26-04-2025,234598,21435,3793.91,7159.09,C120,TP591
CMP16,16,CMP16_social_media,7,133,5.26,Social Media,60 days,YouTube,New York,German,16-01-2021,CAMP00016,11-05-2025,24-05-2025,159957,8149,4229.14,8648.05,C120,TP1724
CMP11,11,CMP11_display,5,138,4.15,Display,45 days,Email,New York,Spanish,11-01-2021,CAMP00011,27-11-2025,04-12-2025,53998,1343,2491.07,4360.88,C120,TP1780
CMP16,16,CMP16_social_media,8,36,9.54,Social Media,60 days,YouTube,New York,German,16-01-2021,CAMP00016,11-05-2025,24-05-2025,159957,8149,4229.14,8648.05,C120,TP2152
CMP11,11,CMP11_display,2,30,2.6,Display,45 days,Email,New York,Spanish,11-01-2021,CAMP00011,27-11-2025,04-12-2025,53998,1343,2491.07,4360.88,C120,TP2315
CMP01,1,CMP01_email,0,159,9.09,Email,30 days,Google Ads,Chicago,Spanish,01-01-2021,CAMP00001,13-04-2025,19-04-2025,293520,23335,1052.39,2236.02,C120,TP378
CMP04,4,CMP04_display,1,64,6.18,Display,60 days,YouTube,Miami,Mandarin,04-01-2021,CAMP00004,17-04-2025,30-04-2025,156382,2672,1252.63,2209.74,C121,TP238
CMP07,7,CMP07_email,2,44,2.0,Email,60 days,Website,Los Angeles,Spanish,07-01-2021,CAMP00007,21-01-2025,05-02-2025,174231,2160,1999.53,3306.37,C121,TP1181
CMP08,8,CMP08_search,3,15,2.0,Search,45 days,Google Ads,Los Angeles,Mandarin,08-01-2021,CAMP00008,13-04-2025,26-04-2025,234598,21435,3793.91,7159.09,C122,TP608
CMP07,7,CMP07_email,1,186,5.72,Email,60 days,Website,Los Angeles,Spanish,07-01-2021,CAMP00007,21-01-2025,05-02-2025,174231,2160,1999.53,3306.37,C122,TP843
CMP04,4,CMP04_display,5,105,9.48,Display,60 days,YouTube,Miami,Mandarin,04-01-2021,CAMP00004,17-04-2025,30-04-2025,156382,2672,1252.63,2209.74,C122,TP1849
CMP02,2,CMP02_email,7,59,5.34,Email,60 days,Google Ads,New York,German,02-01-2021,CAMP00002,15-12-2025,24-12-2025,200340,15841,3964.9,11740.15,C122,TP818
CMP04,4,CMP04_display,0,60,1.88,Display,60 days,YouTube,Miami,Mandarin,04-01-2021,CAMP00004,17-04-2025,30-04-2025,156382,2672,1252.63,2209.74,C122,TP2565
CMP02,2,CMP02_email,7,28,8.66,Email,60 days,Google Ads,New York,German,02-01-2021,CAMP00002,15-12-2025,24-12-2025,200340,15841,3964.9,11740.15,C122,TP1153
CMP08,8,CMP08_search,8,129,4.13,Search,45 days,Google Ads,Los Angeles,Mandarin,08-01-2021,CAMP00008,13-04-2025,26-04-2025,234598,21435,3793.91,7159.09,C122,TP2507
CMP04,4,CMP04_display,0,108,0.79,Display,60 days,YouTube,Miami,Mandarin,04-01-2021,CAMP00004,17-04-2025,30-04-2025,156382,2672,1252.63,2209.74,C122,TP010
CMP16,16,CMP16_social_media,0,101,9.96,Social Media,60 days,YouTube,New York,German,16-01-2021,CAMP00016,11-05-2025,24-05-2025,159957,8149,4229.14,8648.05,C122,TP948
CMP16,16,CMP16_social_media,5,176,6.04,Social Media,60 days,YouTube,New York,German,16-01-2021,CAMP00016,11-05-2025,24-05-2025,159957,8149,4229.14,8648.05,C123,TP2519
CMP13,13,CMP13_social_media,7,143,5.28,Social Media,60 days,Facebook,Chicago,Mandarin,13-01-2021,CAMP00013,10-04-2025,15-04-2025,194692,11436,973.85,2310.62,C123,TP302
CMP01,1,CMP01_email,8,99,3.4,Email,30 days,Google Ads,Chicago,Spanish,01-01-2021,CAMP00001,13-04-2025,19-04-2025,293520,23335,1052.39,2236.02,C123,TP2165
CMP18,18,CMP18_influencer,0,100,2.89,Influencer,15 days,Instagram,Miami,French,18-01-2021,CAMP00018,05-11-2025,17-11-2025,281690,22173,3399.93,5565.65,C123,TP1480
CMP15,15,CMP15_display,1,38,2.58,Display,45 days,Website,Chicago,Spanish,15-01-2021,CAMP00015,01-06-2025,06-06-2025,257862,23315,684.67,2001.69,C124,TP586
CMP19,19,CMP19_social_media,6,8,3.49,Social Media,60 days,Google Ads,New York,French,19-01-2021,CAMP00019,15-09-2025,24-09-2025,260948,21678,4608.11,7497.56,C124,TP2183
CMP13,13,CMP13_social_media,2,1,3.7,Social Media,60 days,Facebook,Chicago,Mandarin,13-01-2021,CAMP00013,10-04-2025,15-04-2025,194692,11436,973.85,2310.62,C124,TP317
CMP02,2,CMP02_email,0,34,0.93,Email,60 days,Google Ads,New York,German,02-01-2021,CAMP00002,15-12-2025,24-12-2025,200340,15841,3964.9,11740.15,C125,TP1431
CMP08,8,CMP08_search,7,96,1.75,Search,45 days,Google Ads,Los Angeles,Mandarin,08-01-2021,CAMP00008,13-04-2025,26-04-2025,234598,21435,3793.91,7159.09,C125,TP2639
CMP07,7,CMP07_email,4,47,2.7,Email,60 days,Website,Los Angeles,Spanish,07-01-2021,CAMP00007,21-01-2025,05-02-2025,174231,2160,1999.53,3306.37,C125,TP550
CMP16,16,CMP16_social_media,2,189,7.79,Social Media,60 days,YouTube,New York,German,16-01-2021,CAMP00016,11-05-2025,24-05-2025,159957,8149,4229.14,8648.05,C126,TP1242
CMP03,3,CMP03_influencer,5,18,5.59,Influencer,30 days,YouTube,Los Angeles,French,03-01-2021,CAMP00003,28-09-2025,06-10-2025,239365,16478,1000.39,1902.24,C126,TP289
CMP08,8,CMP08_search,9,36,2.48,Search,45 days,Google Ads,Los Angeles,Mandarin,08-01-2021,CAMP00008,13-04-2025,26-04-2025,234598,21435,3793.91,7159.09,C126,TP874
CMP11,11,CMP11_display,2,122,8.84,Display,45 days,Email,New York,Spanish,11-01-2021,CAMP00011,27-11-2025,04-12-2025,53998,1343,2491.07,4360.88,C126,TP613
CMP08,8,CMP08_search,2,6,2.21,Search,45 days,Google Ads,Los Angeles,Mandarin,08-01-2021,CAMP00008,13-04-2025,26-04-2025,234598,21435,3793.91,7159.09,C126,TP880
CMP11,11,CMP11_display,8,153,2.86,Display,45 days,Email,New York,Spanish,11-01-2021,CAMP00011,27-11-2025,04-12-2025,53998,1343,2491.07,4360.88,C126,TP1124
CMP08,8,CMP08_search,0,73,9.99,Search,45 days,Google Ads,Los Angeles,Mandarin,08-01-2021,CAMP00008,13-04-2025,26-04-2025,234598,21435,3793.91,7159.09,C127,TP2551
CMP18,18,CMP18_influencer,10,21,8.73,Influencer,15 days,Instagram,Miami,French,18-01-2021,CAMP00018,05-11-2025,17-11-2025,281690,22173,3399.93,5565.65,C127,TP501
CMP15,15,CMP15_display,9,37,4.3,Display,45 days,Website,Chicago,Spanish,15-01-2021,CAMP00015,01-06-2025,06-06-2025,257862,23315,684.67,2001.69,C127,TP603
CMP04,4,CMP04_display,1,14,0.88,Display,60 days,YouTube,Miami,Mandarin,04-01-2021,CAMP00004,17-04-2025,30-04-2025,156382,2672,1252.63,2209.74,C127,TP1547
CMP11,11,CMP11_display,1,182,2.71,Display,45 days,Email,New York,Spanish,11-01-2021,CAMP00011,27-11-2025,04-12-2025,53998,1343,2491.07,4360.88,C127,TP1201
CMP07,7,CMP07_email,6,106,6.38,Email,60 days,Website,Los Angeles,Spanish,07-01-2021,CAMP00007,21-01-2025,05-02-2025,174231,2160,1999.53,3306.37,C128,TP484
CMP12,12,CMP12_influencer,3,198,3.51,Influencer,60 days,Google Ads,Los Angeles,Mandarin,12-01-2021,CAMP00012,29-03-2025,06-04-2025,107304,7128,3882.92,7276.43,C128,TP338
CMP10,10,CMP10_email,6,103,2.73,Email,15 days,Instagram,Los Angeles,English,10-01-2021,CAMP00010,03-08-2025,16-08-2025,195376,2474,1142.07,2323.19,C128,TP1604
CMP01,1,CMP01_email,4,143,4.17,Email,30 days,Google Ads,Chicago,Spanish,01-01-2021,CAMP00001,13-04-2025,19-04-2025,293520,23335,1052.39,2236.02,C128,TP1784
CMP16,16,CMP16_social_media,5,144,5.81,Social Media,60 days,YouTube,New York,German,16-01-2021,CAMP00016,11-05-2025,24-05-2025,159957,8149,4229.14,8648.05,C128,TP1813
CMP07,7,CMP07_email,8,67,8.18,Email,60 days,Website,Los Angeles,Spanish,07-01-2021,CAMP00007,21-01-2025,05-02-2025,174231,2160,1999.53,3306.37,C128,TP228
CMP14,14,CMP14_email,7,87,7.62,Email,45 days,Instagram,New York,German,14-01-2021,CAMP00014,26-12-2025,31-12-2025,207001,14356,2479.11,2827.93,C128,TP419
CMP08,8,CMP08_search,10,150,2.37,Search,45 days,Google Ads,Los Angeles,Mandarin,08-01-2021,CAMP00008,13-04-2025,26-04-2025,234598,21435,3793.91,7159.09,C129,TP606
CMP13,13,CMP13_social_media,2,185,3.69,Social Media,60 days,Facebook,Chicago,Mandarin,13-01-2021,CAMP00013,10-04-2025,15-04-2025,194692,11436,973.85,2310.62,C129,TP135
CMP17,17,CMP17_display,1,76,2.85,Display,45 days,Website,Houston,English,17-01-2021,CAMP00017,30-05-2025,14-06-2025,12103,168,4112.15,11010.78,C129,TP1902
CMP15,15,CMP15_display,8,115,4.38,Display,45 days,Website,Chicago,Spanish,15-01-2021,CAMP00015,01-06-2025,06-06-2025,257862,23315,684.67,2001.69,C129,TP342
CMP05,5,CMP05_email,0,150,0.62,Email,15 days,YouTube,Los Angeles,Mandarin,05-01-2021,CAMP00005,13-03-2025,22-03-2025,285472,4155,4935.48,14111.31,C130,TP1852
CMP11,11,CMP11_display,4,42,7.61,Display,45 days,Email,New York,Spanish,11-01-2021,CAMP00011,27-11-2025,04-12-2025,53998,1343,2491.07,4360.88,C130,TP2359
CMP11,11,CMP11_display,5,34,7.5,Display,45 days,Email,New York,Spanish,11-01-2021,CAMP00011,27-11-2025,04-12-2025,53998,1343,2491.07,4360.88,C130,TP280
CMP17,17,CMP17_display,5,150,6.64,Display,45 days,Website,Houston,English,17-01-2021,CAMP00017,30-05-2025,14-06-2025,12103,168,4112.15,11010.78,C130,TP1365
CMP19,19,CMP19_social_media,8,105,6.62,Social Media,60 days,Google Ads,New York,French,19-01-2021,CAMP00019,15-09-2025,24-09-2025,260948,21678,4608.11,7497.56,C130,TP1502
CMP10,10,CMP10_email,9,70,5.48,Email,15 days,Instagram,Los Angeles,English,10-01-2021,CAMP00010,03-08-2025,16-08-2025,195376,2474,1142.07,2323.19,C130,TP290
CMP13,13,CMP13_social_media,2,5,8.8,Social Media,60 days,Facebook,Chicago,Mandarin,13-01-2021,CAMP00013,10-04-2025,15-04-2025,194692,11436,973.85,2310.62,C131,TP020
CMP06,6,CMP06_display,3,116,6.62,Display,15 days,Instagram,New York,German,06-01-2021,CAMP00006,08-07-2025,21-07-2025,177469,7979,3540.34,3885.94,C131,TP1682
CMP17,17,CMP17_display,5,37,6.58,Display,45 days,Website,Houston,English,17-01-2021,CAMP00017,30-05-2025,14-06-2025,12103,168,4112.15,11010.78,C131,TP2001
CMP15,15,CMP15_display,1,103,3.74,Display,45 days,Website,Chicago,Spanish,15-01-2021,CAMP00015,01-06-2025,06-06-2025,257862,23315,684.67,2001.69,C131,TP056
CMP02,2,CMP02_email,1,172,3.29,Email,60 days,Google Ads,New York,German,02-01-2021,CAMP00002,15-12-2025,24-12-2025,200340,15841,3964.9,11740.15,C131,TP175
CMP15,15,CMP15_display,1,48,4.32,Display,45 days,Website,Chicago,Spanish,15-01-2021,CAMP00015,01-06-2025,06-06-2025,257862,23315,684.67,2001.69,C131,TP1911
CMP02,2,CMP02_email,10,160,9.98,Email,60 days,Google Ads,New York,German,02-01-2021,CAMP00002,15-12-2025,24-12-2025,200340,15841,3964.9,11740.15,C131,TP374
CMP12,12,CMP12_influencer,10,80,4.74,Influencer,60 days,Google Ads,Los Angeles,Mandarin,12-01-2021,CAMP00012,29-03-2025,06-04-2025,107304,7128,3882.92,7276.43,C131,TP2589
CMP06,6,CMP06_display,8,77,2.97,Display,15 days,Instagram,New York,German,06-01-2021,CAMP00006,08-07-2025,21-07-2025,177469,7979,3540.34,3885.94,C132,TP1418
CMP03,3,CMP03_influencer,3,25,6.31,Influencer,30 days,YouTube,Los Angeles,French,03-01-2021,CAMP00003,28-09-2025,06-10-2025,239365,16478,1000.39,1902.24,C132,TP859
CMP06,6,CMP06_display,7,138,8.13,Display,15 days,Instagram,New York,German,06-01-2021,CAMP00006,08-07-2025,21-07-2025,177469,7979,3540.34,3885.94,C132,TP1676
CMP09,9,CMP09_social_media,1,106,4.37,Social Media,15 days,Facebook,Chicago,German,09-01-2021,CAMP00009,02-05-2025,08-05-2025,209438,2474,2385.72,2800.53,C133,TP1330
CMP13,13,CMP13_social_media,6,176,8.76,Social Media,60 days,Facebook,Chicago,Mandarin,13-01-2021,CAMP00013,10-04-2025,15-04-2025,194692,11436,973.85,2310.62,C133,TP1543
CMP11,11,CMP11_display,10,65,6.08,Display,45 days,Email,New York,Spanish,11-01-2021,CAMP00011,27-11-2025,04-12-2025,53998,1343,2491.07,4360.88,C133,TP1022
CMP15,15,CMP15_display,3,70,3.93,Display,45 days,Website,Chicago,Spanish,15-01-2021,CAMP00015,01-06-2025,06-06-2025,257862,23315,684.67,2001.69,C133,TP1166
CMP01,1,CMP01_email,2,166,0.89,Email,30 days,Google Ads,Chicago,Spanish,01-01-2021,CAMP00001,13-04-2025,19-04-2025,293520,23335,1052.39,2236.02,C133,TP1108
CMP18,18,CMP18_influencer,0,138,6.02,Influencer,15 days,Instagram,Miami,French,18-01-2021,CAMP00018,05-11-2025,17-11-2025,281690,22173,3399.93,5565.65,C133,TP2241
CMP06,6,CMP06_display,4,184,5.79,Display,15 days,Instagram,New York,German,06-01-2021,CAMP00006,08-07-2025,21-07-2025,177469,7979,3540.34,3885.94,C133,TP819
CMP05,5,CMP05_email,3,170,1.78,Email,15 days,YouTube,Los Angeles,Mandarin,05-01-2021,CAMP00005,13-03-2025,22-03-2025,285472,4155,4935.48,14111.31,C134,TP901
CMP09,9,CMP09_social_media,8,93,4.28,Social Media,15 days,Facebook,Chicago,German,09-01-2021,CAMP00009,02-05-2025,08-05-2025,209438,2474,2385.72,2800.53,C134,TP1451
CMP05,5,CMP05_email,9,44,1.77,Email,15 days,YouTube,Los Angeles,Mandarin,05-01-2021,CAMP00005,13-03-2025,22-03-2025,285472,4155,4935.48,14111.31,C134,TP2333
CMP09,9,CMP09_social_media,9,140,8.06,Social Media,15 days,Facebook,Chicago,German,09-01-2021,CAMP00009,02-05-2025,08-05-2025,209438,2474,2385.72,2800.53,C134,TP1834
CMP17,17,CMP17_display,6,149,2.25,Display,45 days,Website,Houston,English,17-01-2021,CAMP00017,30-05-2025,14-06-2025,12103,168,4112.15,11010.78,C134,TP1519
CMP16,16,CMP16_social_media,7,137,1.43,Social Media,60 days,YouTube,New York,German,16-01-2021,CAMP00016,11-05-2025,24-05-2025,159957,8149,4229.14,8648.05,C134,TP219
CMP07,7,CMP07_email,10,121,0.55,Email,60 days,Website,Los Angeles,Spanish,07-01-2021,CAMP00007,21-01-2025,05-02-2025,174231,2160,1999.53,3306.37,C134,TP1314
CMP05,5,CMP05_email,9,142,5.08,Email,15 days,YouTube,Los Angeles,Mandarin,05-01-2021,CAMP00005,13-03-2025,22-03-2025,285472,4155,4935.48,14111.31,C135,TP059
CMP04,4,CMP04_display,8,189,6.31,Display,60 days,YouTube,Miami,Mandarin,04-01-2021,CAMP00004,17-04-2025,30-04-2025,156382,2672,1252.63,2209.74,C135,TP416
CMP13,13,CMP13_social_media,10,103,7.81,Social Media,60 days,Facebook,Chicago,Mandarin,13-01-2021,CAMP00013,10-04-2025,15-04-2025,194692,11436,973.85,2310.62,C135,TP153
CMP09,9,CMP09_social_media,1,139,1.52,Social Media,15 days,Facebook,Chicago,German,09-01-2021,CAMP00009,02-05-2025,08-05-2025,209438,2474,2385.72,2800.53,C136,TP850
CMP13,13,CMP13_social_media,9,115,6.95,Social Media,60 days,Facebook,Chicago,Mandarin,13-01-2021,CAMP00013,10-04-2025,15-04-2025,194692,11436,973.85,2310.62,C136,TP137
CMP11,11,CMP11_display,10,83,2.71,Display,45 days,Email,New York,Spanish,11-01-2021,CAMP00011,27-11-2025,04-12-2025,53998,1343,2491.07,4360.88,C136,TP952
CMP12,12,CMP12_influencer,10,116,9.32,Influencer,60 days,Google Ads,Los Angeles,Mandarin,12-01-2021,CAMP00012,29-03-2025,06-04-2025,107304,7128,3882.92,7276.43,C136,TP1495
CMP10,10,CMP10_email,10,39,8.33,Email,15 days,Instagram,Los Angeles,English,10-01-2021,CAMP00010,03-08-2025,16-08-2025,195376,2474,1142.07,2323.19,C137,TP2168
CMP07,7,CMP07_email,9,125,4.13,Email,60 days,Website,Los Angeles,Spanish,07-01-2021,CAMP00007,21-01-2025,05-02-2025,174231,2160,1999.53,3306.37,C137,TP1297
CMP18,18,CMP18_influencer,4,13,4.98,Influencer,15 days,Instagram,Miami,French,18-01-2021,CAMP00018,05-11-2025,17-11-2025,281690,22173,3399.93,5565.65,C137,TP1390
CMP09,9,CMP09_social_media,7,83,3.94,Social Media,15 days,Facebook,Chicago,German,09-01-2021,CAMP00009,02-05-2025,08-05-2025,209438,2474,2385.72,2800.53,C137,TP247
CMP16,16,CMP16_social_media,3,134,1.93,Social Media,60 days,YouTube,New York,German,16-01-2021,CAMP00016,11-05-2025,24-05-2025,159957,8149,4229.14,8648.05,C137,TP1974
CMP06,6,CMP06_display,7,85,7.86,Display,15 days,Instagram,New York,German,06-01-2021,CAMP00006,08-07-2025,21-07-2025,177469,7979,3540.34,3885.94,C137,TP1583
CMP16,16,CMP16_social_media,2,166,5.15,Social Media,60 days,YouTube,New York,German,16-01-2021,CAMP00016,11-05-2025,24-05-2025,159957,8149,4229.14,8648.05,C138,TP1360
CMP10,10,CMP10_email,2,88,2.17,Email,15 days,Instagram,Los Angeles,English,10-01-2021,CAMP00010,03-08-2025,16-08-2025,195376,2474,1142.07,2323.19,C138,TP1111
CMP04,4,CMP04_display,5,21,9.17,Display,60 days,YouTube,Miami,Mandarin,04-01-2021,CAMP00004,17-04-2025,30-04-2025,156382,2672,1252.63,2209.74,C139,TP140
CMP17,17,CMP17_display,5,96,1.71,Display,45 days,Website,Houston,English,17-01-2021,CAMP00017,30-05-2025,14-06-2025,12103,168,4112.15,11010.78,C139,TP1349
CMP14,14,CMP14_email,9,71,9.43,Email,45 days,Instagram,New York,German,14-01-2021,CAMP00014,26-12-2025,31-12-2025,207001,14356,2479.11,2827.93,C140,TP2086
CMP01,1,CMP01_email,3,133,6.06,Email,30 days,Google Ads,Chicago,Spanish,01-01-2021,CAMP00001,13-04-2025,19-04-2025,293520,23335,1052.39,2236.02,C140,TP364
CMP06,6,CMP06_display,4,34,7.48,Display,15 days,Instagram,New York,German,06-01-2021,CAMP00006,08-07-2025,21-07-2025,177469,7979,3540.34,3885.94,C140,TP1340
CMP08,8,CMP08_search,4,182,7.67,Search,45 days,Google Ads,Los Angeles,Mandarin,08-01-2021,CAMP00008,13-04-2025,26-04-2025,234598,21435,3793.91,7159.09,C141,TP837
CMP17,17,CMP17_display,2,90,9.79,Display,45 days,Website,Houston,English,17-01-2021,CAMP00017,30-05-2025,14-06-2025,12103,168,4112.15,11010.78,C141,TP1528
CMP02,2,CMP02_email,1,84,2.8,Email,60 days,Google Ads,New York,German,02-01-2021,CAMP00002,15-12-2025,24-12-2025,200340,15841,3964.9,11740.15,C141,TP2034
CMP15,15,CMP15_display,6,177,4.47,Display,45 days,Website,Chicago,Spanish,15-01-2021,CAMP00015,01-06-2025,06-06-2025,257862,23315,684.67,2001.69,C141,TP1644
CMP15,15,CMP15_display,7,143,6.82,Display,45 days,Website,Chicago,Spanish,15-01-2021,CAMP00015,01-06-2025,06-06-2025,257862,23315,684.67,2001.69,C141,TP877
CMP01,1,CMP01_email,3,19,9.19,Email,30 days,Google Ads,Chicago,Spanish,01-01-2021,CAMP00001,13-04-2025,19-04-2025,293520,23335,1052.39,2236.02,C142,TP1344
CMP18,18,CMP18_influencer,5,121,4.42,Influencer,15 days,Instagram,Miami,French,18-01-2021,CAMP00018,05-11-2025,17-11-2025,281690,22173,3399.93,5565.65,C142,TP2066
CMP05,5,CMP05_email,6,14,9.67,Email,15 days,YouTube,Los Angeles,Mandarin,05-01-2021,CAMP00005,13-03-2025,22-03-2025,285472,4155,4935.48,14111.31,C142,TP533
CMP11,11,CMP11_display,8,115,7.59,Display,45 days,Email,New York,Spanish,11-01-2021,CAMP00011,27-11-2025,04-12-2025,53998,1343,2491.07,4360.88,C143,TP537
CMP03,3,CMP03_influencer,0,144,8.35,Influencer,30 days,YouTube,Los Angeles,French,03-01-2021,CAMP00003,28-09-2025,06-10-2025,239365,16478,1000.39,1902.24,C143,TP1952
CMP15,15,CMP15_display,3,189,9.23,Display,45 days,Website,Chicago,Spanish,15-01-2021,CAMP00015,01-06-2025,06-06-2025,257862,23315,684.67,2001.69,C143,TP203
CMP08,8,CMP08_search,10,153,3.53,Search,45 days,Google Ads,Los Angeles,Mandarin,08-01-2021,CAMP00008,13-04-2025,26-04-2025,234598,21435,3793.91,7159.09,C143,TP2509
CMP16,16,CMP16_social_media,2,184,7.55,Social Media,60 days,YouTube,New York,German,16-01-2021,CAMP00016,11-05-2025,24-05-2025,159957,8149,4229.14,8648.05,C143,TP1436
CMP18,18,CMP18_influencer,3,192,4.83,Influencer,15 days,Instagram,Miami,French,18-01-2021,CAMP00018,05-11-2025,17-11-2025,281690,22173,3399.93,5565.65,C143,TP926
CMP08,8,CMP08_search,8,153,5.49,Search,45 days,Google Ads,Los Angeles,Mandarin,08-01-2021,CAMP00008,13-04-2025,26-04-2025,234598,21435,3793.91,7159.09,C144,TP355
CMP10,10,CMP10_email,5,181,1.11,Email,15 days,Instagram,Los Angeles,English,10-01-2021,CAMP00010,03-08-2025,16-08-2025,195376,2474,1142.07,2323.19,C144,TP808
CMP11,11,CMP11_display,5,96,9.64,Display,45 days,Email,New York,Spanish,11-01-2021,CAMP00011,27-11-2025,04-12-2025,53998,1343,2491.07,4360.88,C144,TP1659
CMP02,2,CMP02_email,7,150,4.61,Email,60 days,Google Ads,New York,German,02-01-2021,CAMP00002,15-12-2025,24-12-2025,200340,15841,3964.9,11740.15,C144,TP583
CMP18,18,CMP18_influencer,4,161,9.33,Influencer,15 days,Instagram,Miami,French,18-01-2021,CAMP00018,05-11-2025,17-11-2025,281690,22173,3399.93,5565.65,C144,TP796
CMP09,9,CMP09_social_media,2,1,5.9,Social Media,15 days,Facebook,Chicago,German,09-01-2021,CAMP00009,02-05-2025,08-05-2025,209438,2474,2385.72,2800.53,C144,TP314
CMP08,8,CMP08_search,6,159,5.16,Search,45 days,Google Ads,Los Angeles,Mandarin,08-01-2021,CAMP00008,13-04-2025,26-04-2025,234598,21435,3793.91,7159.09,C144,TP633
CMP12,12,CMP12_influencer,6,116,8.46,Influencer,60 days,Google Ads,Los Angeles,Mandarin,12-01-2021,CAMP00012,29-03-2025,06-04-2025,107304,7128,3882.92,7276.43,C144,TP933
CMP03,3,CMP03_influencer,9,107,4.93,Influencer,30 days,YouTube,Los Angeles,French,03-01-2021,CAMP00003,28-09-2025,06-10-2025,239365,16478,1000.39,1902.24,C145,TP2145
CMP18,18,CMP18_influencer,7,60,9.65,Influencer,15 days,Instagram,Miami,French,18-01-2021,CAMP00018,05-11-2025,17-11-2025,281690,22173,3399.93,5565.65,C145,TP2406
CMP09,9,CMP09_social_media,1,68,7.26,Social Media,15 days,Facebook,Chicago,German,09-01-2021,CAMP00009,02-05-2025,08-05-2025,209438,2474,2385.72,2800.53,C145,TP964
CMP02,2,CMP02_email,5,121,8.04,Email,60 days,Google Ads,New York,German,02-01-2021,CAMP00002,15-12-2025,24-12-2025,200340,15841,3964.9,11740.15,C145,TP1439
CMP08,8,CMP08_search,5,22,6.94,Search,45 days,Google Ads,Los Angeles,Mandarin,08-01-2021,CAMP00008,13-04-2025,26-04-2025,234598,21435,3793.91,7159.09,C145,TP855
CMP09,9,CMP09_social_media,1,31,5.91,Social Media,15 days,Facebook,Chicago,German,09-01-2021,CAMP00009,02-05-2025,08-05-2025,209438,2474,2385.72,2800.53,C145,TP590
CMP01,1,CMP01_email,10,77,3.36,Email,30 days,Google Ads,Chicago,Spanish,01-01-2021,CAMP00001,13-04-2025,19-04-2025,293520,23335,1052.39,2236.02,C145,TP1245
CMP09,9,CMP09_social_media,6,38,7.75,Social Media,15 days,Facebook,Chicago,German,09-01-2021,CAMP00009,02-05-2025,08-05-2025,209438,2474,2385.72,2800.53,C145,TP1033
CMP04,4,CMP04_display,1,70,2.33,Display,60 days,YouTube,Miami,Mandarin,04-01-2021,CAMP00004,17-04-2025,30-04-2025,156382,2672,1252.63,2209.74,C146,TP2071
CMP14,14,CMP14_email,5,137,7.09,Email,45 days,Instagram,New York,German,14-01-2021,CAMP00014,26-12-2025,31-12-2025,207001,14356,2479.11,2827.93,C146,TP995
CMP04,4,CMP04_display,5,43,7.53,Display,60 days,YouTube,Miami,Mandarin,04-01-2021,CAMP00004,17-04-2025,30-04-2025,156382,2672,1252.63,2209.74,C146,TP1254
CMP05,5,CMP05_email,10,171,6.75,Email,15 days,YouTube,Los Angeles,Mandarin,05-01-2021,CAMP00005,13-03-2025,22-03-2025,285472,4155,4935.48,14111.31,C146,TP825
CMP19,19,CMP19_social_media,8,79,8.91,Social Media,60 days,Google Ads,New York,French,19-01-2021,CAMP00019,15-09-2025,24-09-2025,260948,21678,4608.11,7497.56,C146,TP1812
CMP18,18,CMP18_influencer,4,164,1.49,Influencer,15 days,Instagram,Miami,French,18-01-2021,CAMP00018,05-11-2025,17-11-2025,281690,22173,3399.93,5565.65,C147,TP2566
CMP02,2,CMP02_email,10,42,2.96,Email,60 days,Google Ads,New York,German,02-01-2021,CAMP00002,15-12-2025,24-12-2025,200340,15841,3964.9,11740.15,C147,TP330
CMP03,3,CMP03_influencer,1,6,0.67,Influencer,30 days,YouTube,Los Angeles,French,03-01-2021,CAMP00003,28-09-2025,06-10-2025,239365,16478,1000.39,1902.24,C147,TP918
CMP04,4,CMP04_display,8,75,1.67,Display,60 days,YouTube,Miami,Mandarin,04-01-2021,CAMP00004,17-04-2025,30-04-2025,156382,2672,1252.63,2209.74,C147,TP671
CMP18,18,CMP18_influencer,3,52,6.88,Influencer,15 days,Instagram,Miami,French,18-01-2021,CAMP00018,05-11-2025,17-11-2025,281690,22173,3399.93,5565.65,C147,TP589
CMP18,18,CMP18_influencer,9,14,2.59,Influencer,15 days,Instagram,Miami,French,18-01-2021,CAMP00018,05-11-2025,17-11-2025,281690,22173,3399.93,5565.65,C147,TP449
CMP01,1,CMP01_email,3,146,6.86,Email,30 days,Google Ads,Chicago,Spanish,01-01-2021,CAMP00001,13-04-2025,19-04-2025,293520,23335,1052.39,2236.02,C147,TP371
CMP09,9,CMP09_social_media,4,9,4.99,Social Media,15 days,Facebook,Chicago,German,09-01-2021,CAMP00009,02-05-2025,08-05-2025,209438,2474,2385.72,2800.53,C147,TP2220
CMP10,10,CMP10_email,3,1,7.03,Email,15 days,Instagram,Los Angeles,English,10-01-2021,CAMP00010,03-08-2025,16-08-2025,195376,2474,1142.07,2323.19,C147,TP2380
CMP05,5,CMP05_email,0,160,7.37,Email,15 days,YouTube,Los Angeles,Mandarin,05-01-2021,CAMP00005,13-03-2025,22-03-2025,285472,4155,4935.48,14111.31,C147,TP1743
CMP06,6,CMP06_display,2,50,7.92,Display,15 days,Instagram,New York,German,06-01-2021,CAMP00006,08-07-2025,21-07-2025,177469,7979,3540.34,3885.94,C148,TP323
CMP12,12,CMP12_influencer,8,178,6.77,Influencer,60 days,Google Ads,Los Angeles,Mandarin,12-01-2021,CAMP00012,29-03-2025,06-04-2025,107304,7128,3882.92,7276.43,C148,TP331
CMP11,11,CMP11_display,2,144,2.77,Display,45 days,Email,New York,Spanish,11-01-2021,CAMP00011,27-11-2025,04-12-2025,53998,1343,2491.07,4360.88,C148,TP1513
CMP10,10,CMP10_email,8,180,3.68,Email,15 days,Instagram,Los Angeles,English,10-01-2021,CAMP00010,03-08-2025,16-08-2025,195376,2474,1142.07,2323.19,C148,TP882
CMP06,6,CMP06_display,0,1,1.11,Display,15 days,Instagram,New York,German,06-01-2021,CAMP00006,08-07-2025,21-07-2025,177469,7979,3540.34,3885.94,C148,TP2109
CMP17,17,CMP17_display,5,24,2.53,Display,45 days,Website,Houston,English,17-01-2021,CAMP00017,30-05-2025,14-06-2025,12103,168,4112.15,11010.78,C148,TP2483
CMP02,2,CMP02_email,6,53,1.59,Email,60 days,Google Ads,New York,German,02-01-2021,CAMP00002,15-12-2025,24-12-2025,200340,15841,3964.9,11740.15,C148,TP1633
CMP09,9,CMP09_social_media,7,48,3.54,Social Media,15 days,Facebook,Chicago,German,09-01-2021,CAMP00009,02-05-2025,08-05-2025,209438,2474,2385.72,2800.53,C148,TP1885
CMP14,14,CMP14_email,3,84,6.53,Email,45 days,Instagram,New York,German,14-01-2021,CAMP00014,26-12-2025,31-12-2025,207001,14356,2479.11,2827.93,C149,TP909
CMP07,7,CMP07_email,8,174,1.65,Email,60 days,Website,Los Angeles,Spanish,07-01-2021,CAMP00007,21-01-2025,05-02-2025,174231,2160,1999.53,3306.37,C149,TP1862
CMP12,12,CMP12_influencer,7,124,0.84,Influencer,60 days,Google Ads,Los Angeles,Mandarin,12-01-2021,CAMP00012,29-03-2025,06-04-2025,107304,7128,3882.92,7276.43,C149,TP1940
CMP10,10,CMP10_email,2,91,3.91,Email,15 days,Instagram,Los Angeles,English,10-01-2021,CAMP00010,03-08-2025,16-08-2025,195376,2474,1142.07,2323.19,C149,TP1579
CMP13,13,CMP13_social_media,2,98,7.29,Social Media,60 days,Facebook,Chicago,Mandarin,13-01-2021,CAMP00013,10-04-2025,15-04-2025,194692,11436,973.85,2310.62,C150,TP1283
CMP19,19,CMP19_social_media,4,96,7.37,Social Media,60 days,Google Ads,New York,French,19-01-2021,CAMP00019,15-09-2025,24-09-2025,260948,21678,4608.11,7497.56,C150,TP1622
CMP02,2,CMP02_email,0,186,3.45,Email,60 days,Google Ads,New York,German,02-01-2021,CAMP00002,15-12-2025,24-12-2025,200340,15841,3964.9,11740.15,C150,TP2583
CMP19,19,CMP19_social_media,1,90,2.61,Social Media,60 days,Google Ads,New York,French,19-01-2021,CAMP00019,15-09-2025,24-09-2025,260948,21678,4608.11,7497.56,C150,TP551
CMP09,9,CMP09_social_media,10,106,1.21,Social Media,15 days,Facebook,Chicago,German,09-01-2021,CAMP00009,02-05-2025,08-05-2025,209438,2474,2385.72,2800.53,C150,TP021
CMP04,4,CMP04_display,1,62,8.13,Display,60 days,YouTube,Miami,Mandarin,04-01-2021,CAMP00004,17-04-2025,30-04-2025,156382,2672,1252.63,2209.74,C151,TP757
CMP04,4,CMP04_display,10,11,2.06,Display,60 days,YouTube,Miami,Mandarin,04-01-2021,CAMP00004,17-04-2025,30-04-2025,156382,2672,1252.63,2209.74,C151,TP807
CMP08,8,CMP08_search,2,86,8.17,Search,45 days,Google Ads,Los Angeles,Mandarin,08-01-2021,CAMP00008,13-04-2025,26-04-2025,234598,21435,3793.91,7159.09,C151,TP1132
CMP10,10,CMP10_email,3,3,4.09,Email,15 days,Instagram,Los Angeles,English,10-01-2021,CAMP00010,03-08-2025,16-08-2025,195376,2474,1142.07,2323.19,C151,TP1741
CMP16,16,CMP16_social_media,8,172,2.59,Social Media,60 days,YouTube,New York,German,16-01-2021,CAMP00016,11-05-2025,24-05-2025,159957,8149,4229.14,8648.05,C151,TP348
CMP02,2,CMP02_email,1,200,6.88,Email,60 days,Google Ads,New York,German,02-01-2021,CAMP00002,15-12-2025,24-12-2025,200340,15841,3964.9,11740.15,C151,TP499
CMP06,6,CMP06_display,1,112,0.63,Display,15 days,Instagram,New York,German,06-01-2021,CAMP00006,08-07-2025,21-07-2025,177469,7979,3540.34,3885.94,C152,TP1995
CMP01,1,CMP01_email,1,197,5.37,Email,30 days,Google Ads,Chicago,Spanish,01-01-2021,CAMP00001,13-04-2025,19-04-2025,293520,23335,1052.39,2236.02,C152,TP1611
CMP12,12,CMP12_influencer,8,196,7.8,Influencer,60 days,Google Ads,Los Angeles,Mandarin,12-01-2021,CAMP00012,29-03-2025,06-04-2025,107304,7128,3882.92,7276.43,C152,TP1295
CMP16,16,CMP16_social_media,10,89,4.29,Social Media,60 days,YouTube,New York,German,16-01-2021,CAMP00016,11-05-2025,24-05-2025,159957,8149,4229.14,8648.05,C152,TP1876
CMP16,16,CMP16_social_media,9,9,0.99,Social Media,60 days,YouTube,New York,German,16-01-2021,CAMP00016,11-05-2025,24-05-2025,159957,8149,4229.14,8648.05,C152,TP689
CMP05,5,CMP05_email,9,1,7.9,Email,15 days,YouTube,Los Angeles,Mandarin,05-01-2021,CAMP00005,13-03-2025,22-03-2025,285472,4155,4935.48,14111.31,C152,TP254
CMP13,13,CMP13_social_media,10,139,1.54,Social Media,60 days,Facebook,Chicago,Mandarin,13-01-2021,CAMP00013,10-04-2025,15-04-2025,194692,11436,973.85,2310.62,C152,TP2617
CMP01,1,CMP01_email,1,191,1.88,Email,30 days,Google Ads,Chicago,Spanish,01-01-2021,CAMP00001,13-04-2025,19-04-2025,293520,23335,1052.39,2236.02,C152,TP756
CMP02,2,CMP02_email,0,42,3.86,Email,60 days,Google Ads,New York,German,02-01-2021,CAMP00002,15-12-2025,24-12-2025,200340,15841,3964.9,11740.15,C152,TP376
CMP06,6,CMP06_display,10,167,6.49,Display,15 days,Instagram,New York,German,06-01-2021,CAMP00006,08-07-2025,21-07-2025,177469,7979,3540.34,3885.94,C152,TP019
CMP17,17,CMP17_display,9,54,2.85,Display,45 days,Website,Houston,English,17-01-2021,CAMP00017,30-05-2025,14-06-2025,12103,168,4112.15,11010.78,C153,TP2074
CMP16,16,CMP16_social_media,4,89,4.99,Social Media,60 days,YouTube,New York,German,16-01-2021,CAMP00016,11-05-2025,24-05-2025,159957,8149,4229.14,8648.05,C153,TP2427
CMP19,19,CMP19_social_media,4,129,3.99,Social Media,60 days,Google Ads,New York,French,19-01-2021,CAMP00019,15-09-2025,24-09-2025,260948,21678,4608.11,7497.56,C153,TP2103
CMP02,2,CMP02_email,9,110,8.31,Email,60 days,Google Ads,New York,German,02-01-2021,CAMP00002,15-12-2025,24-12-2025,200340,15841,3964.9,11740.15,C153,TP1438
CMP18,18,CMP18_influencer,2,44,1.9,Influencer,15 days,Instagram,Miami,French,18-01-2021,CAMP00018,05-11-2025,17-11-2025,281690,22173,3399.93,5565.65,C153,TP394
CMP04,4,CMP04_display,9,143,8.77,Display,60 days,YouTube,Miami,Mandarin,04-01-2021,CAMP00004,17-04-2025,30-04-2025,156382,2672,1252.63,2209.74,C153,TP546
CMP03,3,CMP03_influencer,5,70,6.0,Influencer,30 days,YouTube,Los Angeles,French,03-01-2021,CAMP00003,28-09-2025,06-10-2025,239365,16478,1000.39,1902.24,C153,TP1822
CMP09,9,CMP09_social_media,9,170,3.96,Social Media,15 days,Facebook,Chicago,German,09-01-2021,CAMP00009,02-05-2025,08-05-2025,209438,2474,2385.72,2800.53,C154,TP1623
CMP10,10,CMP10_email,9,108,8.84,Email,15 days,Instagram,Los Angeles,English,10-01-2021,CAMP00010,03-08-2025,16-08-2025,195376,2474,1142.07,2323.19,C154,TP1588
CMP02,2,CMP02_email,3,134,7.65,Email,60 days,Google Ads,New York,German,02-01-2021,CAMP00002,15-12-2025,24-12-2025,200340,15841,3964.9,11740.15,C154,TP1053
CMP05,5,CMP05_email,10,55,0.65,Email,15 days,YouTube,Los Angeles,Mandarin,05-01-2021,CAMP00005,13-03-2025,22-03-2025,285472,4155,4935.48,14111.31,C154,TP2499
CMP15,15,CMP15_display,2,160,7.87,Display,45 days,Website,Chicago,Spanish,15-01-2021,CAMP00015,01-06-2025,06-06-2025,257862,23315,684.67,2001.69,C154,TP632
CMP12,12,CMP12_influencer,7,10,6.8,Influencer,60 days,Google Ads,Los Angeles,Mandarin,12-01-2021,CAMP00012,29-03-2025,06-04-2025,107304,7128,3882.92,7276.43,C154,TP1212
CMP14,14,CMP14_email,9,78,1.57,Email,45 days,Instagram,New York,German,14-01-2021,CAMP00014,26-12-2025,31-12-2025,207001,14356,2479.11,2827.93,C154,TP1803
CMP09,9,CMP09_social_media,0,62,1.55,Social Media,15 days,Facebook,Chicago,German,09-01-2021,CAMP00009,02-05-2025,08-05-2025,209438,2474,2385.72,2800.53,C154,TP1896
CMP08,8,CMP08_search,2,104,9.56,Search,45 days,Google Ads,Los Angeles,Mandarin,08-01-2021,CAMP00008,13-04-2025,26-04-2025,234598,21435,3793.91,7159.09,C155,TP2237
CMP08,8,CMP08_search,0,21,4.23,Search,45 days,Google Ads,Los Angeles,Mandarin,08-01-2021,CAMP00008,13-04-2025,26-04-2025,234598,21435,3793.91,7159.09,C155,TP502
CMP15,15,CMP15_display,2,189,5.14,Display,45 days,Website,Chicago,Spanish,15-01-2021,CAMP00015,01-06-2025,06-06-2025,257862,23315,684.67,2001.69,C155,TP1148
CMP16,16,CMP16_social_media,8,97,1.59,Social Media,60 days,YouTube,New York,German,16-01-2021,CAMP00016,11-05-2025,24-05-2025,159957,8149,4229.14,8648.05,C155,TP2269
CMP11,11,CMP11_display,5,31,5.21,Display,45 days,Email,New York,Spanish,11-01-2021,CAMP00011,27-11-2025,04-12-2025,53998,1343,2491.07,4360.88,C156,TP1624
CMP15,15,CMP15_display,2,108,9.29,Display,45 days,Website,Chicago,Spanish,15-01-2021,CAMP00015,01-06-2025,06-06-2025,257862,23315,684.67,2001.69,C156,TP945
CMP02,2,CMP02_email,0,187,5.25,Email,60 days,Google Ads,New York,German,02-01-2021,CAMP00002,15-12-2025,24-12-2025,200340,15841,3964.9,11740.15,C157,TP1494
CMP18,18,CMP18_influencer,5,180,5.66,Influencer,15 days,Instagram,Miami,French,18-01-2021,CAMP00018,05-11-2025,17-11-2025,281690,22173,3399.93,5565.65,C157,TP1460
CMP09,9,CMP09_social_media,6,90,4.02,Social Media,15 days,Facebook,Chicago,German,09-01-2021,CAMP00009,02-05-2025,08-05-2025,209438,2474,2385.72,2800.53,C157,TP127
CMP02,2,CMP02_email,10,5,2.35,Email,60 days,Google Ads,New York,German,02-01-2021,CAMP00002,15-12-2025,24-12-2025,200340,15841,3964.9,11740.15,C157,TP2355
CMP04,4,CMP04_display,7,58,6.49,Display,60 days,YouTube,Miami,Mandarin,04-01-2021,CAMP00004,17-04-2025,30-04-2025,156382,2672,1252.63,2209.74,C157,TP1497
CMP13,13,CMP13_social_media,0,192,1.92,Social Media,60 days,Facebook,Chicago,Mandarin,13-01-2021,CAMP00013,10-04-2025,15-04-2025,194692,11436,973.85,2310.62,C157,TP1466
CMP07,7,CMP07_email,5,190,2.73,Email,60 days,Website,Los Angeles,Spanish,07-01-2021,CAMP00007,21-01-2025,05-02-2025,174231,2160,1999.53,3306.37,C158,TP2254
CMP11,11,CMP11_display,8,76,1.43,Display,45 days,Email,New York,Spanish,11-01-2021,CAMP00011,27-11-2025,04-12-2025,53998,1343,2491.07,4360.88,C158,TP1653
CMP19,19,CMP19_social_media,5,58,6.21,Social Media,60 days,Google Ads,New York,French,19-01-2021,CAMP00019,15-09-2025,24-09-2025,260948,21678,4608.11,7497.56,C158,TP457
CMP10,10,CMP10_email,1,56,1.18,Email,15 days,Instagram,Los Angeles,English,10-01-2021,CAMP00010,03-08-2025,16-08-2025,195376,2474,1142.07,2323.19,C158,TP1779
CMP02,2,CMP02_email,9,196,5.35,Email,60 days,Google Ads,New York,German,02-01-2021,CAMP00002,15-12-2025,24-12-2025,200340,15841,3964.9,11740.15,C158,TP429
CMP03,3,CMP03_influencer,2,2,6.73,Influencer,30 days,YouTube,Los Angeles,French,03-01-2021,CAMP00003,28-09-2025,06-10-2025,239365,16478,1000.39,1902.24,C158,TP2068
CMP08,8,CMP08_search,3,70,5.85,Search,45 days,Google Ads,Los Angeles,Mandarin,08-01-2021,CAMP00008,13-04-2025,26-04-2025,234598,21435,3793.91,7159.09,C158,TP588
CMP12,12,CMP12_influencer,6,14,6.92,Influencer,60 days,Google Ads,Los Angeles,Mandarin,12-01-2021,CAMP00012,29-03-2025,06-04-2025,107304,7128,3882.92,7276.43,C159,TP2605
CMP02,2,CMP02_email,9,103,9.66,Email,60 days,Google Ads,New York,German,02-01-2021,CAMP00002,15-12-2025,24-12-2025,200340,15841,3964.9,11740.15,C159,TP1994
CMP06,6,CMP06_display,8,188,1.6,Display,15 days,Instagram,New York,German,06-01-2021,CAMP00006,08-07-2025,21-07-2025,177469,7979,3540.34,3885.94,C159,TP1486
CMP18,18,CMP18_influencer,1,161,4.35,Influencer,15 days,Instagram,Miami,French,18-01-2021,CAMP00018,05-11-2025,17-11-2025,281690,22173,3399.93,5565.65,C160,TP2148
CMP19,19,CMP19_social_media,8,86,6.61,Social Media,60 days,Google Ads,New York,French,19-01-2021,CAMP00019,15-09-2025,24-09-2025,260948,21678,4608.11,7497.56,C160,TP905
CMP17,17,CMP17_display,4,151,1.86,Display,45 days,Website,Houston,English,17-01-2021,CAMP00017,30-05-2025,14-06-2025,12103,168,4112.15,11010.78,C160,TP2251
CMP06,6,CMP06_display,6,80,5.25,Display,15 days,Instagram,New York,German,06-01-2021,CAMP00006,08-07-2025,21-07-2025,177469,7979,3540.34,3885.94,C160,TP367
CMP15,15,CMP15_display,4,85,6.48,Display,45 days,Website,Chicago,Spanish,15-01-2021,CAMP00015,01-06-2025,06-06-2025,257862,23315,684.67,2001.69,C160,TP1150
CMP14,14,CMP14_email,8,43,6.34,Email,45 days,Instagram,New York,German,14-01-2021,CAMP00014,26-12-2025,31-12-2025,207001,14356,2479.11,2827.93,C160,TP686
CMP11,11,CMP11_display,10,105,8.18,Display,45 days,Email,New York,Spanish,11-01-2021,CAMP00011,27-11-2025,04-12-2025,53998,1343,2491.07,4360.88,C160,TP294
CMP04,4,CMP04_display,0,105,3.89,Display,60 days,YouTube,Miami,Mandarin,04-01-2021,CAMP00004,17-04-2025,30-04-2025,156382,2672,1252.63,2209.74,C160,TP258
CMP04,4,CMP04_display,0,127,1.08,Display,60 days,YouTube,Miami,Mandarin,04-01-2021,CAMP00004,17-04-2025,30-04-2025,156382,2672,1252.63,2209.74,C160,TP208
CMP01,1,CMP01_email,6,96,6.26,Email,30 days,Google Ads,Chicago,Spanish,01-01-2021,CAMP00001,13-04-2025,19-04-2025,293520,23335,1052.39,2236.02,C160,TP2477
CMP05,5,CMP05_email,9,136,5.28,Email,15 days,YouTube,Los Angeles,Mandarin,05-01-2021,CAMP00005,13-03-2025,22-03-2025,285472,4155,4935.48,14111.31,C161,TP032
CMP04,4,CMP04_display,4,71,0.9,Display,60 days,YouTube,Miami,Mandarin,04-01-2021,CAMP00004,17-04-2025,30-04-2025,156382,2672,1252.63,2209.74,C161,TP1617
CMP06,6,CMP06_display,0,5,4.95,Display,15 days,Instagram,New York,German,06-01-2021,CAMP00006,08-07-2025,21-07-2025,177469,7979,3540.34,3885.94,C161,TP481
CMP15,15,CMP15_display,2,63,3.27,Display,45 days,Website,Chicago,Spanish,15-01-2021,CAMP00015,01-06-2025,06-06-2025,257862,23315,684.67,2001.69,C161,TP1354
CMP05,5,CMP05_email,10,179,2.52,Email,15 days,YouTube,Los Angeles,Mandarin,05-01-2021,CAMP00005,13-03-2025,22-03-2025,285472,4155,4935.48,14111.31,C161,TP1740
CMP19,19,CMP19_social_media,6,20,5.01,Social Media,60 days,Google Ads,New York,French,19-01-2021,CAMP00019,15-09-2025,24-09-2025,260948,21678,4608.11,7497.56,C161,TP2019
CMP14,14,CMP14_email,1,184,7.39,Email,45 days,Instagram,New York,German,14-01-2021,CAMP00014,26-12-2025,31-12-2025,207001,14356,2479.11,2827.93,C161,TP2484
CMP02,2,CMP02_email,2,136,9.39,Email,60 days,Google Ads,New York,German,02-01-2021,CAMP00002,15-12-2025,24-12-2025,200340,15841,3964.9,11740.15,C161,TP407
CMP11,11,CMP11_display,7,190,1.38,Display,45 days,Email,New York,Spanish,11-01-2021,CAMP00011,27-11-2025,04-12-2025,53998,1343,2491.07,4360.88,C161,TP379
CMP03,3,CMP03_influencer,8,86,3.05,Influencer,30 days,YouTube,Los Angeles,French,03-01-2021,CAMP00003,28-09-2025,06-10-2025,239365,16478,1000.39,1902.24,C162,TP1688
CMP01,1,CMP01_email,9,120,3.21,Email,30 days,Google Ads,Chicago,Spanish,01-01-2021,CAMP00001,13-04-2025,19-04-2025,293520,23335,1052.39,2236.02,C162,TP099
CMP08,8,CMP08_search,6,86,6.68,Search,45 days,Google Ads,Los Angeles,Mandarin,08-01-2021,CAMP00008,13-04-2025,26-04-2025,234598,21435,3793.91,7159.09,C162,TP2389
CMP08,8,CMP08_search,10,115,8.77,Search,45 days,Google Ads,Los Angeles,Mandarin,08-01-2021,CAMP00008,13-04-2025,26-04-2025,234598,21435,3793.91,7159.09,C162,TP1055
CMP19,19,CMP19_social_media,9,62,7.73,Social Media,60 days,Google Ads,New York,French,19-01-2021,CAMP00019,15-09-2025,24-09-2025,260948,21678,4608.11,7497.56,C163,TP2280
CMP14,14,CMP14_email,3,180,8.89,Email,45 days,Instagram,New York,German,14-01-2021,CAMP00014,26-12-2025,31-12-2025,207001,14356,2479.11,2827.93,C163,TP820
CMP18,18,CMP18_influencer,2,125,6.65,Influencer,15 days,Instagram,Miami,French,18-01-2021,CAMP00018,05-11-2025,17-11-2025,281690,22173,3399.93,5565.65,C163,TP692
CMP07,7,CMP07_email,7,104,8.88,Email,60 days,Website,Los Angeles,Spanish,07-01-2021,CAMP00007,21-01-2025,05-02-2025,174231,2160,1999.53,3306.37,C163,TP402
CMP05,5,CMP05_email,7,42,2.5,Email,15 days,YouTube,Los Angeles,Mandarin,05-01-2021,CAMP00005,13-03-2025,22-03-2025,285472,4155,4935.48,14111.31,C163,TP2391
CMP04,4,CMP04_display,9,32,6.49,Display,60 days,YouTube,Miami,Mandarin,04-01-2021,CAMP00004,17-04-2025,30-04-2025,156382,2672,1252.63,2209.74,C163,TP144
CMP05,5,CMP05_email,8,76,8.61,Email,15 days,YouTube,Los Angeles,Mandarin,05-01-2021,CAMP00005,13-03-2025,22-03-2025,285472,4155,4935.48,14111.31,C164,TP950
CMP16,16,CMP16_social_media,3,121,8.86,Social Media,60 days,YouTube,New York,German,16-01-2021,CAMP00016,11-05-2025,24-05-2025,159957,8149,4229.14,8648.05,C164,TP2323
CMP06,6,CMP06_display,7,188,2.94,Display,15 days,Instagram,New York,German,06-01-2021,CAMP00006,08-07-2025,21-07-2025,177469,7979,3540.34,3885.94,C164,TP916
CMP03,3,CMP03_influencer,10,129,2.52,Influencer,30 days,YouTube,Los Angeles,French,03-01-2021,CAMP00003,28-09-2025,06-10-2025,239365,16478,1000.39,1902.24,C164,TP741
CMP16,16,CMP16_social_media,8,41,3.63,Social Media,60 days,YouTube,New York,German,16-01-2021,CAMP00016,11-05-2025,24-05-2025,159957,8149,4229.14,8648.05,C164,TP1866
CMP08,8,CMP08_search,3,175,3.31,Search,45 days,Google Ads,Los Angeles,Mandarin,08-01-2021,CAMP00008,13-04-2025,26-04-2025,234598,21435,3793.91,7159.09,C165,TP1029
CMP01,1,CMP01_email,10,96,8.35,Email,30 days,Google Ads,Chicago,Spanish,01-01-2021,CAMP00001,13-04-2025,19-04-2025,293520,23335,1052.39,2236.02,C165,TP1821
CMP08,8,CMP08_search,4,22,9.24,Search,45 days,Google Ads,Los Angeles,Mandarin,08-01-2021,CAMP00008,13-04-2025,26-04-2025,234598,21435,3793.91,7159.09,C165,TP847
CMP02,2,CMP02_email,6,197,1.25,Email,60 days,Google Ads,New York,German,02-01-2021,CAMP00002,15-12-2025,24-12-2025,200340,15841,3964.9,11740.15,C165,TP1411
CMP10,10,CMP10_email,10,163,2.48,Email,15 days,Instagram,Los Angeles,English,10-01-2021,CAMP00010,03-08-2025,16-08-2025,195376,2474,1142.07,2323.19,C165,TP1729
CMP10,10,CMP10_email,5,89,4.6,Email,15 days,Instagram,Los Angeles,English,10-01-2021,CAMP00010,03-08-2025,16-08-2025,195376,2474,1142.07,2323.19,C165,TP249
CMP17,17,CMP17_display,1,38,2.43,Display,45 days,Website,Houston,English,17-01-2021,CAMP00017,30-05-2025,14-06-2025,12103,168,4112.15,11010.78,C166,TP2459
CMP13,13,CMP13_social_media,8,11,2.98,Social Media,60 days,Facebook,Chicago,Mandarin,13-01-2021,CAMP00013,10-04-2025,15-04-2025,194692,11436,973.85,2310.62,C166,TP1099
CMP03,3,CMP03_influencer,7,119,3.47,Influencer,30 days,YouTube,Los Angeles,French,03-01-2021,CAMP00003,28-09-2025,06-10-2025,239365,16478,1000.39,1902.24,C166,TP2437
CMP11,11,CMP11_display,6,119,4.72,Display,45 days,Email,New York,Spanish,11-01-2021,CAMP00011,27-11-2025,04-12-2025,53998,1343,2491.07,4360.88,C166,TP1673
CMP04,4,CMP04_display,2,186,5.6,Display,60 days,YouTube,Miami,Mandarin,04-01-2021,CAMP00004,17-04-2025,30-04-2025,156382,2672,1252.63,2209.74,C166,TP2503
CMP12,12,CMP12_influencer,5,178,2.37,Influencer,60 days,Google Ads,Los Angeles,Mandarin,12-01-2021,CAMP00012,29-03-2025,06-04-2025,107304,7128,3882.92,7276.43,C167,TP868
CMP12,12,CMP12_influencer,0,53,1.5,Influencer,60 days,Google Ads,Los Angeles,Mandarin,12-01-2021,CAMP00012,29-03-2025,06-04-2025,107304,7128,3882.92,7276.43,C167,TP062
CMP17,17,CMP17_display,0,12,1.08,Display,45 days,Website,Houston,English,17-01-2021,CAMP00017,30-05-2025,14-06-2025,12103,168,4112.15,11010.78,C168,TP1364
CMP05,5,CMP05_email,10,153,2.25,Email,15 days,YouTube,Los Angeles,Mandarin,05-01-2021,CAMP00005,13-03-2025,22-03-2025,285472,4155,4935.48,14111.31,C168,TP1836
CMP11,11,CMP11_display,1,134,7.61,Display,45 days,Email,New York,Spanish,11-01-2021,CAMP00011,27-11-2025,04-12-2025,53998,1343,2491.07,4360.88,C168,TP2222
CMP06,6,CMP06_display,6,184,6.4,Display,15 days,Instagram,New York,German,06-01-2021,CAMP00006,08-07-2025,21-07-2025,177469,7979,3540.34,3885.94,C168,TP838
CMP13,13,CMP13_social_media,2,101,2.1,Social Media,60 days,Facebook,Chicago,Mandarin,13-01-2021,CAMP00013,10-04-2025,15-04-2025,194692,11436,973.85,2310.62,C168,TP704
CMP15,15,CMP15_display,0,138,3.99,Display,45 days,Website,Chicago,Spanish,15-01-2021,CAMP00015,01-06-2025,06-06-2025,257862,23315,684.67,2001.69,C169,TP405
CMP08,8,CMP08_search,3,126,5.79,Search,45 days,Google Ads,Los Angeles,Mandarin,08-01-2021,CAMP00008,13-04-2025,26-04-2025,234598,21435,3793.91,7159.09,C169,TP2228
CMP19,19,CMP19_social_media,6,187,3.07,Social Media,60 days,Google Ads,New York,French,19-01-2021,CAMP00019,15-09-2025,24-09-2025,260948,21678,4608.11,7497.56,C170,TP2234
CMP10,10,CMP10_email,0,94,6.08,Email,15 days,Instagram,Los Angeles,English,10-01-2021,CAMP00010,03-08-2025,16-08-2025,195376,2474,1142.07,2323.19,C170,TP839
CMP10,10,CMP10_email,7,85,6.01,Email,15 days,Instagram,Los Angeles,English,10-01-2021,CAMP00010,03-08-2025,16-08-2025,195376,2474,1142.07,2323.19,C170,TP557
CMP14,14,CMP14_email,4,166,3.79,Email,45 days,Instagram,New York,German,14-01-2021,CAMP00014,26-12-2025,31-12-2025,207001,14356,2479.11,2827.93,C170,TP2173
CMP02,2,CMP02_email,4,86,2.6,Email,60 days,Google Ads,New York,German,02-01-2021,CAMP00002,15-12-2025,24-12-2025,200340,15841,3964.9,11740.15,C170,TP515
CMP15,15,CMP15_display,0,185,1.46,Display,45 days,Website,Chicago,Spanish,15-01-2021,CAMP00015,01-06-2025,06-06-2025,257862,23315,684.67,2001.69,C170,TP1160
CMP14,14,CMP14_email,0,103,2.72,Email,45 days,Instagram,New York,German,14-01-2021,CAMP00014,26-12-2025,31-12-2025,207001,14356,2479.11,2827.93,C170,TP042
CMP14,14,CMP14_email,3,189,2.55,Email,45 days,Instagram,New York,German,14-01-2021,CAMP00014,26-12-2025,31-12-2025,207001,14356,2479.11,2827.93,C170,TP215
CMP09,9,CMP09_social_media,6,27,5.28,Social Media,15 days,Facebook,Chicago,German,09-01-2021,CAMP00009,02-05-2025,08-05-2025,209438,2474,2385.72,2800.53,C170,TP2028
CMP14,14,CMP14_email,1,47,9.44,Email,45 days,Instagram,New York,German,14-01-2021,CAMP00014,26-12-2025,31-12-2025,207001,14356,2479.11,2827.93,C171,TP1537
CMP04,4,CMP04_display,2,177,6.99,Display,60 days,YouTube,Miami,Mandarin,04-01-2021,CAMP00004,17-04-2025,30-04-2025,156382,2672,1252.63,2209.74,C171,TP204
CMP12,12,CMP12_influencer,6,102,8.81,Influencer,60 days,Google Ads,Los Angeles,Mandarin,12-01-2021,CAMP00012,29-03-2025,06-04-2025,107304,7128,3882.92,7276.43,C171,TP2003
CMP09,9,CMP09_social_media,10,34,6.42,Social Media,15 days,Facebook,Chicago,German,09-01-2021,CAMP00009,02-05-2025,08-05-2025,209438,2474,2385.72,2800.53,C172,TP292
CMP17,17,CMP17_display,5,46,1.93,Display,45 days,Website,Houston,English,17-01-2021,CAMP00017,30-05-2025,14-06-2025,12103,168,4112.15,11010.78,C172,TP253
CMP17,17,CMP17_display,8,192,2.53,Display,45 days,Website,Houston,English,17-01-2021,CAMP00017,30-05-2025,14-06-2025,12103,168,4112.15,11010.78,C172,TP1915
CMP09,9,CMP09_social_media,7,96,7.81,Social Media,15 days,Facebook,Chicago,German,09-01-2021,CAMP00009,02-05-2025,08-05-2025,209438,2474,2385.72,2800.53,C172,TP455
CMP09,9,CMP09_social_media,3,190,4.29,Social Media,15 days,Facebook,Chicago,German,09-01-2021,CAMP00009,02-05-2025,08-05-2025,209438,2474,2385.72,2800.53,C172,TP1361
CMP17,17,CMP17_display,7,194,9.55,Display,45 days,Website,Houston,English,17-01-2021,CAMP00017,30-05-2025,14-06-2025,12103,168,4112.15,11010.78,C172,TP165
CMP19,19,CMP19_social_media,6,54,5.78,Social Media,60 days,Google Ads,New York,French,19-01-2021,CAMP00019,15-09-2025,24-09-2025,260948,21678,4608.11,7497.56,C173,TP1843
CMP14,14,CMP14_email,8,23,2.52,Email,45 days,Instagram,New York,German,14-01-2021,CAMP00014,26-12-2025,31-12-2025,207001,14356,2479.11,2827.93,C173,TP2570
CMP09,9,CMP09_social_media,5,165,5.4,Social Media,15 days,Facebook,Chicago,German,09-01-2021,CAMP00009,02-05-2025,08-05-2025,209438,2474,2385.72,2800.53,C173,TP906
CMP14,14,CMP14_email,9,60,2.49,Email,45 days,Instagram,New York,German,14-01-2021,CAMP00014,26-12-2025,31-12-2025,207001,14356,2479.11,2827.93,C173,TP904
CMP17,17,CMP17_display,1,169,3.28,Display,45 days,Website,Houston,English,17-01-2021,CAMP00017,30-05-2025,14-06-2025,12103,168,4112.15,11010.78,C173,TP527
CMP15,15,CMP15_display,8,169,9.9,Display,45 days,Website,Chicago,Spanish,15-01-2021,CAMP00015,01-06-2025,06-06-2025,257862,23315,684.67,2001.69,C173,TP876
CMP14,14,CMP14_email,3,55,7.55,Email,45 days,Instagram,New York,German,14-01-2021,CAMP00014,26-12-2025,31-12-2025,207001,14356,2479.11,2827.93,C173,TP1040
CMP05,5,CMP05_email,1,182,5.63,Email,15 days,YouTube,Los Angeles,Mandarin,05-01-2021,CAMP00005,13-03-2025,22-03-2025,285472,4155,4935.48,14111.31,C173,TP1328
CMP13,13,CMP13_social_media,0,137,0.91,Social Media,60 days,Facebook,Chicago,Mandarin,13-01-2021,CAMP00013,10-04-2025,15-04-2025,194692,11436,973.85,2310.62,C173,TP1501
CMP15,15,CMP15_display,3,124,9.98,Display,45 days,Website,Chicago,Spanish,15-01-2021,CAMP00015,01-06-2025,06-06-2025,257862,23315,684.67,2001.69,C174,TP836
CMP16,16,CMP16_social_media,0,83,8.25,Social Media,60 days,YouTube,New York,German,16-01-2021,CAMP00016,11-05-2025,24-05-2025,159957,8149,4229.14,8648.05,C174,TP2412
CMP04,4,CMP04_display,2,139,1.69,Display,60 days,YouTube,Miami,Mandarin,04-01-2021,CAMP00004,17-04-2025,30-04-2025,156382,2672,1252.63,2209.74,C174,TP493
CMP12,12,CMP12_influencer,3,74,5.88,Influencer,60 days,Google Ads,Los Angeles,Mandarin,12-01-2021,CAMP00012,29-03-2025,06-04-2025,107304,7128,3882.92,7276.43,C174,TP2506
CMP15,15,CMP15_display,6,81,2.15,Display,45 days,Website,Chicago,Spanish,15-01-2021,CAMP00015,01-06-2025,06-06-2025,257862,23315,684.67,2001.69,C175,TP2360
CMP09,9,CMP09_social_media,0,133,3.35,Social Media,15 days,Facebook,Chicago,German,09-01-2021,CAMP00009,02-05-2025,08-05-2025,209438,2474,2385.72,2800.53,C175,TP1666
CMP05,5,CMP05_email,4,17,6.9,Email,15 days,YouTube,Los Angeles,Mandarin,05-01-2021,CAMP00005,13-03-2025,22-03-2025,285472,4155,4935.48,14111.31,C175,TP049
CMP09,9,CMP09_social_media,2,89,1.78,Social Media,15 days,Facebook,Chicago,German,09-01-2021,CAMP00009,02-05-2025,08-05-2025,209438,2474,2385.72,2800.53,C175,TP2320
CMP09,9,CMP09_social_media,2,17,8.71,Social Media,15 days,Facebook,Chicago,German,09-01-2021,CAMP00009,02-05-2025,08-05-2025,209438,2474,2385.72,2800.53,C176,TP512
CMP10,10,CMP10_email,5,68,2.99,Email,15 days,Instagram,Los Angeles,English,10-01-2021,CAMP00010,03-08-2025,16-08-2025,195376,2474,1142.07,2323.19,C176,TP2189
CMP19,19,CMP19_social_media,8,129,2.17,Social Media,60 days,Google Ads,New York,French,19-01-2021,CAMP00019,15-09-2025,24-09-2025,260948,21678,4608.11,7497.56,C176,TP1976
CMP14,14,CMP14_email,4,64,5.68,Email,45 days,Instagram,New York,German,14-01-2021,CAMP00014,26-12-2025,31-12-2025,207001,14356,2479.11,2827.93,C176,TP421
CMP15,15,CMP15_display,5,61,1.48,Display,45 days,Website,Chicago,Spanish,15-01-2021,CAMP00015,01-06-2025,06-06-2025,257862,23315,684.67,2001.69,C176,TP2195
CMP11,11,CMP11_display,2,14,4.12,Display,45 days,Email,New York,Spanish,11-01-2021,CAMP00011,27-11-2025,04-12-2025,53998,1343,2491.07,4360.88,C177,TP2132
CMP05,5,CMP05_email,8,176,2.79,Email,15 days,YouTube,Los Angeles,Mandarin,05-01-2021,CAMP00005,13-03-2025,22-03-2025,285472,4155,4935.48,14111.31,C177,TP748
CMP13,13,CMP13_social_media,9,74,4.82,Social Media,60 days,Facebook,Chicago,Mandarin,13-01-2021,CAMP00013,10-04-2025,15-04-2025,194692,11436,973.85,2310.62,C177,TP1618
CMP09,9,CMP09_social_media,0,39,6.14,Social Media,15 days,Facebook,Chicago,German,09-01-2021,CAMP00009,02-05-2025,08-05-2025,209438,2474,2385.72,2800.53,C177,TP1007
CMP17,17,CMP17_display,6,91,1.79,Display,45 days,Website,Houston,English,17-01-2021,CAMP00017,30-05-2025,14-06-2025,12103,168,4112.15,11010.78,C177,TP2619
CMP06,6,CMP06_display,3,51,4.51,Display,15 days,Instagram,New York,German,06-01-2021,CAMP00006,08-07-2025,21-07-2025,177469,7979,3540.34,3885.94,C177,TP2063
CMP11,11,CMP11_display,2,102,1.71,Display,45 days,Email,New York,Spanish,11-01-2021,CAMP00011,27-11-2025,04-12-2025,53998,1343,2491.07,4360.88,C177,TP780
CMP14,14,CMP14_email,10,17,1.18,Email,45 days,Instagram,New York,German,14-01-2021,CAMP00014,26-12-2025,31-12-2025,207001,14356,2479.11,2827.93,C177,TP998
CMP09,9,CMP09_social_media,2,38,7.95,Social Media,15 days,Facebook,Chicago,German,09-01-2021,CAMP00009,02-05-2025,08-05-2025,209438,2474,2385.72,2800.53,C177,TP1632
CMP17,17,CMP17_display,6,185,2.5,Display,45 days,Website,Houston,English,17-01-2021,CAMP00017,30-05-2025,14-06-2025,12103,168,4112.15,11010.78,C178,TP2532
CMP01,1,CMP01_email,6,162,9.39,Email,30 days,Google Ads,Chicago,Spanish,01-01-2021,CAMP00001,13-04-2025,19-04-2025,293520,23335,1052.39,2236.02,C178,TP1695
CMP04,4,CMP04_display,5,188,8.85,Display,60 days,YouTube,Miami,Mandarin,04-01-2021,CAMP00004,17-04-2025,30-04-2025,156382,2672,1252.63,2209.74,C178,TP1356
CMP01,1,CMP01_email,0,46,4.55,Email,30 days,Google Ads,Chicago,Spanish,01-01-2021,CAMP00001,13-04-2025,19-04-2025,293520,23335,1052.39,2236.02,C178,TP955
CMP02,2,CMP02_email,6,114,5.64,Email,60 days,Google Ads,New York,German,02-01-2021,CAMP00002,15-12-2025,24-12-2025,200340,15841,3964.9,11740.15,C178,TP691
CMP04,4,CMP04_display,5,96,7.57,Display,60 days,YouTube,Miami,Mandarin,04-01-2021,CAMP00004,17-04-2025,30-04-2025,156382,2672,1252.63,2209.74,C178,TP2142
CMP19,19,CMP19_social_media,5,44,6.01,Social Media,60 days,Google Ads,New York,French,19-01-2021,CAMP00019,15-09-2025,24-09-2025,260948,21678,4608.11,7497.56,C179,TP697
CMP04,4,CMP04_display,0,72,3.61,Display,60 days,YouTube,Miami,Mandarin,04-01-2021,CAMP00004,17-04-2025,30-04-2025,156382,2672,1252.63,2209.74,C179,TP190
CMP06,6,CMP06_display,5,131,9.32,Display,15 days,Instagram,New York,German,06-01-2021,CAMP00006,08-07-2025,21-07-2025,177469,7979,3540.34,3885.94,C179,TP1609
CMP16,16,CMP16_social_media,0,28,2.1,Social Media,60 days,YouTube,New York,German,16-01-2021,CAMP00016,11-05-2025,24-05-2025,159957,8149,4229.14,8648.05,C179,TP1430
CMP19,19,CMP19_social_media,0,163,9.78,Social Media,60 days,Google Ads,New York,French,19-01-2021,CAMP00019,15-09-2025,24-09-2025,260948,21678,4608.11,7497.56,C179,TP1454
CMP09,9,CMP09_social_media,2,191,8.95,Social Media,15 days,Facebook,Chicago,German,09-01-2021,CAMP00009,02-05-2025,08-05-2025,209438,2474,2385.72,2800.53,C179,TP2470
CMP19,19,CMP19_social_media,4,168,3.0,Social Media,60 days,Google Ads,New York,French,19-01-2021,CAMP00019,15-09-2025,24-09-2025,260948,21678,4608.11,7497.56,C180,TP667
CMP18,18,CMP18_influencer,6,143,1.82,Influencer,15 days,Instagram,Miami,French,18-01-2021,CAMP00018,05-11-2025,17-11-2025,281690,22173,3399.93,5565.65,C180,TP1270
CMP16,16,CMP16_social_media,1,87,1.99,Social Media,60 days,YouTube,New York,German,16-01-2021,CAMP00016,11-05-2025,24-05-2025,159957,8149,4229.14,8648.05,C180,TP1614
CMP05,5,CMP05_email,7,76,8.0,Email,15 days,YouTube,Los Angeles,Mandarin,05-01-2021,CAMP00005,13-03-2025,22-03-2025,285472,4155,4935.48,14111.31,C180,TP1198
CMP19,19,CMP19_social_media,3,77,3.45,Social Media,60 days,Google Ads,New York,French,19-01-2021,CAMP00019,15-09-2025,24-09-2025,260948,21678,4608.11,7497.56,C180,TP262
CMP08,8,CMP08_search,7,41,2.1,Search,45 days,Google Ads,Los Angeles,Mandarin,08-01-2021,CAMP00008,13-04-2025,26-04-2025,234598,21435,3793.91,7159.09,C180,TP556
CMP06,6,CMP06_display,6,146,9.78,Display,15 days,Instagram,New York,German,06-01-2021,CAMP00006,08-07-2025,21-07-2025,177469,7979,3540.34,3885.94,C181,TP470
CMP01,1,CMP01_email,5,84,5.91,Email,30 days,Google Ads,Chicago,Spanish,01-01-2021,CAMP00001,13-04-2025,19-04-2025,293520,23335,1052.39,2236.02,C181,TP2233
CMP19,19,CMP19_social_media,3,32,1.55,Social Media,60 days,Google Ads,New York,French,19-01-2021,CAMP00019,15-09-2025,24-09-2025,260948,21678,4608.11,7497.56,C181,TP1857
CMP15,15,CMP15_display,10,51,6.83,Display,45 days,Website,Chicago,Spanish,15-01-2021,CAMP00015,01-06-2025,06-06-2025,257862,23315,684.67,2001.69,C181,TP2419
CMP02,2,CMP02_email,1,141,8.16,Email,60 days,Google Ads,New York,German,02-01-2021,CAMP00002,15-12-2025,24-12-2025,200340,15841,3964.9,11740.15,C181,TP812
CMP08,8,CMP08_search,8,103,6.26,Search,45 days,Google Ads,Los Angeles,Mandarin,08-01-2021,CAMP00008,13-04-2025,26-04-2025,234598,21435,3793.91,7159.09,C182,TP1569
CMP08,8,CMP08_search,10,74,9.89,Search,45 days,Google Ads,Los Angeles,Mandarin,08-01-2021,CAMP00008,13-04-2025,26-04-2025,234598,21435,3793.91,7159.09,C182,TP1730
CMP11,11,CMP11_display,6,97,9.07,Display,45 days,Email,New York,Spanish,11-01-2021,CAMP00011,27-11-2025,04-12-2025,53998,1343,2491.07,4360.88,C182,TP867
CMP07,7,CMP07_email,5,112,9.16,Email,60 days,Website,Los Angeles,Spanish,07-01-2021,CAMP00007,21-01-2025,05-02-2025,174231,2160,1999.53,3306.37,C182,TP1610
CMP14,14,CMP14_email,6,114,0.58,Email,45 days,Instagram,New York,German,14-01-2021,CAMP00014,26-12-2025,31-12-2025,207001,14356,2479.11,2827.93,C183,TP2575
CMP10,10,CMP10_email,1,60,6.08,Email,15 days,Instagram,Los Angeles,English,10-01-2021,CAMP00010,03-08-2025,16-08-2025,195376,2474,1142.07,2323.19,C183,TP2006
CMP12,12,CMP12_influencer,1,176,9.77,Influencer,60 days,Google Ads,Los Angeles,Mandarin,12-01-2021,CAMP00012,29-03-2025,06-04-2025,107304,7128,3882.92,7276.43,C183,TP1133
CMP12,12,CMP12_influencer,1,116,1.74,Influencer,60 days,Google Ads,Los Angeles,Mandarin,12-01-2021,CAMP00012,29-03-2025,06-04-2025,107304,7128,3882.92,7276.43,C183,TP763
CMP11,11,CMP11_display,8,171,2.44,Display,45 days,Email,New York,Spanish,11-01-2021,CAMP00011,27-11-2025,04-12-2025,53998,1343,2491.07,4360.88,C184,TP1112
CMP19,19,CMP19_social_media,9,114,4.72,Social Media,60 days,Google Ads,New York,French,19-01-2021,CAMP00019,15-09-2025,24-09-2025,260948,21678,4608.11,7497.56,C184,TP1492
CMP07,7,CMP07_email,0,198,5.49,Email,60 days,Website,Los Angeles,Spanish,07-01-2021,CAMP00007,21-01-2025,05-02-2025,174231,2160,1999.53,3306.37,C184,TP1143
CMP07,7,CMP07_email,8,136,2.61,Email,60 days,Website,Los Angeles,Spanish,07-01-2021,CAMP00007,21-01-2025,05-02-2025,174231,2160,1999.53,3306.37,C184,TP301
CMP01,1,CMP01_email,9,58,2.85,Email,30 days,Google Ads,Chicago,Spanish,01-01-2021,CAMP00001,13-04-2025,19-04-2025,293520,23335,1052.39,2236.02,C185,TP637
CMP07,7,CMP07_email,2,71,3.37,Email,60 days,Website,Los Angeles,Spanish,07-01-2021,CAMP00007,21-01-2025,05-02-2025,174231,2160,1999.53,3306.37,C185,TP2049
CMP18,18,CMP18_influencer,5,161,8.63,Influencer,15 days,Instagram,Miami,French,18-01-2021,CAMP00018,05-11-2025,17-11-2025,281690,22173,3399.93,5565.65,C186,TP2208
CMP15,15,CMP15_display,7,48,1.4,Display,45 days,Website,Chicago,Spanish,15-01-2021,CAMP00015,01-06-2025,06-06-2025,257862,23315,684.67,2001.69,C186,TP953
CMP06,6,CMP06_display,6,60,2.37,Display,15 days,Instagram,New York,German,06-01-2021,CAMP00006,08-07-2025,21-07-2025,177469,7979,3540.34,3885.94,C186,TP2637
CMP11,11,CMP11_display,9,72,4.83,Display,45 days,Email,New York,Spanish,11-01-2021,CAMP00011,27-11-2025,04-12-2025,53998,1343,2491.07,4360.88,C186,TP547
CMP09,9,CMP09_social_media,1,153,3.67,Social Media,15 days,Facebook,Chicago,German,09-01-2021,CAMP00009,02-05-2025,08-05-2025,209438,2474,2385.72,2800.53,C186,TP814
CMP10,10,CMP10_email,4,160,6.09,Email,15 days,Instagram,Los Angeles,English,10-01-2021,CAMP00010,03-08-2025,16-08-2025,195376,2474,1142.07,2323.19,C187,TP1868
CMP11,11,CMP11_display,7,106,7.7,Display,45 days,Email,New York,Spanish,11-01-2021,CAMP00011,27-11-2025,04-12-2025,53998,1343,2491.07,4360.88,C187,TP778
CMP15,15,CMP15_display,7,133,1.21,Display,45 days,Website,Chicago,Spanish,15-01-2021,CAMP00015,01-06-2025,06-06-2025,257862,23315,684.67,2001.69,C187,TP277
CMP19,19,CMP19_social_media,7,191,9.71,Social Media,60 days,Google Ads,New York,French,19-01-2021,CAMP00019,15-09-2025,24-09-2025,260948,21678,4608.11,7497.56,C187,TP210
CMP05,5,CMP05_email,3,69,4.21,Email,15 days,YouTube,Los Angeles,Mandarin,05-01-2021,CAMP00005,13-03-2025,22-03-2025,285472,4155,4935.48,14111.31,C187,TP2087
CMP17,17,CMP17_display,0,125,9.13,Display,45 days,Website,Houston,English,17-01-2021,CAMP00017,30-05-2025,14-06-2025,12103,168,4112.15,11010.78,C187,TP318
CMP09,9,CMP09_social_media,5,191,6.82,Social Media,15 days,Facebook,Chicago,German,09-01-2021,CAMP00009,02-05-2025,08-05-2025,209438,2474,2385.72,2800.53,C187,TP1214
CMP10,10,CMP10_email,1,2,1.12,Email,15 days,Instagram,Los Angeles,English,10-01-2021,CAMP00010,03-08-2025,16-08-2025,195376,2474,1142.07,2323.19,C188,TP2239
CMP08,8,CMP08_search,9,14,5.79,Search,45 days,Google Ads,Los Angeles,Mandarin,08-01-2021,CAMP00008,13-04-2025,26-04-2025,234598,21435,3793.91,7159.09,C188,TP1749
CMP10,10,CMP10_email,3,193,7.02,Email,15 days,Instagram,Los Angeles,English,10-01-2021,CAMP00010,03-08-2025,16-08-2025,195376,2474,1142.07,2323.19,C188,TP044
CMP16,16,CMP16_social_media,2,123,3.68,Social Media,60 days,YouTube,New York,German,16-01-2021,CAMP00016,11-05-2025,24-05-2025,159957,8149,4229.14,8648.05,C188,TP123
CMP05,5,CMP05_email,6,82,9.23,Email,15 days,YouTube,Los Angeles,Mandarin,05-01-2021,CAMP00005,13-03-2025,22-03-2025,285472,4155,4935.48,14111.31,C188,TP473
CMP05,5,CMP05_email,9,105,0.74,Email,15 days,YouTube,Los Angeles,Mandarin,05-01-2021,CAMP00005,13-03-2025,22-03-2025,285472,4155,4935.48,14111.31,C188,TP1998
CMP19,19,CMP19_social_media,10,7,4.91,Social Media,60 days,Google Ads,New York,French,19-01-2021,CAMP00019,15-09-2025,24-09-2025,260948,21678,4608.11,7497.56,C188,TP2276
CMP12,12,CMP12_influencer,7,2,5.9,Influencer,60 days,Google Ads,Los Angeles,Mandarin,12-01-2021,CAMP00012,29-03-2025,06-04-2025,107304,7128,3882.92,7276.43,C188,TP2553
CMP01,1,CMP01_email,10,41,6.71,Email,30 days,Google Ads,Chicago,Spanish,01-01-2021,CAMP00001,13-04-2025,19-04-2025,293520,23335,1052.39,2236.02,C189,TP007
CMP13,13,CMP13_social_media,9,135,4.93,Social Media,60 days,Facebook,Chicago,Mandarin,13-01-2021,CAMP00013,10-04-2025,15-04-2025,194692,11436,973.85,2310.62,C189,TP622
CMP04,4,CMP04_display,0,139,6.21,Display,60 days,YouTube,Miami,Mandarin,04-01-2021,CAMP00004,17-04-2025,30-04-2025,156382,2672,1252.63,2209.74,C189,TP1638
CMP13,13,CMP13_social_media,9,67,3.99,Social Media,60 days,Facebook,Chicago,Mandarin,13-01-2021,CAMP00013,10-04-2025,15-04-2025,194692,11436,973.85,2310.62,C190,TP232
CMP08,8,CMP08_search,1,57,9.87,Search,45 days,Google Ads,Los Angeles,Mandarin,08-01-2021,CAMP00008,13-04-2025,26-04-2025,234598,21435,3793.91,7159.09,C190,TP893
CMP19,19,CMP19_social_media,4,122,2.71,Social Media,60 days,Google Ads,New York,French,19-01-2021,CAMP00019,15-09-2025,24-09-2025,260948,21678,4608.11,7497.56,C190,TP1848
CMP06,6,CMP06_display,1,81,3.42,Display,15 days,Instagram,New York,German,06-01-2021,CAMP00006,08-07-2025,21-07-2025,177469,7979,3540.34,3885.94,C190,TP758
CMP19,19,CMP19_social_media,3,121,9.84,Social Media,60 days,Google Ads,New York,French,19-01-2021,CAMP00019,15-09-2025,24-09-2025,260948,21678,4608.11,7497.56,C190,TP549
CMP09,9,CMP09_social_media,10,157,0.9,Social Media,15 days,Facebook,Chicago,German,09-01-2021,CAMP00009,02-05-2025,08-05-2025,209438,2474,2385.72,2800.53,C190,TP047
CMP17,17,CMP17_display,9,63,4.19,Display,45 days,Website,Houston,English,17-01-2021,CAMP00017,30-05-2025,14-06-2025,12103,168,4112.15,11010.78,C190,TP111
CMP10,10,CMP10_email,4,168,1.41,Email,15 days,Instagram,Los Angeles,English,10-01-2021,CAMP00010,03-08-2025,16-08-2025,195376,2474,1142.07,2323.19,C191,TP2236
CMP06,6,CMP06_display,1,9,3.87,Display,15 days,Instagram,New York,German,06-01-2021,CAMP00006,08-07-2025,21-07-2025,177469,7979,3540.34,3885.94,C191,TP894
CMP14,14,CMP14_email,0,12,8.2,Email,45 days,Instagram,New York,German,14-01-2021,CAMP00014,26-12-2025,31-12-2025,207001,14356,2479.11,2827.93,C191,TP476
CMP18,18,CMP18_influencer,10,6,3.84,Influencer,15 days,Instagram,Miami,French,18-01-2021,CAMP00018,05-11-2025,17-11-2025,281690,22173,3399.93,5565.65,C191,TP095
CMP05,5,CMP05_email,2,101,2.19,Email,15 days,YouTube,Los Angeles,Mandarin,05-01-2021,CAMP00005,13-03-2025,22-03-2025,285472,4155,4935.48,14111.31,C192,TP624
CMP13,13,CMP13_social_media,9,138,3.03,Social Media,60 days,Facebook,Chicago,Mandarin,13-01-2021,CAMP00013,10-04-2025,15-04-2025,194692,11436,973.85,2310.62,C192,TP2305
CMP17,17,CMP17_display,10,150,8.91,Display,45 days,Website,Houston,English,17-01-2021,CAMP00017,30-05-2025,14-06-2025,12103,168,4112.15,11010.78,C192,TP746
CMP19,19,CMP19_social_media,8,162,8.26,Social Media,60 days,Google Ads,New York,French,19-01-2021,CAMP00019,15-09-2025,24-09-2025,260948,21678,4608.11,7497.56,C192,TP452
CMP02,2,CMP02_email,8,54,1.27,Email,60 days,Google Ads,New York,German,02-01-2021,CAMP00002,15-12-2025,24-12-2025,200340,15841,3964.9,11740.15,C192,TP029
CMP18,18,CMP18_influencer,1,87,5.3,Influencer,15 days,Instagram,Miami,French,18-01-2021,CAMP00018,05-11-2025,17-11-2025,281690,22173,3399.93,5565.65,C192,TP1084
CMP10,10,CMP10_email,10,81,8.73,Email,15 days,Instagram,Los Angeles,English,10-01-2021,CAMP00010,03-08-2025,16-08-2025,195376,2474,1142.07,2323.19,C192,TP1230
CMP15,15,CMP15_display,5,88,9.19,Display,45 days,Website,Chicago,Spanish,15-01-2021,CAMP00015,01-06-2025,06-06-2025,257862,23315,684.67,2001.69,C192,TP961
CMP17,17,CMP17_display,9,106,9.9,Display,45 days,Website,Houston,English,17-01-2021,CAMP00017,30-05-2025,14-06-2025,12103,168,4112.15,11010.78,C192,TP2319
CMP09,9,CMP09_social_media,0,134,3.69,Social Media,15 days,Facebook,Chicago,German,09-01-2021,CAMP00009,02-05-2025,08-05-2025,209438,2474,2385.72,2800.53,C193,TP2076
CMP05,5,CMP05_email,3,117,6.1,Email,15 days,YouTube,Los Angeles,Mandarin,05-01-2021,CAMP00005,13-03-2025,22-03-2025,285472,4155,4935.48,14111.31,C193,TP1855
CMP14,14,CMP14_email,1,108,0.81,Email,45 days,Instagram,New York,German,14-01-2021,CAMP00014,26-12-2025,31-12-2025,207001,14356,2479.11,2827.93,C193,TP2312
CMP02,2,CMP02_email,2,168,7.71,Email,60 days,Google Ads,New York,German,02-01-2021,CAMP00002,15-12-2025,24-12-2025,200340,15841,3964.9,11740.15,C194,TP2502
CMP03,3,CMP03_influencer,8,29,6.92,Influencer,30 days,YouTube,Los Angeles,French,03-01-2021,CAMP00003,28-09-2025,06-10-2025,239365,16478,1000.39,1902.24,C194,TP400
CMP11,11,CMP11_display,4,25,6.46,Display,45 days,Email,New York,Spanish,11-01-2021,CAMP00011,27-11-2025,04-12-2025,53998,1343,2491.07,4360.88,C194,TP1322
CMP18,18,CMP18_influencer,2,139,4.25,Influencer,15 days,Instagram,Miami,French,18-01-2021,CAMP00018,05-11-2025,17-11-2025,281690,22173,3399.93,5565.65,C194,TP1668
CMP04,4,CMP04_display,8,64,1.17,Display,60 days,YouTube,Miami,Mandarin,04-01-2021,CAMP00004,17-04-2025,30-04-2025,156382,2672,1252.63,2209.74,C194,TP844
CMP02,2,CMP02_email,5,121,8.53,Email,60 days,Google Ads,New York,German,02-01-2021,CAMP00002,15-12-2025,24-12-2025,200340,15841,3964.9,11740.15,C195,TP1759
CMP13,13,CMP13_social_media,1,188,3.3,Social Media,60 days,Facebook,Chicago,Mandarin,13-01-2021,CAMP00013,10-04-2025,15-04-2025,194692,11436,973.85,2310.62,C195,TP1147
CMP08,8,CMP08_search,3,181,4.88,Search,45 days,Google Ads,Los Angeles,Mandarin,08-01-2021,CAMP00008,13-04-2025,26-04-2025,234598,21435,3793.91,7159.09,C195,TP1145
CMP19,19,CMP19_social_media,5,49,4.55,Social Media,60 days,Google Ads,New York,French,19-01-2021,CAMP00019,15-09-2025,24-09-2025,260948,21678,4608.11,7497.56,C195,TP2366
CMP13,13,CMP13_social_media,8,37,5.65,Social Media,60 days,Facebook,Chicago,Mandarin,13-01-2021,CAMP00013,10-04-2025,15-04-2025,194692,11436,973.85,2310.62,C195,TP2169
CMP14,14,CMP14_email,5,62,8.34,Email,45 days,Instagram,New York,German,14-01-2021,CAMP00014,26-12-2025,31-12-2025,207001,14356,2479.11,2827.93,C195,TP417
CMP09,9,CMP09_social_media,1,118,0.62,Social Media,15 days,Facebook,Chicago,German,09-01-2021,CAMP00009,02-05-2025,08-05-2025,209438,2474,2385.72,2800.53,C196,TP1475
CMP08,8,CMP08_search,5,55,7.99,Search,45 days,Google Ads,Los Angeles,Mandarin,08-01-2021,CAMP00008,13-04-2025,26-04-2025,234598,21435,3793.91,7159.09,C196,TP2298
CMP03,3,CMP03_influencer,1,23,8.37,Influencer,30 days,YouTube,Los Angeles,French,03-01-2021,CAMP00003,28-09-2025,06-10-2025,239365,16478,1000.39,1902.24,C196,TP730
CMP14,14,CMP14_email,3,120,6.32,Email,45 days,Instagram,New York,German,14-01-2021,CAMP00014,26-12-2025,31-12-2025,207001,14356,2479.11,2827.93,C196,TP572
CMP03,3,CMP03_influencer,4,26,2.14,Influencer,30 days,YouTube,Los Angeles,French,03-01-2021,CAMP00003,28-09-2025,06-10-2025,239365,16478,1000.39,1902.24,C197,TP980
CMP13,13,CMP13_social_media,6,10,8.22,Social Media,60 days,Facebook,Chicago,Mandarin,13-01-2021,CAMP00013,10-04-2025,15-04-2025,194692,11436,973.85,2310.62,C197,TP1754
CMP01,1,CMP01_email,9,139,2.48,Email,30 days,Google Ads,Chicago,Spanish,01-01-2021,CAMP00001,13-04-2025,19-04-2025,293520,23335,1052.39,2236.02,C197,TP1020
CMP18,18,CMP18_influencer,6,122,4.47,Influencer,15 days,Instagram,Miami,French,18-01-2021,CAMP00018,05-11-2025,17-11-2025,281690,22173,3399.93,5565.65,C198,TP2093
CMP07,7,CMP07_email,5,93,7.06,Email,60 days,Website,Los Angeles,Spanish,07-01-2021,CAMP00007,21-01-2025,05-02-2025,174231,2160,1999.53,3306.37,C198,TP295
CMP16,16,CMP16_social_media,5,126,5.46,Social Media,60 days,YouTube,New York,German,16-01-2021,CAMP00016,11-05-2025,24-05-2025,159957,8149,4229.14,8648.05,C198,TP1615
CMP17,17,CMP17_display,5,31,2.92,Display,45 days,Website,Houston,English,17-01-2021,CAMP00017,30-05-2025,14-06-2025,12103,168,4112.15,11010.78,C198,TP1450
CMP02,2,CMP02_email,9,112,6.14,Email,60 days,Google Ads,New York,German,02-01-2021,CAMP00002,15-12-2025,24-12-2025,200340,15841,3964.9,11740.15,C198,TP1946
CMP09,9,CMP09_social_media,3,142,3.96,Social Media,15 days,Facebook,Chicago,German,09-01-2021,CAMP00009,02-05-2025,08-05-2025,209438,2474,2385.72,2800.53,C198,TP310
CMP15,15,CMP15_display,10,47,7.98,Display,45 days,Website,Chicago,Spanish,15-01-2021,CAMP00015,01-06-2025,06-06-2025,257862,23315,684.67,2001.69,C198,TP244
CMP13,13,CMP13_social_media,3,162,2.59,Social Media,60 days,Facebook,Chicago,Mandarin,13-01-2021,CAMP00013,10-04-2025,15-04-2025,194692,11436,973.85,2310.62,C198,TP1285
CMP06,6,CMP06_display,4,41,0.69,Display,15 days,Instagram,New York,German,06-01-2021,CAMP00006,08-07-2025,21-07-2025,177469,7979,3540.34,3885.94,C199,TP333
CMP11,11,CMP11_display,1,88,0.76,Display,45 days,Email,New York,Spanish,11-01-2021,CAMP00011,27-11-2025,04-12-2025,53998,1343,2491.07,4360.88,C199,TP2414
CMP04,4,CMP04_display,9,165,5.31,Display,60 days,YouTube,Miami,Mandarin,04-01-2021,CAMP00004,17-04-2025,30-04-2025,156382,2672,1252.63,2209.74,C199,TP2104
CMP12,12,CMP12_influencer,2,84,9.81,Influencer,60 days,Google Ads,Los Angeles,Mandarin,12-01-2021,CAMP00012,29-03-2025,06-04-2025,107304,7128,3882.92,7276.43,C199,TP1962
CMP04,4,CMP04_display,3,48,0.89,Display,60 days,YouTube,Miami,Mandarin,04-01-2021,CAMP00004,17-04-2025,30-04-2025,156382,2672,1252.63,2209.74,C200,TP1520
CMP19,19,CMP19_social_media,8,52,4.0,Social Media,60 days,Google Ads,New York,French,19-01-2021,CAMP00019,15-09-2025,24-09-2025,260948,21678,4608.11,7497.56,C200,TP1947
CMP11,11,CMP11_display,8,77,1.6,Display,45 days,Email,New York,Spanish,11-01-2021,CAMP00011,27-11-2025,04-12-2025,53998,1343,2491.07,4360.88,C201,TP154
CMP13,13,CMP13_social_media,1,181,8.77,Social Media,60 days,Facebook,Chicago,Mandarin,13-01-2021,CAMP00013,10-04-2025,15-04-2025,194692,11436,973.85,2310.62,C201,TP1797
CMP01,1,CMP01_email,10,55,2.65,Email,30 days,Google Ads,Chicago,Spanish,01-01-2021,CAMP00001,13-04-2025,19-04-2025,293520,23335,1052.39,2236.02,C201,TP965
CMP04,4,CMP04_display,9,65,5.04,Display,60 days,YouTube,Miami,Mandarin,04-01-2021,CAMP00004,17-04-2025,30-04-2025,156382,2672,1252.63,2209.74,C201,TP316
CMP06,6,CMP06_display,5,116,9.83,Display,15 days,Instagram,New York,German,06-01-2021,CAMP00006,08-07-2025,21-07-2025,177469,7979,3540.34,3885.94,C201,TP1899
CMP02,2,CMP02_email,1,135,4.2,Email,60 days,Google Ads,New York,German,02-01-2021,CAMP00002,15-12-2025,24-12-2025,200340,15841,3964.9,11740.15,C201,TP1895
CMP11,11,CMP11_display,3,180,5.55,Display,45 days,Email,New York,Spanish,11-01-2021,CAMP00011,27-11-2025,04-12-2025,53998,1343,2491.07,4360.88,C202,TP1235
CMP08,8,CMP08_search,8,38,1.78,Search,45 days,Google Ads,Los Angeles,Mandarin,08-01-2021,CAMP00008,13-04-2025,26-04-2025,234598,21435,3793.91,7159.09,C202,TP870
CMP14,14,CMP14_email,1,120,3.36,Email,45 days,Instagram,New York,German,14-01-2021,CAMP00014,26-12-2025,31-12-2025,207001,14356,2479.11,2827.93,C202,TP2485
CMP08,8,CMP08_search,0,61,9.2,Search,45 days,Google Ads,Los Angeles,Mandarin,08-01-2021,CAMP00008,13-04-2025,26-04-2025,234598,21435,3793.91,7159.09,C202,TP100
CMP02,2,CMP02_email,10,159,3.8,Email,60 days,Google Ads,New York,German,02-01-2021,CAMP00002,15-12-2025,24-12-2025,200340,15841,3964.9,11740.15,C202,TP1030
CMP02,2,CMP02_email,6,19,9.09,Email,60 days,Google Ads,New York,German,02-01-2021,CAMP00002,15-12-2025,24-12-2025,200340,15841,3964.9,11740.15,C202,TP1584
CMP17,17,CMP17_display,2,162,7.61,Display,45 days,Website,Houston,English,17-01-2021,CAMP00017,30-05-2025,14-06-2025,12103,168,4112.15,11010.78,C202,TP2591
CMP13,13,CMP13_social_media,2,80,5.23,Social Media,60 days,Facebook,Chicago,Mandarin,13-01-2021,CAMP00013,10-04-2025,15-04-2025,194692,11436,973.85,2310.62,C202,TP1778
CMP15,15,CMP15_display,3,105,3.74,Display,45 days,Website,Chicago,Spanish,15-01-2021,CAMP00015,01-06-2025,06-06-2025,257862,23315,684.67,2001.69,C203,TP1324
CMP13,13,CMP13_social_media,6,120,0.98,Social Media,60 days,Facebook,Chicago,Mandarin,13-01-2021,CAMP00013,10-04-2025,15-04-2025,194692,11436,973.85,2310.62,C203,TP913
CMP10,10,CMP10_email,7,103,8.03,Email,15 days,Instagram,Los Angeles,English,10-01-2021,CAMP00010,03-08-2025,16-08-2025,195376,2474,1142.07,2323.19,C203,TP300
CMP15,15,CMP15_display,7,46,3.46,Display,45 days,Website,Chicago,Spanish,15-01-2021,CAMP00015,01-06-2025,06-06-2025,257862,23315,684.67,2001.69,C204,TP2322
CMP14,14,CMP14_email,0,174,7.63,Email,45 days,Instagram,New York,German,14-01-2021,CAMP00014,26-12-2025,31-12-2025,207001,14356,2479.11,2827.93,C204,TP2529
CMP10,10,CMP10_email,2,34,4.59,Email,15 days,Instagram,Los Angeles,English,10-01-2021,CAMP00010,03-08-2025,16-08-2025,195376,2474,1142.07,2323.19,C204,TP648
CMP13,13,CMP13_social_media,0,41,6.05,Social Media,60 days,Facebook,Chicago,Mandarin,13-01-2021,CAMP00013,10-04-2025,15-04-2025,194692,11436,973.85,2310.62,C205,TP1123
CMP16,16,CMP16_social_media,8,92,8.08,Social Media,60 days,YouTube,New York,German,16-01-2021,CAMP00016,11-05-2025,24-05-2025,159957,8149,4229.14,8648.05,C205,TP2448
CMP18,18,CMP18_influencer,6,88,4.39,Influencer,15 days,Instagram,Miami,French,18-01-2021,CAMP00018,05-11-2025,17-11-2025,281690,22173,3399.93,5565.65,C205,TP1041
CMP10,10,CMP10_email,4,176,7.05,Email,15 days,Instagram,Los Angeles,English,10-01-2021,CAMP00010,03-08-2025,16-08-2025,195376,2474,1142.07,2323.19,C206,TP082
CMP17,17,CMP17_display,7,172,2.24,Display,45 days,Website,Houston,English,17-01-2021,CAMP00017,30-05-2025,14-06-2025,12103,168,4112.15,11010.78,C206,TP2260
CMP16,16,CMP16_social_media,1,130,8.49,Social Media,60 days,YouTube,New York,German,16-01-2021,CAMP00016,11-05-2025,24-05-2025,159957,8149,4229.14,8648.05,C206,TP790
CMP06,6,CMP06_display,2,76,2.1,Display,15 days,Instagram,New York,German,06-01-2021,CAMP00006,08-07-2025,21-07-2025,177469,7979,3540.34,3885.94,C206,TP2429
CMP05,5,CMP05_email,10,16,8.64,Email,15 days,YouTube,Los Angeles,Mandarin,05-01-2021,CAMP00005,13-03-2025,22-03-2025,285472,4155,4935.48,14111.31,C207,TP184
CMP17,17,CMP17_display,4,117,9.88,Display,45 days,Website,Houston,English,17-01-2021,CAMP00017,30-05-2025,14-06-2025,12103,168,4112.15,11010.78,C207,TP2598
CMP03,3,CMP03_influencer,7,182,7.15,Influencer,30 days,YouTube,Los Angeles,French,03-01-2021,CAMP00003,28-09-2025,06-10-2025,239365,16478,1000.39,1902.24,C207,TP1075
CMP17,17,CMP17_display,6,40,8.46,Display,45 days,Website,Houston,English,17-01-2021,CAMP00017,30-05-2025,14-06-2025,12103,168,4112.15,11010.78,C207,TP1199
CMP08,8,CMP08_search,10,109,5.99,Search,45 days,Google Ads,Los Angeles,Mandarin,08-01-2021,CAMP00008,13-04-2025,26-04-2025,234598,21435,3793.91,7159.09,C208,TP114
CMP18,18,CMP18_influencer,8,47,6.15,Influencer,15 days,Instagram,Miami,French,18-01-2021,CAMP00018,05-11-2025,17-11-2025,281690,22173,3399.93,5565.65,C208,TP2543
CMP14,14,CMP14_email,0,110,5.89,Email,45 days,Instagram,New York,German,14-01-2021,CAMP00014,26-12-2025,31-12-2025,207001,14356,2479.11,2827.93,C208,TP403
CMP14,14,CMP14_email,5,177,6.84,Email,45 days,Instagram,New York,German,14-01-2021,CAMP00014,26-12-2025,31-12-2025,207001,14356,2479.11,2827.93,C208,TP2400
CMP13,13,CMP13_social_media,2,53,6.42,Social Media,60 days,Facebook,Chicago,Mandarin,13-01-2021,CAMP00013,10-04-2025,15-04-2025,194692,11436,973.85,2310.62,C208,TP373
CMP19,19,CMP19_social_media,4,164,9.35,Social Media,60 days,Google Ads,New York,French,19-01-2021,CAMP00019,15-09-2025,24-09-2025,260948,21678,4608.11,7497.56,C209,TP2449
CMP02,2,CMP02_email,8,43,9.05,Email,60 days,Google Ads,New York,German,02-01-2021,CAMP00002,15-12-2025,24-12-2025,200340,15841,3964.9,11740.15,C209,TP1786
CMP04,4,CMP04_display,10,161,6.22,Display,60 days,YouTube,Miami,Mandarin,04-01-2021,CAMP00004,17-04-2025,30-04-2025,156382,2672,1252.63,2209.74,C209,TP1789
CMP16,16,CMP16_social_media,9,144,5.69,Social Media,60 days,YouTube,New York,German,16-01-2021,CAMP00016,11-05-2025,24-05-2025,159957,8149,4229.14,8648.05,C210,TP1599
CMP11,11,CMP11_display,4,191,2.38,Display,45 days,Email,New York,Spanish,11-01-2021,CAMP00011,27-11-2025,04-12-2025,53998,1343,2491.07,4360.88,C210,TP2316
CMP07,7,CMP07_email,7,132,1.89,Email,60 days,Website,Los Angeles,Spanish,07-01-2021,CAMP00007,21-01-2025,05-02-2025,174231,2160,1999.53,3306.37,C210,TP1531
CMP12,12,CMP12_influencer,5,31,2.93,Influencer,60 days,Google Ads,Los Angeles,Mandarin,12-01-2021,CAMP00012,29-03-2025,06-04-2025,107304,7128,3882.92,7276.43,C210,TP2018
CMP10,10,CMP10_email,1,21,7.94,Email,15 days,Instagram,Los Angeles,English,10-01-2021,CAMP00010,03-08-2025,16-08-2025,195376,2474,1142.07,2323.19,C211,TP1650
CMP10,10,CMP10_email,3,78,2.69,Email,15 days,Instagram,Los Angeles,English,10-01-2021,CAMP00010,03-08-2025,16-08-2025,195376,2474,1142.07,2323.19,C211,TP2582
CMP03,3,CMP03_influencer,7,177,8.1,Influencer,30 days,YouTube,Los Angeles,French,03-01-2021,CAMP00003,28-09-2025,06-10-2025,239365,16478,1000.39,1902.24,C212,TP967
CMP19,19,CMP19_social_media,8,157,7.9,Social Media,60 days,Google Ads,New York,French,19-01-2021,CAMP00019,15-09-2025,24-09-2025,260948,21678,4608.11,7497.56,C212,TP1336
CMP17,17,CMP17_display,2,21,2.28,Display,45 days,Website,Houston,English,17-01-2021,CAMP00017,30-05-2025,14-06-2025,12103,168,4112.15,11010.78,C212,TP1247
CMP09,9,CMP09_social_media,4,50,7.8,Social Media,15 days,Facebook,Chicago,German,09-01-2021,CAMP00009,02-05-2025,08-05-2025,209438,2474,2385.72,2800.53,C213,TP2604
CMP03,3,CMP03_influencer,8,184,3.9,Influencer,30 days,YouTube,Los Angeles,French,03-01-2021,CAMP00003,28-09-2025,06-10-2025,239365,16478,1000.39,1902.24,C213,TP1410
CMP13,13,CMP13_social_media,9,181,0.75,Social Media,60 days,Facebook,Chicago,Mandarin,13-01-2021,CAMP00013,10-04-2025,15-04-2025,194692,11436,973.85,2310.62,C213,TP912
CMP15,15,CMP15_display,6,101,1.13,Display,45 days,Website,Chicago,Spanish,15-01-2021,CAMP00015,01-06-2025,06-06-2025,257862,23315,684.67,2001.69,C213,TP113
CMP02,2,CMP02_email,4,89,4.47,Email,60 days,Google Ads,New York,German,02-01-2021,CAMP00002,15-12-2025,24-12-2025,200340,15841,3964.9,11740.15,C214,TP1559
CMP03,3,CMP03_influencer,0,36,3.09,Influencer,30 days,YouTube,Los Angeles,French,03-01-2021,CAMP00003,28-09-2025,06-10-2025,239365,16478,1000.39,1902.24,C214,TP1182
CMP12,12,CMP12_influencer,0,114,9.6,Influencer,60 days,Google Ads,Los Angeles,Mandarin,12-01-2021,CAMP00012,29-03-2025,06-04-2025,107304,7128,3882.92,7276.43,C214,TP167
CMP04,4,CMP04_display,3,120,3.01,Display,60 days,YouTube,Miami,Mandarin,04-01-2021,CAMP00004,17-04-2025,30-04-2025,156382,2672,1252.63,2209.74,C214,TP1203
CMP19,19,CMP19_social_media,5,176,9.13,Social Media,60 days,Google Ads,New York,French,19-01-2021,CAMP00019,15-09-2025,24-09-2025,260948,21678,4608.11,7497.56,C214,TP2441
CMP05,5,CMP05_email,0,145,2.89,Email,15 days,YouTube,Los Angeles,Mandarin,05-01-2021,CAMP00005,13-03-2025,22-03-2025,285472,4155,4935.48,14111.31,C214,TP2469
CMP17,17,CMP17_display,4,45,2.83,Display,45 days,Website,Houston,English,17-01-2021,CAMP00017,30-05-2025,14-06-2025,12103,168,4112.15,11010.78,C215,TP1646
CMP06,6,CMP06_display,4,66,0.65,Display,15 days,Instagram,New York,German,06-01-2021,CAMP00006,08-07-2025,21-07-2025,177469,7979,3540.34,3885.94,C215,TP821
CMP17,17,CMP17_display,3,187,4.46,Display,45 days,Website,Houston,English,17-01-2021,CAMP00017,30-05-2025,14-06-2025,12103,168,4112.15,11010.78,C215,TP542
CMP13,13,CMP13_social_media,3,4,5.35,Social Media,60 days,Facebook,Chicago,Mandarin,13-01-2021,CAMP00013,10-04-2025,15-04-2025,194692,11436,973.85,2310.62,C215,TP1808
CMP07,7,CMP07_email,10,162,5.04,Email,60 days,Website,Los Angeles,Spanish,07-01-2021,CAMP00007,21-01-2025,05-02-2025,174231,2160,1999.53,3306.37,C215,TP1980
CMP05,5,CMP05_email,6,180,8.68,Email,15 days,YouTube,Los Angeles,Mandarin,05-01-2021,CAMP00005,13-03-2025,22-03-2025,285472,4155,4935.48,14111.31,C215,TP1783
CMP18,18,CMP18_influencer,2,136,2.1,Influencer,15 days,Instagram,Miami,French,18-01-2021,CAMP00018,05-11-2025,17-11-2025,281690,22173,3399.93,5565.65,C215,TP2131
CMP18,18,CMP18_influencer,5,102,8.14,Influencer,15 days,Instagram,Miami,French,18-01-2021,CAMP00018,05-11-2025,17-11-2025,281690,22173,3399.93,5565.65,C215,TP109
CMP10,10,CMP10_email,1,48,5.79,Email,15 days,Instagram,Los Angeles,English,10-01-2021,CAMP00010,03-08-2025,16-08-2025,195376,2474,1142.07,2323.19,C215,TP012
CMP15,15,CMP15_display,7,121,3.73,Display,45 days,Website,Chicago,Spanish,15-01-2021,CAMP00015,01-06-2025,06-06-2025,257862,23315,684.67,2001.69,C215,TP718
CMP11,11,CMP11_display,5,120,9.89,Display,45 days,Email,New York,Spanish,11-01-2021,CAMP00011,27-11-2025,04-12-2025,53998,1343,2491.07,4360.88,C215,TP1942
CMP14,14,CMP14_email,0,17,3.49,Email,45 days,Instagram,New York,German,14-01-2021,CAMP00014,26-12-2025,31-12-2025,207001,14356,2479.11,2827.93,C216,TP2146
CMP01,1,CMP01_email,10,179,2.42,Email,30 days,Google Ads,Chicago,Spanish,01-01-2021,CAMP00001,13-04-2025,19-04-2025,293520,23335,1052.39,2236.02,C216,TP1490
CMP02,2,CMP02_email,6,42,0.77,Email,60 days,Google Ads,New York,German,02-01-2021,CAMP00002,15-12-2025,24-12-2025,200340,15841,3964.9,11740.15,C216,TP2219
CMP13,13,CMP13_social_media,9,179,4.51,Social Media,60 days,Facebook,Chicago,Mandarin,13-01-2021,CAMP00013,10-04-2025,15-04-2025,194692,11436,973.85,2310.62,C216,TP1936
CMP02,2,CMP02_email,3,57,5.16,Email,60 days,Google Ads,New York,German,02-01-2021,CAMP00002,15-12-2025,24-12-2025,200340,15841,3964.9,11740.15,C216,TP1209
CMP19,19,CMP19_social_media,7,154,7.04,Social Media,60 days,Google Ads,New York,French,19-01-2021,CAMP00019,15-09-2025,24-09-2025,260948,21678,4608.11,7497.56,C216,TP162
CMP19,19,CMP19_social_media,8,162,6.4,Social Media,60 days,Google Ads,New York,French,19-01-2021,CAMP00019,15-09-2025,24-09-2025,260948,21678,4608.11,7497.56,C217,TP738
CMP01,1,CMP01_email,4,173,9.92,Email,30 days,Google Ads,Chicago,Spanish,01-01-2021,CAMP00001,13-04-2025,19-04-2025,293520,23335,1052.39,2236.02,C217,TP121
CMP17,17,CMP17_display,1,163,9.84,Display,45 days,Website,Houston,English,17-01-2021,CAMP00017,30-05-2025,14-06-2025,12103,168,4112.15,11010.78,C217,TP1903
CMP09,9,CMP09_social_media,7,158,1.64,Social Media,15 days,Facebook,Chicago,German,09-01-2021,CAMP00009,02-05-2025,08-05-2025,209438,2474,2385.72,2800.53,C217,TP775
CMP01,1,CMP01_email,7,145,1.19,Email,30 days,Google Ads,Chicago,Spanish,01-01-2021,CAMP00001,13-04-2025,19-04-2025,293520,23335,1052.39,2236.02,C217,TP857
CMP03,3,CMP03_influencer,2,65,6.36,Influencer,30 days,YouTube,Los Angeles,French,03-01-2021,CAMP00003,28-09-2025,06-10-2025,239365,16478,1000.39,1902.24,C217,TP766
CMP11,11,CMP11_display,8,133,1.34,Display,45 days,Email,New York,Spanish,11-01-2021,CAMP00011,27-11-2025,04-12-2025,53998,1343,2491.07,4360.88,C217,TP2463
CMP19,19,CMP19_social_media,1,85,2.12,Social Media,60 days,Google Ads,New York,French,19-01-2021,CAMP00019,15-09-2025,24-09-2025,260948,21678,4608.11,7497.56,C217,TP1003
CMP08,8,CMP08_search,6,23,6.53,Search,45 days,Google Ads,Los Angeles,Mandarin,08-01-2021,CAMP00008,13-04-2025,26-04-2025,234598,21435,3793.91,7159.09,C218,TP097
CMP17,17,CMP17_display,6,154,2.93,Display,45 days,Website,Houston,English,17-01-2021,CAMP00017,30-05-2025,14-06-2025,12103,168,4112.15,11010.78,C218,TP2121
CMP11,11,CMP11_display,6,77,4.03,Display,45 days,Email,New York,Spanish,11-01-2021,CAMP00011,27-11-2025,04-12-2025,53998,1343,2491.07,4360.88,C218,TP1174
CMP07,7,CMP07_email,6,25,6.69,Email,60 days,Website,Los Angeles,Spanish,07-01-2021,CAMP00007,21-01-2025,05-02-2025,174231,2160,1999.53,3306.37,C218,TP650
CMP17,17,CMP17_display,8,51,4.67,Display,45 days,Website,Houston,English,17-01-2021,CAMP00017,30-05-2025,14-06-2025,12103,168,4112.15,11010.78,C218,TP293
CMP03,3,CMP03_influencer,9,91,9.3,Influencer,30 days,YouTube,Los Angeles,French,03-01-2021,CAMP00003,28-09-2025,06-10-2025,239365,16478,1000.39,1902.24,C218,TP178
CMP10,10,CMP10_email,4,132,5.81,Email,15 days,Instagram,Los Angeles,English,10-01-2021,CAMP00010,03-08-2025,16-08-2025,195376,2474,1142.07,2323.19,C218,TP1527
CMP06,6,CMP06_display,1,94,2.51,Display,15 days,Instagram,New York,German,06-01-2021,CAMP00006,08-07-2025,21-07-2025,177469,7979,3540.34,3885.94,C219,TP1835
CMP02,2,CMP02_email,6,88,8.14,Email,60 days,Google Ads,New York,German,02-01-2021,CAMP00002,15-12-2025,24-12-2025,200340,15841,3964.9,11740.15,C219,TP2304
CMP14,14,CMP14_email,1,127,6.09,Email,45 days,Instagram,New York,German,14-01-2021,CAMP00014,26-12-2025,31-12-2025,207001,14356,2479.11,2827.93,C220,TP879
CMP03,3,CMP03_influencer,6,30,6.54,Influencer,30 days,YouTube,Los Angeles,French,03-01-2021,CAMP00003,28-09-2025,06-10-2025,239365,16478,1000.39,1902.24,C220,TP640
CMP18,18,CMP18_influencer,5,163,5.7,Influencer,15 days,Instagram,Miami,French,18-01-2021,CAMP00018,05-11-2025,17-11-2025,281690,22173,3399.93,5565.65,C220,TP1310
CMP10,10,CMP10_email,5,39,7.54,Email,15 days,Instagram,Los Angeles,English,10-01-2021,CAMP00010,03-08-2025,16-08-2025,195376,2474,1142.07,2323.19,C220,TP281
CMP15,15,CMP15_display,9,179,9.21,Display,45 days,Website,Chicago,Spanish,15-01-2021,CAMP00015,01-06-2025,06-06-2025,257862,23315,684.67,2001.69,C220,TP969
CMP18,18,CMP18_influencer,4,71,8.04,Influencer,15 days,Instagram,Miami,French,18-01-2021,CAMP00018,05-11-2025,17-11-2025,281690,22173,3399.93,5565.65,C220,TP2612
CMP02,2,CMP02_email,5,7,5.24,Email,60 days,Google Ads,New York,German,02-01-2021,CAMP00002,15-12-2025,24-12-2025,200340,15841,3964.9,11740.15,C220,TP957
CMP14,14,CMP14_email,3,195,9.5,Email,45 days,Instagram,New York,German,14-01-2021,CAMP00014,26-12-2025,31-12-2025,207001,14356,2479.11,2827.93,C220,TP456
CMP06,6,CMP06_display,5,158,6.38,Display,15 days,Instagram,New York,German,06-01-2021,CAMP00006,08-07-2025,21-07-2025,177469,7979,3540.34,3885.94,C221,TP2572
CMP02,2,CMP02_email,5,68,1.14,Email,60 days,Google Ads,New York,German,02-01-2021,CAMP00002,15-12-2025,24-12-2025,200340,15841,3964.9,11740.15,C221,TP822
CMP08,8,CMP08_search,8,69,3.04,Search,45 days,Google Ads,Los Angeles,Mandarin,08-01-2021,CAMP00008,13-04-2025,26-04-2025,234598,21435,3793.91,7159.09,C222,TP2294
CMP19,19,CMP19_social_media,1,183,4.74,Social Media,60 days,Google Ads,New York,French,19-01-2021,CAMP00019,15-09-2025,24-09-2025,260948,21678,4608.11,7497.56,C222,TP1067
CMP03,3,CMP03_influencer,10,92,4.18,Influencer,30 days,YouTube,Los Angeles,French,03-01-2021,CAMP00003,28-09-2025,06-10-2025,239365,16478,1000.39,1902.24,C222,TP2428
CMP11,11,CMP11_display,0,38,4.47,Display,45 days,Email,New York,Spanish,11-01-2021,CAMP00011,27-11-2025,04-12-2025,53998,1343,2491.07,4360.88,C222,TP198
CMP12,12,CMP12_influencer,6,133,9.14,Influencer,60 days,Google Ads,Los Angeles,Mandarin,12-01-2021,CAMP00012,29-03-2025,06-04-2025,107304,7128,3882.92,7276.43,C222,TP658
CMP09,9,CMP09_social_media,0,87,9.96,Social Media,15 days,Facebook,Chicago,German,09-01-2021,CAMP00009,02-05-2025,08-05-2025,209438,2474,2385.72,2800.53,C222,TP1672
CMP07,7,CMP07_email,7,98,1.06,Email,60 days,Website,Los Angeles,Spanish,07-01-2021,CAMP00007,21-01-2025,05-02-2025,174231,2160,1999.53,3306.37,C222,TP1768
CMP05,5,CMP05_email,10,37,1.84,Email,15 days,YouTube,Los Angeles,Mandarin,05-01-2021,CAMP00005,13-03-2025,22-03-2025,285472,4155,4935.48,14111.31,C223,TP668
CMP19,19,CMP19_social_media,0,44,5.66,Social Media,60 days,Google Ads,New York,French,19-01-2021,CAMP00019,15-09-2025,24-09-2025,260948,21678,4608.11,7497.56,C223,TP2274
CMP17,17,CMP17_display,5,70,7.89,Display,45 days,Website,Houston,English,17-01-2021,CAMP00017,30-05-2025,14-06-2025,12103,168,4112.15,11010.78,C223,TP2525
CMP04,4,CMP04_display,9,81,8.22,Display,60 days,YouTube,Miami,Mandarin,04-01-2021,CAMP00004,17-04-2025,30-04-2025,156382,2672,1252.63,2209.74,C223,TP1306
CMP17,17,CMP17_display,2,69,8.43,Display,45 days,Website,Houston,English,17-01-2021,CAMP00017,30-05-2025,14-06-2025,12103,168,4112.15,11010.78,C223,TP817
CMP13,13,CMP13_social_media,0,75,4.48,Social Media,60 days,Facebook,Chicago,Mandarin,13-01-2021,CAMP00013,10-04-2025,15-04-2025,194692,11436,973.85,2310.62,C223,TP1983
CMP07,7,CMP07_email,7,97,5.12,Email,60 days,Website,Los Angeles,Spanish,07-01-2021,CAMP00007,21-01-2025,05-02-2025,174231,2160,1999.53,3306.37,C223,TP791
CMP01,1,CMP01_email,8,60,7.01,Email,30 days,Google Ads,Chicago,Spanish,01-01-2021,CAMP00001,13-04-2025,19-04-2025,293520,23335,1052.39,2236.02,C223,TP1733
CMP18,18,CMP18_influencer,9,96,5.15,Influencer,15 days,Instagram,Miami,French,18-01-2021,CAMP00018,05-11-2025,17-11-2025,281690,22173,3399.93,5565.65,C223,TP488
CMP09,9,CMP09_social_media,4,71,7.83,Social Media,15 days,Facebook,Chicago,German,09-01-2021,CAMP00009,02-05-2025,08-05-2025,209438,2474,2385.72,2800.53,C224,TP759
CMP17,17,CMP17_display,9,95,4.13,Display,45 days,Website,Houston,English,17-01-2021,CAMP00017,30-05-2025,14-06-2025,12103,168,4112.15,11010.78,C224,TP996
CMP14,14,CMP14_email,8,67,6.56,Email,45 days,Instagram,New York,German,14-01-2021,CAMP00014,26-12-2025,31-12-2025,207001,14356,2479.11,2827.93,C224,TP2288
CMP16,16,CMP16_social_media,1,51,8.99,Social Media,60 days,YouTube,New York,German,16-01-2021,CAMP00016,11-05-2025,24-05-2025,159957,8149,4229.14,8648.05,C224,TP939
CMP11,11,CMP11_display,9,89,6.22,Display,45 days,Email,New York,Spanish,11-01-2021,CAMP00011,27-11-2025,04-12-2025,53998,1343,2491.07,4360.88,C224,TP1643
CMP02,2,CMP02_email,2,49,2.97,Email,60 days,Google Ads,New York,German,02-01-2021,CAMP00002,15-12-2025,24-12-2025,200340,15841,3964.9,11740.15,C224,TP285
CMP03,3,CMP03_influencer,1,22,0.9,Influencer,30 days,YouTube,Los Angeles,French,03-01-2021,CAMP00003,28-09-2025,06-10-2025,239365,16478,1000.39,1902.24,C224,TP2266
CMP17,17,CMP17_display,3,55,9.83,Display,45 days,Website,Houston,English,17-01-2021,CAMP00017,30-05-2025,14-06-2025,12103,168,4112.15,11010.78,C224,TP1785
CMP02,2,CMP02_email,5,104,5.36,Email,60 days,Google Ads,New York,German,02-01-2021,CAMP00002,15-12-2025,24-12-2025,200340,15841,3964.9,11740.15,C224,TP2204
CMP07,7,CMP07_email,2,55,3.0,Email,60 days,Website,Los Angeles,Spanish,07-01-2021,CAMP00007,21-01-2025,05-02-2025,174231,2160,1999.53,3306.37,C225,TP233
CMP15,15,CMP15_display,8,82,7.85,Display,45 days,Website,Chicago,Spanish,15-01-2021,CAMP00015,01-06-2025,06-06-2025,257862,23315,684.67,2001.69,C225,TP2491
CMP16,16,CMP16_social_media,7,15,3.33,Social Media,60 days,YouTube,New York,German,16-01-2021,CAMP00016,11-05-2025,24-05-2025,159957,8149,4229.14,8648.05,C225,TP1337
CMP10,10,CMP10_email,0,186,0.65,Email,15 days,Instagram,Los Angeles,English,10-01-2021,CAMP00010,03-08-2025,16-08-2025,195376,2474,1142.07,2323.19,C225,TP250
CMP03,3,CMP03_influencer,5,34,4.94,Influencer,30 days,YouTube,Los Angeles,French,03-01-2021,CAMP00003,28-09-2025,06-10-2025,239365,16478,1000.39,1902.24,C225,TP286
CMP13,13,CMP13_social_media,1,107,9.74,Social Media,60 days,Facebook,Chicago,Mandarin,13-01-2021,CAMP00013,10-04-2025,15-04-2025,194692,11436,973.85,2310.62,C225,TP1440
CMP12,12,CMP12_influencer,8,50,5.69,Influencer,60 days,Google Ads,Los Angeles,Mandarin,12-01-2021,CAMP00012,29-03-2025,06-04-2025,107304,7128,3882.92,7276.43,C226,TP1086
CMP05,5,CMP05_email,7,89,4.52,Email,15 days,YouTube,Los Angeles,Mandarin,05-01-2021,CAMP00005,13-03-2025,22-03-2025,285472,4155,4935.48,14111.31,C226,TP2171
CMP11,11,CMP11_display,1,100,6.05,Display,45 days,Email,New York,Spanish,11-01-2021,CAMP00011,27-11-2025,04-12-2025,53998,1343,2491.07,4360.88,C226,TP2119
CMP09,9,CMP09_social_media,5,131,1.4,Social Media,15 days,Facebook,Chicago,German,09-01-2021,CAMP00009,02-05-2025,08-05-2025,209438,2474,2385.72,2800.53,C226,TP2181
CMP06,6,CMP06_display,5,152,2.62,Display,15 days,Instagram,New York,German,06-01-2021,CAMP00006,08-07-2025,21-07-2025,177469,7979,3540.34,3885.94,C226,TP438
CMP05,5,CMP05_email,1,99,6.94,Email,15 days,YouTube,Los Angeles,Mandarin,05-01-2021,CAMP00005,13-03-2025,22-03-2025,285472,4155,4935.48,14111.31,C226,TP2344
CMP17,17,CMP17_display,7,199,3.84,Display,45 days,Website,Houston,English,17-01-2021,CAMP00017,30-05-2025,14-06-2025,12103,168,4112.15,11010.78,C226,TP1770
CMP06,6,CMP06_display,3,167,1.08,Display,15 days,Instagram,New York,German,06-01-2021,CAMP00006,08-07-2025,21-07-2025,177469,7979,3540.34,3885.94,C226,TP2102
CMP13,13,CMP13_social_media,6,17,2.74,Social Media,60 days,Facebook,Chicago,Mandarin,13-01-2021,CAMP00013,10-04-2025,15-04-2025,194692,11436,973.85,2310.62,C226,TP1273
CMP17,17,CMP17_display,9,105,9.34,Display,45 days,Website,Houston,English,17-01-2021,CAMP00017,30-05-2025,14-06-2025,12103,168,4112.15,11010.78,C227,TP1871
CMP08,8,CMP08_search,8,185,2.7,Search,45 days,Google Ads,Los Angeles,Mandarin,08-01-2021,CAMP00008,13-04-2025,26-04-2025,234598,21435,3793.91,7159.09,C227,TP1887
CMP15,15,CMP15_display,1,148,2.62,Display,45 days,Website,Chicago,Spanish,15-01-2021,CAMP00015,01-06-2025,06-06-2025,257862,23315,684.67,2001.69,C227,TP390
CMP08,8,CMP08_search,5,99,3.86,Search,45 days,Google Ads,Los Angeles,Mandarin,08-01-2021,CAMP00008,13-04-2025,26-04-2025,234598,21435,3793.91,7159.09,C227,TP2325
CMP01,1,CMP01_email,0,16,9.54,Email,30 days,Google Ads,Chicago,Spanish,01-01-2021,CAMP00001,13-04-2025,19-04-2025,293520,23335,1052.39,2236.02,C227,TP2149
CMP10,10,CMP10_email,5,68,6.55,Email,15 days,Instagram,Los Angeles,English,10-01-2021,CAMP00010,03-08-2025,16-08-2025,195376,2474,1142.07,2323.19,C227,TP747
CMP10,10,CMP10_email,1,158,7.49,Email,15 days,Instagram,Los Angeles,English,10-01-2021,CAMP00010,03-08-2025,16-08-2025,195376,2474,1142.07,2323.19,C227,TP2038
CMP05,5,CMP05_email,3,188,4.98,Email,15 days,YouTube,Los Angeles,Mandarin,05-01-2021,CAMP00005,13-03-2025,22-03-2025,285472,4155,4935.48,14111.31,C227,TP917
CMP08,8,CMP08_search,4,162,3.73,Search,45 days,Google Ads,Los Angeles,Mandarin,08-01-2021,CAMP00008,13-04-2025,26-04-2025,234598,21435,3793.91,7159.09,C227,TP171
CMP10,10,CMP10_email,2,182,5.62,Email,15 days,Instagram,Los Angeles,English,10-01-2021,CAMP00010,03-08-2025,16-08-2025,195376,2474,1142.07,2323.19,C227,TP2027
CMP01,1,CMP01_email,10,92,5.49,Email,30 days,Google Ads,Chicago,Spanish,01-01-2021,CAMP00001,13-04-2025,19-04-2025,293520,23335,1052.39,2236.02,C227,TP1227
CMP07,7,CMP07_email,10,81,5.22,Email,60 days,Website,Los Angeles,Spanish,07-01-2021,CAMP00007,21-01-2025,05-02-2025,174231,2160,1999.53,3306.37,C228,TP2627
CMP08,8,CMP08_search,4,82,9.46,Search,45 days,Google Ads,Los Angeles,Mandarin,08-01-2021,CAMP00008,13-04-2025,26-04-2025,234598,21435,3793.91,7159.09,C228,TP960
CMP11,11,CMP11_display,1,139,1.45,Display,45 days,Email,New York,Spanish,11-01-2021,CAMP00011,27-11-2025,04-12-2025,53998,1343,2491.07,4360.88,C228,TP2435
CMP11,11,CMP11_display,0,63,4.93,Display,45 days,Email,New York,Spanish,11-01-2021,CAMP00011,27-11-2025,04-12-2025,53998,1343,2491.07,4360.88,C228,TP1256
CMP12,12,CMP12_influencer,10,97,5.9,Influencer,60 days,Google Ads,Los Angeles,Mandarin,12-01-2021,CAMP00012,29-03-2025,06-04-2025,107304,7128,3882.92,7276.43,C228,TP1488
CMP12,12,CMP12_influencer,3,124,8.31,Influencer,60 days,Google Ads,Los Angeles,Mandarin,12-01-2021,CAMP00012,29-03-2025,06-04-2025,107304,7128,3882.92,7276.43,C229,TP1076
CMP15,15,CMP15_display,7,139,7.2,Display,45 days,Website,Chicago,Spanish,15-01-2021,CAMP00015,01-06-2025,06-06-2025,257862,23315,684.67,2001.69,C229,TP1303
CMP05,5,CMP05_email,10,32,2.77,Email,15 days,YouTube,Los Angeles,Mandarin,05-01-2021,CAMP00005,13-03-2025,22-03-2025,285472,4155,4935.48,14111.31,C229,TP1279
CMP04,4,CMP04_display,8,84,6.1,Display,60 days,YouTube,Miami,Mandarin,04-01-2021,CAMP00004,17-04-2025,30-04-2025,156382,2672,1252.63,2209.74,C229,TP1913
CMP03,3,CMP03_influencer,2,18,9.45,Influencer,30 days,YouTube,Los Angeles,French,03-01-2021,CAMP00003,28-09-2025,06-10-2025,239365,16478,1000.39,1902.24,C229,TP598
CMP04,4,CMP04_display,2,143,8.4,Display,60 days,YouTube,Miami,Mandarin,04-01-2021,CAMP00004,17-04-2025,30-04-2025,156382,2672,1252.63,2209.74,C229,TP915
CMP05,5,CMP05_email,6,85,5.39,Email,15 days,YouTube,Los Angeles,Mandarin,05-01-2021,CAMP00005,13-03-2025,22-03-2025,285472,4155,4935.48,14111.31,C229,TP1711
CMP08,8,CMP08_search,9,109,3.64,Search,45 days,Google Ads,Los Angeles,Mandarin,08-01-2021,CAMP00008,13-04-2025,26-04-2025,234598,21435,3793.91,7159.09,C229,TP1405
CMP07,7,CMP07_email,10,157,4.61,Email,60 days,Website,Los Angeles,Spanish,07-01-2021,CAMP00007,21-01-2025,05-02-2025,174231,2160,1999.53,3306.37,C230,TP834
CMP15,15,CMP15_display,9,54,9.38,Display,45 days,Website,Chicago,Spanish,15-01-2021,CAMP00015,01-06-2025,06-06-2025,257862,23315,684.67,2001.69,C230,TP431
CMP13,13,CMP13_social_media,9,182,9.11,Social Media,60 days,Facebook,Chicago,Mandarin,13-01-2021,CAMP00013,10-04-2025,15-04-2025,194692,11436,973.85,2310.62,C231,TP150
CMP16,16,CMP16_social_media,8,151,7.03,Social Media,60 days,YouTube,New York,German,16-01-2021,CAMP00016,11-05-2025,24-05-2025,159957,8149,4229.14,8648.05,C231,TP201
CMP14,14,CMP14_email,0,152,0.89,Email,45 days,Instagram,New York,German,14-01-2021,CAMP00014,26-12-2025,31-12-2025,207001,14356,2479.11,2827.93,C231,TP1463
CMP05,5,CMP05_email,0,125,6.79,Email,15 days,YouTube,Los Angeles,Mandarin,05-01-2021,CAMP00005,13-03-2025,22-03-2025,285472,4155,4935.48,14111.31,C231,TP1239
CMP16,16,CMP16_social_media,4,116,9.01,Social Media,60 days,YouTube,New York,German,16-01-2021,CAMP00016,11-05-2025,24-05-2025,159957,8149,4229.14,8648.05,C231,TP193
CMP07,7,CMP07_email,3,177,0.88,Email,60 days,Website,Los Angeles,Spanish,07-01-2021,CAMP00007,21-01-2025,05-02-2025,174231,2160,1999.53,3306.37,C231,TP231
CMP09,9,CMP09_social_media,1,46,2.86,Social Media,15 days,Facebook,Chicago,German,09-01-2021,CAMP00009,02-05-2025,08-05-2025,209438,2474,2385.72,2800.53,C232,TP1870
CMP11,11,CMP11_display,5,185,3.75,Display,45 days,Email,New York,Spanish,11-01-2021,CAMP00011,27-11-2025,04-12-2025,53998,1343,2491.07,4360.88,C233,TP1252
CMP01,1,CMP01_email,2,192,4.73,Email,30 days,Google Ads,Chicago,Spanish,01-01-2021,CAMP00001,13-04-2025,19-04-2025,293520,23335,1052.39,2236.02,C233,TP2271
CMP08,8,CMP08_search,2,144,7.59,Search,45 days,Google Ads,Los Angeles,Mandarin,08-01-2021,CAMP00008,13-04-2025,26-04-2025,234598,21435,3793.91,7159.09,C233,TP2493
CMP07,7,CMP07_email,6,9,6.93,Email,60 days,Website,Los Angeles,Spanish,07-01-2021,CAMP00007,21-01-2025,05-02-2025,174231,2160,1999.53,3306.37,C233,TP464
CMP12,12,CMP12_influencer,10,191,1.07,Influencer,60 days,Google Ads,Los Angeles,Mandarin,12-01-2021,CAMP00012,29-03-2025,06-04-2025,107304,7128,3882.92,7276.43,C233,TP241
CMP09,9,CMP09_social_media,6,150,7.2,Social Media,15 days,Facebook,Chicago,German,09-01-2021,CAMP00009,02-05-2025,08-05-2025,209438,2474,2385.72,2800.53,C233,TP1167
CMP03,3,CMP03_influencer,7,130,7.96,Influencer,30 days,YouTube,Los Angeles,French,03-01-2021,CAMP00003,28-09-2025,06-10-2025,239365,16478,1000.39,1902.24,C233,TP923
CMP07,7,CMP07_email,4,30,3.13,Email,60 days,Website,Los Angeles,Spanish,07-01-2021,CAMP00007,21-01-2025,05-02-2025,174231,2160,1999.53,3306.37,C233,TP784
CMP14,14,CMP14_email,9,101,1.7,Email,45 days,Instagram,New York,German,14-01-2021,CAMP00014,26-12-2025,31-12-2025,207001,14356,2479.11,2827.93,C233,TP369
CMP18,18,CMP18_influencer,4,45,3.58,Influencer,15 days,Instagram,Miami,French,18-01-2021,CAMP00018,05-11-2025,17-11-2025,281690,22173,3399.93,5565.65,C233,TP261
CMP11,11,CMP11_display,1,54,9.7,Display,45 days,Email,New York,Spanish,11-01-2021,CAMP00011,27-11-2025,04-12-2025,53998,1343,2491.07,4360.88,C233,TP2287
CMP04,4,CMP04_display,3,186,8.29,Display,60 days,YouTube,Miami,Mandarin,04-01-2021,CAMP00004,17-04-2025,30-04-2025,156382,2672,1252.63,2209.74,C234,TP1757
CMP16,16,CMP16_social_media,2,189,5.3,Social Media,60 days,YouTube,New York,German,16-01-2021,CAMP00016,11-05-2025,24-05-2025,159957,8149,4229.14,8648.05,C234,TP252
CMP01,1,CMP01_email,5,12,2.04,Email,30 days,Google Ads,Chicago,Spanish,01-01-2021,CAMP00001,13-04-2025,19-04-2025,293520,23335,1052.39,2236.02,C235,TP823
CMP14,14,CMP14_email,5,139,8.04,Email,45 days,Instagram,New York,German,14-01-2021,CAMP00014,26-12-2025,31-12-2025,207001,14356,2479.11,2827.93,C235,TP1125
CMP07,7,CMP07_email,10,10,9.7,Email,60 days,Website,Los Angeles,Spanish,07-01-2021,CAMP00007,21-01-2025,05-02-2025,174231,2160,1999.53,3306.37,C235,TP1800
CMP02,2,CMP02_email,7,50,2.71,Email,60 days,Google Ads,New York,German,02-01-2021,CAMP00002,15-12-2025,24-12-2025,200340,15841,3964.9,11740.15,C235,TP2242
CMP04,4,CMP04_display,8,10,5.63,Display,60 days,YouTube,Miami,Mandarin,04-01-2021,CAMP00004,17-04-2025,30-04-2025,156382,2672,1252.63,2209.74,C236,TP2052
CMP06,6,CMP06_display,1,42,0.82,Display,15 days,Instagram,New York,German,06-01-2021,CAMP00006,08-07-2025,21-07-2025,177469,7979,3540.34,3885.94,C236,TP2369
CMP13,13,CMP13_social_media,3,136,8.02,Social Media,60 days,Facebook,Chicago,Mandarin,13-01-2021,CAMP00013,10-04-2025,15-04-2025,194692,11436,973.85,2310.62,C236,TP037
CMP04,4,CMP04_display,9,8,0.95,Display,60 days,YouTube,Miami,Mandarin,04-01-2021,CAMP00004,17-04-2025,30-04-2025,156382,2672,1252.63,2209.74,C236,TP2433
CMP04,4,CMP04_display,0,101,9.93,Display,60 days,YouTube,Miami,Mandarin,04-01-2021,CAMP00004,17-04-2025,30-04-2025,156382,2672,1252.63,2209.74,C236,TP2048
CMP02,2,CMP02_email,1,141,7.01,Email,60 days,Google Ads,New York,German,02-01-2021,CAMP00002,15-12-2025,24-12-2025,200340,15841,3964.9,11740.15,C236,TP1384
CMP09,9,CMP09_social_media,7,81,5.43,Social Media,15 days,Facebook,Chicago,German,09-01-2021,CAMP00009,02-05-2025,08-05-2025,209438,2474,2385.72,2800.53,C236,TP1064
CMP05,5,CMP05_email,4,34,4.51,Email,15 days,YouTube,Los Angeles,Mandarin,05-01-2021,CAMP00005,13-03-2025,22-03-2025,285472,4155,4935.48,14111.31,C236,TP1264
CMP12,12,CMP12_influencer,6,116,5.07,Influencer,60 days,Google Ads,Los Angeles,Mandarin,12-01-2021,CAMP00012,29-03-2025,06-04-2025,107304,7128,3882.92,7276.43,C237,TP1794
CMP15,15,CMP15_display,2,177,9.93,Display,45 days,Website,Chicago,Spanish,15-01-2021,CAMP00015,01-06-2025,06-06-2025,257862,23315,684.67,2001.69,C237,TP202
CMP03,3,CMP03_influencer,4,1,3.74,Influencer,30 days,YouTube,Los Angeles,French,03-01-2021,CAMP00003,28-09-2025,06-10-2025,239365,16478,1000.39,1902.24,C237,TP1420
CMP15,15,CMP15_display,0,7,2.3,Display,45 days,Website,Chicago,Spanish,15-01-2021,CAMP00015,01-06-2025,06-06-2025,257862,23315,684.67,2001.69,C237,TP2216
CMP17,17,CMP17_display,6,96,9.9,Display,45 days,Website,Houston,English,17-01-2021,CAMP00017,30-05-2025,14-06-2025,12103,168,4112.15,11010.78,C237,TP115
CMP18,18,CMP18_influencer,7,197,1.41,Influencer,15 days,Instagram,Miami,French,18-01-2021,CAMP00018,05-11-2025,17-11-2025,281690,22173,3399.93,5565.65,C237,TP618
CMP07,7,CMP07_email,0,77,5.79,Email,60 days,Website,Los Angeles,Spanish,07-01-2021,CAMP00007,21-01-2025,05-02-2025,174231,2160,1999.53,3306.37,C237,TP1839
CMP02,2,CMP02_email,1,54,5.57,Email,60 days,Google Ads,New York,German,02-01-2021,CAMP00002,15-12-2025,24-12-2025,200340,15841,3964.9,11740.15,C238,TP1221
CMP02,2,CMP02_email,0,15,9.99,Email,60 days,Google Ads,New York,German,02-01-2021,CAMP00002,15-12-2025,24-12-2025,200340,15841,3964.9,11740.15,C238,TP2568
CMP08,8,CMP08_search,2,191,5.72,Search,45 days,Google Ads,Los Angeles,Mandarin,08-01-2021,CAMP00008,13-04-2025,26-04-2025,234598,21435,3793.91,7159.09,C238,TP428
CMP10,10,CMP10_email,2,165,1.26,Email,15 days,Instagram,Los Angeles,English,10-01-2021,CAMP00010,03-08-2025,16-08-2025,195376,2474,1142.07,2323.19,C238,TP645
CMP06,6,CMP06_display,10,99,1.46,Display,15 days,Instagram,New York,German,06-01-2021,CAMP00006,08-07-2025,21-07-2025,177469,7979,3540.34,3885.94,C239,TP1183
CMP17,17,CMP17_display,0,172,1.88,Display,45 days,Website,Houston,English,17-01-2021,CAMP00017,30-05-2025,14-06-2025,12103,168,4112.15,11010.78,C239,TP1884
CMP02,2,CMP02_email,5,73,6.52,Email,60 days,Google Ads,New York,German,02-01-2021,CAMP00002,15-12-2025,24-12-2025,200340,15841,3964.9,11740.15,C239,TP826
CMP11,11,CMP11_display,1,61,2.5,Display,45 days,Email,New York,Spanish,11-01-2021,CAMP00011,27-11-2025,04-12-2025,53998,1343,2491.07,4360.88,C239,TP1710
CMP07,7,CMP07_email,5,51,8.3,Email,60 days,Website,Los Angeles,Spanish,07-01-2021,CAMP00007,21-01-2025,05-02-2025,174231,2160,1999.53,3306.37,C239,TP610
CMP19,19,CMP19_social_media,4,97,4.87,Social Media,60 days,Google Ads,New York,French,19-01-2021,CAMP00019,15-09-2025,24-09-2025,260948,21678,4608.11,7497.56,C239,TP2053
CMP07,7,CMP07_email,6,91,7.32,Email,60 days,Website,Los Angeles,Spanish,07-01-2021,CAMP00007,21-01-2025,05-02-2025,174231,2160,1999.53,3306.37,C239,TP1223
CMP08,8,CMP08_search,9,25,2.77,Search,45 days,Google Ads,Los Angeles,Mandarin,08-01-2021,CAMP00008,13-04-2025,26-04-2025,234598,21435,3793.91,7159.09,C239,TP997
CMP06,6,CMP06_display,1,187,0.9,Display,15 days,Instagram,New York,German,06-01-2021,CAMP00006,08-07-2025,21-07-2025,177469,7979,3540.34,3885.94,C240,TP970
CMP11,11,CMP11_display,3,41,0.57,Display,45 days,Email,New York,Spanish,11-01-2021,CAMP00011,27-11-2025,04-12-2025,53998,1343,2491.07,4360.88,C240,TP1127
CMP06,6,CMP06_display,2,89,5.6,Display,15 days,Instagram,New York,German,06-01-2021,CAMP00006,08-07-2025,21-07-2025,177469,7979,3540.34,3885.94,C240,TP313
CMP06,6,CMP06_display,1,150,5.19,Display,15 days,Instagram,New York,German,06-01-2021,CAMP00006,08-07-2025,21-07-2025,177469,7979,3540.34,3885.94,C241,TP194
CMP11,11,CMP11_display,6,75,8.97,Display,45 days,Email,New York,Spanish,11-01-2021,CAMP00011,27-11-2025,04-12-2025,53998,1343,2491.07,4360.88,C241,TP2137
CMP05,5,CMP05_email,5,108,3.49,Email,15 days,YouTube,Los Angeles,Mandarin,05-01-2021,CAMP00005,13-03-2025,22-03-2025,285472,4155,4935.48,14111.31,C241,TP2123
CMP02,2,CMP02_email,3,12,5.82,Email,60 days,Google Ads,New York,German,02-01-2021,CAMP00002,15-12-2025,24-12-2025,200340,15841,3964.9,11740.15,C242,TP987
CMP14,14,CMP14_email,7,188,6.73,Email,45 days,Instagram,New York,German,14-01-2021,CAMP00014,26-12-2025,31-12-2025,207001,14356,2479.11,2827.93,C242,TP068
CMP04,4,CMP04_display,2,26,9.03,Display,60 days,YouTube,Miami,Mandarin,04-01-2021,CAMP00004,17-04-2025,30-04-2025,156382,2672,1252.63,2209.74,C242,TP716
CMP13,13,CMP13_social_media,10,104,5.18,Social Media,60 days,Facebook,Chicago,Mandarin,13-01-2021,CAMP00013,10-04-2025,15-04-2025,194692,11436,973.85,2310.62,C242,TP2302
CMP16,16,CMP16_social_media,7,41,0.61,Social Media,60 days,YouTube,New York,German,16-01-2021,CAMP00016,11-05-2025,24-05-2025,159957,8149,4229.14,8648.05,C242,TP2488
CMP16,16,CMP16_social_media,1,31,1.15,Social Media,60 days,YouTube,New York,German,16-01-2021,CAMP00016,11-05-2025,24-05-2025,159957,8149,4229.14,8648.05,C242,TP878
CMP15,15,CMP15_display,8,46,3.99,Display,45 days,Website,Chicago,Spanish,15-01-2021,CAMP00015,01-06-2025,06-06-2025,257862,23315,684.67,2001.69,C243,TP2592
CMP02,2,CMP02_email,1,41,8.7,Email,60 days,Google Ads,New York,German,02-01-2021,CAMP00002,15-12-2025,24-12-2025,200340,15841,3964.9,11740.15,C243,TP2635
CMP01,1,CMP01_email,2,75,3.74,Email,30 days,Google Ads,Chicago,Spanish,01-01-2021,CAMP00001,13-04-2025,19-04-2025,293520,23335,1052.39,2236.02,C243,TP1300
CMP02,2,CMP02_email,2,7,8.68,Email,60 days,Google Ads,New York,German,02-01-2021,CAMP00002,15-12-2025,24-12-2025,200340,15841,3964.9,11740.15,C243,TP211
CMP14,14,CMP14_email,10,51,0.79,Email,45 days,Instagram,New York,German,14-01-2021,CAMP00014,26-12-2025,31-12-2025,207001,14356,2479.11,2827.93,C243,TP2114
CMP12,12,CMP12_influencer,6,54,7.49,Influencer,60 days,Google Ads,Los Angeles,Mandarin,12-01-2021,CAMP00012,29-03-2025,06-04-2025,107304,7128,3882.92,7276.43,C243,TP1506
CMP05,5,CMP05_email,2,87,3.01,Email,15 days,YouTube,Los Angeles,Mandarin,05-01-2021,CAMP00005,13-03-2025,22-03-2025,285472,4155,4935.48,14111.31,C243,TP2564
CMP15,15,CMP15_display,6,11,1.85,Display,45 days,Website,Chicago,Spanish,15-01-2021,CAMP00015,01-06-2025,06-06-2025,257862,23315,684.67,2001.69,C244,TP1888
CMP06,6,CMP06_display,4,179,3.38,Display,15 days,Instagram,New York,German,06-01-2021,CAMP00006,08-07-2025,21-07-2025,177469,7979,3540.34,3885.94,C244,TP1592
CMP11,11,CMP11_display,1,29,5.24,Display,45 days,Email,New York,Spanish,11-01-2021,CAMP00011,27-11-2025,04-12-2025,53998,1343,2491.07,4360.88,C244,TP054
CMP13,13,CMP13_social_media,0,51,6.07,Social Media,60 days,Facebook,Chicago,Mandarin,13-01-2021,CAMP00013,10-04-2025,15-04-2025,194692,11436,973.85,2310.62,C245,TP2047
CMP07,7,CMP07_email,1,34,6.9,Email,60 days,Website,Los Angeles,Spanish,07-01-2021,CAMP00007,21-01-2025,05-02-2025,174231,2160,1999.53,3306.37,C246,TP1798
CMP15,15,CMP15_display,9,168,2.63,Display,45 days,Website,Chicago,Spanish,15-01-2021,CAMP00015,01-06-2025,06-06-2025,257862,23315,684.67,2001.69,C246,TP1877
CMP11,11,CMP11_display,1,172,5.04,Display,45 days,Email,New York,Spanish,11-01-2021,CAMP00011,27-11-2025,04-12-2025,53998,1343,2491.07,4360.88,C246,TP663
CMP08,8,CMP08_search,8,109,0.65,Search,45 days,Google Ads,Los Angeles,Mandarin,08-01-2021,CAMP00008,13-04-2025,26-04-2025,234598,21435,3793.91,7159.09,C246,TP2638
CMP17,17,CMP17_display,0,186,4.6,Display,45 days,Website,Houston,English,17-01-2021,CAMP00017,30-05-2025,14-06-2025,12103,168,4112.15,11010.78,C246,TP511
CMP04,4,CMP04_display,4,140,1.79,Display,60 days,YouTube,Miami,Mandarin,04-01-2021,CAMP00004,17-04-2025,30-04-2025,156382,2672,1252.63,2209.74,C247,TP681
CMP11,11,CMP11_display,7,14,8.48,Display,45 days,Email,New York,Spanish,11-01-2021,CAMP00011,27-11-2025,04-12-2025,53998,1343,2491.07,4360.88,C247,TP1701
CMP12,12,CMP12_influencer,8,179,6.02,Influencer,60 days,Google Ads,Los Angeles,Mandarin,12-01-2021,CAMP00012,29-03-2025,06-04-2025,107304,7128,3882.92,7276.43,C247,TP629
CMP09,9,CMP09_social_media,9,199,2.24,Social Media,15 days,Facebook,Chicago,German,09-01-2021,CAMP00009,02-05-2025,08-05-2025,209438,2474,2385.72,2800.53,C247,TP2032
CMP16,16,CMP16_social_media,2,180,4.37,Social Media,60 days,YouTube,New York,German,16-01-2021,CAMP00016,11-05-2025,24-05-2025,159957,8149,4229.14,8648.05,C247,TP516
CMP04,4,CMP04_display,9,127,0.79,Display,60 days,YouTube,Miami,Mandarin,04-01-2021,CAMP00004,17-04-2025,30-04-2025,156382,2672,1252.63,2209.74,C247,TP1298
CMP14,14,CMP14_email,10,188,2.71,Email,45 days,Instagram,New York,German,14-01-2021,CAMP00014,26-12-2025,31-12-2025,207001,14356,2479.11,2827.93,C247,TP1104
CMP19,19,CMP19_social_media,10,142,5.14,Social Media,60 days,Google Ads,New York,French,19-01-2021,CAMP00019,15-09-2025,24-09-2025,260948,21678,4608.11,7497.56,C247,TP297
CMP10,10,CMP10_email,1,154,0.65,Email,15 days,Instagram,Los Angeles,English,10-01-2021,CAMP00010,03-08-2025,16-08-2025,195376,2474,1142.07,2323.19,C249,TP740
CMP19,19,CMP19_social_media,4,88,8.46,Social Media,60 days,Google Ads,New York,French,19-01-2021,CAMP00019,15-09-2025,24-09-2025,260948,21678,4608.11,7497.56,C249,TP1179
CMP01,1,CMP01_email,10,16,3.1,Email,30 days,Google Ads,Chicago,Spanish,01-01-2021,CAMP00001,13-04-2025,19-04-2025,293520,23335,1052.39,2236.02,C249,TP2245
CMP12,12,CMP12_influencer,6,78,2.24,Influencer,60 days,Google Ads,Los Angeles,Mandarin,12-01-2021,CAMP00012,29-03-2025,06-04-2025,107304,7128,3882.92,7276.43,C249,TP1709
CMP16,16,CMP16_social_media,0,184,4.76,Social Media,60 days,YouTube,New York,German,16-01-2021,CAMP00016,11-05-2025,24-05-2025,159957,8149,4229.14,8648.05,C249,TP1098
CMP01,1,CMP01_email,6,123,0.86,Email,30 days,Google Ads,Chicago,Spanish,01-01-2021,CAMP00001,13-04-2025,19-04-2025,293520,23335,1052.39,2236.02,C249,TP1131
CMP15,15,CMP15_display,7,49,8.74,Display,45 days,Website,Chicago,Spanish,15-01-2021,CAMP00015,01-06-2025,06-06-2025,257862,23315,684.67,2001.69,C250,TP670
CMP14,14,CMP14_email,0,104,0.99,Email,45 days,Instagram,New York,German,14-01-2021,CAMP00014,26-12-2025,31-12-2025,207001,14356,2479.11,2827.93,C250,TP661
CMP13,13,CMP13_social_media,7,187,8.34,Social Media,60 days,Facebook,Chicago,Mandarin,13-01-2021,CAMP00013,10-04-2025,15-04-2025,194692,11436,973.85,2310.62,C250,TP2624
CMP01,1,CMP01_email,0,14,3.11,Email,30 days,Google Ads,Chicago,Spanish,01-01-2021,CAMP00001,13-04-2025,19-04-2025,293520,23335,1052.39,2236.02,C250,TP1054
CMP01,1,CMP01_email,9,95,5.35,Email,30 days,Google Ads,Chicago,Spanish,01-01-2021,CAMP00001,13-04-2025,19-04-2025,293520,23335,1052.39,2236.02,C250,TP1968
CMP19,19,CMP19_social_media,2,190,6.93,Social Media,60 days,Google Ads,New York,French,19-01-2021,CAMP00019,15-09-2025,24-09-2025,260948,21678,4608.11,7497.56,C250,TP1882
CMP05,5,CMP05_email,10,49,3.19,Email,15 days,YouTube,Los Angeles,Mandarin,05-01-2021,CAMP00005,13-03-2025,22-03-2025,285472,4155,4935.48,14111.31,C251,TP1608
CMP06,6,CMP06_display,8,78,1.55,Display,15 days,Instagram,New York,German,06-01-2021,CAMP00006,08-07-2025,21-07-2025,177469,7979,3540.34,3885.94,C251,TP2031
CMP09,9,CMP09_social_media,10,79,8.95,Social Media,15 days,Facebook,Chicago,German,09-01-2021,CAMP00009,02-05-2025,08-05-2025,209438,2474,2385.72,2800.53,C251,TP2187
CMP02,2,CMP02_email,5,181,6.9,Email,60 days,Google Ads,New York,German,02-01-2021,CAMP00002,15-12-2025,24-12-2025,200340,15841,3964.9,11740.15,C251,TP2538
CMP06,6,CMP06_display,7,71,1.57,Display,15 days,Instagram,New York,German,06-01-2021,CAMP00006,08-07-2025,21-07-2025,177469,7979,3540.34,3885.94,C251,TP1068
CMP14,14,CMP14_email,7,116,6.42,Email,45 days,Instagram,New York,German,14-01-2021,CAMP00014,26-12-2025,31-12-2025,207001,14356,2479.11,2827.93,C251,TP988
CMP04,4,CMP04_display,8,149,2.93,Display,60 days,YouTube,Miami,Mandarin,04-01-2021,CAMP00004,17-04-2025,30-04-2025,156382,2672,1252.63,2209.74,C251,TP2324
CMP17,17,CMP17_display,4,5,8.27,Display,45 days,Website,Houston,English,17-01-2021,CAMP00017,30-05-2025,14-06-2025,12103,168,4112.15,11010.78,C252,TP1085
CMP18,18,CMP18_influencer,8,13,7.27,Influencer,15 days,Instagram,Miami,French,18-01-2021,CAMP00018,05-11-2025,17-11-2025,281690,22173,3399.93,5565.65,C252,TP862
CMP19,19,CMP19_social_media,5,38,5.41,Social Media,60 days,Google Ads,New York,French,19-01-2021,CAMP00019,15-09-2025,24-09-2025,260948,21678,4608.11,7497.56,C252,TP354
CMP08,8,CMP08_search,0,140,5.37,Search,45 days,Google Ads,Los Angeles,Mandarin,08-01-2021,CAMP00008,13-04-2025,26-04-2025,234598,21435,3793.91,7159.09,C252,TP324
CMP19,19,CMP19_social_media,2,96,9.81,Social Media,60 days,Google Ads,New York,French,19-01-2021,CAMP00019,15-09-2025,24-09-2025,260948,21678,4608.11,7497.56,C252,TP122
CMP18,18,CMP18_influencer,8,173,6.1,Influencer,15 days,Instagram,Miami,French,18-01-2021,CAMP00018,05-11-2025,17-11-2025,281690,22173,3399.93,5565.65,C252,TP110
CMP02,2,CMP02_email,10,156,3.58,Email,60 days,Google Ads,New York,German,02-01-2021,CAMP00002,15-12-2025,24-12-2025,200340,15841,3964.9,11740.15,C252,TP914
CMP17,17,CMP17_display,5,94,4.08,Display,45 days,Website,Houston,English,17-01-2021,CAMP00017,30-05-2025,14-06-2025,12103,168,4112.15,11010.78,C253,TP714
CMP04,4,CMP04_display,7,139,4.26,Display,60 days,YouTube,Miami,Mandarin,04-01-2021,CAMP00004,17-04-2025,30-04-2025,156382,2672,1252.63,2209.74,C253,TP975
CMP15,15,CMP15_display,1,67,4.25,Display,45 days,Website,Chicago,Spanish,15-01-2021,CAMP00015,01-06-2025,06-06-2025,257862,23315,684.67,2001.69,C253,TP1197
CMP19,19,CMP19_social_media,10,33,3.56,Social Media,60 days,Google Ads,New York,French,19-01-2021,CAMP00019,15-09-2025,24-09-2025,260948,21678,4608.11,7497.56,C253,TP833
CMP07,7,CMP07_email,9,4,2.04,Email,60 days,Website,Los Angeles,Spanish,07-01-2021,CAMP00007,21-01-2025,05-02-2025,174231,2160,1999.53,3306.37,C253,TP477
CMP04,4,CMP04_display,0,26,7.05,Display,60 days,YouTube,Miami,Mandarin,04-01-2021,CAMP00004,17-04-2025,30-04-2025,156382,2672,1252.63,2209.74,C253,TP036
CMP10,10,CMP10_email,3,120,2.33,Email,15 days,Instagram,Los Angeles,English,10-01-2021,CAMP00010,03-08-2025,16-08-2025,195376,2474,1142.07,2323.19,C254,TP657
CMP12,12,CMP12_influencer,6,62,3.03,Influencer,60 days,Google Ads,Los Angeles,Mandarin,12-01-2021,CAMP00012,29-03-2025,06-04-2025,107304,7128,3882.92,7276.43,C254,TP389
CMP11,11,CMP11_display,1,169,8.7,Display,45 days,Email,New York,Spanish,11-01-2021,CAMP00011,27-11-2025,04-12-2025,53998,1343,2491.07,4360.88,C254,TP1474
CMP05,5,CMP05_email,8,12,2.14,Email,15 days,YouTube,Los Angeles,Mandarin,05-01-2021,CAMP00005,13-03-2025,22-03-2025,285472,4155,4935.48,14111.31,C254,TP1515
CMP07,7,CMP07_email,3,187,0.86,Email,60 days,Website,Los Angeles,Spanish,07-01-2021,CAMP00007,21-01-2025,05-02-2025,174231,2160,1999.53,3306.37,C254,TP363
CMP04,4,CMP04_display,1,86,9.97,Display,60 days,YouTube,Miami,Mandarin,04-01-2021,CAMP00004,17-04-2025,30-04-2025,156382,2672,1252.63,2209.74,C255,TP1072
CMP04,4,CMP04_display,8,187,5.93,Display,60 days,YouTube,Miami,Mandarin,04-01-2021,CAMP00004,17-04-2025,30-04-2025,156382,2672,1252.63,2209.74,C255,TP304
CMP08,8,CMP08_search,1,59,6.14,Search,45 days,Google Ads,Los Angeles,Mandarin,08-01-2021,CAMP00008,13-04-2025,26-04-2025,234598,21435,3793.91,7159.09,C255,TP179
CMP04,4,CMP04_display,8,115,9.39,Display,60 days,YouTube,Miami,Mandarin,04-01-2021,CAMP00004,17-04-2025,30-04-2025,156382,2672,1252.63,2209.74,C255,TP1706
CMP17,17,CMP17_display,2,173,8.88,Display,45 days,Website,Houston,English,17-01-2021,CAMP00017,30-05-2025,14-06-2025,12103,168,4112.15,11010.78,C256,TP1767
CMP15,15,CMP15_display,0,134,6.47,Display,45 days,Website,Chicago,Spanish,15-01-2021,CAMP00015,01-06-2025,06-06-2025,257862,23315,684.67,2001.69,C256,TP482
CMP09,9,CMP09_social_media,9,10,3.26,Social Media,15 days,Facebook,Chicago,German,09-01-2021,CAMP00009,02-05-2025,08-05-2025,209438,2474,2385.72,2800.53,C256,TP979
CMP14,14,CMP14_email,6,124,5.25,Email,45 days,Instagram,New York,German,14-01-2021,CAMP00014,26-12-2025,31-12-2025,207001,14356,2479.11,2827.93,C257,TP176
CMP03,3,CMP03_influencer,5,31,0.53,Influencer,30 days,YouTube,Los Angeles,French,03-01-2021,CAMP00003,28-09-2025,06-10-2025,239365,16478,1000.39,1902.24,C257,TP1193
CMP05,5,CMP05_email,3,198,8.72,Email,15 days,YouTube,Los Angeles,Mandarin,05-01-2021,CAMP00005,13-03-2025,22-03-2025,285472,4155,4935.48,14111.31,C257,TP674
CMP07,7,CMP07_email,6,103,9.93,Email,60 days,Website,Los Angeles,Spanish,07-01-2021,CAMP00007,21-01-2025,05-02-2025,174231,2160,1999.53,3306.37,C257,TP1562
CMP04,4,CMP04_display,0,150,4.7,Display,60 days,YouTube,Miami,Mandarin,04-01-2021,CAMP00004,17-04-2025,30-04-2025,156382,2672,1252.63,2209.74,C257,TP2384
CMP18,18,CMP18_influencer,2,50,6.01,Influencer,15 days,Instagram,Miami,French,18-01-2021,CAMP00018,05-11-2025,17-11-2025,281690,22173,3399.93,5565.65,C257,TP1642
CMP15,15,CMP15_display,5,82,1.2,Display,45 days,Website,Chicago,Spanish,15-01-2021,CAMP00015,01-06-2025,06-06-2025,257862,23315,684.67,2001.69,C257,TP1663
CMP13,13,CMP13_social_media,5,32,4.9,Social Media,60 days,Facebook,Chicago,Mandarin,13-01-2021,CAMP00013,10-04-2025,15-04-2025,194692,11436,973.85,2310.62,C258,TP682
CMP07,7,CMP07_email,1,90,7.48,Email,60 days,Website,Los Angeles,Spanish,07-01-2021,CAMP00007,21-01-2025,05-02-2025,174231,2160,1999.53,3306.37,C258,TP2259
CMP14,14,CMP14_email,4,14,1.59,Email,45 days,Instagram,New York,German,14-01-2021,CAMP00014,26-12-2025,31-12-2025,207001,14356,2479.11,2827.93,C258,TP023
CMP08,8,CMP08_search,1,138,1.14,Search,45 days,Google Ads,Los Angeles,Mandarin,08-01-2021,CAMP00008,13-04-2025,26-04-2025,234598,21435,3793.91,7159.09,C259,TP322
CMP13,13,CMP13_social_media,2,66,5.58,Social Media,60 days,Facebook,Chicago,Mandarin,13-01-2021,CAMP00013,10-04-2025,15-04-2025,194692,11436,973.85,2310.62,C259,TP242
CMP09,9,CMP09_social_media,9,167,3.41,Social Media,15 days,Facebook,Chicago,German,09-01-2021,CAMP00009,02-05-2025,08-05-2025,209438,2474,2385.72,2800.53,C259,TP1024
CMP19,19,CMP19_social_media,5,151,0.85,Social Media,60 days,Google Ads,New York,French,19-01-2021,CAMP00019,15-09-2025,24-09-2025,260948,21678,4608.11,7497.56,C259,TP1353
CMP15,15,CMP15_display,5,98,4.68,Display,45 days,Website,Chicago,Spanish,15-01-2021,CAMP00015,01-06-2025,06-06-2025,257862,23315,684.67,2001.69,C259,TP932
CMP08,8,CMP08_search,5,58,9.72,Search,45 days,Google Ads,Los Angeles,Mandarin,08-01-2021,CAMP00008,13-04-2025,26-04-2025,234598,21435,3793.91,7159.09,C259,TP1058
CMP09,9,CMP09_social_media,1,55,2.64,Social Media,15 days,Facebook,Chicago,German,09-01-2021,CAMP00009,02-05-2025,08-05-2025,209438,2474,2385.72,2800.53,C259,TP2124
CMP14,14,CMP14_email,5,1,5.26,Email,45 days,Instagram,New York,German,14-01-2021,CAMP00014,26-12-2025,31-12-2025,207001,14356,2479.11,2827.93,C260,TP2106
CMP06,6,CMP06_display,9,102,7.45,Display,15 days,Instagram,New York,German,06-01-2021,CAMP00006,08-07-2025,21-07-2025,177469,7979,3540.34,3885.94,C260,TP092
CMP05,5,CMP05_email,6,85,1.53,Email,15 days,YouTube,Los Angeles,Mandarin,05-01-2021,CAMP00005,13-03-2025,22-03-2025,285472,4155,4935.48,14111.31,C260,TP1042
CMP16,16,CMP16_social_media,4,130,6.01,Social Media,60 days,YouTube,New York,German,16-01-2021,CAMP00016,11-05-2025,24-05-2025,159957,8149,4229.14,8648.05,C261,TP2178
CMP02,2,CMP02_email,8,114,2.55,Email,60 days,Google Ads,New York,German,02-01-2021,CAMP00002,15-12-2025,24-12-2025,200340,15841,3964.9,11740.15,C261,TP148
CMP06,6,CMP06_display,7,166,1.8,Display,15 days,Instagram,New York,German,06-01-2021,CAMP00006,08-07-2025,21-07-2025,177469,7979,3540.34,3885.94,C261,TP2128
CMP03,3,CMP03_influencer,6,154,8.55,Influencer,30 days,YouTube,Los Angeles,French,03-01-2021,CAMP00003,28-09-2025,06-10-2025,239365,16478,1000.39,1902.24,C261,TP1764
CMP13,13,CMP13_social_media,4,5,5.58,Social Media,60 days,Facebook,Chicago,Mandarin,13-01-2021,CAMP00013,10-04-2025,15-04-2025,194692,11436,973.85,2310.62,C261,TP1358
CMP04,4,CMP04_display,5,189,0.73,Display,60 days,YouTube,Miami,Mandarin,04-01-2021,CAMP00004,17-04-2025,30-04-2025,156382,2672,1252.63,2209.74,C261,TP1496
CMP19,19,CMP19_social_media,4,75,6.38,Social Media,60 days,Google Ads,New York,French,19-01-2021,CAMP00019,15-09-2025,24-09-2025,260948,21678,4608.11,7497.56,C262,TP2522
CMP07,7,CMP07_email,2,34,3.22,Email,60 days,Website,Los Angeles,Spanish,07-01-2021,CAMP00007,21-01-2025,05-02-2025,174231,2160,1999.53,3306.37,C262,TP2379
CMP09,9,CMP09_social_media,5,70,1.35,Social Media,15 days,Facebook,Chicago,German,09-01-2021,CAMP00009,02-05-2025,08-05-2025,209438,2474,2385.72,2800.53,C262,TP573
CMP07,7,CMP07_email,8,46,4.31,Email,60 days,Website,Los Angeles,Spanish,07-01-2021,CAMP00007,21-01-2025,05-02-2025,174231,2160,1999.53,3306.37,C262,TP1120
CMP04,4,CMP04_display,6,185,5.27,Display,60 days,YouTube,Miami,Mandarin,04-01-2021,CAMP00004,17-04-2025,30-04-2025,156382,2672,1252.63,2209.74,C262,TP2218
CMP02,2,CMP02_email,9,44,9.17,Email,60 days,Google Ads,New York,German,02-01-2021,CAMP00002,15-12-2025,24-12-2025,200340,15841,3964.9,11740.15,C262,TP2126
CMP03,3,CMP03_influencer,0,19,6.02,Influencer,30 days,YouTube,Los Angeles,French,03-01-2021,CAMP00003,28-09-2025,06-10-2025,239365,16478,1000.39,1902.24,C262,TP2632
CMP09,9,CMP09_social_media,8,83,4.26,Social Media,15 days,Facebook,Chicago,German,09-01-2021,CAMP00009,02-05-2025,08-05-2025,209438,2474,2385.72,2800.53,C263,TP1739
CMP13,13,CMP13_social_media,7,120,0.58,Social Media,60 days,Facebook,Chicago,Mandarin,13-01-2021,CAMP00013,10-04-2025,15-04-2025,194692,11436,973.85,2310.62,C263,TP353
CMP15,15,CMP15_display,2,56,4.51,Display,45 days,Website,Chicago,Spanish,15-01-2021,CAMP00015,01-06-2025,06-06-2025,257862,23315,684.67,2001.69,C264,TP1261
CMP15,15,CMP15_display,1,136,2.12,Display,45 days,Website,Chicago,Spanish,15-01-2021,CAMP00015,01-06-2025,06-06-2025,257862,23315,684.67,2001.69,C264,TP1678
CMP13,13,CMP13_social_media,6,151,1.41,Social Media,60 days,Facebook,Chicago,Mandarin,13-01-2021,CAMP00013,10-04-2025,15-04-2025,194692,11436,973.85,2310.62,C264,TP435
CMP19,19,CMP19_social_media,5,160,3.66,Social Media,60 days,Google Ads,New York,French,19-01-2021,CAMP00019,15-09-2025,24-09-2025,260948,21678,4608.11,7497.56,C264,TP079
CMP04,4,CMP04_display,8,15,2.11,Display,60 days,YouTube,Miami,Mandarin,04-01-2021,CAMP00004,17-04-2025,30-04-2025,156382,2672,1252.63,2209.74,C264,TP1717
CMP05,5,CMP05_email,7,43,2.21,Email,15 days,YouTube,Los Angeles,Mandarin,05-01-2021,CAMP00005,13-03-2025,22-03-2025,285472,4155,4935.48,14111.31,C264,TP530
CMP02,2,CMP02_email,8,87,4.63,Email,60 days,Google Ads,New York,German,02-01-2021,CAMP00002,15-12-2025,24-12-2025,200340,15841,3964.9,11740.15,C264,TP565
CMP03,3,CMP03_influencer,5,29,1.51,Influencer,30 days,YouTube,Los Angeles,French,03-01-2021,CAMP00003,28-09-2025,06-10-2025,239365,16478,1000.39,1902.24,C264,TP1938
CMP07,7,CMP07_email,8,80,5.88,Email,60 days,Website,Los Angeles,Spanish,07-01-2021,CAMP00007,21-01-2025,05-02-2025,174231,2160,1999.53,3306.37,C264,TP2530
CMP15,15,CMP15_display,2,36,8.45,Display,45 days,Website,Chicago,Spanish,15-01-2021,CAMP00015,01-06-2025,06-06-2025,257862,23315,684.67,2001.69,C264,TP721
CMP05,5,CMP05_email,6,55,1.61,Email,15 days,YouTube,Los Angeles,Mandarin,05-01-2021,CAMP00005,13-03-2025,22-03-2025,285472,4155,4935.48,14111.31,C265,TP1372
CMP02,2,CMP02_email,1,120,1.61,Email,60 days,Google Ads,New York,German,02-01-2021,CAMP00002,15-12-2025,24-12-2025,200340,15841,3964.9,11740.15,C265,TP069
CMP18,18,CMP18_influencer,2,82,5.27,Influencer,15 days,Instagram,Miami,French,18-01-2021,CAMP00018,05-11-2025,17-11-2025,281690,22173,3399.93,5565.65,C265,TP787
CMP10,10,CMP10_email,7,183,1.08,Email,15 days,Instagram,Los Angeles,English,10-01-2021,CAMP00010,03-08-2025,16-08-2025,195376,2474,1142.07,2323.19,C266,TP2055
CMP01,1,CMP01_email,8,73,5.31,Email,30 days,Google Ads,Chicago,Spanish,01-01-2021,CAMP00001,13-04-2025,19-04-2025,293520,23335,1052.39,2236.02,C266,TP1960
CMP14,14,CMP14_email,1,166,1.17,Email,45 days,Instagram,New York,German,14-01-2021,CAMP00014,26-12-2025,31-12-2025,207001,14356,2479.11,2827.93,C266,TP1684
CMP16,16,CMP16_social_media,9,156,4.14,Social Media,60 days,YouTube,New York,German,16-01-2021,CAMP00016,11-05-2025,24-05-2025,159957,8149,4229.14,8648.05,C267,TP343
CMP13,13,CMP13_social_media,0,144,0.89,Social Media,60 days,Facebook,Chicago,Mandarin,13-01-2021,CAMP00013,10-04-2025,15-04-2025,194692,11436,973.85,2310.62,C267,TP1403
CMP12,12,CMP12_influencer,3,42,6.14,Influencer,60 days,Google Ads,Los Angeles,Mandarin,12-01-2021,CAMP00012,29-03-2025,06-04-2025,107304,7128,3882.92,7276.43,C267,TP2468
CMP06,6,CMP06_display,0,170,2.07,Display,15 days,Instagram,New York,German,06-01-2021,CAMP00006,08-07-2025,21-07-2025,177469,7979,3540.34,3885.94,C267,TP999
CMP09,9,CMP09_social_media,6,130,9.1,Social Media,15 days,Facebook,Chicago,German,09-01-2021,CAMP00009,02-05-2025,08-05-2025,209438,2474,2385.72,2800.53,C267,TP1560
CMP16,16,CMP16_social_media,8,169,2.11,Social Media,60 days,YouTube,New York,German,16-01-2021,CAMP00016,11-05-2025,24-05-2025,159957,8149,4229.14,8648.05,C267,TP1863
CMP19,19,CMP19_social_media,0,185,3.43,Social Media,60 days,Google Ads,New York,French,19-01-2021,CAMP00019,15-09-2025,24-09-2025,260948,21678,4608.11,7497.56,C267,TP2161
CMP06,6,CMP06_display,2,151,8.63,Display,15 days,Instagram,New York,German,06-01-2021,CAMP00006,08-07-2025,21-07-2025,177469,7979,3540.34,3885.94,C268,TP700
CMP08,8,CMP08_search,10,171,5.73,Search,45 days,Google Ads,Los Angeles,Mandarin,08-01-2021,CAMP00008,13-04-2025,26-04-2025,234598,21435,3793.91,7159.09,C268,TP1838
CMP15,15,CMP15_display,8,104,8.14,Display,45 days,Website,Chicago,Spanish,15-01-2021,CAMP00015,01-06-2025,06-06-2025,257862,23315,684.67,2001.69,C268,TP268
CMP07,7,CMP07_email,3,140,3.98,Email,60 days,Website,Los Angeles,Spanish,07-01-2021,CAMP00007,21-01-2025,05-02-2025,174231,2160,1999.53,3306.37,C268,TP156
CMP14,14,CMP14_email,8,179,4.47,Email,45 days,Instagram,New York,German,14-01-2021,CAMP00014,26-12-2025,31-12-2025,207001,14356,2479.11,2827.93,C268,TP1951
CMP14,14,CMP14_email,7,120,7.19,Email,45 days,Instagram,New York,German,14-01-2021,CAMP00014,26-12-2025,31-12-2025,207001,14356,2479.11,2827.93,C268,TP1061
CMP12,12,CMP12_influencer,0,173,3.01,Influencer,60 days,Google Ads,Los Angeles,Mandarin,12-01-2021,CAMP00012,29-03-2025,06-04-2025,107304,7128,3882.92,7276.43,C268,TP761
CMP11,11,CMP11_display,2,84,0.84,Display,45 days,Email,New York,Spanish,11-01-2021,CAMP00011,27-11-2025,04-12-2025,53998,1343,2491.07,4360.88,C269,TP2229
CMP06,6,CMP06_display,10,151,5.18,Display,15 days,Instagram,New York,German,06-01-2021,CAMP00006,08-07-2025,21-07-2025,177469,7979,3540.34,3885.94,C269,TP2151
CMP04,4,CMP04_display,1,17,1.42,Display,60 days,YouTube,Miami,Mandarin,04-01-2021,CAMP00004,17-04-2025,30-04-2025,156382,2672,1252.63,2209.74,C269,TP2033
CMP11,11,CMP11_display,9,71,2.08,Display,45 days,Email,New York,Spanish,11-01-2021,CAMP00011,27-11-2025,04-12-2025,53998,1343,2491.07,4360.88,C269,TP584
CMP05,5,CMP05_email,1,179,9.17,Email,15 days,YouTube,Los Angeles,Mandarin,05-01-2021,CAMP00005,13-03-2025,22-03-2025,285472,4155,4935.48,14111.31,C270,TP1406
CMP02,2,CMP02_email,10,51,6.35,Email,60 days,Google Ads,New York,German,02-01-2021,CAMP00002,15-12-2025,24-12-2025,200340,15841,3964.9,11740.15,C270,TP2318
CMP14,14,CMP14_email,4,67,4.87,Email,45 days,Instagram,New York,German,14-01-2021,CAMP00014,26-12-2025,31-12-2025,207001,14356,2479.11,2827.93,C270,TP1970
CMP15,15,CMP15_display,8,134,5.06,Display,45 days,Website,Chicago,Spanish,15-01-2021,CAMP00015,01-06-2025,06-06-2025,257862,23315,684.67,2001.69,C270,TP103
CMP12,12,CMP12_influencer,5,116,6.72,Influencer,60 days,Google Ads,Los Angeles,Mandarin,12-01-2021,CAMP00012,29-03-2025,06-04-2025,107304,7128,3882.92,7276.43,C271,TP046
CMP18,18,CMP18_influencer,1,24,5.19,Influencer,15 days,Instagram,Miami,French,18-01-2021,CAMP00018,05-11-2025,17-11-2025,281690,22173,3399.93,5565.65,C271,TP004
CMP15,15,CMP15_display,6,57,4.89,Display,45 days,Website,Chicago,Spanish,15-01-2021,CAMP00015,01-06-2025,06-06-2025,257862,23315,684.67,2001.69,C271,TP559
CMP16,16,CMP16_social_media,10,130,4.45,Social Media,60 days,YouTube,New York,German,16-01-2021,CAMP00016,11-05-2025,24-05-2025,159957,8149,4229.14,8648.05,C271,TP2398
CMP01,1,CMP01_email,4,45,1.45,Email,30 days,Google Ads,Chicago,Spanish,01-01-2021,CAMP00001,13-04-2025,19-04-2025,293520,23335,1052.39,2236.02,C271,TP106
CMP08,8,CMP08_search,0,160,6.32,Search,45 days,Google Ads,Los Angeles,Mandarin,08-01-2021,CAMP00008,13-04-2025,26-04-2025,234598,21435,3793.91,7159.09,C271,TP2352
CMP12,12,CMP12_influencer,5,196,9.13,Influencer,60 days,Google Ads,Los Angeles,Mandarin,12-01-2021,CAMP00012,29-03-2025,06-04-2025,107304,7128,3882.92,7276.43,C272,TP621
CMP17,17,CMP17_display,5,71,9.34,Display,45 days,Website,Houston,English,17-01-2021,CAMP00017,30-05-2025,14-06-2025,12103,168,4112.15,11010.78,C272,TP2050
CMP01,1,CMP01_email,3,60,6.68,Email,30 days,Google Ads,Chicago,Spanish,01-01-2021,CAMP00001,13-04-2025,19-04-2025,293520,23335,1052.39,2236.02,C272,TP940
CMP03,3,CMP03_influencer,9,27,1.84,Influencer,30 days,YouTube,Los Angeles,French,03-01-2021,CAMP00003,28-09-2025,06-10-2025,239365,16478,1000.39,1902.24,C273,TP1371
CMP18,18,CMP18_influencer,7,176,1.31,Influencer,15 days,Instagram,Miami,French,18-01-2021,CAMP00018,05-11-2025,17-11-2025,281690,22173,3399.93,5565.65,C273,TP2431
CMP10,10,CMP10_email,4,30,3.88,Email,15 days,Instagram,Los Angeles,English,10-01-2021,CAMP00010,03-08-2025,16-08-2025,195376,2474,1142.07,2323.19,C273,TP1992
CMP10,10,CMP10_email,6,186,9.7,Email,15 days,Instagram,Los Angeles,English,10-01-2021,CAMP00010,03-08-2025,16-08-2025,195376,2474,1142.07,2323.19,C273,TP506
CMP16,16,CMP16_social_media,4,157,8.24,Social Media,60 days,YouTube,New York,German,16-01-2021,CAMP00016,11-05-2025,24-05-2025,159957,8149,4229.14,8648.05,C273,TP770
CMP05,5,CMP05_email,7,142,4.35,Email,15 days,YouTube,Los Angeles,Mandarin,05-01-2021,CAMP00005,13-03-2025,22-03-2025,285472,4155,4935.48,14111.31,C273,TP1115
CMP06,6,CMP06_display,1,101,8.02,Display,15 days,Instagram,New York,German,06-01-2021,CAMP00006,08-07-2025,21-07-2025,177469,7979,3540.34,3885.94,C273,TP1238
CMP04,4,CMP04_display,5,138,3.0,Display,60 days,YouTube,Miami,Mandarin,04-01-2021,CAMP00004,17-04-2025,30-04-2025,156382,2672,1252.63,2209.74,C274,TP2035
CMP05,5,CMP05_email,3,64,9.09,Email,15 days,YouTube,Los Angeles,Mandarin,05-01-2021,CAMP00005,13-03-2025,22-03-2025,285472,4155,4935.48,14111.31,C274,TP1225
CMP18,18,CMP18_influencer,2,108,1.21,Influencer,15 days,Instagram,Miami,French,18-01-2021,CAMP00018,05-11-2025,17-11-2025,281690,22173,3399.93,5565.65,C274,TP2397
CMP02,2,CMP02_email,7,96,4.68,Email,60 days,Google Ads,New York,German,02-01-2021,CAMP00002,15-12-2025,24-12-2025,200340,15841,3964.9,11740.15,C274,TP2452
CMP15,15,CMP15_display,10,88,1.51,Display,45 days,Website,Chicago,Spanish,15-01-2021,CAMP00015,01-06-2025,06-06-2025,257862,23315,684.67,2001.69,C274,TP063
CMP19,19,CMP19_social_media,9,178,9.11,Social Media,60 days,Google Ads,New York,French,19-01-2021,CAMP00019,15-09-2025,24-09-2025,260948,21678,4608.11,7497.56,C275,TP864
CMP19,19,CMP19_social_media,3,174,9.69,Social Media,60 days,Google Ads,New York,French,19-01-2021,CAMP00019,15-09-2025,24-09-2025,260948,21678,4608.11,7497.56,C275,TP1335
CMP01,1,CMP01_email,2,77,3.07,Email,30 days,Google Ads,Chicago,Spanish,01-01-2021,CAMP00001,13-04-2025,19-04-2025,293520,23335,1052.39,2236.02,C275,TP1921
CMP18,18,CMP18_influencer,10,154,5.02,Influencer,15 days,Instagram,Miami,French,18-01-2021,CAMP00018,05-11-2025,17-11-2025,281690,22173,3399.93,5565.65,C275,TP593
CMP02,2,CMP02_email,3,144,1.73,Email,60 days,Google Ads,New York,German,02-01-2021,CAMP00002,15-12-2025,24-12-2025,200340,15841,3964.9,11740.15,C277,TP1284
CMP14,14,CMP14_email,2,163,3.44,Email,45 days,Instagram,New York,German,14-01-2021,CAMP00014,26-12-2025,31-12-2025,207001,14356,2479.11,2827.93,C277,TP411
CMP14,14,CMP14_email,7,74,2.71,Email,45 days,Instagram,New York,German,14-01-2021,CAMP00014,26-12-2025,31-12-2025,207001,14356,2479.11,2827.93,C277,TP2451
CMP04,4,CMP04_display,1,164,7.82,Display,60 days,YouTube,Miami,Mandarin,04-01-2021,CAMP00004,17-04-2025,30-04-2025,156382,2672,1252.63,2209.74,C277,TP1156
CMP19,19,CMP19_social_media,6,187,9.19,Social Media,60 days,Google Ads,New York,French,19-01-2021,CAMP00019,15-09-2025,24-09-2025,260948,21678,4608.11,7497.56,C277,TP739
CMP05,5,CMP05_email,8,12,8.71,Email,15 days,YouTube,Los Angeles,Mandarin,05-01-2021,CAMP00005,13-03-2025,22-03-2025,285472,4155,4935.48,14111.31,C277,TP031
CMP11,11,CMP11_display,8,13,6.57,Display,45 days,Email,New York,Spanish,11-01-2021,CAMP00011,27-11-2025,04-12-2025,53998,1343,2491.07,4360.88,C277,TP439
CMP19,19,CMP19_social_media,3,43,1.29,Social Media,60 days,Google Ads,New York,French,19-01-2021,CAMP00019,15-09-2025,24-09-2025,260948,21678,4608.11,7497.56,C278,TP627
CMP15,15,CMP15_display,10,169,0.92,Display,45 days,Website,Chicago,Spanish,15-01-2021,CAMP00015,01-06-2025,06-06-2025,257862,23315,684.67,2001.69,C278,TP1799
CMP15,15,CMP15_display,8,8,6.37,Display,45 days,Website,Chicago,Spanish,15-01-2021,CAMP00015,01-06-2025,06-06-2025,257862,23315,684.67,2001.69,C278,TP2297
CMP09,9,CMP09_social_media,10,5,5.83,Social Media,15 days,Facebook,Chicago,German,09-01-2021,CAMP00009,02-05-2025,08-05-2025,209438,2474,2385.72,2800.53,C279,TP602
CMP07,7,CMP07_email,6,127,2.0,Email,60 days,Website,Los Angeles,Spanish,07-01-2021,CAMP00007,21-01-2025,05-02-2025,174231,2160,1999.53,3306.37,C279,TP765
CMP17,17,CMP17_display,6,73,3.87,Display,45 days,Website,Houston,English,17-01-2021,CAMP00017,30-05-2025,14-06-2025,12103,168,4112.15,11010.78,C280,TP494
CMP18,18,CMP18_influencer,4,96,3.19,Influencer,15 days,Instagram,Miami,French,18-01-2021,CAMP00018,05-11-2025,17-11-2025,281690,22173,3399.93,5565.65,C280,TP1776
CMP05,5,CMP05_email,4,163,6.77,Email,15 days,YouTube,Los Angeles,Mandarin,05-01-2021,CAMP00005,13-03-2025,22-03-2025,285472,4155,4935.48,14111.31,C280,TP2395
CMP06,6,CMP06_display,8,96,1.44,Display,15 days,Instagram,New York,German,06-01-2021,CAMP00006,08-07-2025,21-07-2025,177469,7979,3540.34,3885.94,C280,TP679
CMP17,17,CMP17_display,9,32,5.24,Display,45 days,Website,Houston,English,17-01-2021,CAMP00017,30-05-2025,14-06-2025,12103,168,4112.15,11010.78,C280,TP466
CMP05,5,CMP05_email,7,148,0.56,Email,15 days,YouTube,Los Angeles,Mandarin,05-01-2021,CAMP00005,13-03-2025,22-03-2025,285472,4155,4935.48,14111.31,C280,TP306
CMP04,4,CMP04_display,5,55,0.7,Display,60 days,YouTube,Miami,Mandarin,04-01-2021,CAMP00004,17-04-2025,30-04-2025,156382,2672,1252.63,2209.74,C280,TP119
CMP15,15,CMP15_display,9,117,1.2,Display,45 days,Website,Chicago,Spanish,15-01-2021,CAMP00015,01-06-2025,06-06-2025,257862,23315,684.67,2001.69,C281,TP2394
CMP19,19,CMP19_social_media,0,31,8.91,Social Media,60 days,Google Ads,New York,French,19-01-2021,CAMP00019,15-09-2025,24-09-2025,260948,21678,4608.11,7497.56,C281,TP1795
CMP01,1,CMP01_email,10,110,8.45,Email,30 days,Google Ads,Chicago,Spanish,01-01-2021,CAMP00001,13-04-2025,19-04-2025,293520,23335,1052.39,2236.02,C281,TP486
CMP05,5,CMP05_email,10,81,1.73,Email,15 days,YouTube,Los Angeles,Mandarin,05-01-2021,CAMP00005,13-03-2025,22-03-2025,285472,4155,4935.48,14111.31,C281,TP1144
CMP09,9,CMP09_social_media,2,118,2.61,Social Media,15 days,Facebook,Chicago,German,09-01-2021,CAMP00009,02-05-2025,08-05-2025,209438,2474,2385.72,2800.53,C282,TP1271
CMP18,18,CMP18_influencer,8,166,5.27,Influencer,15 days,Instagram,Miami,French,18-01-2021,CAMP00018,05-11-2025,17-11-2025,281690,22173,3399.93,5565.65,C282,TP1178
CMP15,15,CMP15_display,8,1,2.16,Display,45 days,Website,Chicago,Spanish,15-01-2021,CAMP00015,01-06-2025,06-06-2025,257862,23315,684.67,2001.69,C282,TP1860
CMP19,19,CMP19_social_media,5,188,4.36,Social Media,60 days,Google Ads,New York,French,19-01-2021,CAMP00019,15-09-2025,24-09-2025,260948,21678,4608.11,7497.56,C282,TP1001
CMP17,17,CMP17_display,0,160,2.83,Display,45 days,Website,Houston,English,17-01-2021,CAMP00017,30-05-2025,14-06-2025,12103,168,4112.15,11010.78,C282,TP1509
CMP12,12,CMP12_influencer,4,94,7.16,Influencer,60 days,Google Ads,Los Angeles,Mandarin,12-01-2021,CAMP00012,29-03-2025,06-04-2025,107304,7128,3882.92,7276.43,C282,TP1965
CMP10,10,CMP10_email,2,49,1.63,Email,15 days,Instagram,Los Angeles,English,10-01-2021,CAMP00010,03-08-2025,16-08-2025,195376,2474,1142.07,2323.19,C283,TP1511
CMP10,10,CMP10_email,6,66,3.87,Email,15 days,Instagram,Los Angeles,English,10-01-2021,CAMP00010,03-08-2025,16-08-2025,195376,2474,1142.07,2323.19,C283,TP236
CMP06,6,CMP06_display,6,148,7.03,Display,15 days,Instagram,New York,German,06-01-2021,CAMP00006,08-07-2025,21-07-2025,177469,7979,3540.34,3885.94,C283,TP182
CMP17,17,CMP17_display,0,55,2.65,Display,45 days,Website,Houston,English,17-01-2021,CAMP00017,30-05-2025,14-06-2025,12103,168,4112.15,11010.78,C283,TP842
CMP19,19,CMP19_social_media,3,14,1.37,Social Media,60 days,Google Ads,New York,French,19-01-2021,CAMP00019,15-09-2025,24-09-2025,260948,21678,4608.11,7497.56,C283,TP1006
CMP14,14,CMP14_email,6,179,3.38,Email,45 days,Instagram,New York,German,14-01-2021,CAMP00014,26-12-2025,31-12-2025,207001,14356,2479.11,2827.93,C283,TP436
CMP04,4,CMP04_display,9,85,7.99,Display,60 days,YouTube,Miami,Mandarin,04-01-2021,CAMP00004,17-04-2025,30-04-2025,156382,2672,1252.63,2209.74,C284,TP213
CMP13,13,CMP13_social_media,7,3,2.03,Social Media,60 days,Facebook,Chicago,Mandarin,13-01-2021,CAMP00013,10-04-2025,15-04-2025,194692,11436,973.85,2310.62,C284,TP2197
CMP19,19,CMP19_social_media,6,110,8.93,Social Media,60 days,Google Ads,New York,French,19-01-2021,CAMP00019,15-09-2025,24-09-2025,260948,21678,4608.11,7497.56,C284,TP442
CMP10,10,CMP10_email,0,47,2.19,Email,15 days,Instagram,Los Angeles,English,10-01-2021,CAMP00010,03-08-2025,16-08-2025,195376,2474,1142.07,2323.19,C284,TP220
CMP15,15,CMP15_display,6,171,6.55,Display,45 days,Website,Chicago,Spanish,15-01-2021,CAMP00015,01-06-2025,06-06-2025,257862,23315,684.67,2001.69,C284,TP789
CMP13,13,CMP13_social_media,6,81,1.23,Social Media,60 days,Facebook,Chicago,Mandarin,13-01-2021,CAMP00013,10-04-2025,15-04-2025,194692,11436,973.85,2310.62,C285,TP2354
CMP13,13,CMP13_social_media,10,164,0.5,Social Media,60 days,Facebook,Chicago,Mandarin,13-01-2021,CAMP00013,10-04-2025,15-04-2025,194692,11436,973.85,2310.62,C285,TP1654
CMP02,2,CMP02_email,5,127,3.88,Email,60 days,Google Ads,New York,German,02-01-2021,CAMP00002,15-12-2025,24-12-2025,200340,15841,3964.9,11740.15,C285,TP2321
CMP12,12,CMP12_influencer,7,86,6.3,Influencer,60 days,Google Ads,Los Angeles,Mandarin,12-01-2021,CAMP00012,29-03-2025,06-04-2025,107304,7128,3882.92,7276.43,C285,TP638
CMP18,18,CMP18_influencer,8,64,0.65,Influencer,15 days,Instagram,Miami,French,18-01-2021,CAMP00018,05-11-2025,17-11-2025,281690,22173,3399.93,5565.65,C285,TP708
CMP07,7,CMP07_email,7,1,2.15,Email,60 days,Website,Los Angeles,Spanish,07-01-2021,CAMP00007,21-01-2025,05-02-2025,174231,2160,1999.53,3306.37,C285,TP1109
CMP02,2,CMP02_email,3,77,9.01,Email,60 days,Google Ads,New York,German,02-01-2021,CAMP00002,15-12-2025,24-12-2025,200340,15841,3964.9,11740.15,C285,TP1748
CMP07,7,CMP07_email,9,197,7.59,Email,60 days,Website,Los Angeles,Spanish,07-01-2021,CAMP00007,21-01-2025,05-02-2025,174231,2160,1999.53,3306.37,C285,TP1619
CMP10,10,CMP10_email,5,81,7.18,Email,15 days,Instagram,Los Angeles,English,10-01-2021,CAMP00010,03-08-2025,16-08-2025,195376,2474,1142.07,2323.19,C285,TP2345
CMP01,1,CMP01_email,4,160,7.57,Email,30 days,Google Ads,Chicago,Spanish,01-01-2021,CAMP00001,13-04-2025,19-04-2025,293520,23335,1052.39,2236.02,C286,TP1408
CMP16,16,CMP16_social_media,8,22,6.6,Social Media,60 days,YouTube,New York,German,16-01-2021,CAMP00016,11-05-2025,24-05-2025,159957,8149,4229.14,8648.05,C286,TP769
CMP15,15,CMP15_display,4,187,3.91,Display,45 days,Website,Chicago,Spanish,15-01-2021,CAMP00015,01-06-2025,06-06-2025,257862,23315,684.67,2001.69,C286,TP1658
CMP01,1,CMP01_email,4,185,4.63,Email,30 days,Google Ads,Chicago,Spanish,01-01-2021,CAMP00001,13-04-2025,19-04-2025,293520,23335,1052.39,2236.02,C286,TP1091
CMP13,13,CMP13_social_media,10,23,8.43,Social Media,60 days,Facebook,Chicago,Mandarin,13-01-2021,CAMP00013,10-04-2025,15-04-2025,194692,11436,973.85,2310.62,C286,TP225
CMP06,6,CMP06_display,10,187,1.44,Display,15 days,Instagram,New York,German,06-01-2021,CAMP00006,08-07-2025,21-07-2025,177469,7979,3540.34,3885.94,C286,TP986
CMP02,2,CMP02_email,2,157,4.15,Email,60 days,Google Ads,New York,German,02-01-2021,CAMP00002,15-12-2025,24-12-2025,200340,15841,3964.9,11740.15,C286,TP440
CMP05,5,CMP05_email,4,135,8.42,Email,15 days,YouTube,Los Angeles,Mandarin,05-01-2021,CAMP00005,13-03-2025,22-03-2025,285472,4155,4935.48,14111.31,C287,TP1833
CMP09,9,CMP09_social_media,9,168,5.49,Social Media,15 days,Facebook,Chicago,German,09-01-2021,CAMP00009,02-05-2025,08-05-2025,209438,2474,2385.72,2800.53,C287,TP1551
CMP12,12,CMP12_influencer,8,149,5.55,Influencer,60 days,Google Ads,Los Angeles,Mandarin,12-01-2021,CAMP00012,29-03-2025,06-04-2025,107304,7128,3882.92,7276.43,C288,TP2358
CMP11,11,CMP11_display,5,187,5.16,Display,45 days,Email,New York,Spanish,11-01-2021,CAMP00011,27-11-2025,04-12-2025,53998,1343,2491.07,4360.88,C288,TP1723
CMP08,8,CMP08_search,2,171,3.37,Search,45 days,Google Ads,Los Angeles,Mandarin,08-01-2021,CAMP00008,13-04-2025,26-04-2025,234598,21435,3793.91,7159.09,C288,TP1959
CMP12,12,CMP12_influencer,9,130,4.44,Influencer,60 days,Google Ads,Los Angeles,Mandarin,12-01-2021,CAMP00012,29-03-2025,06-04-2025,107304,7128,3882.92,7276.43,C288,TP1694
CMP03,3,CMP03_influencer,10,174,4.73,Influencer,30 days,YouTube,Los Angeles,French,03-01-2021,CAMP00003,28-09-2025,06-10-2025,239365,16478,1000.39,1902.24,C288,TP541
CMP01,1,CMP01_email,8,188,9.33,Email,30 days,Google Ads,Chicago,Spanish,01-01-2021,CAMP00001,13-04-2025,19-04-2025,293520,23335,1052.39,2236.02,C288,TP1047
CMP06,6,CMP06_display,10,138,7.73,Display,15 days,Instagram,New York,German,06-01-2021,CAMP00006,08-07-2025,21-07-2025,177469,7979,3540.34,3885.94,C288,TP1429
CMP03,3,CMP03_influencer,8,186,6.69,Influencer,30 days,YouTube,Los Angeles,French,03-01-2021,CAMP00003,28-09-2025,06-10-2025,239365,16478,1000.39,1902.24,C288,TP2576
CMP18,18,CMP18_influencer,2,131,5.86,Influencer,15 days,Instagram,Miami,French,18-01-2021,CAMP00018,05-11-2025,17-11-2025,281690,22173,3399.93,5565.65,C288,TP1683
CMP17,17,CMP17_display,8,194,2.75,Display,45 days,Website,Houston,English,17-01-2021,CAMP00017,30-05-2025,14-06-2025,12103,168,4112.15,11010.78,C288,TP496
CMP02,2,CMP02_email,0,146,0.51,Email,60 days,Google Ads,New York,German,02-01-2021,CAMP00002,15-12-2025,24-12-2025,200340,15841,3964.9,11740.15,C289,TP1473
CMP03,3,CMP03_influencer,6,36,8.82,Influencer,30 days,YouTube,Los Angeles,French,03-01-2021,CAMP00003,28-09-2025,06-10-2025,239365,16478,1000.39,1902.24,C289,TP409
CMP04,4,CMP04_display,7,122,9.63,Display,60 days,YouTube,Miami,Mandarin,04-01-2021,CAMP00004,17-04-2025,30-04-2025,156382,2672,1252.63,2209.74,C289,TP656
CMP19,19,CMP19_social_media,3,109,1.08,Social Media,60 days,Google Ads,New York,French,19-01-2021,CAMP00019,15-09-2025,24-09-2025,260948,21678,4608.11,7497.56,C289,TP2217
CMP09,9,CMP09_social_media,0,102,1.69,Social Media,15 days,Facebook,Chicago,German,09-01-2021,CAMP00009,02-05-2025,08-05-2025,209438,2474,2385.72,2800.53,C289,TP1281
CMP08,8,CMP08_search,2,72,6.63,Search,45 days,Google Ads,Los Angeles,Mandarin,08-01-2021,CAMP00008,13-04-2025,26-04-2025,234598,21435,3793.91,7159.09,C289,TP992
CMP11,11,CMP11_display,8,98,4.37,Display,45 days,Email,New York,Spanish,11-01-2021,CAMP00011,27-11-2025,04-12-2025,53998,1343,2491.07,4360.88,C289,TP2464
CMP01,1,CMP01_email,3,172,7.59,Email,30 days,Google Ads,Chicago,Spanish,01-01-2021,CAMP00001,13-04-2025,19-04-2025,293520,23335,1052.39,2236.02,C289,TP1881
CMP14,14,CMP14_email,3,48,6.44,Email,45 days,Instagram,New York,German,14-01-2021,CAMP00014,26-12-2025,31-12-2025,207001,14356,2479.11,2827.93,C289,TP1461
CMP19,19,CMP19_social_media,4,38,6.1,Social Media,60 days,Google Ads,New York,French,19-01-2021,CAMP00019,15-09-2025,24-09-2025,260948,21678,4608.11,7497.56,C289,TP146
CMP12,12,CMP12_influencer,3,192,2.95,Influencer,60 days,Google Ads,Los Angeles,Mandarin,12-01-2021,CAMP00012,29-03-2025,06-04-2025,107304,7128,3882.92,7276.43,C289,TP2492
CMP06,6,CMP06_display,10,2,5.48,Display,15 days,Instagram,New York,German,06-01-2021,CAMP00006,08-07-2025,21-07-2025,177469,7979,3540.34,3885.94,C290,TP666
CMP12,12,CMP12_influencer,8,45,7.19,Influencer,60 days,Google Ads,Los Angeles,Mandarin,12-01-2021,CAMP00012,29-03-2025,06-04-2025,107304,7128,3882.92,7276.43,C290,TP611
CMP03,3,CMP03_influencer,5,61,3.96,Influencer,30 days,YouTube,Los Angeles,French,03-01-2021,CAMP00003,28-09-2025,06-10-2025,239365,16478,1000.39,1902.24,C291,TP1910
CMP04,4,CMP04_display,5,166,6.0,Display,60 days,YouTube,Miami,Mandarin,04-01-2021,CAMP00004,17-04-2025,30-04-2025,156382,2672,1252.63,2209.74,C291,TP1409
CMP03,3,CMP03_influencer,7,107,2.89,Influencer,30 days,YouTube,Los Angeles,French,03-01-2021,CAMP00003,28-09-2025,06-10-2025,239365,16478,1000.39,1902.24,C291,TP1590
CMP19,19,CMP19_social_media,2,34,3.03,Social Media,60 days,Google Ads,New York,French,19-01-2021,CAMP00019,15-09-2025,24-09-2025,260948,21678,4608.11,7497.56,C291,TP1719
CMP12,12,CMP12_influencer,3,153,5.33,Influencer,60 days,Google Ads,Los Angeles,Mandarin,12-01-2021,CAMP00012,29-03-2025,06-04-2025,107304,7128,3882.92,7276.43,C292,TP1192
CMP05,5,CMP05_email,2,172,7.66,Email,15 days,YouTube,Los Angeles,Mandarin,05-01-2021,CAMP00005,13-03-2025,22-03-2025,285472,4155,4935.48,14111.31,C292,TP1508
CMP06,6,CMP06_display,0,32,0.84,Display,15 days,Instagram,New York,German,06-01-2021,CAMP00006,08-07-2025,21-07-2025,177469,7979,3540.34,3885.94,C292,TP860
CMP14,14,CMP14_email,4,109,3.84,Email,45 days,Instagram,New York,German,14-01-2021,CAMP00014,26-12-2025,31-12-2025,207001,14356,2479.11,2827.93,C292,TP1858
CMP19,19,CMP19_social_media,7,23,1.13,Social Media,60 days,Google Ads,New York,French,19-01-2021,CAMP00019,15-09-2025,24-09-2025,260948,21678,4608.11,7497.56,C293,TP2073
CMP19,19,CMP19_social_media,5,115,1.08,Social Media,60 days,Google Ads,New York,French,19-01-2021,CAMP00019,15-09-2025,24-09-2025,260948,21678,4608.11,7497.56,C293,TP1347
CMP08,8,CMP08_search,4,167,3.71,Search,45 days,Google Ads,Los Angeles,Mandarin,08-01-2021,CAMP00008,13-04-2025,26-04-2025,234598,21435,3793.91,7159.09,C293,TP1809
CMP17,17,CMP17_display,10,27,4.44,Display,45 days,Website,Houston,English,17-01-2021,CAMP00017,30-05-2025,14-06-2025,12103,168,4112.15,11010.78,C293,TP2002
CMP03,3,CMP03_influencer,3,84,8.38,Influencer,30 days,YouTube,Los Angeles,French,03-01-2021,CAMP00003,28-09-2025,06-10-2025,239365,16478,1000.39,1902.24,C293,TP2610
CMP05,5,CMP05_email,4,28,4.74,Email,15 days,YouTube,Los Angeles,Mandarin,05-01-2021,CAMP00005,13-03-2025,22-03-2025,285472,4155,4935.48,14111.31,C293,TP1545
CMP01,1,CMP01_email,8,54,7.18,Email,30 days,Google Ads,Chicago,Spanish,01-01-2021,CAMP00001,13-04-2025,19-04-2025,293520,23335,1052.39,2236.02,C293,TP163
CMP11,11,CMP11_display,3,58,2.44,Display,45 days,Email,New York,Spanish,11-01-2021,CAMP00011,27-11-2025,04-12-2025,53998,1343,2491.07,4360.88,C293,TP2088
CMP03,3,CMP03_influencer,4,102,0.76,Influencer,30 days,YouTube,Los Angeles,French,03-01-2021,CAMP00003,28-09-2025,06-10-2025,239365,16478,1000.39,1902.24,C293,TP1765
CMP04,4,CMP04_display,6,185,9.65,Display,60 days,YouTube,Miami,Mandarin,04-01-2021,CAMP00004,17-04-2025,30-04-2025,156382,2672,1252.63,2209.74,C294,TP1596
CMP06,6,CMP06_display,2,62,6.21,Display,15 days,Instagram,New York,German,06-01-2021,CAMP00006,08-07-2025,21-07-2025,177469,7979,3540.34,3885.94,C294,TP027
CMP01,1,CMP01_email,3,119,4.11,Email,30 days,Google Ads,Chicago,Spanish,01-01-2021,CAMP00001,13-04-2025,19-04-2025,293520,23335,1052.39,2236.02,C294,TP1226
CMP08,8,CMP08_search,10,137,3.94,Search,45 days,Google Ads,Los Angeles,Mandarin,08-01-2021,CAMP00008,13-04-2025,26-04-2025,234598,21435,3793.91,7159.09,C294,TP1484
CMP06,6,CMP06_display,1,41,9.23,Display,15 days,Instagram,New York,German,06-01-2021,CAMP00006,08-07-2025,21-07-2025,177469,7979,3540.34,3885.94,C294,TP1087
CMP08,8,CMP08_search,2,11,4.53,Search,45 days,Google Ads,Los Angeles,Mandarin,08-01-2021,CAMP00008,13-04-2025,26-04-2025,234598,21435,3793.91,7159.09,C294,TP305
CMP03,3,CMP03_influencer,8,180,2.85,Influencer,30 days,YouTube,Los Angeles,French,03-01-2021,CAMP00003,28-09-2025,06-10-2025,239365,16478,1000.39,1902.24,C295,TP2094
CMP03,3,CMP03_influencer,9,57,7.4,Influencer,30 days,YouTube,Los Angeles,French,03-01-2021,CAMP00003,28-09-2025,06-10-2025,239365,16478,1000.39,1902.24,C295,TP2633
CMP17,17,CMP17_display,0,56,9.66,Display,45 days,Website,Houston,English,17-01-2021,CAMP00017,30-05-2025,14-06-2025,12103,168,4112.15,11010.78,C295,TP269
CMP02,2,CMP02_email,3,30,1.92,Email,60 days,Google Ads,New York,German,02-01-2021,CAMP00002,15-12-2025,24-12-2025,200340,15841,3964.9,11740.15,C295,TP1869
CMP17,17,CMP17_display,6,107,3.07,Display,45 days,Website,Houston,English,17-01-2021,CAMP00017,30-05-2025,14-06-2025,12103,168,4112.15,11010.78,C295,TP2264
CMP02,2,CMP02_email,0,107,9.91,Email,60 days,Google Ads,New York,German,02-01-2021,CAMP00002,15-12-2025,24-12-2025,200340,15841,3964.9,11740.15,C295,TP1426
CMP08,8,CMP08_search,8,29,9.85,Search,45 days,Google Ads,Los Angeles,Mandarin,08-01-2021,CAMP00008,13-04-2025,26-04-2025,234598,21435,3793.91,7159.09,C296,TP112
CMP13,13,CMP13_social_media,0,59,9.49,Social Media,60 days,Facebook,Chicago,Mandarin,13-01-2021,CAMP00013,10-04-2025,15-04-2025,194692,11436,973.85,2310.62,C296,TP1424
CMP03,3,CMP03_influencer,0,74,3.08,Influencer,30 days,YouTube,Los Angeles,French,03-01-2021,CAMP00003,28-09-2025,06-10-2025,239365,16478,1000.39,1902.24,C296,TP1396
CMP08,8,CMP08_search,0,108,5.04,Search,45 days,Google Ads,Los Angeles,Mandarin,08-01-2021,CAMP00008,13-04-2025,26-04-2025,234598,21435,3793.91,7159.09,C296,TP1864
CMP13,13,CMP13_social_media,3,48,9.67,Social Media,60 days,Facebook,Chicago,Mandarin,13-01-2021,CAMP00013,10-04-2025,15-04-2025,194692,11436,973.85,2310.62,C296,TP1557
CMP06,6,CMP06_display,8,76,5.09,Display,15 days,Instagram,New York,German,06-01-2021,CAMP00006,08-07-2025,21-07-2025,177469,7979,3540.34,3885.94,C296,TP1900
CMP13,13,CMP13_social_media,6,49,4.98,Social Media,60 days,Facebook,Chicago,Mandarin,13-01-2021,CAMP00013,10-04-2025,15-04-2025,194692,11436,973.85,2310.62,C297,TP1558
CMP08,8,CMP08_search,6,3,1.3,Search,45 days,Google Ads,Los Angeles,Mandarin,08-01-2021,CAMP00008,13-04-2025,26-04-2025,234598,21435,3793.91,7159.09,C297,TP2552
CMP03,3,CMP03_influencer,3,128,9.06,Influencer,30 days,YouTube,Los Angeles,French,03-01-2021,CAMP00003,28-09-2025,06-10-2025,239365,16478,1000.39,1902.24,C298,TP351
CMP01,1,CMP01_email,9,163,6.92,Email,30 days,Google Ads,Chicago,Spanish,01-01-2021,CAMP00001,13-04-2025,19-04-2025,293520,23335,1052.39,2236.02,C299,TP1510
CMP09,9,CMP09_social_media,9,112,7.32,Social Media,15 days,Facebook,Chicago,German,09-01-2021,CAMP00009,02-05-2025,08-05-2025,209438,2474,2385.72,2800.53,C299,TP510
CMP12,12,CMP12_influencer,10,95,7.58,Influencer,60 days,Google Ads,Los Angeles,Mandarin,12-01-2021,CAMP00012,29-03-2025,06-04-2025,107304,7128,3882.92,7276.43,C300,TP1243
CMP17,17,CMP17_display,6,19,4.14,Display,45 days,Website,Houston,English,17-01-2021,CAMP00017,30-05-2025,14-06-2025,12103,168,4112.15,11010.78,C300,TP1329
CMP16,16,CMP16_social_media,10,110,5.42,Social Media,60 days,YouTube,New York,German,16-01-2021,CAMP00016,11-05-2025,24-05-2025,159957,8149,4229.14,8648.05,C300,TP2578
CMP10,10,CMP10_email,2,38,0.95,Email,15 days,Instagram,Los Angeles,English,10-01-2021,CAMP00010,03-08-2025,16-08-2025,195376,2474,1142.07,2323.19,C301,TP858
CMP04,4,CMP04_display,1,136,2.07,Display,60 days,YouTube,Miami,Mandarin,04-01-2021,CAMP00004,17-04-2025,30-04-2025,156382,2672,1252.63,2209.74,C301,TP2563
CMP13,13,CMP13_social_media,6,92,3.4,Social Media,60 days,Facebook,Chicago,Mandarin,13-01-2021,CAMP00013,10-04-2025,15-04-2025,194692,11436,973.85,2310.62,C301,TP1175
CMP08,8,CMP08_search,8,144,7.12,Search,45 days,Google Ads,Los Angeles,Mandarin,08-01-2021,CAMP00008,13-04-2025,26-04-2025,234598,21435,3793.91,7159.09,C301,TP2203
CMP18,18,CMP18_influencer,2,145,8.73,Influencer,15 days,Instagram,Miami,French,18-01-2021,CAMP00018,05-11-2025,17-11-2025,281690,22173,3399.93,5565.65,C301,TP129
CMP18,18,CMP18_influencer,8,189,7.39,Influencer,15 days,Instagram,Miami,French,18-01-2021,CAMP00018,05-11-2025,17-11-2025,281690,22173,3399.93,5565.65,C301,TP1999
CMP14,14,CMP14_email,2,108,5.91,Email,45 days,Instagram,New York,German,14-01-2021,CAMP00014,26-12-2025,31-12-2025,207001,14356,2479.11,2827.93,C301,TP2462
CMP19,19,CMP19_social_media,6,10,8.68,Social Media,60 days,Google Ads,New York,French,19-01-2021,CAMP00019,15-09-2025,24-09-2025,260948,21678,4608.11,7497.56,C302,TP1524
CMP02,2,CMP02_email,5,30,5.41,Email,60 days,Google Ads,New York,German,02-01-2021,CAMP00002,15-12-2025,24-12-2025,200340,15841,3964.9,11740.15,C302,TP1725
CMP16,16,CMP16_social_media,1,114,1.19,Social Media,60 days,YouTube,New York,German,16-01-2021,CAMP00016,11-05-2025,24-05-2025,159957,8149,4229.14,8648.05,C302,TP2097
CMP04,4,CMP04_display,2,105,4.14,Display,60 days,YouTube,Miami,Mandarin,04-01-2021,CAMP00004,17-04-2025,30-04-2025,156382,2672,1252.63,2209.74,C302,TP469
CMP04,4,CMP04_display,3,121,5.73,Display,60 days,YouTube,Miami,Mandarin,04-01-2021,CAMP00004,17-04-2025,30-04-2025,156382,2672,1252.63,2209.74,C302,TP1563
CMP13,13,CMP13_social_media,3,112,1.03,Social Media,60 days,Facebook,Chicago,Mandarin,13-01-2021,CAMP00013,10-04-2025,15-04-2025,194692,11436,973.85,2310.62,C302,TP712
CMP16,16,CMP16_social_media,1,74,3.4,Social Media,60 days,YouTube,New York,German,16-01-2021,CAMP00016,11-05-2025,24-05-2025,159957,8149,4229.14,8648.05,C302,TP2041
CMP12,12,CMP12_influencer,8,167,3.06,Influencer,60 days,Google Ads,Los Angeles,Mandarin,12-01-2021,CAMP00012,29-03-2025,06-04-2025,107304,7128,3882.92,7276.43,C303,TP1073
CMP09,9,CMP09_social_media,6,28,9.82,Social Media,15 days,Facebook,Chicago,German,09-01-2021,CAMP00009,02-05-2025,08-05-2025,209438,2474,2385.72,2800.53,C303,TP1522
CMP06,6,CMP06_display,7,174,5.04,Display,15 days,Instagram,New York,German,06-01-2021,CAMP00006,08-07-2025,21-07-2025,177469,7979,3540.34,3885.94,C303,TP1200
CMP11,11,CMP11_display,8,167,2.36,Display,45 days,Email,New York,Spanish,11-01-2021,CAMP00011,27-11-2025,04-12-2025,53998,1343,2491.07,4360.88,C303,TP908
CMP12,12,CMP12_influencer,8,80,7.1,Influencer,60 days,Google Ads,Los Angeles,Mandarin,12-01-2021,CAMP00012,29-03-2025,06-04-2025,107304,7128,3882.92,7276.43,C303,TP1753
CMP01,1,CMP01_email,0,132,6.13,Email,30 days,Google Ads,Chicago,Spanish,01-01-2021,CAMP00001,13-04-2025,19-04-2025,293520,23335,1052.39,2236.02,C303,TP2374
CMP13,13,CMP13_social_media,8,48,4.49,Social Media,60 days,Facebook,Chicago,Mandarin,13-01-2021,CAMP00013,10-04-2025,15-04-2025,194692,11436,973.85,2310.62,C303,TP981
CMP05,5,CMP05_email,2,40,7.24,Email,15 days,YouTube,Los Angeles,Mandarin,05-01-2021,CAMP00005,13-03-2025,22-03-2025,285472,4155,4935.48,14111.31,C303,TP1932
CMP05,5,CMP05_email,4,156,1.95,Email,15 days,YouTube,Los Angeles,Mandarin,05-01-2021,CAMP00005,13-03-2025,22-03-2025,285472,4155,4935.48,14111.31,C303,TP1487
CMP02,2,CMP02_email,1,37,9.0,Email,60 days,Google Ads,New York,German,02-01-2021,CAMP00002,15-12-2025,24-12-2025,200340,15841,3964.9,11740.15,C304,TP105
CMP18,18,CMP18_influencer,2,36,7.33,Influencer,15 days,Instagram,Miami,French,18-01-2021,CAMP00018,05-11-2025,17-11-2025,281690,22173,3399.93,5565.65,C304,TP412
CMP15,15,CMP15_display,9,84,5.19,Display,45 days,Website,Chicago,Spanish,15-01-2021,CAMP00015,01-06-2025,06-06-2025,257862,23315,684.67,2001.69,C304,TP2227
CMP18,18,CMP18_influencer,10,134,4.06,Influencer,15 days,Instagram,Miami,French,18-01-2021,CAMP00018,05-11-2025,17-11-2025,281690,22173,3399.93,5565.65,C304,TP372
CMP11,11,CMP11_display,8,74,3.12,Display,45 days,Email,New York,Spanish,11-01-2021,CAMP00011,27-11-2025,04-12-2025,53998,1343,2491.07,4360.88,C304,TP448
CMP08,8,CMP08_search,6,10,7.04,Search,45 days,Google Ads,Los Angeles,Mandarin,08-01-2021,CAMP00008,13-04-2025,26-04-2025,234598,21435,3793.91,7159.09,C304,TP362
CMP11,11,CMP11_display,9,110,0.91,Display,45 days,Email,New York,Spanish,11-01-2021,CAMP00011,27-11-2025,04-12-2025,53998,1343,2491.07,4360.88,C305,TP2514
CMP13,13,CMP13_social_media,7,49,8.72,Social Media,60 days,Facebook,Chicago,Mandarin,13-01-2021,CAMP00013,10-04-2025,15-04-2025,194692,11436,973.85,2310.62,C305,TP2602
CMP17,17,CMP17_display,1,115,3.63,Display,45 days,Website,Houston,English,17-01-2021,CAMP00017,30-05-2025,14-06-2025,12103,168,4112.15,11010.78,C305,TP2082
CMP09,9,CMP09_social_media,2,55,8.58,Social Media,15 days,Facebook,Chicago,German,09-01-2021,CAMP00009,02-05-2025,08-05-2025,209438,2474,2385.72,2800.53,C305,TP924
CMP08,8,CMP08_search,7,152,6.17,Search,45 days,Google Ads,Los Angeles,Mandarin,08-01-2021,CAMP00008,13-04-2025,26-04-2025,234598,21435,3793.91,7159.09,C305,TP1655
CMP10,10,CMP10_email,7,50,2.54,Email,15 days,Instagram,Los Angeles,English,10-01-2021,CAMP00010,03-08-2025,16-08-2025,195376,2474,1142.07,2323.19,C305,TP1380
CMP19,19,CMP19_social_media,9,176,5.08,Social Media,60 days,Google Ads,New York,French,19-01-2021,CAMP00019,15-09-2025,24-09-2025,260948,21678,4608.11,7497.56,C305,TP1925
CMP05,5,CMP05_email,0,35,3.28,Email,15 days,YouTube,Los Angeles,Mandarin,05-01-2021,CAMP00005,13-03-2025,22-03-2025,285472,4155,4935.48,14111.31,C305,TP555
CMP18,18,CMP18_influencer,9,108,6.37,Influencer,15 days,Instagram,Miami,French,18-01-2021,CAMP00018,05-11-2025,17-11-2025,281690,22173,3399.93,5565.65,C306,TP519
CMP08,8,CMP08_search,8,94,5.11,Search,45 days,Google Ads,Los Angeles,Mandarin,08-01-2021,CAMP00008,13-04-2025,26-04-2025,234598,21435,3793.91,7159.09,C306,TP1088
CMP11,11,CMP11_display,3,129,8.69,Display,45 days,Email,New York,Spanish,11-01-2021,CAMP00011,27-11-2025,04-12-2025,53998,1343,2491.07,4360.88,C306,TP2317
CMP12,12,CMP12_influencer,10,169,8.94,Influencer,60 days,Google Ads,Los Angeles,Mandarin,12-01-2021,CAMP00012,29-03-2025,06-04-2025,107304,7128,3882.92,7276.43,C306,TP1060
CMP08,8,CMP08_search,5,119,1.29,Search,45 days,Google Ads,Los Angeles,Mandarin,08-01-2021,CAMP00008,13-04-2025,26-04-2025,234598,21435,3793.91,7159.09,C307,TP251
CMP16,16,CMP16_social_media,3,196,5.97,Social Media,60 days,YouTube,New York,German,16-01-2021,CAMP00016,11-05-2025,24-05-2025,159957,8149,4229.14,8648.05,C307,TP1856
CMP12,12,CMP12_influencer,5,58,6.49,Influencer,60 days,Google Ads,Los Angeles,Mandarin,12-01-2021,CAMP00012,29-03-2025,06-04-2025,107304,7128,3882.92,7276.43,C307,TP2577
CMP12,12,CMP12_influencer,2,24,1.98,Influencer,60 days,Google Ads,Los Angeles,Mandarin,12-01-2021,CAMP00012,29-03-2025,06-04-2025,107304,7128,3882.92,7276.43,C307,TP058
CMP16,16,CMP16_social_media,3,2,9.31,Social Media,60 days,YouTube,New York,German,16-01-2021,CAMP00016,11-05-2025,24-05-2025,159957,8149,4229.14,8648.05,C308,TP582
CMP03,3,CMP03_influencer,1,136,6.12,Influencer,30 days,YouTube,Los Angeles,French,03-01-2021,CAMP00003,28-09-2025,06-10-2025,239365,16478,1000.39,1902.24,C308,TP1097
CMP17,17,CMP17_display,7,185,1.41,Display,45 days,Website,Houston,English,17-01-2021,CAMP00017,30-05-2025,14-06-2025,12103,168,4112.15,11010.78,C308,TP334
CMP07,7,CMP07_email,9,175,7.65,Email,60 days,Website,Los Angeles,Spanish,07-01-2021,CAMP00007,21-01-2025,05-02-2025,174231,2160,1999.53,3306.37,C309,TP1840
CMP03,3,CMP03_influencer,3,71,4.45,Influencer,30 days,YouTube,Los Angeles,French,03-01-2021,CAMP00003,28-09-2025,06-10-2025,239365,16478,1000.39,1902.24,C309,TP1444
CMP08,8,CMP08_search,1,17,7.64,Search,45 days,Google Ads,Los Angeles,Mandarin,08-01-2021,CAMP00008,13-04-2025,26-04-2025,234598,21435,3793.91,7159.09,C309,TP2574
CMP05,5,CMP05_email,1,55,3.99,Email,15 days,YouTube,Los Angeles,Mandarin,05-01-2021,CAMP00005,13-03-2025,22-03-2025,285472,4155,4935.48,14111.31,C309,TP1582
CMP08,8,CMP08_search,7,86,9.33,Search,45 days,Google Ads,Los Angeles,Mandarin,08-01-2021,CAMP00008,13-04-2025,26-04-2025,234598,21435,3793.91,7159.09,C309,TP2408
CMP15,15,CMP15_display,0,6,5.8,Display,45 days,Website,Chicago,Spanish,15-01-2021,CAMP00015,01-06-2025,06-06-2025,257862,23315,684.67,2001.69,C309,TP022
CMP13,13,CMP13_social_media,10,156,4.45,Social Media,60 days,Facebook,Chicago,Mandarin,13-01-2021,CAMP00013,10-04-2025,15-04-2025,194692,11436,973.85,2310.62,C310,TP093
CMP11,11,CMP11_display,1,180,2.26,Display,45 days,Email,New York,Spanish,11-01-2021,CAMP00011,27-11-2025,04-12-2025,53998,1343,2491.07,4360.88,C310,TP1872
CMP12,12,CMP12_influencer,8,126,5.68,Influencer,60 days,Google Ads,Los Angeles,Mandarin,12-01-2021,CAMP00012,29-03-2025,06-04-2025,107304,7128,3882.92,7276.43,C310,TP2480
CMP13,13,CMP13_social_media,2,187,0.98,Social Media,60 days,Facebook,Chicago,Mandarin,13-01-2021,CAMP00013,10-04-2025,15-04-2025,194692,11436,973.85,2310.62,C310,TP1853
CMP08,8,CMP08_search,3,175,7.71,Search,45 days,Google Ads,Los Angeles,Mandarin,08-01-2021,CAMP00008,13-04-2025,26-04-2025,234598,21435,3793.91,7159.09,C310,TP2112
CMP16,16,CMP16_social_media,10,30,5.43,Social Media,60 days,YouTube,New York,German,16-01-2021,CAMP00016,11-05-2025,24-05-2025,159957,8149,4229.14,8648.05,C310,TP401
CMP19,19,CMP19_social_media,7,121,6.81,Social Media,60 days,Google Ads,New York,French,19-01-2021,CAMP00019,15-09-2025,24-09-2025,260948,21678,4608.11,7497.56,C311,TP1930
CMP11,11,CMP11_display,6,24,2.02,Display,45 days,Email,New York,Spanish,11-01-2021,CAMP00011,27-11-2025,04-12-2025,53998,1343,2491.07,4360.88,C311,TP1734
CMP04,4,CMP04_display,6,173,5.5,Display,60 days,YouTube,Miami,Mandarin,04-01-2021,CAMP00004,17-04-2025,30-04-2025,156382,2672,1252.63,2209.74,C311,TP1016
CMP15,15,CMP15_display,2,109,2.54,Display,45 days,Website,Chicago,Spanish,15-01-2021,CAMP00015,01-06-2025,06-06-2025,257862,23315,684.67,2001.69,C311,TP2026
CMP11,11,CMP11_display,7,113,2.15,Display,45 days,Email,New York,Spanish,11-01-2021,CAMP00011,27-11-2025,04-12-2025,53998,1343,2491.07,4360.88,C311,TP1296
CMP02,2,CMP02_email,7,2,6.11,Email,60 days,Google Ads,New York,German,02-01-2021,CAMP00002,15-12-2025,24-12-2025,200340,15841,3964.9,11740.15,C311,TP580
CMP08,8,CMP08_search,7,36,3.08,Search,45 days,Google Ads,Los Angeles,Mandarin,08-01-2021,CAMP00008,13-04-2025,26-04-2025,234598,21435,3793.91,7159.09,C312,TP1215
CMP01,1,CMP01_email,4,100,7.79,Email,30 days,Google Ads,Chicago,Spanish,01-01-2021,CAMP00001,13-04-2025,19-04-2025,293520,23335,1052.39,2236.02,C312,TP985
CMP16,16,CMP16_social_media,1,44,6.27,Social Media,60 days,YouTube,New York,German,16-01-2021,CAMP00016,11-05-2025,24-05-2025,159957,8149,4229.14,8648.05,C312,TP2586
CMP08,8,CMP08_search,6,114,9.03,Search,45 days,Google Ads,Los Angeles,Mandarin,08-01-2021,CAMP00008,13-04-2025,26-04-2025,234598,21435,3793.91,7159.09,C312,TP897
CMP17,17,CMP17_display,0,120,6.67,Display,45 days,Website,Houston,English,17-01-2021,CAMP00017,30-05-2025,14-06-2025,12103,168,4112.15,11010.78,C312,TP1880
CMP17,17,CMP17_display,5,138,5.16,Display,45 days,Website,Houston,English,17-01-2021,CAMP00017,30-05-2025,14-06-2025,12103,168,4112.15,11010.78,C313,TP525
CMP04,4,CMP04_display,5,103,9.67,Display,60 days,YouTube,Miami,Mandarin,04-01-2021,CAMP00004,17-04-2025,30-04-2025,156382,2672,1252.63,2209.74,C313,TP1586
CMP04,4,CMP04_display,7,165,9.53,Display,60 days,YouTube,Miami,Mandarin,04-01-2021,CAMP00004,17-04-2025,30-04-2025,156382,2672,1252.63,2209.74,C313,TP1571
CMP18,18,CMP18_influencer,3,68,9.21,Influencer,15 days,Instagram,Miami,French,18-01-2021,CAMP00018,05-11-2025,17-11-2025,281690,22173,3399.93,5565.65,C313,TP1700
CMP07,7,CMP07_email,8,62,7.69,Email,60 days,Website,Los Angeles,Spanish,07-01-2021,CAMP00007,21-01-2025,05-02-2025,174231,2160,1999.53,3306.37,C313,TP2120
CMP13,13,CMP13_social_media,9,122,4.39,Social Media,60 days,Facebook,Chicago,Mandarin,13-01-2021,CAMP00013,10-04-2025,15-04-2025,194692,11436,973.85,2310.62,C313,TP1832
CMP19,19,CMP19_social_media,6,18,6.57,Social Media,60 days,Google Ads,New York,French,19-01-2021,CAMP00019,15-09-2025,24-09-2025,260948,21678,4608.11,7497.56,C313,TP1069
CMP13,13,CMP13_social_media,4,70,7.55,Social Media,60 days,Facebook,Chicago,Mandarin,13-01-2021,CAMP00013,10-04-2025,15-04-2025,194692,11436,973.85,2310.62,C314,TP731
CMP15,15,CMP15_display,6,143,6.07,Display,45 days,Website,Chicago,Spanish,15-01-2021,CAMP00015,01-06-2025,06-06-2025,257862,23315,684.67,2001.69,C314,TP2546
CMP19,19,CMP19_social_media,3,40,7.3,Social Media,60 days,Google Ads,New York,French,19-01-2021,CAMP00019,15-09-2025,24-09-2025,260948,21678,4608.11,7497.56,C314,TP552
CMP08,8,CMP08_search,6,144,7.51,Search,45 days,Google Ads,Los Angeles,Mandarin,08-01-2021,CAMP00008,13-04-2025,26-04-2025,234598,21435,3793.91,7159.09,C314,TP034
CMP13,13,CMP13_social_media,8,18,7.68,Social Media,60 days,Facebook,Chicago,Mandarin,13-01-2021,CAMP00013,10-04-2025,15-04-2025,194692,11436,973.85,2310.62,C314,TP2244
CMP10,10,CMP10_email,9,72,9.62,Email,15 days,Instagram,Los Angeles,English,10-01-2021,CAMP00010,03-08-2025,16-08-2025,195376,2474,1142.07,2323.19,C315,TP1005
CMP13,13,CMP13_social_media,4,81,3.23,Social Media,60 days,Facebook,Chicago,Mandarin,13-01-2021,CAMP00013,10-04-2025,15-04-2025,194692,11436,973.85,2310.62,C315,TP1276
CMP15,15,CMP15_display,8,102,8.25,Display,45 days,Website,Chicago,Spanish,15-01-2021,CAMP00015,01-06-2025,06-06-2025,257862,23315,684.67,2001.69,C315,TP1979
CMP18,18,CMP18_influencer,5,153,1.43,Influencer,15 days,Instagram,Miami,French,18-01-2021,CAMP00018,05-11-2025,17-11-2025,281690,22173,3399.93,5565.65,C315,TP256
CMP18,18,CMP18_influencer,6,101,8.6,Influencer,15 days,Instagram,Miami,French,18-01-2021,CAMP00018,05-11-2025,17-11-2025,281690,22173,3399.93,5565.65,C316,TP1536
CMP13,13,CMP13_social_media,1,170,9.99,Social Media,60 days,Facebook,Chicago,Mandarin,13-01-2021,CAMP00013,10-04-2025,15-04-2025,194692,11436,973.85,2310.62,C316,TP2421
CMP08,8,CMP08_search,5,3,7.5,Search,45 days,Google Ads,Los Angeles,Mandarin,08-01-2021,CAMP00008,13-04-2025,26-04-2025,234598,21435,3793.91,7159.09,C316,TP523
CMP12,12,CMP12_influencer,7,95,4.55,Influencer,60 days,Google Ads,Los Angeles,Mandarin,12-01-2021,CAMP00012,29-03-2025,06-04-2025,107304,7128,3882.92,7276.43,C316,TP066
CMP03,3,CMP03_influencer,4,127,9.77,Influencer,30 days,YouTube,Los Angeles,French,03-01-2021,CAMP00003,28-09-2025,06-10-2025,239365,16478,1000.39,1902.24,C316,TP954
CMP09,9,CMP09_social_media,7,151,4.77,Social Media,15 days,Facebook,Chicago,German,09-01-2021,CAMP00009,02-05-2025,08-05-2025,209438,2474,2385.72,2800.53,C316,TP2194
CMP09,9,CMP09_social_media,9,111,1.52,Social Media,15 days,Facebook,Chicago,German,09-01-2021,CAMP00009,02-05-2025,08-05-2025,209438,2474,2385.72,2800.53,C316,TP1407
CMP02,2,CMP02_email,9,159,1.51,Email,60 days,Google Ads,New York,German,02-01-2021,CAMP00002,15-12-2025,24-12-2025,200340,15841,3964.9,11740.15,C317,TP447
CMP02,2,CMP02_email,5,100,4.05,Email,60 days,Google Ads,New York,German,02-01-2021,CAMP00002,15-12-2025,24-12-2025,200340,15841,3964.9,11740.15,C317,TP885
CMP12,12,CMP12_influencer,1,116,5.67,Influencer,60 days,Google Ads,Los Angeles,Mandarin,12-01-2021,CAMP00012,29-03-2025,06-04-2025,107304,7128,3882.92,7276.43,C317,TP907
CMP13,13,CMP13_social_media,3,121,1.4,Social Media,60 days,Facebook,Chicago,Mandarin,13-01-2021,CAMP00013,10-04-2025,15-04-2025,194692,11436,973.85,2310.62,C317,TP2517
CMP08,8,CMP08_search,10,122,4.24,Search,45 days,Google Ads,Los Angeles,Mandarin,08-01-2021,CAMP00008,13-04-2025,26-04-2025,234598,21435,3793.91,7159.09,C317,TP1161
CMP16,16,CMP16_social_media,2,87,5.68,Social Media,60 days,YouTube,New York,German,16-01-2021,CAMP00016,11-05-2025,24-05-2025,159957,8149,4229.14,8648.05,C318,TP1382
CMP17,17,CMP17_display,1,163,3.77,Display,45 days,Website,Houston,English,17-01-2021,CAMP00017,30-05-2025,14-06-2025,12103,168,4112.15,11010.78,C318,TP2046
CMP06,6,CMP06_display,1,73,3.59,Display,15 days,Instagram,New York,German,06-01-2021,CAMP00006,08-07-2025,21-07-2025,177469,7979,3540.34,3885.94,C318,TP1934
CMP15,15,CMP15_display,5,46,4.06,Display,45 days,Website,Chicago,Spanish,15-01-2021,CAMP00015,01-06-2025,06-06-2025,257862,23315,684.67,2001.69,C318,TP248
CMP12,12,CMP12_influencer,4,97,1.22,Influencer,60 days,Google Ads,Los Angeles,Mandarin,12-01-2021,CAMP00012,29-03-2025,06-04-2025,107304,7128,3882.92,7276.43,C318,TP601
CMP17,17,CMP17_display,4,64,3.54,Display,45 days,Website,Houston,English,17-01-2021,CAMP00017,30-05-2025,14-06-2025,12103,168,4112.15,11010.78,C318,TP1292
CMP05,5,CMP05_email,1,3,3.46,Email,15 days,YouTube,Los Angeles,Mandarin,05-01-2021,CAMP00005,13-03-2025,22-03-2025,285472,4155,4935.48,14111.31,C318,TP2205
CMP10,10,CMP10_email,2,72,7.82,Email,15 days,Instagram,Los Angeles,English,10-01-2021,CAMP00010,03-08-2025,16-08-2025,195376,2474,1142.07,2323.19,C318,TP2534
CMP13,13,CMP13_social_media,1,199,7.24,Social Media,60 days,Facebook,Chicago,Mandarin,13-01-2021,CAMP00013,10-04-2025,15-04-2025,194692,11436,973.85,2310.62,C318,TP1651
CMP14,14,CMP14_email,3,3,7.5,Email,45 days,Instagram,New York,German,14-01-2021,CAMP00014,26-12-2025,31-12-2025,207001,14356,2479.11,2827.93,C318,TP2536
CMP10,10,CMP10_email,3,66,8.51,Email,15 days,Instagram,Los Angeles,English,10-01-2021,CAMP00010,03-08-2025,16-08-2025,195376,2474,1142.07,2323.19,C318,TP264
CMP18,18,CMP18_influencer,5,81,5.27,Influencer,15 days,Instagram,Miami,French,18-01-2021,CAMP00018,05-11-2025,17-11-2025,281690,22173,3399.93,5565.65,C319,TP1675
CMP03,3,CMP03_influencer,3,158,3.51,Influencer,30 days,YouTube,Los Angeles,French,03-01-2021,CAMP00003,28-09-2025,06-10-2025,239365,16478,1000.39,1902.24,C319,TP1573
CMP16,16,CMP16_social_media,9,80,2.85,Social Media,60 days,YouTube,New York,German,16-01-2021,CAMP00016,11-05-2025,24-05-2025,159957,8149,4229.14,8648.05,C319,TP1187
CMP10,10,CMP10_email,2,147,9.2,Email,15 days,Instagram,Los Angeles,English,10-01-2021,CAMP00010,03-08-2025,16-08-2025,195376,2474,1142.07,2323.19,C319,TP2440
CMP08,8,CMP08_search,0,29,7.59,Search,45 days,Google Ads,Los Angeles,Mandarin,08-01-2021,CAMP00008,13-04-2025,26-04-2025,234598,21435,3793.91,7159.09,C319,TP1368
CMP14,14,CMP14_email,5,36,1.6,Email,45 days,Instagram,New York,German,14-01-2021,CAMP00014,26-12-2025,31-12-2025,207001,14356,2479.11,2827.93,C319,TP592
CMP11,11,CMP11_display,6,114,1.76,Display,45 days,Email,New York,Spanish,11-01-2021,CAMP00011,27-11-2025,04-12-2025,53998,1343,2491.07,4360.88,C319,TP2096
CMP18,18,CMP18_influencer,6,138,7.09,Influencer,15 days,Instagram,Miami,French,18-01-2021,CAMP00018,05-11-2025,17-11-2025,281690,22173,3399.93,5565.65,C319,TP2290
CMP05,5,CMP05_email,3,140,9.2,Email,15 days,YouTube,Los Angeles,Mandarin,05-01-2021,CAMP00005,13-03-2025,22-03-2025,285472,4155,4935.48,14111.31,C320,TP2454
CMP15,15,CMP15_display,4,196,2.96,Display,45 days,Website,Chicago,Spanish,15-01-2021,CAMP00015,01-06-2025,06-06-2025,257862,23315,684.67,2001.69,C320,TP1345
CMP06,6,CMP06_display,8,194,7.36,Display,15 days,Instagram,New York,German,06-01-2021,CAMP00006,08-07-2025,21-07-2025,177469,7979,3540.34,3885.94,C320,TP2392
CMP05,5,CMP05_email,3,37,2.5,Email,15 days,YouTube,Los Angeles,Mandarin,05-01-2021,CAMP00005,13-03-2025,22-03-2025,285472,4155,4935.48,14111.31,C320,TP055
CMP01,1,CMP01_email,10,23,3.69,Email,30 days,Google Ads,Chicago,Spanish,01-01-2021,CAMP00001,13-04-2025,19-04-2025,293520,23335,1052.39,2236.02,C320,TP1397
CMP17,17,CMP17_display,6,128,5.62,Display,45 days,Website,Houston,English,17-01-2021,CAMP00017,30-05-2025,14-06-2025,12103,168,4112.15,11010.78,C320,TP1272
CMP01,1,CMP01_email,3,23,7.08,Email,30 days,Google Ads,Chicago,Spanish,01-01-2021,CAMP00001,13-04-2025,19-04-2025,293520,23335,1052.39,2236.02,C320,TP1400
CMP19,19,CMP19_social_media,10,42,7.92,Social Media,60 days,Google Ads,New York,French,19-01-2021,CAMP00019,15-09-2025,24-09-2025,260948,21678,4608.11,7497.56,C321,TP529
CMP13,13,CMP13_social_media,6,150,2.19,Social Media,60 days,Facebook,Chicago,Mandarin,13-01-2021,CAMP00013,10-04-2025,15-04-2025,194692,11436,973.85,2310.62,C321,TP1699
CMP02,2,CMP02_email,3,77,9.57,Email,60 days,Google Ads,New York,German,02-01-2021,CAMP00002,15-12-2025,24-12-2025,200340,15841,3964.9,11740.15,C321,TP853
CMP01,1,CMP01_email,0,84,9.12,Email,30 days,Google Ads,Chicago,Spanish,01-01-2021,CAMP00001,13-04-2025,19-04-2025,293520,23335,1052.39,2236.02,C321,TP1367
CMP17,17,CMP17_display,5,75,6.31,Display,45 days,Website,Houston,English,17-01-2021,CAMP00017,30-05-2025,14-06-2025,12103,168,4112.15,11010.78,C322,TP1477
CMP19,19,CMP19_social_media,6,65,9.54,Social Media,60 days,Google Ads,New York,French,19-01-2021,CAMP00019,15-09-2025,24-09-2025,260948,21678,4608.11,7497.56,C322,TP540
CMP17,17,CMP17_display,1,28,1.46,Display,45 days,Website,Houston,English,17-01-2021,CAMP00017,30-05-2025,14-06-2025,12103,168,4112.15,11010.78,C322,TP1308
CMP01,1,CMP01_email,6,42,7.94,Email,30 days,Google Ads,Chicago,Spanish,01-01-2021,CAMP00001,13-04-2025,19-04-2025,293520,23335,1052.39,2236.02,C323,TP2209
CMP04,4,CMP04_display,8,58,7.81,Display,60 days,YouTube,Miami,Mandarin,04-01-2021,CAMP00004,17-04-2025,30-04-2025,156382,2672,1252.63,2209.74,C323,TP701
CMP05,5,CMP05_email,9,10,9.67,Email,15 days,YouTube,Los Angeles,Mandarin,05-01-2021,CAMP00005,13-03-2025,22-03-2025,285472,4155,4935.48,14111.31,C323,TP2164
CMP05,5,CMP05_email,3,90,5.52,Email,15 days,YouTube,Los Angeles,Mandarin,05-01-2021,CAMP00005,13-03-2025,22-03-2025,285472,4155,4935.48,14111.31,C323,TP491
CMP12,12,CMP12_influencer,8,98,3.41,Influencer,60 days,Google Ads,Los Angeles,Mandarin,12-01-2021,CAMP00012,29-03-2025,06-04-2025,107304,7128,3882.92,7276.43,C323,TP1702
CMP10,10,CMP10_email,3,87,6.94,Email,15 days,Instagram,Los Angeles,English,10-01-2021,CAMP00010,03-08-2025,16-08-2025,195376,2474,1142.07,2323.19,C323,TP483
CMP15,15,CMP15_display,3,154,8.23,Display,45 days,Website,Chicago,Spanish,15-01-2021,CAMP00015,01-06-2025,06-06-2025,257862,23315,684.67,2001.69,C324,TP2070
CMP04,4,CMP04_display,4,69,7.17,Display,60 days,YouTube,Miami,Mandarin,04-01-2021,CAMP00004,17-04-2025,30-04-2025,156382,2672,1252.63,2209.74,C324,TP298
CMP18,18,CMP18_influencer,4,114,5.45,Influencer,15 days,Instagram,Miami,French,18-01-2021,CAMP00018,05-11-2025,17-11-2025,281690,22173,3399.93,5565.65,C324,TP2303
CMP09,9,CMP09_social_media,2,108,3.98,Social Media,15 days,Facebook,Chicago,German,09-01-2021,CAMP00009,02-05-2025,08-05-2025,209438,2474,2385.72,2800.53,C324,TP1542
CMP15,15,CMP15_display,7,93,3.47,Display,45 days,Website,Chicago,Spanish,15-01-2021,CAMP00015,01-06-2025,06-06-2025,257862,23315,684.67,2001.69,C324,TP1499
CMP17,17,CMP17_display,0,104,1.69,Display,45 days,Website,Houston,English,17-01-2021,CAMP00017,30-05-2025,14-06-2025,12103,168,4112.15,11010.78,C324,TP1334
CMP16,16,CMP16_social_media,5,69,7.35,Social Media,60 days,YouTube,New York,German,16-01-2021,CAMP00016,11-05-2025,24-05-2025,159957,8149,4229.14,8648.05,C325,TP664
CMP01,1,CMP01_email,9,183,1.77,Email,30 days,Google Ads,Chicago,Spanish,01-01-2021,CAMP00001,13-04-2025,19-04-2025,293520,23335,1052.39,2236.02,C325,TP307
CMP06,6,CMP06_display,6,34,5.04,Display,15 days,Instagram,New York,German,06-01-2021,CAMP00006,08-07-2025,21-07-2025,177469,7979,3540.34,3885.94,C325,TP675
CMP02,2,CMP02_email,9,89,4.44,Email,60 days,Google Ads,New York,German,02-01-2021,CAMP00002,15-12-2025,24-12-2025,200340,15841,3964.9,11740.15,C326,TP2282
CMP02,2,CMP02_email,3,60,4.78,Email,60 days,Google Ads,New York,German,02-01-2021,CAMP00002,15-12-2025,24-12-2025,200340,15841,3964.9,11740.15,C326,TP319
CMP06,6,CMP06_display,5,124,4.05,Display,15 days,Instagram,New York,German,06-01-2021,CAMP00006,08-07-2025,21-07-2025,177469,7979,3540.34,3885.94,C326,TP558
CMP16,16,CMP16_social_media,8,74,6.63,Social Media,60 days,YouTube,New York,German,16-01-2021,CAMP00016,11-05-2025,24-05-2025,159957,8149,4229.14,8648.05,C326,TP1811
CMP12,12,CMP12_influencer,10,119,3.33,Influencer,60 days,Google Ads,Los Angeles,Mandarin,12-01-2021,CAMP00012,29-03-2025,06-04-2025,107304,7128,3882.92,7276.43,C326,TP1164
CMP14,14,CMP14_email,3,54,4.61,Email,45 days,Instagram,New York,German,14-01-2021,CAMP00014,26-12-2025,31-12-2025,207001,14356,2479.11,2827.93,C326,TP1331
CMP05,5,CMP05_email,7,18,1.98,Email,15 days,YouTube,Los Angeles,Mandarin,05-01-2021,CAMP00005,13-03-2025,22-03-2025,285472,4155,4935.48,14111.31,C327,TP1641
CMP01,1,CMP01_email,2,105,7.78,Email,30 days,Google Ads,Chicago,Spanish,01-01-2021,CAMP00001,13-04-2025,19-04-2025,293520,23335,1052.39,2236.02,C327,TP132
CMP12,12,CMP12_influencer,7,184,2.4,Influencer,60 days,Google Ads,Los Angeles,Mandarin,12-01-2021,CAMP00012,29-03-2025,06-04-2025,107304,7128,3882.92,7276.43,C327,TP856
CMP13,13,CMP13_social_media,7,86,7.22,Social Media,60 days,Facebook,Chicago,Mandarin,13-01-2021,CAMP00013,10-04-2025,15-04-2025,194692,11436,973.85,2310.62,C327,TP209
CMP05,5,CMP05_email,0,180,4.25,Email,15 days,YouTube,Los Angeles,Mandarin,05-01-2021,CAMP00005,13-03-2025,22-03-2025,285472,4155,4935.48,14111.31,C328,TP1977
CMP01,1,CMP01_email,2,175,1.61,Email,30 days,Google Ads,Chicago,Spanish,01-01-2021,CAMP00001,13-04-2025,19-04-2025,293520,23335,1052.39,2236.02,C328,TP155
CMP12,12,CMP12_influencer,7,109,6.06,Influencer,60 days,Google Ads,Los Angeles,Mandarin,12-01-2021,CAMP00012,29-03-2025,06-04-2025,107304,7128,3882.92,7276.43,C328,TP2531
CMP07,7,CMP07_email,4,65,9.87,Email,60 days,Website,Los Angeles,Spanish,07-01-2021,CAMP00007,21-01-2025,05-02-2025,174231,2160,1999.53,3306.37,C328,TP2186
CMP13,13,CMP13_social_media,8,196,8.85,Social Media,60 days,Facebook,Chicago,Mandarin,13-01-2021,CAMP00013,10-04-2025,15-04-2025,194692,11436,973.85,2310.62,C328,TP1425
CMP05,5,CMP05_email,6,162,8.19,Email,15 days,YouTube,Los Angeles,Mandarin,05-01-2021,CAMP00005,13-03-2025,22-03-2025,285472,4155,4935.48,14111.31,C328,TP1402
CMP13,13,CMP13_social_media,4,79,0.92,Social Media,60 days,Facebook,Chicago,Mandarin,13-01-2021,CAMP00013,10-04-2025,15-04-2025,194692,11436,973.85,2310.62,C328,TP1546
CMP03,3,CMP03_influencer,0,112,8.63,Influencer,30 days,YouTube,Los Angeles,French,03-01-2021,CAMP00003,28-09-2025,06-10-2025,239365,16478,1000.39,1902.24,C328,TP1707
CMP18,18,CMP18_influencer,8,74,9.55,Influencer,15 days,Instagram,Miami,French,18-01-2021,CAMP00018,05-11-2025,17-11-2025,281690,22173,3399.93,5565.65,C329,TP2156
CMP17,17,CMP17_display,5,125,5.03,Display,45 days,Website,Houston,English,17-01-2021,CAMP00017,30-05-2025,14-06-2025,12103,168,4112.15,11010.78,C329,TP061
CMP06,6,CMP06_display,4,109,6.2,Display,15 days,Instagram,New York,German,06-01-2021,CAMP00006,08-07-2025,21-07-2025,177469,7979,3540.34,3885.94,C329,TP1370
CMP04,4,CMP04_display,10,57,7.02,Display,60 days,YouTube,Miami,Mandarin,04-01-2021,CAMP00004,17-04-2025,30-04-2025,156382,2672,1252.63,2209.74,C330,TP705
CMP09,9,CMP09_social_media,7,154,7.66,Social Media,15 days,Facebook,Chicago,German,09-01-2021,CAMP00009,02-05-2025,08-05-2025,209438,2474,2385.72,2800.53,C330,TP2117
CMP09,9,CMP09_social_media,0,3,4.41,Social Media,15 days,Facebook,Chicago,German,09-01-2021,CAMP00009,02-05-2025,08-05-2025,209438,2474,2385.72,2800.53,C330,TP1114
CMP12,12,CMP12_influencer,10,67,2.36,Influencer,60 days,Google Ads,Los Angeles,Mandarin,12-01-2021,CAMP00012,29-03-2025,06-04-2025,107304,7128,3882.92,7276.43,C330,TP938
CMP06,6,CMP06_display,9,100,2.37,Display,15 days,Instagram,New York,German,06-01-2021,CAMP00006,08-07-2025,21-07-2025,177469,7979,3540.34,3885.94,C330,TP1481
CMP01,1,CMP01_email,6,126,7.4,Email,30 days,Google Ads,Chicago,Spanish,01-01-2021,CAMP00001,13-04-2025,19-04-2025,293520,23335,1052.39,2236.02,C330,TP1516
CMP17,17,CMP17_display,6,83,2.33,Display,45 days,Website,Houston,English,17-01-2021,CAMP00017,30-05-2025,14-06-2025,12103,168,4112.15,11010.78,C330,TP1928
CMP12,12,CMP12_influencer,8,95,5.21,Influencer,60 days,Google Ads,Los Angeles,Mandarin,12-01-2021,CAMP00012,29-03-2025,06-04-2025,107304,7128,3882.92,7276.43,C330,TP1738
CMP11,11,CMP11_display,0,129,8.49,Display,45 days,Email,New York,Spanish,11-01-2021,CAMP00011,27-11-2025,04-12-2025,53998,1343,2491.07,4360.88,C331,TP227
CMP13,13,CMP13_social_media,8,68,2.32,Social Media,60 days,Facebook,Chicago,Mandarin,13-01-2021,CAMP00013,10-04-2025,15-04-2025,194692,11436,973.85,2310.62,C331,TP1290
CMP12,12,CMP12_influencer,6,113,8.49,Influencer,60 days,Google Ads,Los Angeles,Mandarin,12-01-2021,CAMP00012,29-03-2025,06-04-2025,107304,7128,3882.92,7276.43,C331,TP013
CMP10,10,CMP10_email,4,68,0.79,Email,15 days,Instagram,Los Angeles,English,10-01-2021,CAMP00010,03-08-2025,16-08-2025,195376,2474,1142.07,2323.19,C331,TP824
CMP04,4,CMP04_display,2,162,2.36,Display,60 days,YouTube,Miami,Mandarin,04-01-2021,CAMP00004,17-04-2025,30-04-2025,156382,2672,1252.63,2209.74,C332,TP2172
CMP18,18,CMP18_influencer,5,141,5.06,Influencer,15 days,Instagram,Miami,French,18-01-2021,CAMP00018,05-11-2025,17-11-2025,281690,22173,3399.93,5565.65,C332,TP2601
CMP19,19,CMP19_social_media,6,140,1.75,Social Media,60 days,Google Ads,New York,French,19-01-2021,CAMP00019,15-09-2025,24-09-2025,260948,21678,4608.11,7497.56,C332,TP1500
CMP14,14,CMP14_email,9,150,5.56,Email,45 days,Instagram,New York,German,14-01-2021,CAMP00014,26-12-2025,31-12-2025,207001,14356,2479.11,2827.93,C333,TP1351
CMP18,18,CMP18_influencer,4,86,2.18,Influencer,15 days,Instagram,Miami,French,18-01-2021,CAMP00018,05-11-2025,17-11-2025,281690,22173,3399.93,5565.65,C333,TP2101
CMP03,3,CMP03_influencer,7,47,3.03,Influencer,30 days,YouTube,Los Angeles,French,03-01-2021,CAMP00003,28-09-2025,06-10-2025,239365,16478,1000.39,1902.24,C334,TP1386
CMP13,13,CMP13_social_media,10,84,1.48,Social Media,60 days,Facebook,Chicago,Mandarin,13-01-2021,CAMP00013,10-04-2025,15-04-2025,194692,11436,973.85,2310.62,C335,TP2629
CMP13,13,CMP13_social_media,3,100,8.32,Social Media,60 days,Facebook,Chicago,Mandarin,13-01-2021,CAMP00013,10-04-2025,15-04-2025,194692,11436,973.85,2310.62,C335,TP1323
CMP05,5,CMP05_email,0,150,5.81,Email,15 days,YouTube,Los Angeles,Mandarin,05-01-2021,CAMP00005,13-03-2025,22-03-2025,285472,4155,4935.48,14111.31,C335,TP1313
CMP05,5,CMP05_email,1,56,1.28,Email,15 days,YouTube,Los Angeles,Mandarin,05-01-2021,CAMP00005,13-03-2025,22-03-2025,285472,4155,4935.48,14111.31,C335,TP1971
CMP06,6,CMP06_display,9,99,8.09,Display,15 days,Instagram,New York,German,06-01-2021,CAMP00006,08-07-2025,21-07-2025,177469,7979,3540.34,3885.94,C335,TP1102
CMP02,2,CMP02_email,7,187,2.82,Email,60 days,Google Ads,New York,German,02-01-2021,CAMP00002,15-12-2025,24-12-2025,200340,15841,3964.9,11740.15,C335,TP2293
CMP13,13,CMP13_social_media,7,165,8.57,Social Media,60 days,Facebook,Chicago,Mandarin,13-01-2021,CAMP00013,10-04-2025,15-04-2025,194692,11436,973.85,2310.62,C335,TP1092
CMP14,14,CMP14_email,9,60,2.9,Email,45 days,Instagram,New York,German,14-01-2021,CAMP00014,26-12-2025,31-12-2025,207001,14356,2479.11,2827.93,C336,TP680
CMP10,10,CMP10_email,5,105,9.04,Email,15 days,Instagram,Los Angeles,English,10-01-2021,CAMP00010,03-08-2025,16-08-2025,195376,2474,1142.07,2323.19,C336,TP2221
CMP19,19,CMP19_social_media,3,63,1.23,Social Media,60 days,Google Ads,New York,French,19-01-2021,CAMP00019,15-09-2025,24-09-2025,260948,21678,4608.11,7497.56,C336,TP1134
CMP17,17,CMP17_display,5,139,6.21,Display,45 days,Website,Houston,English,17-01-2021,CAMP00017,30-05-2025,14-06-2025,12103,168,4112.15,11010.78,C337,TP1190
CMP15,15,CMP15_display,7,50,3.2,Display,45 days,Website,Chicago,Spanish,15-01-2021,CAMP00015,01-06-2025,06-06-2025,257862,23315,684.67,2001.69,C337,TP719
CMP06,6,CMP06_display,3,189,8.43,Display,15 days,Instagram,New York,German,06-01-2021,CAMP00006,08-07-2025,21-07-2025,177469,7979,3540.34,3885.94,C337,TP1890
CMP04,4,CMP04_display,3,98,9.28,Display,60 days,YouTube,Miami,Mandarin,04-01-2021,CAMP00004,17-04-2025,30-04-2025,156382,2672,1252.63,2209.74,C337,TP1629
CMP18,18,CMP18_influencer,7,34,5.43,Influencer,15 days,Instagram,Miami,French,18-01-2021,CAMP00018,05-11-2025,17-11-2025,281690,22173,3399.93,5565.65,C337,TP2367
CMP19,19,CMP19_social_media,0,115,8.97,Social Media,60 days,Google Ads,New York,French,19-01-2021,CAMP00019,15-09-2025,24-09-2025,260948,21678,4608.11,7497.56,C338,TP2455
CMP10,10,CMP10_email,6,57,4.37,Email,15 days,Instagram,Los Angeles,English,10-01-2021,CAMP00010,03-08-2025,16-08-2025,195376,2474,1142.07,2323.19,C338,TP1090
CMP12,12,CMP12_influencer,7,153,7.06,Influencer,60 days,Google Ads,Los Angeles,Mandarin,12-01-2021,CAMP00012,29-03-2025,06-04-2025,107304,7128,3882.92,7276.43,C338,TP116
CMP05,5,CMP05_email,5,151,0.94,Email,15 days,YouTube,Los Angeles,Mandarin,05-01-2021,CAMP00005,13-03-2025,22-03-2025,285472,4155,4935.48,14111.31,C338,TP340
CMP06,6,CMP06_display,3,193,9.39,Display,15 days,Instagram,New York,German,06-01-2021,CAMP00006,08-07-2025,21-07-2025,177469,7979,3540.34,3885.94,C338,TP399
CMP15,15,CMP15_display,2,40,9.35,Display,45 days,Website,Chicago,Spanish,15-01-2021,CAMP00015,01-06-2025,06-06-2025,257862,23315,684.67,2001.69,C338,TP2143
CMP14,14,CMP14_email,2,35,4.31,Email,45 days,Instagram,New York,German,14-01-2021,CAMP00014,26-12-2025,31-12-2025,207001,14356,2479.11,2827.93,C339,TP794
CMP16,16,CMP16_social_media,5,42,6.11,Social Media,60 days,YouTube,New York,German,16-01-2021,CAMP00016,11-05-2025,24-05-2025,159957,8149,4229.14,8648.05,C339,TP1937
CMP09,9,CMP09_social_media,4,86,0.75,Social Media,15 days,Facebook,Chicago,German,09-01-2021,CAMP00009,02-05-2025,08-05-2025,209438,2474,2385.72,2800.53,C339,TP1413
CMP14,14,CMP14_email,5,104,0.6,Email,45 days,Instagram,New York,German,14-01-2021,CAMP00014,26-12-2025,31-12-2025,207001,14356,2479.11,2827.93,C339,TP849
CMP14,14,CMP14_email,7,77,1.5,Email,45 days,Instagram,New York,German,14-01-2021,CAMP00014,26-12-2025,31-12-2025,207001,14356,2479.11,2827.93,C340,TP2059
CMP15,15,CMP15_display,5,133,4.12,Display,45 days,Website,Chicago,Spanish,15-01-2021,CAMP00015,01-06-2025,06-06-2025,257862,23315,684.67,2001.69,C340,TP2434
CMP10,10,CMP10_email,8,187,8.79,Email,15 days,Instagram,Los Angeles,English,10-01-2021,CAMP00010,03-08-2025,16-08-2025,195376,2474,1142.07,2323.19,C340,TP388
CMP03,3,CMP03_influencer,2,26,6.01,Influencer,30 days,YouTube,Los Angeles,French,03-01-2021,CAMP00003,28-09-2025,06-10-2025,239365,16478,1000.39,1902.24,C340,TP073
CMP17,17,CMP17_display,10,130,9.68,Display,45 days,Website,Houston,English,17-01-2021,CAMP00017,30-05-2025,14-06-2025,12103,168,4112.15,11010.78,C340,TP1116
CMP17,17,CMP17_display,2,170,5.78,Display,45 days,Website,Houston,English,17-01-2021,CAMP00017,30-05-2025,14-06-2025,12103,168,4112.15,11010.78,C340,TP224
CMP05,5,CMP05_email,9,107,5.05,Email,15 days,YouTube,Los Angeles,Mandarin,05-01-2021,CAMP00005,13-03-2025,22-03-2025,285472,4155,4935.48,14111.31,C340,TP688
CMP16,16,CMP16_social_media,3,29,9.93,Social Media,60 days,YouTube,New York,German,16-01-2021,CAMP00016,11-05-2025,24-05-2025,159957,8149,4229.14,8648.05,C341,TP1000
CMP02,2,CMP02_email,8,30,1.11,Email,60 days,Google Ads,New York,German,02-01-2021,CAMP00002,15-12-2025,24-12-2025,200340,15841,3964.9,11740.15,C341,TP1077
CMP16,16,CMP16_social_media,8,63,7.84,Social Media,60 days,YouTube,New York,German,16-01-2021,CAMP00016,11-05-2025,24-05-2025,159957,8149,4229.14,8648.05,C341,TP653
CMP07,7,CMP07_email,10,166,7.03,Email,60 days,Website,Los Angeles,Spanish,07-01-2021,CAMP00007,21-01-2025,05-02-2025,174231,2160,1999.53,3306.37,C341,TP1814
CMP03,3,CMP03_influencer,1,57,4.54,Influencer,30 days,YouTube,Los Angeles,French,03-01-2021,CAMP00003,28-09-2025,06-10-2025,239365,16478,1000.39,1902.24,C342,TP1004
CMP08,8,CMP08_search,3,135,6.77,Search,45 days,Google Ads,Los Angeles,Mandarin,08-01-2021,CAMP00008,13-04-2025,26-04-2025,234598,21435,3793.91,7159.09,C342,TP544
CMP03,3,CMP03_influencer,10,18,8.68,Influencer,30 days,YouTube,Los Angeles,French,03-01-2021,CAMP00003,28-09-2025,06-10-2025,239365,16478,1000.39,1902.24,C342,TP854
CMP05,5,CMP05_email,2,179,4.29,Email,15 days,YouTube,Los Angeles,Mandarin,05-01-2021,CAMP00005,13-03-2025,22-03-2025,285472,4155,4935.48,14111.31,C342,TP554
CMP04,4,CMP04_display,1,58,6.49,Display,60 days,YouTube,Miami,Mandarin,04-01-2021,CAMP00004,17-04-2025,30-04-2025,156382,2672,1252.63,2209.74,C342,TP498
CMP04,4,CMP04_display,8,21,2.66,Display,60 days,YouTube,Miami,Mandarin,04-01-2021,CAMP00004,17-04-2025,30-04-2025,156382,2672,1252.63,2209.74,C342,TP1774
CMP03,3,CMP03_influencer,3,197,7.47,Influencer,30 days,YouTube,Los Angeles,French,03-01-2021,CAMP00003,28-09-2025,06-10-2025,239365,16478,1000.39,1902.24,C342,TP1829
CMP13,13,CMP13_social_media,4,170,6.72,Social Media,60 days,Facebook,Chicago,Mandarin,13-01-2021,CAMP00013,10-04-2025,15-04-2025,194692,11436,973.85,2310.62,C342,TP776
CMP13,13,CMP13_social_media,0,77,9.61,Social Media,60 days,Facebook,Chicago,Mandarin,13-01-2021,CAMP00013,10-04-2025,15-04-2025,194692,11436,973.85,2310.62,C342,TP1635
CMP14,14,CMP14_email,7,88,4.09,Email,45 days,Instagram,New York,German,14-01-2021,CAMP00014,26-12-2025,31-12-2025,207001,14356,2479.11,2827.93,C343,TP283
CMP07,7,CMP07_email,9,60,2.51,Email,60 days,Website,Los Angeles,Spanish,07-01-2021,CAMP00007,21-01-2025,05-02-2025,174231,2160,1999.53,3306.37,C344,TP2278
CMP15,15,CMP15_display,7,123,9.94,Display,45 days,Website,Chicago,Spanish,15-01-2021,CAMP00015,01-06-2025,06-06-2025,257862,23315,684.67,2001.69,C344,TP2084
CMP07,7,CMP07_email,7,198,0.76,Email,60 days,Website,Los Angeles,Spanish,07-01-2021,CAMP00007,21-01-2025,05-02-2025,174231,2160,1999.53,3306.37,C344,TP024
CMP18,18,CMP18_influencer,0,124,8.36,Influencer,15 days,Instagram,Miami,French,18-01-2021,CAMP00018,05-11-2025,17-11-2025,281690,22173,3399.93,5565.65,C344,TP2098
CMP11,11,CMP11_display,10,120,0.79,Display,45 days,Email,New York,Spanish,11-01-2021,CAMP00011,27-11-2025,04-12-2025,53998,1343,2491.07,4360.88,C344,TP2444
CMP11,11,CMP11_display,5,26,3.42,Display,45 days,Email,New York,Spanish,11-01-2021,CAMP00011,27-11-2025,04-12-2025,53998,1343,2491.07,4360.88,C344,TP1616
CMP16,16,CMP16_social_media,8,84,5.02,Social Media,60 days,YouTube,New York,German,16-01-2021,CAMP00016,11-05-2025,24-05-2025,159957,8149,4229.14,8648.05,C344,TP134
CMP01,1,CMP01_email,10,27,7.84,Email,30 days,Google Ads,Chicago,Spanish,01-01-2021,CAMP00001,13-04-2025,19-04-2025,293520,23335,1052.39,2236.02,C345,TP2232
CMP15,15,CMP15_display,8,45,3.18,Display,45 days,Website,Chicago,Spanish,15-01-2021,CAMP00015,01-06-2025,06-06-2025,257862,23315,684.67,2001.69,C345,TP038
CMP09,9,CMP09_social_media,9,82,6.64,Social Media,15 days,Facebook,Chicago,German,09-01-2021,CAMP00009,02-05-2025,08-05-2025,209438,2474,2385.72,2800.53,C345,TP131
CMP03,3,CMP03_influencer,2,200,4.23,Influencer,30 days,YouTube,Los Angeles,French,03-01-2021,CAMP00003,28-09-2025,06-10-2025,239365,16478,1000.39,1902.24,C346,TP328
CMP17,17,CMP17_display,0,74,3.33,Display,45 days,Website,Houston,English,17-01-2021,CAMP00017,30-05-2025,14-06-2025,12103,168,4112.15,11010.78,C346,TP597
CMP02,2,CMP02_email,6,80,9.24,Email,60 days,Google Ads,New York,German,02-01-2021,CAMP00002,15-12-2025,24-12-2025,200340,15841,3964.9,11740.15,C346,TP1169
CMP16,16,CMP16_social_media,7,108,4.95,Social Media,60 days,YouTube,New York,German,16-01-2021,CAMP00016,11-05-2025,24-05-2025,159957,8149,4229.14,8648.05,C346,TP186
CMP05,5,CMP05_email,9,107,1.64,Email,15 days,YouTube,Los Angeles,Mandarin,05-01-2021,CAMP00005,13-03-2025,22-03-2025,285472,4155,4935.48,14111.31,C346,TP356
CMP19,19,CMP19_social_media,5,80,7.89,Social Media,60 days,Google Ads,New York,French,19-01-2021,CAMP00019,15-09-2025,24-09-2025,260948,21678,4608.11,7497.56,C346,TP1523
CMP06,6,CMP06_display,1,159,0.82,Display,15 days,Instagram,New York,German,06-01-2021,CAMP00006,08-07-2025,21-07-2025,177469,7979,3540.34,3885.94,C346,TP1566
CMP09,9,CMP09_social_media,7,1,7.86,Social Media,15 days,Facebook,Chicago,German,09-01-2021,CAMP00009,02-05-2025,08-05-2025,209438,2474,2385.72,2800.53,C346,TP871
CMP09,9,CMP09_social_media,6,73,3.32,Social Media,15 days,Facebook,Chicago,German,09-01-2021,CAMP00009,02-05-2025,08-05-2025,209438,2474,2385.72,2800.53,C346,TP070
CMP08,8,CMP08_search,2,191,0.52,Search,45 days,Google Ads,Los Angeles,Mandarin,08-01-2021,CAMP00008,13-04-2025,26-04-2025,234598,21435,3793.91,7159.09,C347,TP1602
CMP17,17,CMP17_display,6,135,1.52,Display,45 days,Website,Houston,English,17-01-2021,CAMP00017,30-05-2025,14-06-2025,12103,168,4112.15,11010.78,C347,TP1093
CMP14,14,CMP14_email,0,27,2.45,Email,45 days,Instagram,New York,German,14-01-2021,CAMP00014,26-12-2025,31-12-2025,207001,14356,2479.11,2827.93,C347,TP2214
CMP09,9,CMP09_social_media,4,59,1.59,Social Media,15 days,Facebook,Chicago,German,09-01-2021,CAMP00009,02-05-2025,08-05-2025,209438,2474,2385.72,2800.53,C348,TP1049
CMP17,17,CMP17_display,8,35,6.48,Display,45 days,Website,Houston,English,17-01-2021,CAMP00017,30-05-2025,14-06-2025,12103,168,4112.15,11010.78,C348,TP2533
CMP17,17,CMP17_display,7,200,4.15,Display,45 days,Website,Houston,English,17-01-2021,CAMP00017,30-05-2025,14-06-2025,12103,168,4112.15,11010.78,C348,TP949
CMP11,11,CMP11_display,10,172,6.27,Display,45 days,Email,New York,Spanish,11-01-2021,CAMP00011,27-11-2025,04-12-2025,53998,1343,2491.07,4360.88,C348,TP892
CMP12,12,CMP12_influencer,1,71,6.0,Influencer,60 days,Google Ads,Los Angeles,Mandarin,12-01-2021,CAMP00012,29-03-2025,06-04-2025,107304,7128,3882.92,7276.43,C348,TP229
CMP03,3,CMP03_influencer,5,126,3.52,Influencer,30 days,YouTube,Los Angeles,French,03-01-2021,CAMP00003,28-09-2025,06-10-2025,239365,16478,1000.39,1902.24,C349,TP2416
CMP07,7,CMP07_email,4,73,6.9,Email,60 days,Website,Los Angeles,Spanish,07-01-2021,CAMP00007,21-01-2025,05-02-2025,174231,2160,1999.53,3306.37,C349,TP628
CMP01,1,CMP01_email,1,141,2.01,Email,30 days,Google Ads,Chicago,Spanish,01-01-2021,CAMP00001,13-04-2025,19-04-2025,293520,23335,1052.39,2236.02,C349,TP2110
CMP05,5,CMP05_email,3,11,4.6,Email,15 days,YouTube,Los Angeles,Mandarin,05-01-2021,CAMP00005,13-03-2025,22-03-2025,285472,4155,4935.48,14111.31,C349,TP467
CMP16,16,CMP16_social_media,10,165,1.33,Social Media,60 days,YouTube,New York,German,16-01-2021,CAMP00016,11-05-2025,24-05-2025,159957,8149,4229.14,8648.05,C349,TP1697
CMP12,12,CMP12_influencer,4,91,6.74,Influencer,60 days,Google Ads,Los Angeles,Mandarin,12-01-2021,CAMP00012,29-03-2025,06-04-2025,107304,7128,3882.92,7276.43,C349,TP321
CMP06,6,CMP06_display,7,52,8.93,Display,15 days,Instagram,New York,German,06-01-2021,CAMP00006,08-07-2025,21-07-2025,177469,7979,3540.34,3885.94,C349,TP2206
CMP07,7,CMP07_email,9,102,8.63,Email,60 days,Website,Los Angeles,Spanish,07-01-2021,CAMP00007,21-01-2025,05-02-2025,174231,2160,1999.53,3306.37,C349,TP2014
CMP13,13,CMP13_social_media,10,93,9.95,Social Media,60 days,Facebook,Chicago,Mandarin,13-01-2021,CAMP00013,10-04-2025,15-04-2025,194692,11436,973.85,2310.62,C349,TP395
CMP13,13,CMP13_social_media,8,37,5.31,Social Media,60 days,Facebook,Chicago,Mandarin,13-01-2021,CAMP00013,10-04-2025,15-04-2025,194692,11436,973.85,2310.62,C349,TP003
CMP15,15,CMP15_display,0,101,6.11,Display,45 days,Website,Chicago,Spanish,15-01-2021,CAMP00015,01-06-2025,06-06-2025,257862,23315,684.67,2001.69,C349,TP1401
CMP16,16,CMP16_social_media,3,89,3.88,Social Media,60 days,YouTube,New York,German,16-01-2021,CAMP00016,11-05-2025,24-05-2025,159957,8149,4229.14,8648.05,C350,TP2603
CMP06,6,CMP06_display,7,122,8.79,Display,15 days,Instagram,New York,German,06-01-2021,CAMP00006,08-07-2025,21-07-2025,177469,7979,3540.34,3885.94,C350,TP1185
CMP14,14,CMP14_email,3,71,3.24,Email,45 days,Instagram,New York,German,14-01-2021,CAMP00014,26-12-2025,31-12-2025,207001,14356,2479.11,2827.93,C350,TP1293
CMP04,4,CMP04_display,6,145,9.45,Display,60 days,YouTube,Miami,Mandarin,04-01-2021,CAMP00004,17-04-2025,30-04-2025,156382,2672,1252.63,2209.74,C350,TP577
CMP02,2,CMP02_email,7,161,5.64,Email,60 days,Google Ads,New York,German,02-01-2021,CAMP00002,15-12-2025,24-12-2025,200340,15841,3964.9,11740.15,C350,TP1289
CMP15,15,CMP15_display,2,24,1.38,Display,45 days,Website,Chicago,Spanish,15-01-2021,CAMP00015,01-06-2025,06-06-2025,257862,23315,684.67,2001.69,C351,TP104
CMP14,14,CMP14_email,0,114,7.33,Email,45 days,Instagram,New York,German,14-01-2021,CAMP00014,26-12-2025,31-12-2025,207001,14356,2479.11,2827.93,C351,TP1021
CMP15,15,CMP15_display,0,129,9.93,Display,45 days,Website,Chicago,Spanish,15-01-2021,CAMP00015,01-06-2025,06-06-2025,257862,23315,684.67,2001.69,C352,TP2300
CMP14,14,CMP14_email,3,107,9.57,Email,45 days,Instagram,New York,German,14-01-2021,CAMP00014,26-12-2025,31-12-2025,207001,14356,2479.11,2827.93,C352,TP1146
CMP02,2,CMP02_email,9,61,1.48,Email,60 days,Google Ads,New York,German,02-01-2021,CAMP00002,15-12-2025,24-12-2025,200340,15841,3964.9,11740.15,C352,TP332
CMP13,13,CMP13_social_media,5,143,2.53,Social Media,60 days,Facebook,Chicago,Mandarin,13-01-2021,CAMP00013,10-04-2025,15-04-2025,194692,11436,973.85,2310.62,C352,TP2585
CMP11,11,CMP11_display,7,165,7.21,Display,45 days,Email,New York,Spanish,11-01-2021,CAMP00011,27-11-2025,04-12-2025,53998,1343,2491.07,4360.88,C352,TP192
CMP17,17,CMP17_display,3,46,6.45,Display,45 days,Website,Houston,English,17-01-2021,CAMP00017,30-05-2025,14-06-2025,12103,168,4112.15,11010.78,C353,TP1482
CMP09,9,CMP09_social_media,10,178,1.32,Social Media,15 days,Facebook,Chicago,German,09-01-2021,CAMP00009,02-05-2025,08-05-2025,209438,2474,2385.72,2800.53,C353,TP2599
CMP07,7,CMP07_email,6,76,2.65,Email,60 days,Website,Los Angeles,Spanish,07-01-2021,CAMP00007,21-01-2025,05-02-2025,174231,2160,1999.53,3306.37,C353,TP2224
CMP01,1,CMP01_email,10,87,9.71,Email,30 days,Google Ads,Chicago,Spanish,01-01-2021,CAMP00001,13-04-2025,19-04-2025,293520,23335,1052.39,2236.02,C353,TP2489
CMP17,17,CMP17_display,4,126,7.9,Display,45 days,Website,Houston,English,17-01-2021,CAMP00017,30-05-2025,14-06-2025,12103,168,4112.15,11010.78,C353,TP1433
CMP13,13,CMP13_social_media,7,75,8.69,Social Media,60 days,Facebook,Chicago,Mandarin,13-01-2021,CAMP00013,10-04-2025,15-04-2025,194692,11436,973.85,2310.62,C354,TP539
CMP12,12,CMP12_influencer,1,76,1.36,Influencer,60 days,Google Ads,Los Angeles,Mandarin,12-01-2021,CAMP00012,29-03-2025,06-04-2025,107304,7128,3882.92,7276.43,C354,TP2275
CMP08,8,CMP08_search,9,113,5.99,Search,45 days,Google Ads,Los Angeles,Mandarin,08-01-2021,CAMP00008,13-04-2025,26-04-2025,234598,21435,3793.91,7159.09,C354,TP1919
CMP10,10,CMP10_email,0,46,7.61,Email,15 days,Instagram,Los Angeles,English,10-01-2021,CAMP00010,03-08-2025,16-08-2025,195376,2474,1142.07,2323.19,C354,TP2212
CMP04,4,CMP04_display,8,113,8.93,Display,60 days,YouTube,Miami,Mandarin,04-01-2021,CAMP00004,17-04-2025,30-04-2025,156382,2672,1252.63,2209.74,C354,TP2626
CMP14,14,CMP14_email,4,130,6.19,Email,45 days,Instagram,New York,German,14-01-2021,CAMP00014,26-12-2025,31-12-2025,207001,14356,2479.11,2827.93,C355,TP767
CMP18,18,CMP18_influencer,9,114,9.57,Influencer,15 days,Instagram,Miami,French,18-01-2021,CAMP00018,05-11-2025,17-11-2025,281690,22173,3399.93,5565.65,C355,TP1773
CMP08,8,CMP08_search,2,3,4.88,Search,45 days,Google Ads,Los Angeles,Mandarin,08-01-2021,CAMP00008,13-04-2025,26-04-2025,234598,21435,3793.91,7159.09,C355,TP579
CMP13,13,CMP13_social_media,6,115,0.66,Social Media,60 days,Facebook,Chicago,Mandarin,13-01-2021,CAMP00013,10-04-2025,15-04-2025,194692,11436,973.85,2310.62,C355,TP1196
CMP10,10,CMP10_email,1,70,7.47,Email,15 days,Instagram,Los Angeles,English,10-01-2021,CAMP00010,03-08-2025,16-08-2025,195376,2474,1142.07,2323.19,C355,TP518
CMP03,3,CMP03_influencer,4,15,3.2,Influencer,30 days,YouTube,Los Angeles,French,03-01-2021,CAMP00003,28-09-2025,06-10-2025,239365,16478,1000.39,1902.24,C356,TP2258
CMP19,19,CMP19_social_media,8,75,7.11,Social Media,60 days,Google Ads,New York,French,19-01-2021,CAMP00019,15-09-2025,24-09-2025,260948,21678,4608.11,7497.56,C356,TP1350
CMP14,14,CMP14_email,5,4,5.74,Email,45 days,Instagram,New York,German,14-01-2021,CAMP00014,26-12-2025,31-12-2025,207001,14356,2479.11,2827.93,C356,TP1816
CMP11,11,CMP11_display,9,102,1.4,Display,45 days,Email,New York,Spanish,11-01-2021,CAMP00011,27-11-2025,04-12-2025,53998,1343,2491.07,4360.88,C356,TP2569
CMP03,3,CMP03_influencer,7,7,4.35,Influencer,30 days,YouTube,Los Angeles,French,03-01-2021,CAMP00003,28-09-2025,06-10-2025,239365,16478,1000.39,1902.24,C356,TP2235
CMP09,9,CMP09_social_media,0,195,0.65,Social Media,15 days,Facebook,Chicago,German,09-01-2021,CAMP00009,02-05-2025,08-05-2025,209438,2474,2385.72,2800.53,C356,TP1540
CMP19,19,CMP19_social_media,4,133,3.6,Social Media,60 days,Google Ads,New York,French,19-01-2021,CAMP00019,15-09-2025,24-09-2025,260948,21678,4608.11,7497.56,C357,TP743
CMP14,14,CMP14_email,6,142,1.34,Email,45 days,Instagram,New York,German,14-01-2021,CAMP00014,26-12-2025,31-12-2025,207001,14356,2479.11,2827.93,C357,TP2376
CMP02,2,CMP02_email,6,199,6.38,Email,60 days,Google Ads,New York,German,02-01-2021,CAMP00002,15-12-2025,24-12-2025,200340,15841,3964.9,11740.15,C357,TP958
CMP13,13,CMP13_social_media,8,141,2.17,Social Media,60 days,Facebook,Chicago,Mandarin,13-01-2021,CAMP00013,10-04-2025,15-04-2025,194692,11436,973.85,2310.62,C357,TP2159
CMP17,17,CMP17_display,3,11,6.26,Display,45 days,Website,Houston,English,17-01-2021,CAMP00017,30-05-2025,14-06-2025,12103,168,4112.15,11010.78,C357,TP659
CMP02,2,CMP02_email,10,104,6.41,Email,60 days,Google Ads,New York,German,02-01-2021,CAMP00002,15-12-2025,24-12-2025,200340,15841,3964.9,11740.15,C358,TP942
CMP03,3,CMP03_influencer,7,146,6.32,Influencer,30 days,YouTube,Los Angeles,French,03-01-2021,CAMP00003,28-09-2025,06-10-2025,239365,16478,1000.39,1902.24,C358,TP1023
CMP10,10,CMP10_email,4,159,0.51,Email,15 days,Instagram,Los Angeles,English,10-01-2021,CAMP00010,03-08-2025,16-08-2025,195376,2474,1142.07,2323.19,C359,TP243
CMP13,13,CMP13_social_media,2,6,4.99,Social Media,60 days,Facebook,Chicago,Mandarin,13-01-2021,CAMP00013,10-04-2025,15-04-2025,194692,11436,973.85,2310.62,C359,TP2058
CMP02,2,CMP02_email,3,16,3.45,Email,60 days,Google Ads,New York,German,02-01-2021,CAMP00002,15-12-2025,24-12-2025,200340,15841,3964.9,11740.15,C359,TP181
CMP19,19,CMP19_social_media,4,74,7.28,Social Media,60 days,Google Ads,New York,French,19-01-2021,CAMP00019,15-09-2025,24-09-2025,260948,21678,4608.11,7497.56,C359,TP1796
CMP10,10,CMP10_email,3,143,1.34,Email,15 days,Instagram,Los Angeles,English,10-01-2021,CAMP00010,03-08-2025,16-08-2025,195376,2474,1142.07,2323.19,C359,TP2524
CMP06,6,CMP06_display,2,59,9.18,Display,15 days,Instagram,New York,German,06-01-2021,CAMP00006,08-07-2025,21-07-2025,177469,7979,3540.34,3885.94,C359,TP1681
CMP11,11,CMP11_display,8,119,9.05,Display,45 days,Email,New York,Spanish,11-01-2021,CAMP00011,27-11-2025,04-12-2025,53998,1343,2491.07,4360.88,C359,TP2504
CMP13,13,CMP13_social_media,2,182,2.56,Social Media,60 days,Facebook,Chicago,Mandarin,13-01-2021,CAMP00013,10-04-2025,15-04-2025,194692,11436,973.85,2310.62,C360,TP341
CMP05,5,CMP05_email,0,114,1.81,Email,15 days,YouTube,Los Angeles,Mandarin,05-01-2021,CAMP00005,13-03-2025,22-03-2025,285472,4155,4935.48,14111.31,C360,TP018
CMP12,12,CMP12_influencer,1,98,1.08,Influencer,60 days,Google Ads,Los Angeles,Mandarin,12-01-2021,CAMP00012,29-03-2025,06-04-2025,107304,7128,3882.92,7276.43,C360,TP1517
CMP01,1,CMP01_email,8,27,0.77,Email,30 days,Google Ads,Chicago,Spanish,01-01-2021,CAMP00001,13-04-2025,19-04-2025,293520,23335,1052.39,2236.02,C360,TP1141
CMP08,8,CMP08_search,7,175,2.6,Search,45 days,Google Ads,Los Angeles,Mandarin,08-01-2021,CAMP00008,13-04-2025,26-04-2025,234598,21435,3793.91,7159.09,C360,TP1639
CMP13,13,CMP13_social_media,3,42,6.98,Social Media,60 days,Facebook,Chicago,Mandarin,13-01-2021,CAMP00013,10-04-2025,15-04-2025,194692,11436,973.85,2310.62,C360,TP492
CMP09,9,CMP09_social_media,8,7,2.85,Social Media,15 days,Facebook,Chicago,German,09-01-2021,CAMP00009,02-05-2025,08-05-2025,209438,2474,2385.72,2800.53,C360,TP2273
CMP07,7,CMP07_email,7,60,3.54,Email,60 days,Website,Los Angeles,Spanish,07-01-2021,CAMP00007,21-01-2025,05-02-2025,174231,2160,1999.53,3306.37,C360,TP2515
CMP03,3,CMP03_influencer,0,68,8.87,Influencer,30 days,YouTube,Los Angeles,French,03-01-2021,CAMP00003,28-09-2025,06-10-2025,239365,16478,1000.39,1902.24,C360,TP166
CMP18,18,CMP18_influencer,1,50,5.91,Influencer,15 days,Instagram,Miami,French,18-01-2021,CAMP00018,05-11-2025,17-11-2025,281690,22173,3399.93,5565.65,C360,TP086
CMP10,10,CMP10_email,10,177,6.07,Email,15 days,Instagram,Los Angeles,English,10-01-2021,CAMP00010,03-08-2025,16-08-2025,195376,2474,1142.07,2323.19,C361,TP768
CMP16,16,CMP16_social_media,3,46,0.65,Social Media,60 days,YouTube,New York,German,16-01-2021,CAMP00016,11-05-2025,24-05-2025,159957,8149,4229.14,8648.05,C361,TP887
CMP18,18,CMP18_influencer,5,12,8.9,Influencer,15 days,Instagram,Miami,French,18-01-2021,CAMP00018,05-11-2025,17-11-2025,281690,22173,3399.93,5565.65,C361,TP2587
CMP08,8,CMP08_search,7,191,9.32,Search,45 days,Google Ads,Los Angeles,Mandarin,08-01-2021,CAMP00008,13-04-2025,26-04-2025,234598,21435,3793.91,7159.09,C361,TP1404
CMP03,3,CMP03_influencer,9,87,6.6,Influencer,30 days,YouTube,Los Angeles,French,03-01-2021,CAMP00003,28-09-2025,06-10-2025,239365,16478,1000.39,1902.24,C361,TP1631
CMP08,8,CMP08_search,1,132,5.4,Search,45 days,Google Ads,Los Angeles,Mandarin,08-01-2021,CAMP00008,13-04-2025,26-04-2025,234598,21435,3793.91,7159.09,C362,TP2554
CMP04,4,CMP04_display,1,5,6.29,Display,60 days,YouTube,Miami,Mandarin,04-01-2021,CAMP00004,17-04-2025,30-04-2025,156382,2672,1252.63,2209.74,C362,TP1828
CMP09,9,CMP09_social_media,8,54,2.72,Social Media,15 days,Facebook,Chicago,German,09-01-2021,CAMP00009,02-05-2025,08-05-2025,209438,2474,2385.72,2800.53,C363,TP2230
CMP07,7,CMP07_email,9,96,6.92,Email,60 days,Website,Los Angeles,Spanish,07-01-2021,CAMP00007,21-01-2025,05-02-2025,174231,2160,1999.53,3306.37,C363,TP2252
CMP12,12,CMP12_influencer,3,52,0.56,Influencer,60 days,Google Ads,Los Angeles,Mandarin,12-01-2021,CAMP00012,29-03-2025,06-04-2025,107304,7128,3882.92,7276.43,C363,TP1525
CMP05,5,CMP05_email,4,111,5.12,Email,15 days,YouTube,Los Angeles,Mandarin,05-01-2021,CAMP00005,13-03-2025,22-03-2025,285472,4155,4935.48,14111.31,C363,TP1222
CMP18,18,CMP18_influencer,9,175,6.85,Influencer,15 days,Instagram,Miami,French,18-01-2021,CAMP00018,05-11-2025,17-11-2025,281690,22173,3399.93,5565.65,C363,TP1854
CMP12,12,CMP12_influencer,10,63,8.85,Influencer,60 days,Google Ads,Los Angeles,Mandarin,12-01-2021,CAMP00012,29-03-2025,06-04-2025,107304,7128,3882.92,7276.43,C364,TP052
CMP02,2,CMP02_email,5,157,3.59,Email,60 days,Google Ads,New York,German,02-01-2021,CAMP00002,15-12-2025,24-12-2025,200340,15841,3964.9,11740.15,C364,TP1607
CMP01,1,CMP01_email,5,156,8.79,Email,30 days,Google Ads,Chicago,Spanish,01-01-2021,CAMP00001,13-04-2025,19-04-2025,293520,23335,1052.39,2236.02,C364,TP1775
CMP19,19,CMP19_social_media,5,13,9.09,Social Media,60 days,Google Ads,New York,French,19-01-2021,CAMP00019,15-09-2025,24-09-2025,260948,21678,4608.11,7497.56,C364,TP866
CMP03,3,CMP03_influencer,9,32,2.52,Influencer,30 days,YouTube,Los Angeles,French,03-01-2021,CAMP00003,28-09-2025,06-10-2025,239365,16478,1000.39,1902.24,C364,TP2008
CMP16,16,CMP16_social_media,7,175,8.85,Social Media,60 days,YouTube,New York,German,16-01-2021,CAMP00016,11-05-2025,24-05-2025,159957,8149,4229.14,8648.05,C364,TP2613
CMP14,14,CMP14_email,2,1,3.98,Email,45 days,Instagram,New York,German,14-01-2021,CAMP00014,26-12-2025,31-12-2025,207001,14356,2479.11,2827.93,C365,TP2279
CMP04,4,CMP04_display,10,1,3.92,Display,60 days,YouTube,Miami,Mandarin,04-01-2021,CAMP00004,17-04-2025,30-04-2025,156382,2672,1252.63,2209.74,C365,TP432
CMP06,6,CMP06_display,9,123,2.46,Display,15 days,Instagram,New York,German,06-01-2021,CAMP00006,08-07-2025,21-07-2025,177469,7979,3540.34,3885.94,C365,TP989
CMP03,3,CMP03_influencer,7,30,7.92,Influencer,30 days,YouTube,Los Angeles,French,03-01-2021,CAMP00003,28-09-2025,06-10-2025,239365,16478,1000.39,1902.24,C365,TP1211
CMP11,11,CMP11_display,2,3,1.48,Display,45 days,Email,New York,Spanish,11-01-2021,CAMP00011,27-11-2025,04-12-2025,53998,1343,2491.07,4360.88,C365,TP1489
CMP15,15,CMP15_display,0,54,1.73,Display,45 days,Website,Chicago,Spanish,15-01-2021,CAMP00015,01-06-2025,06-06-2025,257862,23315,684.67,2001.69,C365,TP1892
CMP19,19,CMP19_social_media,1,51,5.74,Social Media,60 days,Google Ads,New York,French,19-01-2021,CAMP00019,15-09-2025,24-09-2025,260948,21678,4608.11,7497.56,C365,TP1956
CMP17,17,CMP17_display,4,159,8.56,Display,45 days,Website,Houston,English,17-01-2021,CAMP00017,30-05-2025,14-06-2025,12103,168,4112.15,11010.78,C365,TP852
CMP16,16,CMP16_social_media,9,123,3.01,Social Media,60 days,YouTube,New York,German,16-01-2021,CAMP00016,11-05-2025,24-05-2025,159957,8149,4229.14,8648.05,C365,TP1277
CMP09,9,CMP09_social_media,7,113,7.25,Social Media,15 days,Facebook,Chicago,German,09-01-2021,CAMP00009,02-05-2025,08-05-2025,209438,2474,2385.72,2800.53,C365,TP574
CMP12,12,CMP12_influencer,1,72,6.55,Influencer,60 days,Google Ads,Los Angeles,Mandarin,12-01-2021,CAMP00012,29-03-2025,06-04-2025,107304,7128,3882.92,7276.43,C366,TP2456
CMP12,12,CMP12_influencer,2,104,2.44,Influencer,60 days,Google Ads,Los Angeles,Mandarin,12-01-2021,CAMP00012,29-03-2025,06-04-2025,107304,7128,3882.92,7276.43,C366,TP1037
CMP17,17,CMP17_display,1,178,8.63,Display,45 days,Website,Houston,English,17-01-2021,CAMP00017,30-05-2025,14-06-2025,12103,168,4112.15,11010.78,C366,TP2116
CMP14,14,CMP14_email,2,119,8.97,Email,45 days,Instagram,New York,German,14-01-2021,CAMP00014,26-12-2025,31-12-2025,207001,14356,2479.11,2827.93,C366,TP398
CMP13,13,CMP13_social_media,2,36,6.58,Social Media,60 days,Facebook,Chicago,Mandarin,13-01-2021,CAMP00013,10-04-2025,15-04-2025,194692,11436,973.85,2310.62,C366,TP1687
CMP05,5,CMP05_email,7,164,8.01,Email,15 days,YouTube,Los Angeles,Mandarin,05-01-2021,CAMP00005,13-03-2025,22-03-2025,285472,4155,4935.48,14111.31,C367,TP075
CMP08,8,CMP08_search,9,10,7.53,Search,45 days,Google Ads,Los Angeles,Mandarin,08-01-2021,CAMP00008,13-04-2025,26-04-2025,234598,21435,3793.91,7159.09,C367,TP117
CMP05,5,CMP05_email,3,91,8.8,Email,15 days,YouTube,Los Angeles,Mandarin,05-01-2021,CAMP00005,13-03-2025,22-03-2025,285472,4155,4935.48,14111.31,C367,TP443
CMP05,5,CMP05_email,8,52,4.12,Email,15 days,YouTube,Los Angeles,Mandarin,05-01-2021,CAMP00005,13-03-2025,22-03-2025,285472,4155,4935.48,14111.31,C367,TP795
CMP19,19,CMP19_social_media,0,52,9.02,Social Media,60 days,Google Ads,New York,French,19-01-2021,CAMP00019,15-09-2025,24-09-2025,260948,21678,4608.11,7497.56,C367,TP2334
CMP12,12,CMP12_influencer,4,94,1.24,Influencer,60 days,Google Ads,Los Angeles,Mandarin,12-01-2021,CAMP00012,29-03-2025,06-04-2025,107304,7128,3882.92,7276.43,C368,TP774
CMP05,5,CMP05_email,5,152,5.94,Email,15 days,YouTube,Los Angeles,Mandarin,05-01-2021,CAMP00005,13-03-2025,22-03-2025,285472,4155,4935.48,14111.31,C369,TP1263
CMP04,4,CMP04_display,1,52,2.52,Display,60 days,YouTube,Miami,Mandarin,04-01-2021,CAMP00004,17-04-2025,30-04-2025,156382,2672,1252.63,2209.74,C369,TP762
CMP01,1,CMP01_email,5,5,1.03,Email,30 days,Google Ads,Chicago,Spanish,01-01-2021,CAMP00001,13-04-2025,19-04-2025,293520,23335,1052.39,2236.02,C369,TP895
CMP05,5,CMP05_email,7,66,3.21,Email,15 days,YouTube,Los Angeles,Mandarin,05-01-2021,CAMP00005,13-03-2025,22-03-2025,285472,4155,4935.48,14111.31,C369,TP1316
CMP03,3,CMP03_influencer,9,132,2.96,Influencer,30 days,YouTube,Los Angeles,French,03-01-2021,CAMP00003,28-09-2025,06-10-2025,239365,16478,1000.39,1902.24,C369,TP1045
CMP01,1,CMP01_email,3,164,0.85,Email,30 days,Google Ads,Chicago,Spanish,01-01-2021,CAMP00001,13-04-2025,19-04-2025,293520,23335,1052.39,2236.02,C369,TP359
CMP10,10,CMP10_email,8,163,9.18,Email,15 days,Instagram,Los Angeles,English,10-01-2021,CAMP00010,03-08-2025,16-08-2025,195376,2474,1142.07,2323.19,C369,TP771
CMP08,8,CMP08_search,10,22,7.43,Search,45 days,Google Ads,Los Angeles,Mandarin,08-01-2021,CAMP00008,13-04-2025,26-04-2025,234598,21435,3793.91,7159.09,C370,TP1625
CMP13,13,CMP13_social_media,9,50,2.35,Social Media,60 days,Facebook,Chicago,Mandarin,13-01-2021,CAMP00013,10-04-2025,15-04-2025,194692,11436,973.85,2310.62,C370,TP1787
CMP10,10,CMP10_email,3,4,7.75,Email,15 days,Instagram,Los Angeles,English,10-01-2021,CAMP00010,03-08-2025,16-08-2025,195376,2474,1142.07,2323.19,C370,TP585
CMP15,15,CMP15_display,9,138,2.91,Display,45 days,Website,Chicago,Spanish,15-01-2021,CAMP00015,01-06-2025,06-06-2025,257862,23315,684.67,2001.69,C370,TP2528
CMP16,16,CMP16_social_media,10,97,8.22,Social Media,60 days,YouTube,New York,German,16-01-2021,CAMP00016,11-05-2025,24-05-2025,159957,8149,4229.14,8648.05,C371,TP1859
CMP09,9,CMP09_social_media,4,113,1.79,Social Media,15 days,Facebook,Chicago,German,09-01-2021,CAMP00009,02-05-2025,08-05-2025,209438,2474,2385.72,2800.53,C371,TP424
CMP15,15,CMP15_display,9,103,9.58,Display,45 days,Website,Chicago,Spanish,15-01-2021,CAMP00015,01-06-2025,06-06-2025,257862,23315,684.67,2001.69,C371,TP1665
CMP13,13,CMP13_social_media,8,132,9.55,Social Media,60 days,Facebook,Chicago,Mandarin,13-01-2021,CAMP00013,10-04-2025,15-04-2025,194692,11436,973.85,2310.62,C371,TP535
CMP16,16,CMP16_social_media,1,197,2.17,Social Media,60 days,YouTube,New York,German,16-01-2021,CAMP00016,11-05-2025,24-05-2025,159957,8149,4229.14,8648.05,C371,TP2636
CMP14,14,CMP14_email,4,57,8.08,Email,45 days,Instagram,New York,German,14-01-2021,CAMP00014,26-12-2025,31-12-2025,207001,14356,2479.11,2827.93,C371,TP1129
CMP11,11,CMP11_display,8,54,4.13,Display,45 days,Email,New York,Spanish,11-01-2021,CAMP00011,27-11-2025,04-12-2025,53998,1343,2491.07,4360.88,C371,TP1216
CMP07,7,CMP07_email,6,20,6.75,Email,60 days,Website,Los Angeles,Spanish,07-01-2021,CAMP00007,21-01-2025,05-02-2025,174231,2160,1999.53,3306.37,C371,TP978
CMP10,10,CMP10_email,3,63,8.17,Email,15 days,Instagram,Los Angeles,English,10-01-2021,CAMP00010,03-08-2025,16-08-2025,195376,2474,1142.07,2323.19,C371,TP1576
CMP15,15,CMP15_display,9,150,0.53,Display,45 days,Website,Chicago,Spanish,15-01-2021,CAMP00015,01-06-2025,06-06-2025,257862,23315,684.67,2001.69,C371,TP1228
CMP09,9,CMP09_social_media,10,180,9.11,Social Media,15 days,Facebook,Chicago,German,09-01-2021,CAMP00009,02-05-2025,08-05-2025,209438,2474,2385.72,2800.53,C371,TP1975
CMP10,10,CMP10_email,10,117,8.93,Email,15 days,Instagram,Los Angeles,English,10-01-2021,CAMP00010,03-08-2025,16-08-2025,195376,2474,1142.07,2323.19,C372,TP2357
CMP15,15,CMP15_display,5,36,3.81,Display,45 days,Website,Chicago,Spanish,15-01-2021,CAMP00015,01-06-2025,06-06-2025,257862,23315,684.67,2001.69,C372,TP1985
CMP10,10,CMP10_email,3,86,8.46,Email,15 days,Instagram,Los Angeles,English,10-01-2021,CAMP00010,03-08-2025,16-08-2025,195376,2474,1142.07,2323.19,C372,TP576
CMP04,4,CMP04_display,8,36,6.0,Display,60 days,YouTube,Miami,Mandarin,04-01-2021,CAMP00004,17-04-2025,30-04-2025,156382,2672,1252.63,2209.74,C372,TP308
CMP15,15,CMP15_display,4,82,4.28,Display,45 days,Website,Chicago,Spanish,15-01-2021,CAMP00015,01-06-2025,06-06-2025,257862,23315,684.67,2001.69,C373,TP619
CMP16,16,CMP16_social_media,7,38,6.05,Social Media,60 days,YouTube,New York,German,16-01-2021,CAMP00016,11-05-2025,24-05-2025,159957,8149,4229.14,8648.05,C373,TP460
CMP02,2,CMP02_email,6,108,8.93,Email,60 days,Google Ads,New York,German,02-01-2021,CAMP00002,15-12-2025,24-12-2025,200340,15841,3964.9,11740.15,C373,TP016
CMP05,5,CMP05_email,7,84,7.0,Email,15 days,YouTube,Los Angeles,Mandarin,05-01-2021,CAMP00005,13-03-2025,22-03-2025,285472,4155,4935.48,14111.31,C373,TP797
CMP19,19,CMP19_social_media,5,7,1.84,Social Media,60 days,Google Ads,New York,French,19-01-2021,CAMP00019,15-09-2025,24-09-2025,260948,21678,4608.11,7497.56,C373,TP2113
CMP15,15,CMP15_display,2,89,8.92,Display,45 days,Website,Chicago,Spanish,15-01-2021,CAMP00015,01-06-2025,06-06-2025,257862,23315,684.67,2001.69,C373,TP1387
CMP12,12,CMP12_influencer,0,143,1.61,Influencer,60 days,Google Ads,Los Angeles,Mandarin,12-01-2021,CAMP00012,29-03-2025,06-04-2025,107304,7128,3882.92,7276.43,C373,TP929
CMP18,18,CMP18_influencer,2,139,5.39,Influencer,15 days,Instagram,Miami,French,18-01-2021,CAMP00018,05-11-2025,17-11-2025,281690,22173,3399.93,5565.65,C373,TP946
CMP08,8,CMP08_search,8,198,9.44,Search,45 days,Google Ads,Los Angeles,Mandarin,08-01-2021,CAMP00008,13-04-2025,26-04-2025,234598,21435,3793.91,7159.09,C374,TP1137
CMP19,19,CMP19_social_media,1,61,2.73,Social Media,60 days,Google Ads,New York,French,19-01-2021,CAMP00019,15-09-2025,24-09-2025,260948,21678,4608.11,7497.56,C374,TP257
CMP01,1,CMP01_email,7,89,9.94,Email,30 days,Google Ads,Chicago,Spanish,01-01-2021,CAMP00001,13-04-2025,19-04-2025,293520,23335,1052.39,2236.02,C374,TP911
CMP02,2,CMP02_email,6,17,9.26,Email,60 days,Google Ads,New York,German,02-01-2021,CAMP00002,15-12-2025,24-12-2025,200340,15841,3964.9,11740.15,C374,TP931
CMP03,3,CMP03_influencer,9,56,8.82,Influencer,30 days,YouTube,Los Angeles,French,03-01-2021,CAMP00003,28-09-2025,06-10-2025,239365,16478,1000.39,1902.24,C374,TP2311
CMP04,4,CMP04_display,6,159,6.51,Display,60 days,YouTube,Miami,Mandarin,04-01-2021,CAMP00004,17-04-2025,30-04-2025,156382,2672,1252.63,2209.74,C374,TP1944
CMP03,3,CMP03_influencer,3,167,5.23,Influencer,30 days,YouTube,Los Angeles,French,03-01-2021,CAMP00003,28-09-2025,06-10-2025,239365,16478,1000.39,1902.24,C374,TP993
CMP08,8,CMP08_search,7,11,2.04,Search,45 days,Google Ads,Los Angeles,Mandarin,08-01-2021,CAMP00008,13-04-2025,26-04-2025,234598,21435,3793.91,7159.09,C375,TP2353
CMP16,16,CMP16_social_media,5,189,1.56,Social Media,60 days,YouTube,New York,German,16-01-2021,CAMP00016,11-05-2025,24-05-2025,159957,8149,4229.14,8648.05,C375,TP2512
CMP13,13,CMP13_social_media,5,180,6.84,Social Media,60 days,Facebook,Chicago,Mandarin,13-01-2021,CAMP00013,10-04-2025,15-04-2025,194692,11436,973.85,2310.62,C375,TP426
CMP17,17,CMP17_display,7,150,2.71,Display,45 days,Website,Houston,English,17-01-2021,CAMP00017,30-05-2025,14-06-2025,12103,168,4112.15,11010.78,C376,TP736
CMP18,18,CMP18_influencer,7,156,9.71,Influencer,15 days,Instagram,Miami,French,18-01-2021,CAMP00018,05-11-2025,17-11-2025,281690,22173,3399.93,5565.65,C376,TP2125
CMP18,18,CMP18_influencer,10,128,3.7,Influencer,15 days,Instagram,Miami,French,18-01-2021,CAMP00018,05-11-2025,17-11-2025,281690,22173,3399.93,5565.65,C376,TP2067
CMP03,3,CMP03_influencer,7,178,4.08,Influencer,30 days,YouTube,Los Angeles,French,03-01-2021,CAMP00003,28-09-2025,06-10-2025,239365,16478,1000.39,1902.24,C376,TP1388
CMP10,10,CMP10_email,0,131,0.65,Email,15 days,Instagram,Los Angeles,English,10-01-2021,CAMP00010,03-08-2025,16-08-2025,195376,2474,1142.07,2323.19,C376,TP2011
CMP18,18,CMP18_influencer,7,69,2.27,Influencer,15 days,Instagram,Miami,French,18-01-2021,CAMP00018,05-11-2025,17-11-2025,281690,22173,3399.93,5565.65,C376,TP1544
CMP15,15,CMP15_display,8,149,2.74,Display,45 days,Website,Chicago,Spanish,15-01-2021,CAMP00015,01-06-2025,06-06-2025,257862,23315,684.67,2001.69,C377,TP2083
CMP07,7,CMP07_email,1,198,6.55,Email,60 days,Website,Los Angeles,Spanish,07-01-2021,CAMP00007,21-01-2025,05-02-2025,174231,2160,1999.53,3306.37,C377,TP2475
CMP10,10,CMP10_email,5,31,4.2,Email,15 days,Instagram,Los Angeles,English,10-01-2021,CAMP00010,03-08-2025,16-08-2025,195376,2474,1142.07,2323.19,C377,TP235
CMP01,1,CMP01_email,8,171,7.94,Email,30 days,Google Ads,Chicago,Spanish,01-01-2021,CAMP00001,13-04-2025,19-04-2025,293520,23335,1052.39,2236.02,C377,TP2054
CMP05,5,CMP05_email,6,23,1.73,Email,15 days,YouTube,Los Angeles,Mandarin,05-01-2021,CAMP00005,13-03-2025,22-03-2025,285472,4155,4935.48,14111.31,C377,TP1280
CMP02,2,CMP02_email,3,62,0.65,Email,60 days,Google Ads,New York,German,02-01-2021,CAMP00002,15-12-2025,24-12-2025,200340,15841,3964.9,11740.15,C378,TP2136
CMP17,17,CMP17_display,10,63,4.22,Display,45 days,Website,Houston,English,17-01-2021,CAMP00017,30-05-2025,14-06-2025,12103,168,4112.15,11010.78,C378,TP2422
CMP06,6,CMP06_display,8,200,7.61,Display,15 days,Instagram,New York,German,06-01-2021,CAMP00006,08-07-2025,21-07-2025,177469,7979,3540.34,3885.94,C378,TP1552
CMP08,8,CMP08_search,8,97,8.92,Search,45 days,Google Ads,Los Angeles,Mandarin,08-01-2021,CAMP00008,13-04-2025,26-04-2025,234598,21435,3793.91,7159.09,C378,TP1824
CMP12,12,CMP12_influencer,0,154,5.8,Influencer,60 days,Google Ads,Los Angeles,Mandarin,12-01-2021,CAMP00012,29-03-2025,06-04-2025,107304,7128,3882.92,7276.43,C379,TP803
CMP12,12,CMP12_influencer,10,159,1.78,Influencer,60 days,Google Ads,Los Angeles,Mandarin,12-01-2021,CAMP00012,29-03-2025,06-04-2025,107304,7128,3882.92,7276.43,C379,TP1059
CMP02,2,CMP02_email,5,39,5.26,Email,60 days,Google Ads,New York,German,02-01-2021,CAMP00002,15-12-2025,24-12-2025,200340,15841,3964.9,11740.15,C379,TP1414
CMP07,7,CMP07_email,9,127,5.23,Email,60 days,Website,Los Angeles,Spanish,07-01-2021,CAMP00007,21-01-2025,05-02-2025,174231,2160,1999.53,3306.37,C379,TP1648
CMP04,4,CMP04_display,4,79,7.46,Display,60 days,YouTube,Miami,Mandarin,04-01-2021,CAMP00004,17-04-2025,30-04-2025,156382,2672,1252.63,2209.74,C379,TP2139
CMP06,6,CMP06_display,0,198,2.79,Display,15 days,Instagram,New York,German,06-01-2021,CAMP00006,08-07-2025,21-07-2025,177469,7979,3540.34,3885.94,C379,TP147
CMP15,15,CMP15_display,6,153,8.28,Display,45 days,Website,Chicago,Spanish,15-01-2021,CAMP00015,01-06-2025,06-06-2025,257862,23315,684.67,2001.69,C379,TP2039
CMP15,15,CMP15_display,8,42,8.21,Display,45 days,Website,Chicago,Spanish,15-01-2021,CAMP00015,01-06-2025,06-06-2025,257862,23315,684.67,2001.69,C380,TP188
CMP14,14,CMP14_email,5,12,3.26,Email,45 days,Instagram,New York,German,14-01-2021,CAMP00014,26-12-2025,31-12-2025,207001,14356,2479.11,2827.93,C380,TP124
CMP06,6,CMP06_display,3,98,9.49,Display,15 days,Instagram,New York,German,06-01-2021,CAMP00006,08-07-2025,21-07-2025,177469,7979,3540.34,3885.94,C380,TP1689
CMP19,19,CMP19_social_media,5,20,3.12,Social Media,60 days,Google Ads,New York,French,19-01-2021,CAMP00019,15-09-2025,24-09-2025,260948,21678,4608.11,7497.56,C380,TP693
CMP05,5,CMP05_email,8,16,4.29,Email,15 days,YouTube,Los Angeles,Mandarin,05-01-2021,CAMP00005,13-03-2025,22-03-2025,285472,4155,4935.48,14111.31,C380,TP2386
CMP04,4,CMP04_display,7,158,6.31,Display,60 days,YouTube,Miami,Mandarin,04-01-2021,CAMP00004,17-04-2025,30-04-2025,156382,2672,1252.63,2209.74,C380,TP463
CMP11,11,CMP11_display,6,78,9.66,Display,45 days,Email,New York,Spanish,11-01-2021,CAMP00011,27-11-2025,04-12-2025,53998,1343,2491.07,4360.88,C380,TP2092
CMP11,11,CMP11_display,4,88,6.25,Display,45 days,Email,New York,Spanish,11-01-2021,CAMP00011,27-11-2025,04-12-2025,53998,1343,2491.07,4360.88,C381,TP1745
CMP05,5,CMP05_email,5,43,5.02,Email,15 days,YouTube,Los Angeles,Mandarin,05-01-2021,CAMP00005,13-03-2025,22-03-2025,285472,4155,4935.48,14111.31,C381,TP2153
CMP05,5,CMP05_email,2,69,7.87,Email,15 days,YouTube,Los Angeles,Mandarin,05-01-2021,CAMP00005,13-03-2025,22-03-2025,285472,4155,4935.48,14111.31,C381,TP2327
CMP18,18,CMP18_influencer,10,161,7.73,Influencer,15 days,Instagram,Miami,French,18-01-2021,CAMP00018,05-11-2025,17-11-2025,281690,22173,3399.93,5565.65,C382,TP1348
CMP03,3,CMP03_influencer,7,91,7.56,Influencer,30 days,YouTube,Los Angeles,French,03-01-2021,CAMP00003,28-09-2025,06-10-2025,239365,16478,1000.39,1902.24,C382,TP2024
CMP07,7,CMP07_email,6,60,2.43,Email,60 days,Website,Los Angeles,Spanish,07-01-2021,CAMP00007,21-01-2025,05-02-2025,174231,2160,1999.53,3306.37,C382,TP2614
CMP17,17,CMP17_display,0,108,8.72,Display,45 days,Website,Houston,English,17-01-2021,CAMP00017,30-05-2025,14-06-2025,12103,168,4112.15,11010.78,C382,TP2432
CMP17,17,CMP17_display,7,37,0.54,Display,45 days,Website,Houston,English,17-01-2021,CAMP00017,30-05-2025,14-06-2025,12103,168,4112.15,11010.78,C382,TP2368
CMP18,18,CMP18_influencer,1,52,5.11,Influencer,15 days,Instagram,Miami,French,18-01-2021,CAMP00018,05-11-2025,17-11-2025,281690,22173,3399.93,5565.65,C383,TP2539
CMP05,5,CMP05_email,9,50,9.4,Email,15 days,YouTube,Los Angeles,Mandarin,05-01-2021,CAMP00005,13-03-2025,22-03-2025,285472,4155,4935.48,14111.31,C383,TP2549
CMP07,7,CMP07_email,0,73,7.46,Email,60 days,Website,Los Angeles,Spanish,07-01-2021,CAMP00007,21-01-2025,05-02-2025,174231,2160,1999.53,3306.37,C383,TP886
CMP04,4,CMP04_display,6,33,1.74,Display,60 days,YouTube,Miami,Mandarin,04-01-2021,CAMP00004,17-04-2025,30-04-2025,156382,2672,1252.63,2209.74,C384,TP685
CMP10,10,CMP10_email,2,168,6.53,Email,15 days,Instagram,Los Angeles,English,10-01-2021,CAMP00010,03-08-2025,16-08-2025,195376,2474,1142.07,2323.19,C384,TP397
CMP02,2,CMP02_email,9,36,4.38,Email,60 days,Google Ads,New York,German,02-01-2021,CAMP00002,15-12-2025,24-12-2025,200340,15841,3964.9,11740.15,C384,TP414
CMP10,10,CMP10_email,4,80,9.74,Email,15 days,Instagram,Los Angeles,English,10-01-2021,CAMP00010,03-08-2025,16-08-2025,195376,2474,1142.07,2323.19,C384,TP792
CMP17,17,CMP17_display,3,132,1.93,Display,45 days,Website,Houston,English,17-01-2021,CAMP00017,30-05-2025,14-06-2025,12103,168,4112.15,11010.78,C385,TP234
CMP02,2,CMP02_email,1,82,3.03,Email,60 days,Google Ads,New York,German,02-01-2021,CAMP00002,15-12-2025,24-12-2025,200340,15841,3964.9,11740.15,C385,TP1677
CMP19,19,CMP19_social_media,6,145,9.47,Social Media,60 days,Google Ads,New York,French,19-01-2021,CAMP00019,15-09-2025,24-09-2025,260948,21678,4608.11,7497.56,C385,TP620
CMP15,15,CMP15_display,3,117,2.59,Display,45 days,Website,Chicago,Spanish,15-01-2021,CAMP00015,01-06-2025,06-06-2025,257862,23315,684.67,2001.69,C385,TP1013
CMP03,3,CMP03_influencer,8,78,5.48,Influencer,30 days,YouTube,Los Angeles,French,03-01-2021,CAMP00003,28-09-2025,06-10-2025,239365,16478,1000.39,1902.24,C385,TP1752
CMP07,7,CMP07_email,3,100,7.09,Email,60 days,Website,Los Angeles,Spanish,07-01-2021,CAMP00007,21-01-2025,05-02-2025,174231,2160,1999.53,3306.37,C385,TP287
CMP18,18,CMP18_influencer,7,140,5.54,Influencer,15 days,Instagram,Miami,French,18-01-2021,CAMP00018,05-11-2025,17-11-2025,281690,22173,3399.93,5565.65,C385,TP361
CMP03,3,CMP03_influencer,9,66,7.2,Influencer,30 days,YouTube,Los Angeles,French,03-01-2021,CAMP00003,28-09-2025,06-10-2025,239365,16478,1000.39,1902.24,C386,TP1210
CMP09,9,CMP09_social_media,7,34,7.88,Social Media,15 days,Facebook,Chicago,German,09-01-2021,CAMP00009,02-05-2025,08-05-2025,209438,2474,2385.72,2800.53,C386,TP1758
CMP09,9,CMP09_social_media,8,129,7.46,Social Media,15 days,Facebook,Chicago,German,09-01-2021,CAMP00009,02-05-2025,08-05-2025,209438,2474,2385.72,2800.53,C386,TP504
CMP01,1,CMP01_email,9,62,6.7,Email,30 days,Google Ads,Chicago,Spanish,01-01-2021,CAMP00001,13-04-2025,19-04-2025,293520,23335,1052.39,2236.02,C386,TP713
CMP01,1,CMP01_email,6,106,6.16,Email,30 days,Google Ads,Chicago,Spanish,01-01-2021,CAMP00001,13-04-2025,19-04-2025,293520,23335,1052.39,2236.02,C386,TP072
CMP06,6,CMP06_display,8,58,6.04,Display,15 days,Instagram,New York,German,06-01-2021,CAMP00006,08-07-2025,21-07-2025,177469,7979,3540.34,3885.94,C386,TP1597
CMP08,8,CMP08_search,2,25,3.5,Search,45 days,Google Ads,Los Angeles,Mandarin,08-01-2021,CAMP00008,13-04-2025,26-04-2025,234598,21435,3793.91,7159.09,C386,TP1362
CMP19,19,CMP19_social_media,10,183,7.34,Social Media,60 days,Google Ads,New York,French,19-01-2021,CAMP00019,15-09-2025,24-09-2025,260948,21678,4608.11,7497.56,C386,TP2443
CMP03,3,CMP03_influencer,4,134,0.56,Influencer,30 days,YouTube,Los Angeles,French,03-01-2021,CAMP00003,28-09-2025,06-10-2025,239365,16478,1000.39,1902.24,C386,TP270
CMP17,17,CMP17_display,4,27,8.66,Display,45 days,Website,Houston,English,17-01-2021,CAMP00017,30-05-2025,14-06-2025,12103,168,4112.15,11010.78,C386,TP028
CMP15,15,CMP15_display,5,189,9.16,Display,45 days,Website,Chicago,Spanish,15-01-2021,CAMP00015,01-06-2025,06-06-2025,257862,23315,684.67,2001.69,C387,TP2383
CMP10,10,CMP10_email,7,20,5.42,Email,15 days,Instagram,Los Angeles,English,10-01-2021,CAMP00010,03-08-2025,16-08-2025,195376,2474,1142.07,2323.19,C387,TP2415
CMP03,3,CMP03_influencer,5,89,2.92,Influencer,30 days,YouTube,Los Angeles,French,03-01-2021,CAMP00003,28-09-2025,06-10-2025,239365,16478,1000.39,1902.24,C387,TP2423
CMP12,12,CMP12_influencer,3,67,4.43,Influencer,60 days,Google Ads,Los Angeles,Mandarin,12-01-2021,CAMP00012,29-03-2025,06-04-2025,107304,7128,3882.92,7276.43,C387,TP271
CMP19,19,CMP19_social_media,6,61,8.35,Social Media,60 days,Google Ads,New York,French,19-01-2021,CAMP00019,15-09-2025,24-09-2025,260948,21678,4608.11,7497.56,C387,TP1299
CMP03,3,CMP03_influencer,7,171,2.58,Influencer,30 days,YouTube,Los Angeles,French,03-01-2021,CAMP00003,28-09-2025,06-10-2025,239365,16478,1000.39,1902.24,C387,TP890
CMP17,17,CMP17_display,7,46,2.96,Display,45 days,Website,Houston,English,17-01-2021,CAMP00017,30-05-2025,14-06-2025,12103,168,4112.15,11010.78,C388,TP1110
CMP12,12,CMP12_influencer,1,145,5.73,Influencer,60 days,Google Ads,Los Angeles,Mandarin,12-01-2021,CAMP00012,29-03-2025,06-04-2025,107304,7128,3882.92,7276.43,C388,TP197
CMP07,7,CMP07_email,9,4,4.84,Email,60 days,Website,Los Angeles,Spanish,07-01-2021,CAMP00007,21-01-2025,05-02-2025,174231,2160,1999.53,3306.37,C388,TP087
CMP06,6,CMP06_display,10,3,9.91,Display,15 days,Instagram,New York,German,06-01-2021,CAMP00006,08-07-2025,21-07-2025,177469,7979,3540.34,3885.94,C388,TP2544
CMP13,13,CMP13_social_media,1,183,1.12,Social Media,60 days,Facebook,Chicago,Mandarin,13-01-2021,CAMP00013,10-04-2025,15-04-2025,194692,11436,973.85,2310.62,C388,TP1142
CMP15,15,CMP15_display,9,98,9.66,Display,45 days,Website,Chicago,Spanish,15-01-2021,CAMP00015,01-06-2025,06-06-2025,257862,23315,684.67,2001.69,C388,TP064
CMP16,16,CMP16_social_media,8,164,7.97,Social Media,60 days,YouTube,New York,German,16-01-2021,CAMP00016,11-05-2025,24-05-2025,159957,8149,4229.14,8648.05,C388,TP1140
CMP05,5,CMP05_email,1,132,6.94,Email,15 days,YouTube,Los Angeles,Mandarin,05-01-2021,CAMP00005,13-03-2025,22-03-2025,285472,4155,4935.48,14111.31,C389,TP2188
CMP10,10,CMP10_email,8,176,2.83,Email,15 days,Instagram,Los Angeles,English,10-01-2021,CAMP00010,03-08-2025,16-08-2025,195376,2474,1142.07,2323.19,C389,TP2060
CMP19,19,CMP19_social_media,0,158,9.36,Social Media,60 days,Google Ads,New York,French,19-01-2021,CAMP00019,15-09-2025,24-09-2025,260948,21678,4608.11,7497.56,C389,TP1065
CMP15,15,CMP15_display,1,154,1.16,Display,45 days,Website,Chicago,Spanish,15-01-2021,CAMP00015,01-06-2025,06-06-2025,257862,23315,684.67,2001.69,C390,TP1355
CMP11,11,CMP11_display,9,84,0.73,Display,45 days,Email,New York,Spanish,11-01-2021,CAMP00011,27-11-2025,04-12-2025,53998,1343,2491.07,4360.88,C390,TP089
CMP09,9,CMP09_social_media,6,168,7.63,Social Media,15 days,Facebook,Chicago,German,09-01-2021,CAMP00009,02-05-2025,08-05-2025,209438,2474,2385.72,2800.53,C390,TP2520
CMP12,12,CMP12_influencer,4,180,5.12,Influencer,60 days,Google Ads,Los Angeles,Mandarin,12-01-2021,CAMP00012,29-03-2025,06-04-2025,107304,7128,3882.92,7276.43,C390,TP976
CMP10,10,CMP10_email,8,193,9.86,Email,15 days,Instagram,Los Angeles,English,10-01-2021,CAMP00010,03-08-2025,16-08-2025,195376,2474,1142.07,2323.19,C390,TP2545
CMP08,8,CMP08_search,8,8,7.56,Search,45 days,Google Ads,Los Angeles,Mandarin,08-01-2021,CAMP00008,13-04-2025,26-04-2025,234598,21435,3793.91,7159.09,C391,TP524
CMP01,1,CMP01_email,2,143,1.81,Email,30 days,Google Ads,Chicago,Spanish,01-01-2021,CAMP00001,13-04-2025,19-04-2025,293520,23335,1052.39,2236.02,C391,TP1598
CMP17,17,CMP17_display,9,27,1.37,Display,45 days,Website,Houston,English,17-01-2021,CAMP00017,30-05-2025,14-06-2025,12103,168,4112.15,11010.78,C391,TP1696
CMP08,8,CMP08_search,3,5,2.1,Search,45 days,Google Ads,Los Angeles,Mandarin,08-01-2021,CAMP00008,13-04-2025,26-04-2025,234598,21435,3793.91,7159.09,C391,TP2600
CMP05,5,CMP05_email,2,35,6.97,Email,15 days,YouTube,Los Angeles,Mandarin,05-01-2021,CAMP00005,13-03-2025,22-03-2025,285472,4155,4935.48,14111.31,C391,TP1969
CMP18,18,CMP18_influencer,3,194,5.91,Influencer,15 days,Instagram,Miami,French,18-01-2021,CAMP00018,05-11-2025,17-11-2025,281690,22173,3399.93,5565.65,C391,TP729
CMP19,19,CMP19_social_media,4,118,3.57,Social Media,60 days,Google Ads,New York,French,19-01-2021,CAMP00019,15-09-2025,24-09-2025,260948,21678,4608.11,7497.56,C391,TP1453
CMP01,1,CMP01_email,0,89,8.16,Email,30 days,Google Ads,Chicago,Spanish,01-01-2021,CAMP00001,13-04-2025,19-04-2025,293520,23335,1052.39,2236.02,C392,TP415
CMP11,11,CMP11_display,6,39,7.96,Display,45 days,Email,New York,Spanish,11-01-2021,CAMP00011,27-11-2025,04-12-2025,53998,1343,2491.07,4360.88,C392,TP2467
CMP05,5,CMP05_email,5,131,3.08,Email,15 days,YouTube,Los Angeles,Mandarin,05-01-2021,CAMP00005,13-03-2025,22-03-2025,285472,4155,4935.48,14111.31,C392,TP2571
CMP14,14,CMP14_email,10,54,8.61,Email,45 days,Instagram,New York,German,14-01-2021,CAMP00014,26-12-2025,31-12-2025,207001,14356,2479.11,2827.93,C392,TP143
CMP12,12,CMP12_influencer,9,131,5.9,Influencer,60 days,Google Ads,Los Angeles,Mandarin,12-01-2021,CAMP00012,29-03-2025,06-04-2025,107304,7128,3882.92,7276.43,C392,TP1325
CMP03,3,CMP03_influencer,0,149,5.29,Influencer,30 days,YouTube,Los Angeles,French,03-01-2021,CAMP00003,28-09-2025,06-10-2025,239365,16478,1000.39,1902.24,C393,TP840
CMP17,17,CMP17_display,6,6,6.91,Display,45 days,Website,Houston,English,17-01-2021,CAMP00017,30-05-2025,14-06-2025,12103,168,4112.15,11010.78,C393,TP509
CMP18,18,CMP18_influencer,2,104,8.16,Influencer,15 days,Instagram,Miami,French,18-01-2021,CAMP00018,05-11-2025,17-11-2025,281690,22173,3399.93,5565.65,C393,TP604
CMP12,12,CMP12_influencer,7,154,4.66,Influencer,60 days,Google Ads,Los Angeles,Mandarin,12-01-2021,CAMP00012,29-03-2025,06-04-2025,107304,7128,3882.92,7276.43,C393,TP183
CMP11,11,CMP11_display,0,158,3.75,Display,45 days,Email,New York,Spanish,11-01-2021,CAMP00011,27-11-2025,04-12-2025,53998,1343,2491.07,4360.88,C393,TP1553
CMP14,14,CMP14_email,3,45,2.66,Email,45 days,Instagram,New York,German,14-01-2021,CAMP00014,26-12-2025,31-12-2025,207001,14356,2479.11,2827.93,C393,TP1769
CMP05,5,CMP05_email,8,199,8.18,Email,15 days,YouTube,Los Angeles,Mandarin,05-01-2021,CAMP00005,13-03-2025,22-03-2025,285472,4155,4935.48,14111.31,C394,TP1250
CMP19,19,CMP19_social_media,3,144,4.25,Social Media,60 days,Google Ads,New York,French,19-01-2021,CAMP00019,15-09-2025,24-09-2025,260948,21678,4608.11,7497.56,C394,TP2310
CMP04,4,CMP04_display,1,118,2.02,Display,60 days,YouTube,Miami,Mandarin,04-01-2021,CAMP00004,17-04-2025,30-04-2025,156382,2672,1252.63,2209.74,C394,TP669
CMP14,14,CMP14_email,4,108,2.73,Email,45 days,Instagram,New York,German,14-01-2021,CAMP00014,26-12-2025,31-12-2025,207001,14356,2479.11,2827.93,C394,TP742
CMP16,16,CMP16_social_media,0,84,3.23,Social Media,60 days,YouTube,New York,German,16-01-2021,CAMP00016,11-05-2025,24-05-2025,159957,8149,4229.14,8648.05,C394,TP2250
CMP03,3,CMP03_influencer,4,86,2.77,Influencer,30 days,YouTube,Los Angeles,French,03-01-2021,CAMP00003,28-09-2025,06-10-2025,239365,16478,1000.39,1902.24,C394,TP1842
CMP01,1,CMP01_email,1,43,9.36,Email,30 days,Google Ads,Chicago,Spanish,01-01-2021,CAMP00001,13-04-2025,19-04-2025,293520,23335,1052.39,2236.02,C395,TP2179
CMP10,10,CMP10_email,4,160,5.24,Email,15 days,Instagram,Los Angeles,English,10-01-2021,CAMP00010,03-08-2025,16-08-2025,195376,2474,1142.07,2323.19,C395,TP2446
CMP01,1,CMP01_email,8,38,3.66,Email,30 days,Google Ads,Chicago,Spanish,01-01-2021,CAMP00001,13-04-2025,19-04-2025,293520,23335,1052.39,2236.02,C395,TP312
CMP17,17,CMP17_display,5,69,4.22,Display,45 days,Website,Houston,English,17-01-2021,CAMP00017,30-05-2025,14-06-2025,12103,168,4112.15,11010.78,C395,TP2331
CMP17,17,CMP17_display,6,26,5.83,Display,45 days,Website,Houston,English,17-01-2021,CAMP00017,30-05-2025,14-06-2025,12103,168,4112.15,11010.78,C396,TP800
CMP18,18,CMP18_influencer,8,188,1.29,Influencer,15 days,Instagram,Miami,French,18-01-2021,CAMP00018,05-11-2025,17-11-2025,281690,22173,3399.93,5565.65,C396,TP782
CMP04,4,CMP04_display,4,179,6.97,Display,60 days,YouTube,Miami,Mandarin,04-01-2021,CAMP00004,17-04-2025,30-04-2025,156382,2672,1252.63,2209.74,C396,TP690
CMP13,13,CMP13_social_media,8,86,1.02,Social Media,60 days,Facebook,Chicago,Mandarin,13-01-2021,CAMP00013,10-04-2025,15-04-2025,194692,11436,973.85,2310.62,C396,TP605
CMP05,5,CMP05_email,2,143,1.62,Email,15 days,YouTube,Los Angeles,Mandarin,05-01-2021,CAMP00005,13-03-2025,22-03-2025,285472,4155,4935.48,14111.31,C396,TP1526
CMP07,7,CMP07_email,2,156,5.86,Email,60 days,Website,Los Angeles,Spanish,07-01-2021,CAMP00007,21-01-2025,05-02-2025,174231,2160,1999.53,3306.37,C396,TP1762
CMP09,9,CMP09_social_media,10,19,5.15,Social Media,15 days,Facebook,Chicago,German,09-01-2021,CAMP00009,02-05-2025,08-05-2025,209438,2474,2385.72,2800.53,C397,TP2017
CMP03,3,CMP03_influencer,5,108,1.8,Influencer,30 days,YouTube,Los Angeles,French,03-01-2021,CAMP00003,28-09-2025,06-10-2025,239365,16478,1000.39,1902.24,C397,TP972
CMP11,11,CMP11_display,2,101,7.03,Display,45 days,Email,New York,Spanish,11-01-2021,CAMP00011,27-11-2025,04-12-2025,53998,1343,2491.07,4360.88,C397,TP2349
CMP17,17,CMP17_display,3,62,7.48,Display,45 days,Website,Houston,English,17-01-2021,CAMP00017,30-05-2025,14-06-2025,12103,168,4112.15,11010.78,C397,TP709
CMP09,9,CMP09_social_media,4,173,4.61,Social Media,15 days,Facebook,Chicago,German,09-01-2021,CAMP00009,02-05-2025,08-05-2025,209438,2474,2385.72,2800.53,C397,TP1485
CMP04,4,CMP04_display,7,52,3.33,Display,60 days,YouTube,Miami,Mandarin,04-01-2021,CAMP00004,17-04-2025,30-04-2025,156382,2672,1252.63,2209.74,C397,TP2561
CMP04,4,CMP04_display,5,71,5.12,Display,60 days,YouTube,Miami,Mandarin,04-01-2021,CAMP00004,17-04-2025,30-04-2025,156382,2672,1252.63,2209.74,C397,TP777
CMP15,15,CMP15_display,8,194,8.93,Display,45 days,Website,Chicago,Spanish,15-01-2021,CAMP00015,01-06-2025,06-06-2025,257862,23315,684.67,2001.69,C398,TP1732
CMP18,18,CMP18_influencer,8,55,7.7,Influencer,15 days,Instagram,Miami,French,18-01-2021,CAMP00018,05-11-2025,17-11-2025,281690,22173,3399.93,5565.65,C398,TP410
CMP02,2,CMP02_email,9,20,1.5,Email,60 days,Google Ads,New York,German,02-01-2021,CAMP00002,15-12-2025,24-12-2025,200340,15841,3964.9,11740.15,C398,TP1078
CMP03,3,CMP03_influencer,8,94,9.81,Influencer,30 days,YouTube,Los Angeles,French,03-01-2021,CAMP00003,28-09-2025,06-10-2025,239365,16478,1000.39,1902.24,C398,TP2158
CMP16,16,CMP16_social_media,2,98,6.88,Social Media,60 days,YouTube,New York,German,16-01-2021,CAMP00016,11-05-2025,24-05-2025,159957,8149,4229.14,8648.05,C398,TP180
CMP17,17,CMP17_display,10,142,1.98,Display,45 days,Website,Houston,English,17-01-2021,CAMP00017,30-05-2025,14-06-2025,12103,168,4112.15,11010.78,C398,TP816
CMP07,7,CMP07_email,6,177,3.96,Email,60 days,Website,Los Angeles,Spanish,07-01-2021,CAMP00007,21-01-2025,05-02-2025,174231,2160,1999.53,3306.37,C399,TP2081
CMP15,15,CMP15_display,8,52,8.59,Display,45 days,Website,Chicago,Spanish,15-01-2021,CAMP00015,01-06-2025,06-06-2025,257862,23315,684.67,2001.69,C399,TP1374
CMP15,15,CMP15_display,5,56,4.7,Display,45 days,Website,Chicago,Spanish,15-01-2021,CAMP00015,01-06-2025,06-06-2025,257862,23315,684.67,2001.69,C399,TP1578
CMP08,8,CMP08_search,1,143,5.4,Search,45 days,Google Ads,Los Angeles,Mandarin,08-01-2021,CAMP00008,13-04-2025,26-04-2025,234598,21435,3793.91,7159.09,C400,TP1727
CMP14,14,CMP14_email,3,56,3.11,Email,45 days,Instagram,New York,German,14-01-2021,CAMP00014,26-12-2025,31-12-2025,207001,14356,2479.11,2827.93,C400,TP649
CMP01,1,CMP01_email,9,137,6.87,Email,30 days,Google Ads,Chicago,Spanish,01-01-2021,CAMP00001,13-04-2025,19-04-2025,293520,23335,1052.39,2236.02,C400,TP532
CMP13,13,CMP13_social_media,9,193,6.66,Social Media,60 days,Facebook,Chicago,Mandarin,13-01-2021,CAMP00013,10-04-2025,15-04-2025,194692,11436,973.85,2310.62,C400,TP1138
CMP19,19,CMP19_social_media,9,107,8.35,Social Media,60 days,Google Ads,New York,French,19-01-2021,CAMP00019,15-09-2025,24-09-2025,260948,21678,4608.11,7497.56,C401,TP2473
CMP03,3,CMP03_influencer,9,101,9.04,Influencer,30 days,YouTube,Los Angeles,French,03-01-2021,CAMP00003,28-09-2025,06-10-2025,239365,16478,1000.39,1902.24,C401,TP2309
CMP01,1,CMP01_email,5,109,2.92,Email,30 days,Google Ads,Chicago,Spanish,01-01-2021,CAMP00001,13-04-2025,19-04-2025,293520,23335,1052.39,2236.02,C401,TP418
CMP15,15,CMP15_display,8,18,8.38,Display,45 days,Website,Chicago,Spanish,15-01-2021,CAMP00015,01-06-2025,06-06-2025,257862,23315,684.67,2001.69,C401,TP1844
CMP14,14,CMP14_email,2,83,9.44,Email,45 days,Instagram,New York,German,14-01-2021,CAMP00014,26-12-2025,31-12-2025,207001,14356,2479.11,2827.93,C401,TP303
CMP09,9,CMP09_social_media,7,22,7.81,Social Media,15 days,Facebook,Chicago,German,09-01-2021,CAMP00009,02-05-2025,08-05-2025,209438,2474,2385.72,2800.53,C401,TP1113
CMP04,4,CMP04_display,4,83,2.5,Display,60 days,YouTube,Miami,Mandarin,04-01-2021,CAMP00004,17-04-2025,30-04-2025,156382,2672,1252.63,2209.74,C401,TP1070
CMP16,16,CMP16_social_media,5,6,6.06,Social Media,60 days,YouTube,New York,German,16-01-2021,CAMP00016,11-05-2025,24-05-2025,159957,8149,4229.14,8648.05,C401,TP832
CMP11,11,CMP11_display,1,61,5.18,Display,45 days,Email,New York,Spanish,11-01-2021,CAMP00011,27-11-2025,04-12-2025,53998,1343,2491.07,4360.88,C401,TP1963
CMP10,10,CMP10_email,1,173,6.52,Email,15 days,Instagram,Los Angeles,English,10-01-2021,CAMP00010,03-08-2025,16-08-2025,195376,2474,1142.07,2323.19,C402,TP096
CMP03,3,CMP03_influencer,5,30,9.05,Influencer,30 days,YouTube,Los Angeles,French,03-01-2021,CAMP00003,28-09-2025,06-10-2025,239365,16478,1000.39,1902.24,C402,TP396
CMP14,14,CMP14_email,7,19,9.76,Email,45 days,Instagram,New York,German,14-01-2021,CAMP00014,26-12-2025,31-12-2025,207001,14356,2479.11,2827.93,C402,TP1423
CMP12,12,CMP12_influencer,4,10,8.88,Influencer,60 days,Google Ads,Los Angeles,Mandarin,12-01-2021,CAMP00012,29-03-2025,06-04-2025,107304,7128,3882.92,7276.43,C402,TP2191
CMP02,2,CMP02_email,0,19,2.35,Email,60 days,Google Ads,New York,German,02-01-2021,CAMP00002,15-12-2025,24-12-2025,200340,15841,3964.9,11740.15,C402,TP921
CMP10,10,CMP10_email,1,167,3.77,Email,15 days,Instagram,Los Angeles,English,10-01-2021,CAMP00010,03-08-2025,16-08-2025,195376,2474,1142.07,2323.19,C402,TP2581
CMP18,18,CMP18_influencer,4,80,0.78,Influencer,15 days,Instagram,Miami,French,18-01-2021,CAMP00018,05-11-2025,17-11-2025,281690,22173,3399.93,5565.65,C402,TP1988
CMP01,1,CMP01_email,2,35,8.0,Email,30 days,Google Ads,Chicago,Spanish,01-01-2021,CAMP00001,13-04-2025,19-04-2025,293520,23335,1052.39,2236.02,C403,TP1155
CMP18,18,CMP18_influencer,1,135,4.13,Influencer,15 days,Instagram,Miami,French,18-01-2021,CAMP00018,05-11-2025,17-11-2025,281690,22173,3399.93,5565.65,C403,TP288
CMP06,6,CMP06_display,8,12,9.96,Display,15 days,Instagram,New York,German,06-01-2021,CAMP00006,08-07-2025,21-07-2025,177469,7979,3540.34,3885.94,C403,TP785
CMP12,12,CMP12_influencer,1,33,8.8,Influencer,60 days,Google Ads,Los Angeles,Mandarin,12-01-2021,CAMP00012,29-03-2025,06-04-2025,107304,7128,3882.92,7276.43,C403,TP327
CMP10,10,CMP10_email,7,109,2.84,Email,15 days,Instagram,Los Angeles,English,10-01-2021,CAMP00010,03-08-2025,16-08-2025,195376,2474,1142.07,2323.19,C403,TP1746
CMP07,7,CMP07_email,9,126,9.33,Email,60 days,Website,Los Angeles,Spanish,07-01-2021,CAMP00007,21-01-2025,05-02-2025,174231,2160,1999.53,3306.37,C404,TP2609
CMP10,10,CMP10_email,1,56,2.36,Email,15 days,Instagram,Los Angeles,English,10-01-2021,CAMP00010,03-08-2025,16-08-2025,195376,2474,1142.07,2323.19,C404,TP413
CMP04,4,CMP04_display,1,134,8.2,Display,60 days,YouTube,Miami,Mandarin,04-01-2021,CAMP00004,17-04-2025,30-04-2025,156382,2672,1252.63,2209.74,C404,TP2299
CMP11,11,CMP11_display,6,189,2.25,Display,45 days,Email,New York,Spanish,11-01-2021,CAMP00011,27-11-2025,04-12-2025,53998,1343,2491.07,4360.88,C404,TP2424
CMP09,9,CMP09_social_media,2,124,9.88,Social Media,15 days,Facebook,Chicago,German,09-01-2021,CAMP00009,02-05-2025,08-05-2025,209438,2474,2385.72,2800.53,C404,TP375
CMP13,13,CMP13_social_media,9,80,6.76,Social Media,60 days,Facebook,Chicago,Mandarin,13-01-2021,CAMP00013,10-04-2025,15-04-2025,194692,11436,973.85,2310.62,C404,TP1755
CMP01,1,CMP01_email,8,23,4.21,Email,30 days,Google Ads,Chicago,Spanish,01-01-2021,CAMP00001,13-04-2025,19-04-2025,293520,23335,1052.39,2236.02,C405,TP1163
CMP14,14,CMP14_email,0,174,7.44,Email,45 days,Instagram,New York,German,14-01-2021,CAMP00014,26-12-2025,31-12-2025,207001,14356,2479.11,2827.93,C405,TP1014
CMP03,3,CMP03_influencer,7,123,2.78,Influencer,30 days,YouTube,Los Angeles,French,03-01-2021,CAMP00003,28-09-2025,06-10-2025,239365,16478,1000.39,1902.24,C405,TP1565
CMP05,5,CMP05_email,0,126,2.6,Email,15 days,YouTube,Los Angeles,Mandarin,05-01-2021,CAMP00005,13-03-2025,22-03-2025,285472,4155,4935.48,14111.31,C406,TP1878
CMP10,10,CMP10_email,8,144,9.85,Email,15 days,Instagram,Los Angeles,English,10-01-2021,CAMP00010,03-08-2025,16-08-2025,195376,2474,1142.07,2323.19,C406,TP2308
CMP04,4,CMP04_display,9,79,2.72,Display,60 days,YouTube,Miami,Mandarin,04-01-2021,CAMP00004,17-04-2025,30-04-2025,156382,2672,1252.63,2209.74,C406,TP1398
CMP17,17,CMP17_display,8,189,3.36,Display,45 days,Website,Houston,English,17-01-2021,CAMP00017,30-05-2025,14-06-2025,12103,168,4112.15,11010.78,C406,TP2500
CMP05,5,CMP05_email,7,106,7.56,Email,15 days,YouTube,Los Angeles,Mandarin,05-01-2021,CAMP00005,13-03-2025,22-03-2025,285472,4155,4935.48,14111.31,C407,TP1964
CMP07,7,CMP07_email,6,121,1.74,Email,60 days,Website,Los Angeles,Spanish,07-01-2021,CAMP00007,21-01-2025,05-02-2025,174231,2160,1999.53,3306.37,C407,TP160
CMP13,13,CMP13_social_media,4,42,1.84,Social Media,60 days,Facebook,Chicago,Mandarin,13-01-2021,CAMP00013,10-04-2025,15-04-2025,194692,11436,973.85,2310.62,C407,TP1074
CMP03,3,CMP03_influencer,4,182,1.75,Influencer,30 days,YouTube,Los Angeles,French,03-01-2021,CAMP00003,28-09-2025,06-10-2025,239365,16478,1000.39,1902.24,C407,TP1359
CMP07,7,CMP07_email,1,183,4.36,Email,60 days,Website,Los Angeles,Spanish,07-01-2021,CAMP00007,21-01-2025,05-02-2025,174231,2160,1999.53,3306.37,C407,TP1220
CMP08,8,CMP08_search,9,14,9.07,Search,45 days,Google Ads,Los Angeles,Mandarin,08-01-2021,CAMP00008,13-04-2025,26-04-2025,234598,21435,3793.91,7159.09,C407,TP1561
CMP11,11,CMP11_display,3,37,0.85,Display,45 days,Email,New York,Spanish,11-01-2021,CAMP00011,27-11-2025,04-12-2025,53998,1343,2491.07,4360.88,C407,TP200
CMP11,11,CMP11_display,2,192,3.8,Display,45 days,Email,New York,Spanish,11-01-2021,CAMP00011,27-11-2025,04-12-2025,53998,1343,2491.07,4360.88,C408,TP1305
CMP11,11,CMP11_display,10,37,3.42,Display,45 days,Email,New York,Spanish,11-01-2021,CAMP00011,27-11-2025,04-12-2025,53998,1343,2491.07,4360.88,C408,TP521
CMP05,5,CMP05_email,4,191,6.11,Email,15 days,YouTube,Los Angeles,Mandarin,05-01-2021,CAMP00005,13-03-2025,22-03-2025,285472,4155,4935.48,14111.31,C408,TP745
CMP14,14,CMP14_email,3,13,1.14,Email,45 days,Instagram,New York,German,14-01-2021,CAMP00014,26-12-2025,31-12-2025,207001,14356,2479.11,2827.93,C408,TP1375
CMP19,19,CMP19_social_media,7,28,2.56,Social Media,60 days,Google Ads,New York,French,19-01-2021,CAMP00019,15-09-2025,24-09-2025,260948,21678,4608.11,7497.56,C408,TP944
CMP03,3,CMP03_influencer,0,184,4.8,Influencer,30 days,YouTube,Los Angeles,French,03-01-2021,CAMP00003,28-09-2025,06-10-2025,239365,16478,1000.39,1902.24,C408,TP380
CMP06,6,CMP06_display,5,22,5.95,Display,15 days,Instagram,New York,German,06-01-2021,CAMP00006,08-07-2025,21-07-2025,177469,7979,3540.34,3885.94,C409,TP2016
CMP08,8,CMP08_search,4,52,1.32,Search,45 days,Google Ads,Los Angeles,Mandarin,08-01-2021,CAMP00008,13-04-2025,26-04-2025,234598,21435,3793.91,7159.09,C409,TP520
CMP09,9,CMP09_social_media,10,134,7.73,Social Media,15 days,Facebook,Chicago,German,09-01-2021,CAMP00009,02-05-2025,08-05-2025,209438,2474,2385.72,2800.53,C409,TP2057
CMP15,15,CMP15_display,5,91,4.79,Display,45 days,Website,Chicago,Spanish,15-01-2021,CAMP00015,01-06-2025,06-06-2025,257862,23315,684.67,2001.69,C409,TP982
CMP01,1,CMP01_email,10,79,2.35,Email,30 days,Google Ads,Chicago,Spanish,01-01-2021,CAMP00001,13-04-2025,19-04-2025,293520,23335,1052.39,2236.02,C409,TP896
CMP14,14,CMP14_email,8,131,9.8,Email,45 days,Instagram,New York,German,14-01-2021,CAMP00014,26-12-2025,31-12-2025,207001,14356,2479.11,2827.93,C409,TP2170
CMP16,16,CMP16_social_media,2,14,1.73,Social Media,60 days,YouTube,New York,German,16-01-2021,CAMP00016,11-05-2025,24-05-2025,159957,8149,4229.14,8648.05,C410,TP1954
CMP12,12,CMP12_influencer,0,138,3.81,Influencer,60 days,Google Ads,Los Angeles,Mandarin,12-01-2021,CAMP00012,29-03-2025,06-04-2025,107304,7128,3882.92,7276.43,C410,TP1332
CMP01,1,CMP01_email,4,153,0.84,Email,30 days,Google Ads,Chicago,Spanish,01-01-2021,CAMP00001,13-04-2025,19-04-2025,293520,23335,1052.39,2236.02,C410,TP120
CMP03,3,CMP03_influencer,7,34,4.26,Influencer,30 days,YouTube,Los Angeles,French,03-01-2021,CAMP00003,28-09-2025,06-10-2025,239365,16478,1000.39,1902.24,C410,TP2548
CMP04,4,CMP04_display,8,27,8.79,Display,60 days,YouTube,Miami,Mandarin,04-01-2021,CAMP00004,17-04-2025,30-04-2025,156382,2672,1252.63,2209.74,C410,TP1845
CMP14,14,CMP14_email,3,48,7.46,Email,45 days,Instagram,New York,German,14-01-2021,CAMP00014,26-12-2025,31-12-2025,207001,14356,2479.11,2827.93,C410,TP1416
CMP11,11,CMP11_display,4,33,6.58,Display,45 days,Email,New York,Spanish,11-01-2021,CAMP00011,27-11-2025,04-12-2025,53998,1343,2491.07,4360.88,C410,TP723
CMP15,15,CMP15_display,7,74,5.36,Display,45 days,Website,Chicago,Spanish,15-01-2021,CAMP00015,01-06-2025,06-06-2025,257862,23315,684.67,2001.69,C411,TP1464
CMP17,17,CMP17_display,10,49,5.75,Display,45 days,Website,Houston,English,17-01-2021,CAMP00017,30-05-2025,14-06-2025,12103,168,4112.15,11010.78,C411,TP1503
CMP07,7,CMP07_email,6,134,9.43,Email,60 days,Website,Los Angeles,Spanish,07-01-2021,CAMP00007,21-01-2025,05-02-2025,174231,2160,1999.53,3306.37,C411,TP962
CMP02,2,CMP02_email,8,55,2.57,Email,60 days,Google Ads,New York,German,02-01-2021,CAMP00002,15-12-2025,24-12-2025,200340,15841,3964.9,11740.15,C411,TP1471
CMP09,9,CMP09_social_media,3,94,5.14,Social Media,15 days,Facebook,Chicago,German,09-01-2021,CAMP00009,02-05-2025,08-05-2025,209438,2474,2385.72,2800.53,C411,TP246
CMP10,10,CMP10_email,9,167,2.14,Email,15 days,Instagram,Los Angeles,English,10-01-2021,CAMP00010,03-08-2025,16-08-2025,195376,2474,1142.07,2323.19,C411,TP1176
CMP19,19,CMP19_social_media,4,189,3.69,Social Media,60 days,Google Ads,New York,French,19-01-2021,CAMP00019,15-09-2025,24-09-2025,260948,21678,4608.11,7497.56,C412,TP2291
CMP08,8,CMP08_search,9,41,8.07,Search,45 days,Google Ads,Los Angeles,Mandarin,08-01-2021,CAMP00008,13-04-2025,26-04-2025,234598,21435,3793.91,7159.09,C412,TP2590
CMP14,14,CMP14_email,2,26,7.66,Email,45 days,Instagram,New York,German,14-01-2021,CAMP00014,26-12-2025,31-12-2025,207001,14356,2479.11,2827.93,C413,TP1679
CMP06,6,CMP06_display,5,149,8.62,Display,15 days,Instagram,New York,German,06-01-2021,CAMP00006,08-07-2025,21-07-2025,177469,7979,3540.34,3885.94,C413,TP735
CMP15,15,CMP15_display,2,134,8.12,Display,45 days,Website,Chicago,Spanish,15-01-2021,CAMP00015,01-06-2025,06-06-2025,257862,23315,684.67,2001.69,C413,TP971
CMP07,7,CMP07_email,8,140,6.98,Email,60 days,Website,Los Angeles,Spanish,07-01-2021,CAMP00007,21-01-2025,05-02-2025,174231,2160,1999.53,3306.37,C414,TP026
CMP03,3,CMP03_influencer,7,167,4.53,Influencer,30 days,YouTube,Los Angeles,French,03-01-2021,CAMP00003,28-09-2025,06-10-2025,239365,16478,1000.39,1902.24,C414,TP2495
CMP16,16,CMP16_social_media,5,140,4.88,Social Media,60 days,YouTube,New York,German,16-01-2021,CAMP00016,11-05-2025,24-05-2025,159957,8149,4229.14,8648.05,C414,TP2030
CMP13,13,CMP13_social_media,7,108,3.17,Social Media,60 days,Facebook,Chicago,Mandarin,13-01-2021,CAMP00013,10-04-2025,15-04-2025,194692,11436,973.85,2310.62,C414,TP2284
CMP04,4,CMP04_display,0,199,6.46,Display,60 days,YouTube,Miami,Mandarin,04-01-2021,CAMP00004,17-04-2025,30-04-2025,156382,2672,1252.63,2209.74,C414,TP2056
CMP11,11,CMP11_display,9,186,1.26,Display,45 days,Email,New York,Spanish,11-01-2021,CAMP00011,27-11-2025,04-12-2025,53998,1343,2491.07,4360.88,C415,TP863
CMP12,12,CMP12_influencer,6,101,8.84,Influencer,60 days,Google Ads,Los Angeles,Mandarin,12-01-2021,CAMP00012,29-03-2025,06-04-2025,107304,7128,3882.92,7276.43,C415,TP349
CMP05,5,CMP05_email,3,178,6.01,Email,15 days,YouTube,Los Angeles,Mandarin,05-01-2021,CAMP00005,13-03-2025,22-03-2025,285472,4155,4935.48,14111.31,C415,TP2256
CMP06,6,CMP06_display,8,100,9.5,Display,15 days,Instagram,New York,German,06-01-2021,CAMP00006,08-07-2025,21-07-2025,177469,7979,3540.34,3885.94,C415,TP927
CMP07,7,CMP07_email,6,193,1.44,Email,60 days,Website,Los Angeles,Spanish,07-01-2021,CAMP00007,21-01-2025,05-02-2025,174231,2160,1999.53,3306.37,C416,TP2336
CMP18,18,CMP18_influencer,3,140,4.22,Influencer,15 days,Instagram,Miami,French,18-01-2021,CAMP00018,05-11-2025,17-11-2025,281690,22173,3399.93,5565.65,C416,TP2487
CMP14,14,CMP14_email,2,196,1.56,Email,45 days,Instagram,New York,German,14-01-2021,CAMP00014,26-12-2025,31-12-2025,207001,14356,2479.11,2827.93,C416,TP296
CMP01,1,CMP01_email,2,147,2.83,Email,30 days,Google Ads,Chicago,Spanish,01-01-2021,CAMP00001,13-04-2025,19-04-2025,293520,23335,1052.39,2236.02,C416,TP2036
CMP05,5,CMP05_email,5,155,1.45,Email,15 days,YouTube,Los Angeles,Mandarin,05-01-2021,CAMP00005,13-03-2025,22-03-2025,285472,4155,4935.48,14111.31,C416,TP479
CMP15,15,CMP15_display,6,189,6.68,Display,45 days,Website,Chicago,Spanish,15-01-2021,CAMP00015,01-06-2025,06-06-2025,257862,23315,684.67,2001.69,C416,TP2526
CMP05,5,CMP05_email,1,9,7.14,Email,15 days,YouTube,Los Angeles,Mandarin,05-01-2021,CAMP00005,13-03-2025,22-03-2025,285472,4155,4935.48,14111.31,C417,TP898
CMP13,13,CMP13_social_media,6,73,3.25,Social Media,60 days,Facebook,Chicago,Mandarin,13-01-2021,CAMP00013,10-04-2025,15-04-2025,194692,11436,973.85,2310.62,C417,TP508
CMP16,16,CMP16_social_media,10,58,9.23,Social Media,60 days,YouTube,New York,German,16-01-2021,CAMP00016,11-05-2025,24-05-2025,159957,8149,4229.14,8648.05,C417,TP703
CMP13,13,CMP13_social_media,0,33,9.72,Social Media,60 days,Facebook,Chicago,Mandarin,13-01-2021,CAMP00013,10-04-2025,15-04-2025,194692,11436,973.85,2310.62,C417,TP2496
CMP08,8,CMP08_search,0,195,2.28,Search,45 days,Google Ads,Los Angeles,Mandarin,08-01-2021,CAMP00008,13-04-2025,26-04-2025,234598,21435,3793.91,7159.09,C417,TP966
CMP17,17,CMP17_display,7,151,8.11,Display,45 days,Website,Houston,English,17-01-2021,CAMP00017,30-05-2025,14-06-2025,12103,168,4112.15,11010.78,C417,TP695
CMP07,7,CMP07_email,1,18,9.52,Email,60 days,Website,Los Angeles,Spanish,07-01-2021,CAMP00007,21-01-2025,05-02-2025,174231,2160,1999.53,3306.37,C417,TP1009
CMP02,2,CMP02_email,7,99,0.8,Email,60 days,Google Ads,New York,German,02-01-2021,CAMP00002,15-12-2025,24-12-2025,200340,15841,3964.9,11740.15,C417,TP336
CMP17,17,CMP17_display,9,47,5.87,Display,45 days,Website,Houston,English,17-01-2021,CAMP00017,30-05-2025,14-06-2025,12103,168,4112.15,11010.78,C418,TP1601
CMP16,16,CMP16_social_media,10,68,7.62,Social Media,60 days,YouTube,New York,German,16-01-2021,CAMP00016,11-05-2025,24-05-2025,159957,8149,4229.14,8648.05,C418,TP726
CMP08,8,CMP08_search,4,137,3.04,Search,45 days,Google Ads,Los Angeles,Mandarin,08-01-2021,CAMP00008,13-04-2025,26-04-2025,234598,21435,3793.91,7159.09,C418,TP1391
CMP15,15,CMP15_display,5,53,3.1,Display,45 days,Website,Chicago,Spanish,15-01-2021,CAMP00015,01-06-2025,06-06-2025,257862,23315,684.67,2001.69,C418,TP157
CMP06,6,CMP06_display,9,25,8.19,Display,15 days,Instagram,New York,German,06-01-2021,CAMP00006,08-07-2025,21-07-2025,177469,7979,3540.34,3885.94,C418,TP2630
CMP12,12,CMP12_influencer,8,145,9.57,Influencer,60 days,Google Ads,Los Angeles,Mandarin,12-01-2021,CAMP00012,29-03-2025,06-04-2025,107304,7128,3882.92,7276.43,C418,TP1718
CMP18,18,CMP18_influencer,4,143,5.87,Influencer,15 days,Instagram,Miami,French,18-01-2021,CAMP00018,05-11-2025,17-11-2025,281690,22173,3399.93,5565.65,C419,TP1377
CMP11,11,CMP11_display,8,107,2.92,Display,45 days,Email,New York,Spanish,11-01-2021,CAMP00011,27-11-2025,04-12-2025,53998,1343,2491.07,4360.88,C419,TP2141
CMP06,6,CMP06_display,1,114,9.37,Display,15 days,Instagram,New York,German,06-01-2021,CAMP00006,08-07-2025,21-07-2025,177469,7979,3540.34,3885.94,C419,TP145
CMP19,19,CMP19_social_media,10,112,3.13,Social Media,60 days,Google Ads,New York,French,19-01-2021,CAMP00019,15-09-2025,24-09-2025,260948,21678,4608.11,7497.56,C420,TP1507
CMP11,11,CMP11_display,3,65,8.56,Display,45 days,Email,New York,Spanish,11-01-2021,CAMP00011,27-11-2025,04-12-2025,53998,1343,2491.07,4360.88,C420,TP084
CMP13,13,CMP13_social_media,1,9,4.72,Social Media,60 days,Facebook,Chicago,Mandarin,13-01-2021,CAMP00013,10-04-2025,15-04-2025,194692,11436,973.85,2310.62,C420,TP737
CMP11,11,CMP11_display,3,185,4.19,Display,45 days,Email,New York,Spanish,11-01-2021,CAMP00011,27-11-2025,04-12-2025,53998,1343,2491.07,4360.88,C420,TP385
CMP12,12,CMP12_influencer,4,70,2.72,Influencer,60 days,Google Ads,Los Angeles,Mandarin,12-01-2021,CAMP00012,29-03-2025,06-04-2025,107304,7128,3882.92,7276.43,C420,TP1568
CMP19,19,CMP19_social_media,4,169,7.76,Social Media,60 days,Google Ads,New York,French,19-01-2021,CAMP00019,15-09-2025,24-09-2025,260948,21678,4608.11,7497.56,C420,TP2623
CMP06,6,CMP06_display,0,33,6.59,Display,15 days,Instagram,New York,German,06-01-2021,CAMP00006,08-07-2025,21-07-2025,177469,7979,3540.34,3885.94,C420,TP2631
CMP03,3,CMP03_influencer,0,32,7.83,Influencer,30 days,YouTube,Los Angeles,French,03-01-2021,CAMP00003,28-09-2025,06-10-2025,239365,16478,1000.39,1902.24,C420,TP326
CMP04,4,CMP04_display,10,58,1.43,Display,60 days,YouTube,Miami,Mandarin,04-01-2021,CAMP00004,17-04-2025,30-04-2025,156382,2672,1252.63,2209.74,C420,TP1465
CMP16,16,CMP16_social_media,4,173,8.01,Social Media,60 days,YouTube,New York,German,16-01-2021,CAMP00016,11-05-2025,24-05-2025,159957,8149,4229.14,8648.05,C422,TP899
CMP15,15,CMP15_display,6,60,9.19,Display,45 days,Website,Chicago,Spanish,15-01-2021,CAMP00015,01-06-2025,06-06-2025,257862,23315,684.67,2001.69,C422,TP848
CMP15,15,CMP15_display,3,119,4.09,Display,45 days,Website,Chicago,Spanish,15-01-2021,CAMP00015,01-06-2025,06-06-2025,257862,23315,684.67,2001.69,C422,TP1818
CMP08,8,CMP08_search,5,39,2.54,Search,45 days,Google Ads,Los Angeles,Mandarin,08-01-2021,CAMP00008,13-04-2025,26-04-2025,234598,21435,3793.91,7159.09,C422,TP1432
CMP15,15,CMP15_display,2,72,8.75,Display,45 days,Website,Chicago,Spanish,15-01-2021,CAMP00015,01-06-2025,06-06-2025,257862,23315,684.67,2001.69,C422,TP2238
CMP12,12,CMP12_influencer,4,156,2.88,Influencer,60 days,Google Ads,Los Angeles,Mandarin,12-01-2021,CAMP00012,29-03-2025,06-04-2025,107304,7128,3882.92,7276.43,C422,TP2387
CMP03,3,CMP03_influencer,3,135,2.49,Influencer,30 days,YouTube,Los Angeles,French,03-01-2021,CAMP00003,28-09-2025,06-10-2025,239365,16478,1000.39,1902.24,C422,TP1766
CMP06,6,CMP06_display,4,89,6.8,Display,15 days,Instagram,New York,German,06-01-2021,CAMP00006,08-07-2025,21-07-2025,177469,7979,3540.34,3885.94,C422,TP1083
CMP15,15,CMP15_display,10,109,8.38,Display,45 days,Website,Chicago,Spanish,15-01-2021,CAMP00015,01-06-2025,06-06-2025,257862,23315,684.67,2001.69,C422,TP386
CMP03,3,CMP03_influencer,5,195,0.64,Influencer,30 days,YouTube,Los Angeles,French,03-01-2021,CAMP00003,28-09-2025,06-10-2025,239365,16478,1000.39,1902.24,C423,TP888
CMP14,14,CMP14_email,7,148,1.75,Email,45 days,Instagram,New York,German,14-01-2021,CAMP00014,26-12-2025,31-12-2025,207001,14356,2479.11,2827.93,C423,TP1986
CMP07,7,CMP07_email,0,172,4.07,Email,60 days,Website,Los Angeles,Spanish,07-01-2021,CAMP00007,21-01-2025,05-02-2025,174231,2160,1999.53,3306.37,C423,TP815
CMP18,18,CMP18_influencer,9,18,3.09,Influencer,15 days,Instagram,Miami,French,18-01-2021,CAMP00018,05-11-2025,17-11-2025,281690,22173,3399.93,5565.65,C424,TP2486
CMP10,10,CMP10_email,7,171,6.51,Email,15 days,Instagram,Los Angeles,English,10-01-2021,CAMP00010,03-08-2025,16-08-2025,195376,2474,1142.07,2323.19,C424,TP1262
CMP11,11,CMP11_display,1,96,7.05,Display,45 days,Email,New York,Spanish,11-01-2021,CAMP00011,27-11-2025,04-12-2025,53998,1343,2491.07,4360.88,C424,TP1660
CMP08,8,CMP08_search,6,98,6.49,Search,45 days,Google Ads,Los Angeles,Mandarin,08-01-2021,CAMP00008,13-04-2025,26-04-2025,234598,21435,3793.91,7159.09,C424,TP337
CMP07,7,CMP07_email,2,163,5.76,Email,60 days,Website,Los Angeles,Spanish,07-01-2021,CAMP00007,21-01-2025,05-02-2025,174231,2160,1999.53,3306.37,C424,TP2004
CMP12,12,CMP12_influencer,3,49,8.61,Influencer,60 days,Google Ads,Los Angeles,Mandarin,12-01-2021,CAMP00012,29-03-2025,06-04-2025,107304,7128,3882.92,7276.43,C424,TP1577
CMP13,13,CMP13_social_media,0,92,2.37,Social Media,60 days,Facebook,Chicago,Mandarin,13-01-2021,CAMP00013,10-04-2025,15-04-2025,194692,11436,973.85,2310.62,C424,TP581
CMP03,3,CMP03_influencer,4,47,1.49,Influencer,30 days,YouTube,Los Angeles,French,03-01-2021,CAMP00003,28-09-2025,06-10-2025,239365,16478,1000.39,1902.24,C425,TP1589
CMP01,1,CMP01_email,8,195,5.51,Email,30 days,Google Ads,Chicago,Spanish,01-01-2021,CAMP00001,13-04-2025,19-04-2025,293520,23335,1052.39,2236.02,C425,TP2122
CMP18,18,CMP18_influencer,8,71,7.05,Influencer,15 days,Instagram,Miami,French,18-01-2021,CAMP00018,05-11-2025,17-11-2025,281690,22173,3399.93,5565.65,C425,TP2466
CMP03,3,CMP03_influencer,2,130,8.86,Influencer,30 days,YouTube,Los Angeles,French,03-01-2021,CAMP00003,28-09-2025,06-10-2025,239365,16478,1000.39,1902.24,C425,TP1267
CMP13,13,CMP13_social_media,0,15,8.48,Social Media,60 days,Facebook,Chicago,Mandarin,13-01-2021,CAMP00013,10-04-2025,15-04-2025,194692,11436,973.85,2310.62,C426,TP2634
CMP02,2,CMP02_email,9,40,1.28,Email,60 days,Google Ads,New York,German,02-01-2021,CAMP00002,15-12-2025,24-12-2025,200340,15841,3964.9,11740.15,C426,TP2022
CMP13,13,CMP13_social_media,5,159,6.6,Social Media,60 days,Facebook,Chicago,Mandarin,13-01-2021,CAMP00013,10-04-2025,15-04-2025,194692,11436,973.85,2310.62,C426,TP2249
CMP15,15,CMP15_display,3,171,7.04,Display,45 days,Website,Chicago,Spanish,15-01-2021,CAMP00015,01-06-2025,06-06-2025,257862,23315,684.67,2001.69,C427,TP1605
CMP08,8,CMP08_search,7,134,0.8,Search,45 days,Google Ads,Los Angeles,Mandarin,08-01-2021,CAMP00008,13-04-2025,26-04-2025,234598,21435,3793.91,7159.09,C427,TP2091
CMP13,13,CMP13_social_media,6,125,6.47,Social Media,60 days,Facebook,Chicago,Mandarin,13-01-2021,CAMP00013,10-04-2025,15-04-2025,194692,11436,973.85,2310.62,C427,TP698
CMP16,16,CMP16_social_media,0,188,0.73,Social Media,60 days,YouTube,New York,German,16-01-2021,CAMP00016,11-05-2025,24-05-2025,159957,8149,4229.14,8648.05,C427,TP1905
CMP13,13,CMP13_social_media,2,180,5.82,Social Media,60 days,Facebook,Chicago,Mandarin,13-01-2021,CAMP00013,10-04-2025,15-04-2025,194692,11436,973.85,2310.62,C428,TP1772
CMP14,14,CMP14_email,0,174,1.5,Email,45 days,Instagram,New York,German,14-01-2021,CAMP00014,26-12-2025,31-12-2025,207001,14356,2479.11,2827.93,C428,TP2513
CMP03,3,CMP03_influencer,10,160,9.81,Influencer,30 days,YouTube,Los Angeles,French,03-01-2021,CAMP00003,28-09-2025,06-10-2025,239365,16478,1000.39,1902.24,C428,TP2418
CMP17,17,CMP17_display,4,58,8.11,Display,45 days,Website,Houston,English,17-01-2021,CAMP00017,30-05-2025,14-06-2025,12103,168,4112.15,11010.78,C428,TP078
CMP10,10,CMP10_email,1,147,2.67,Email,15 days,Instagram,Los Angeles,English,10-01-2021,CAMP00010,03-08-2025,16-08-2025,195376,2474,1142.07,2323.19,C429,TP2065
CMP08,8,CMP08_search,7,160,2.51,Search,45 days,Google Ads,Los Angeles,Mandarin,08-01-2021,CAMP00008,13-04-2025,26-04-2025,234598,21435,3793.91,7159.09,C429,TP1656
CMP10,10,CMP10_email,8,52,3.29,Email,15 days,Instagram,Los Angeles,English,10-01-2021,CAMP00010,03-08-2025,16-08-2025,195376,2474,1142.07,2323.19,C430,TP2343
CMP13,13,CMP13_social_media,2,85,9.58,Social Media,60 days,Facebook,Chicago,Mandarin,13-01-2021,CAMP00013,10-04-2025,15-04-2025,194692,11436,973.85,2310.62,C430,TP2404
CMP14,14,CMP14_email,2,93,2.54,Email,45 days,Instagram,New York,German,14-01-2021,CAMP00014,26-12-2025,31-12-2025,207001,14356,2479.11,2827.93,C431,TP080
CMP14,14,CMP14_email,1,58,4.83,Email,45 days,Instagram,New York,German,14-01-2021,CAMP00014,26-12-2025,31-12-2025,207001,14356,2479.11,2827.93,C431,TP1580
CMP11,11,CMP11_display,7,155,5.19,Display,45 days,Email,New York,Spanish,11-01-2021,CAMP00011,27-11-2025,04-12-2025,53998,1343,2491.07,4360.88,C431,TP497
CMP14,14,CMP14_email,0,149,6.98,Email,45 days,Instagram,New York,German,14-01-2021,CAMP00014,26-12-2025,31-12-2025,207001,14356,2479.11,2827.93,C431,TP173
CMP07,7,CMP07_email,4,22,5.9,Email,60 days,Website,Los Angeles,Spanish,07-01-2021,CAMP00007,21-01-2025,05-02-2025,174231,2160,1999.53,3306.37,C432,TP1735
CMP16,16,CMP16_social_media,0,169,1.57,Social Media,60 days,YouTube,New York,German,16-01-2021,CAMP00016,11-05-2025,24-05-2025,159957,8149,4229.14,8648.05,C432,TP2438
CMP09,9,CMP09_social_media,3,13,7.19,Social Media,15 days,Facebook,Chicago,German,09-01-2021,CAMP00009,02-05-2025,08-05-2025,209438,2474,2385.72,2800.53,C432,TP652
CMP11,11,CMP11_display,7,143,2.14,Display,45 days,Email,New York,Spanish,11-01-2021,CAMP00011,27-11-2025,04-12-2025,53998,1343,2491.07,4360.88,C432,TP2075
CMP02,2,CMP02_email,10,17,6.89,Email,60 days,Google Ads,New York,German,02-01-2021,CAMP00002,15-12-2025,24-12-2025,200340,15841,3964.9,11740.15,C433,TP1172
CMP19,19,CMP19_social_media,10,100,2.95,Social Media,60 days,Google Ads,New York,French,19-01-2021,CAMP00019,15-09-2025,24-09-2025,260948,21678,4608.11,7497.56,C434,TP841
CMP17,17,CMP17_display,6,139,7.35,Display,45 days,Website,Houston,English,17-01-2021,CAMP00017,30-05-2025,14-06-2025,12103,168,4112.15,11010.78,C434,TP347
CMP09,9,CMP09_social_media,7,196,8.28,Social Media,15 days,Facebook,Chicago,German,09-01-2021,CAMP00009,02-05-2025,08-05-2025,209438,2474,2385.72,2800.53,C434,TP1385
CMP18,18,CMP18_influencer,0,155,2.34,Influencer,15 days,Instagram,Miami,French,18-01-2021,CAMP00018,05-11-2025,17-11-2025,281690,22173,3399.93,5565.65,C434,TP1151
CMP09,9,CMP09_social_media,3,118,2.83,Social Media,15 days,Facebook,Chicago,German,09-01-2021,CAMP00009,02-05-2025,08-05-2025,209438,2474,2385.72,2800.53,C435,TP2337
CMP12,12,CMP12_influencer,10,189,3.64,Influencer,60 days,Google Ads,Los Angeles,Mandarin,12-01-2021,CAMP00012,29-03-2025,06-04-2025,107304,7128,3882.92,7276.43,C435,TP1647
CMP01,1,CMP01_email,2,70,9.3,Email,30 days,Google Ads,Chicago,Spanish,01-01-2021,CAMP00001,13-04-2025,19-04-2025,293520,23335,1052.39,2236.02,C435,TP1449
CMP17,17,CMP17_display,10,95,1.0,Display,45 days,Website,Houston,English,17-01-2021,CAMP00017,30-05-2025,14-06-2025,12103,168,4112.15,11010.78,C435,TP2620
CMP10,10,CMP10_email,7,17,1.42,Email,15 days,Instagram,Los Angeles,English,10-01-2021,CAMP00010,03-08-2025,16-08-2025,195376,2474,1142.07,2323.19,C435,TP634
CMP07,7,CMP07_email,6,65,7.29,Email,60 days,Website,Los Angeles,Spanish,07-01-2021,CAMP00007,21-01-2025,05-02-2025,174231,2160,1999.53,3306.37,C435,TP1327
CMP04,4,CMP04_display,0,65,3.32,Display,60 days,YouTube,Miami,Mandarin,04-01-2021,CAMP00004,17-04-2025,30-04-2025,156382,2672,1252.63,2209.74,C435,TP1319
CMP08,8,CMP08_search,2,125,6.76,Search,45 days,Google Ads,Los Angeles,Mandarin,08-01-2021,CAMP00008,13-04-2025,26-04-2025,234598,21435,3793.91,7159.09,C435,TP1081
CMP19,19,CMP19_social_media,7,185,7.31,Social Media,60 days,Google Ads,New York,French,19-01-2021,CAMP00019,15-09-2025,24-09-2025,260948,21678,4608.11,7497.56,C435,TP1916
CMP01,1,CMP01_email,4,98,5.74,Email,30 days,Google Ads,Chicago,Spanish,01-01-2021,CAMP00001,13-04-2025,19-04-2025,293520,23335,1052.39,2236.02,C435,TP1674
CMP03,3,CMP03_influencer,5,133,5.87,Influencer,30 days,YouTube,Los Angeles,French,03-01-2021,CAMP00003,28-09-2025,06-10-2025,239365,16478,1000.39,1902.24,C435,TP1094
CMP07,7,CMP07_email,2,146,9.95,Email,60 days,Website,Los Angeles,Spanish,07-01-2021,CAMP00007,21-01-2025,05-02-2025,174231,2160,1999.53,3306.37,C435,TP1447
CMP19,19,CMP19_social_media,2,61,3.53,Social Media,60 days,Google Ads,New York,French,19-01-2021,CAMP00019,15-09-2025,24-09-2025,260948,21678,4608.11,7497.56,C436,TP802
CMP03,3,CMP03_influencer,3,68,8.94,Influencer,30 days,YouTube,Los Angeles,French,03-01-2021,CAMP00003,28-09-2025,06-10-2025,239365,16478,1000.39,1902.24,C436,TP002
CMP17,17,CMP17_display,2,151,3.18,Display,45 days,Website,Houston,English,17-01-2021,CAMP00017,30-05-2025,14-06-2025,12103,168,4112.15,11010.78,C436,TP1585
CMP09,9,CMP09_social_media,4,166,1.86,Social Media,15 days,Facebook,Chicago,German,09-01-2021,CAMP00009,02-05-2025,08-05-2025,209438,2474,2385.72,2800.53,C436,TP2326
CMP11,11,CMP11_display,3,136,2.73,Display,45 days,Email,New York,Spanish,11-01-2021,CAMP00011,27-11-2025,04-12-2025,53998,1343,2491.07,4360.88,C436,TP1491
CMP14,14,CMP14_email,6,44,1.98,Email,45 days,Instagram,New York,German,14-01-2021,CAMP00014,26-12-2025,31-12-2025,207001,14356,2479.11,2827.93,C437,TP1025
CMP17,17,CMP17_display,8,42,4.78,Display,45 days,Website,Houston,English,17-01-2021,CAMP00017,30-05-2025,14-06-2025,12103,168,4112.15,11010.78,C437,TP2253
CMP17,17,CMP17_display,7,162,8.16,Display,45 days,Website,Houston,English,17-01-2021,CAMP00017,30-05-2025,14-06-2025,12103,168,4112.15,11010.78,C437,TP1282
CMP10,10,CMP10_email,9,163,6.95,Email,15 days,Instagram,Los Angeles,English,10-01-2021,CAMP00010,03-08-2025,16-08-2025,195376,2474,1142.07,2323.19,C437,TP2077
CMP13,13,CMP13_social_media,3,162,8.46,Social Media,60 days,Facebook,Chicago,Mandarin,13-01-2021,CAMP00013,10-04-2025,15-04-2025,194692,11436,973.85,2310.62,C438,TP1574
CMP07,7,CMP07_email,5,5,3.98,Email,60 days,Website,Los Angeles,Spanish,07-01-2021,CAMP00007,21-01-2025,05-02-2025,174231,2160,1999.53,3306.37,C438,TP2596
CMP12,12,CMP12_influencer,5,138,5.77,Influencer,60 days,Google Ads,Los Angeles,Mandarin,12-01-2021,CAMP00012,29-03-2025,06-04-2025,107304,7128,3882.92,7276.43,C438,TP434
CMP13,13,CMP13_social_media,9,112,1.54,Social Media,60 days,Facebook,Chicago,Mandarin,13-01-2021,CAMP00013,10-04-2025,15-04-2025,194692,11436,973.85,2310.62,C438,TP1056
CMP06,6,CMP06_display,9,89,1.33,Display,15 days,Instagram,New York,German,06-01-2021,CAMP00006,08-07-2025,21-07-2025,177469,7979,3540.34,3885.94,C439,TP299
CMP14,14,CMP14_email,7,115,0.97,Email,45 days,Instagram,New York,German,14-01-2021,CAMP00014,26-12-2025,31-12-2025,207001,14356,2479.11,2827.93,C439,TP596
CMP18,18,CMP18_influencer,7,28,5.19,Influencer,15 days,Instagram,Miami,French,18-01-2021,CAMP00018,05-11-2025,17-11-2025,281690,22173,3399.93,5565.65,C439,TP1472
CMP10,10,CMP10_email,10,93,2.85,Email,15 days,Instagram,Los Angeles,English,10-01-2021,CAMP00010,03-08-2025,16-08-2025,195376,2474,1142.07,2323.19,C440,TP1649
CMP17,17,CMP17_display,0,14,4.32,Display,45 days,Website,Houston,English,17-01-2021,CAMP00017,30-05-2025,14-06-2025,12103,168,4112.15,11010.78,C440,TP1275
CMP15,15,CMP15_display,8,193,1.3,Display,45 days,Website,Chicago,Spanish,15-01-2021,CAMP00015,01-06-2025,06-06-2025,257862,23315,684.67,2001.69,C440,TP2370
CMP04,4,CMP04_display,7,199,2.88,Display,60 days,YouTube,Miami,Mandarin,04-01-2021,CAMP00004,17-04-2025,30-04-2025,156382,2672,1252.63,2209.74,C440,TP2163
CMP16,16,CMP16_social_media,0,131,6.97,Social Media,60 days,YouTube,New York,German,16-01-2021,CAMP00016,11-05-2025,24-05-2025,159957,8149,4229.14,8648.05,C440,TP275
CMP09,9,CMP09_social_media,6,155,3.55,Social Media,15 days,Facebook,Chicago,German,09-01-2021,CAMP00009,02-05-2025,08-05-2025,209438,2474,2385.72,2800.53,C440,TP2051
CMP01,1,CMP01_email,9,2,6.37,Email,30 days,Google Ads,Chicago,Spanish,01-01-2021,CAMP00001,13-04-2025,19-04-2025,293520,23335,1052.39,2236.02,C440,TP2095
CMP18,18,CMP18_influencer,0,157,2.7,Influencer,15 days,Instagram,Miami,French,18-01-2021,CAMP00018,05-11-2025,17-11-2025,281690,22173,3399.93,5565.65,C441,TP1468
CMP17,17,CMP17_display,4,144,4.14,Display,45 days,Website,Houston,English,17-01-2021,CAMP00017,30-05-2025,14-06-2025,12103,168,4112.15,11010.78,C441,TP1237
CMP09,9,CMP09_social_media,7,74,1.51,Social Media,15 days,Facebook,Chicago,German,09-01-2021,CAMP00009,02-05-2025,08-05-2025,209438,2474,2385.72,2800.53,C441,TP935
CMP08,8,CMP08_search,4,3,8.83,Search,45 days,Google Ads,Los Angeles,Mandarin,08-01-2021,CAMP00008,13-04-2025,26-04-2025,234598,21435,3793.91,7159.09,C441,TP218
CMP07,7,CMP07_email,10,53,2.4,Email,60 days,Website,Los Angeles,Spanish,07-01-2021,CAMP00007,21-01-2025,05-02-2025,174231,2160,1999.53,3306.37,C441,TP2381
CMP04,4,CMP04_display,4,140,6.28,Display,60 days,YouTube,Miami,Mandarin,04-01-2021,CAMP00004,17-04-2025,30-04-2025,156382,2672,1252.63,2209.74,C441,TP920
CMP02,2,CMP02_email,5,14,4.58,Email,60 days,Google Ads,New York,German,02-01-2021,CAMP00002,15-12-2025,24-12-2025,200340,15841,3964.9,11740.15,C441,TP1321
CMP16,16,CMP16_social_media,4,48,9.94,Social Media,60 days,YouTube,New York,German,16-01-2021,CAMP00016,11-05-2025,24-05-2025,159957,8149,4229.14,8648.05,C441,TP345
CMP10,10,CMP10_email,6,164,4.15,Email,15 days,Instagram,Los Angeles,English,10-01-2021,CAMP00010,03-08-2025,16-08-2025,195376,2474,1142.07,2323.19,C442,TP672
CMP04,4,CMP04_display,2,3,5.62,Display,60 days,YouTube,Miami,Mandarin,04-01-2021,CAMP00004,17-04-2025,30-04-2025,156382,2672,1252.63,2209.74,C442,TP1804
CMP18,18,CMP18_influencer,6,96,1.68,Influencer,15 days,Instagram,Miami,French,18-01-2021,CAMP00018,05-11-2025,17-11-2025,281690,22173,3399.93,5565.65,C442,TP266
CMP02,2,CMP02_email,3,31,9.56,Email,60 days,Google Ads,New York,German,02-01-2021,CAMP00002,15-12-2025,24-12-2025,200340,15841,3964.9,11740.15,C442,TP830
CMP12,12,CMP12_influencer,5,108,6.57,Influencer,60 days,Google Ads,Los Angeles,Mandarin,12-01-2021,CAMP00012,29-03-2025,06-04-2025,107304,7128,3882.92,7276.43,C442,TP2606
CMP16,16,CMP16_social_media,9,193,5.71,Social Media,60 days,YouTube,New York,German,16-01-2021,CAMP00016,11-05-2025,24-05-2025,159957,8149,4229.14,8648.05,C443,TP1705
CMP03,3,CMP03_influencer,10,57,5.79,Influencer,30 days,YouTube,Los Angeles,French,03-01-2021,CAMP00003,28-09-2025,06-10-2025,239365,16478,1000.39,1902.24,C443,TP423
CMP09,9,CMP09_social_media,0,84,5.39,Social Media,15 days,Facebook,Chicago,German,09-01-2021,CAMP00009,02-05-2025,08-05-2025,209438,2474,2385.72,2800.53,C443,TP1606
CMP15,15,CMP15_display,7,82,0.83,Display,45 days,Website,Chicago,Spanish,15-01-2021,CAMP00015,01-06-2025,06-06-2025,257862,23315,684.67,2001.69,C443,TP1274
CMP18,18,CMP18_influencer,1,92,6.74,Influencer,15 days,Instagram,Miami,French,18-01-2021,CAMP00018,05-11-2025,17-11-2025,281690,22173,3399.93,5565.65,C443,TP325
CMP04,4,CMP04_display,10,37,7.53,Display,60 days,YouTube,Miami,Mandarin,04-01-2021,CAMP00004,17-04-2025,30-04-2025,156382,2672,1252.63,2209.74,C443,TP1924
CMP10,10,CMP10_email,0,191,4.68,Email,15 days,Instagram,Los Angeles,English,10-01-2021,CAMP00010,03-08-2025,16-08-2025,195376,2474,1142.07,2323.19,C443,TP1989
CMP17,17,CMP17_display,2,181,1.53,Display,45 days,Website,Houston,English,17-01-2021,CAMP00017,30-05-2025,14-06-2025,12103,168,4112.15,11010.78,C443,TP2180
CMP13,13,CMP13_social_media,10,110,6.58,Social Media,60 days,Facebook,Chicago,Mandarin,13-01-2021,CAMP00013,10-04-2025,15-04-2025,194692,11436,973.85,2310.62,C443,TP2377
CMP05,5,CMP05_email,0,136,8.64,Email,15 days,YouTube,Los Angeles,Mandarin,05-01-2021,CAMP00005,13-03-2025,22-03-2025,285472,4155,4935.48,14111.31,C444,TP076
CMP12,12,CMP12_influencer,5,107,8.69,Influencer,60 days,Google Ads,Los Angeles,Mandarin,12-01-2021,CAMP00012,29-03-2025,06-04-2025,107304,7128,3882.92,7276.43,C444,TP1383
CMP08,8,CMP08_search,1,96,3.49,Search,45 days,Google Ads,Los Angeles,Mandarin,08-01-2021,CAMP00008,13-04-2025,26-04-2025,234598,21435,3793.91,7159.09,C444,TP562
CMP08,8,CMP08_search,2,81,3.49,Search,45 days,Google Ads,Los Angeles,Mandarin,08-01-2021,CAMP00008,13-04-2025,26-04-2025,234598,21435,3793.91,7159.09,C444,TP2616
CMP05,5,CMP05_email,5,108,5.55,Email,15 days,YouTube,Los Angeles,Mandarin,05-01-2021,CAMP00005,13-03-2025,22-03-2025,285472,4155,4935.48,14111.31,C444,TP2439
CMP03,3,CMP03_influencer,4,90,1.5,Influencer,30 days,YouTube,Los Angeles,French,03-01-2021,CAMP00003,28-09-2025,06-10-2025,239365,16478,1000.39,1902.24,C444,TP030
CMP06,6,CMP06_display,3,46,8.53,Display,15 days,Instagram,New York,German,06-01-2021,CAMP00006,08-07-2025,21-07-2025,177469,7979,3540.34,3885.94,C445,TP2607
CMP01,1,CMP01_email,4,113,2.3,Email,30 days,Google Ads,Chicago,Spanish,01-01-2021,CAMP00001,13-04-2025,19-04-2025,293520,23335,1052.39,2236.02,C445,TP783
CMP05,5,CMP05_email,1,11,5.46,Email,15 days,YouTube,Los Angeles,Mandarin,05-01-2021,CAMP00005,13-03-2025,22-03-2025,285472,4155,4935.48,14111.31,C445,TP865
CMP14,14,CMP14_email,1,41,7.33,Email,45 days,Instagram,New York,German,14-01-2021,CAMP00014,26-12-2025,31-12-2025,207001,14356,2479.11,2827.93,C445,TP696
CMP01,1,CMP01_email,10,198,0.9,Email,30 days,Google Ads,Chicago,Spanish,01-01-2021,CAMP00001,13-04-2025,19-04-2025,293520,23335,1052.39,2236.02,C445,TP2390
CMP09,9,CMP09_social_media,10,32,1.7,Social Media,15 days,Facebook,Chicago,German,09-01-2021,CAMP00009,02-05-2025,08-05-2025,209438,2474,2385.72,2800.53,C445,TP404
CMP06,6,CMP06_display,4,147,4.82,Display,15 days,Instagram,New York,German,06-01-2021,CAMP00006,08-07-2025,21-07-2025,177469,7979,3540.34,3885.94,C445,TP1926
CMP15,15,CMP15_display,7,16,7.43,Display,45 days,Website,Chicago,Spanish,15-01-2021,CAMP00015,01-06-2025,06-06-2025,257862,23315,684.67,2001.69,C445,TP2594
CMP08,8,CMP08_search,1,13,1.92,Search,45 days,Google Ads,Los Angeles,Mandarin,08-01-2021,CAMP00008,13-04-2025,26-04-2025,234598,21435,3793.91,7159.09,C446,TP050
CMP04,4,CMP04_display,7,3,3.05,Display,60 days,YouTube,Miami,Mandarin,04-01-2021,CAMP00004,17-04-2025,30-04-2025,156382,2672,1252.63,2209.74,C446,TP226
CMP16,16,CMP16_social_media,1,109,2.14,Social Media,60 days,YouTube,New York,German,16-01-2021,CAMP00016,11-05-2025,24-05-2025,159957,8149,4229.14,8648.05,C446,TP1043
CMP01,1,CMP01_email,9,46,9.57,Email,30 days,Google Ads,Chicago,Spanish,01-01-2021,CAMP00001,13-04-2025,19-04-2025,293520,23335,1052.39,2236.02,C446,TP1891
CMP02,2,CMP02_email,7,194,6.43,Email,60 days,Google Ads,New York,German,02-01-2021,CAMP00002,15-12-2025,24-12-2025,200340,15841,3964.9,11740.15,C446,TP2043
CMP19,19,CMP19_social_media,8,171,8.66,Social Media,60 days,Google Ads,New York,French,19-01-2021,CAMP00019,15-09-2025,24-09-2025,260948,21678,4608.11,7497.56,C446,TP1291
CMP02,2,CMP02_email,5,122,1.12,Email,60 days,Google Ads,New York,German,02-01-2021,CAMP00002,15-12-2025,24-12-2025,200340,15841,3964.9,11740.15,C446,TP646
CMP06,6,CMP06_display,5,100,2.24,Display,15 days,Instagram,New York,German,06-01-2021,CAMP00006,08-07-2025,21-07-2025,177469,7979,3540.34,3885.94,C446,TP101
CMP09,9,CMP09_social_media,10,20,5.99,Social Media,15 days,Facebook,Chicago,German,09-01-2021,CAMP00009,02-05-2025,08-05-2025,209438,2474,2385.72,2800.53,C446,TP2072
CMP04,4,CMP04_display,4,101,7.42,Display,60 days,YouTube,Miami,Mandarin,04-01-2021,CAMP00004,17-04-2025,30-04-2025,156382,2672,1252.63,2209.74,C446,TP237
CMP16,16,CMP16_social_media,3,107,4.05,Social Media,60 days,YouTube,New York,German,16-01-2021,CAMP00016,11-05-2025,24-05-2025,159957,8149,4229.14,8648.05,C446,TP1530
CMP01,1,CMP01_email,4,14,3.39,Email,30 days,Google Ads,Chicago,Spanish,01-01-2021,CAMP00001,13-04-2025,19-04-2025,293520,23335,1052.39,2236.02,C446,TP048
CMP05,5,CMP05_email,2,125,4.87,Email,15 days,YouTube,Los Angeles,Mandarin,05-01-2021,CAMP00005,13-03-2025,22-03-2025,285472,4155,4935.48,14111.31,C447,TP543
CMP01,1,CMP01_email,10,40,4.09,Email,30 days,Google Ads,Chicago,Spanish,01-01-2021,CAMP00001,13-04-2025,19-04-2025,293520,23335,1052.39,2236.02,C447,TP625
CMP08,8,CMP08_search,1,51,7.4,Search,45 days,Google Ads,Los Angeles,Mandarin,08-01-2021,CAMP00008,13-04-2025,26-04-2025,234598,21435,3793.91,7159.09,C447,TP1095
CMP06,6,CMP06_display,6,186,0.81,Display,15 days,Instagram,New York,German,06-01-2021,CAMP00006,08-07-2025,21-07-2025,177469,7979,3540.34,3885.94,C447,TP963
CMP13,13,CMP13_social_media,6,30,1.5,Social Media,60 days,Facebook,Chicago,Mandarin,13-01-2021,CAMP00013,10-04-2025,15-04-2025,194692,11436,973.85,2310.62,C447,TP2597
CMP13,13,CMP13_social_media,9,98,0.91,Social Media,60 days,Facebook,Chicago,Mandarin,13-01-2021,CAMP00013,10-04-2025,15-04-2025,194692,11436,973.85,2310.62,C448,TP2417
CMP10,10,CMP10_email,2,76,7.64,Email,15 days,Instagram,Los Angeles,English,10-01-2021,CAMP00010,03-08-2025,16-08-2025,195376,2474,1142.07,2323.19,C448,TP1457
CMP09,9,CMP09_social_media,1,194,2.19,Social Media,15 days,Facebook,Chicago,German,09-01-2021,CAMP00009,02-05-2025,08-05-2025,209438,2474,2385.72,2800.53,C448,TP2277
CMP19,19,CMP19_social_media,9,95,8.69,Social Media,60 days,Google Ads,New York,French,19-01-2021,CAMP00019,15-09-2025,24-09-2025,260948,21678,4608.11,7497.56,C448,TP444
CMP15,15,CMP15_display,9,35,1.19,Display,45 days,Website,Chicago,Spanish,15-01-2021,CAMP00015,01-06-2025,06-06-2025,257862,23315,684.67,2001.69,C449,TP1062
CMP05,5,CMP05_email,7,43,8.21,Email,15 days,YouTube,Los Angeles,Mandarin,05-01-2021,CAMP00005,13-03-2025,22-03-2025,285472,4155,4935.48,14111.31,C449,TP1044
CMP03,3,CMP03_influencer,4,42,7.75,Influencer,30 days,YouTube,Los Angeles,French,03-01-2021,CAMP00003,28-09-2025,06-10-2025,239365,16478,1000.39,1902.24,C449,TP170
CMP07,7,CMP07_email,6,134,5.69,Email,60 days,Website,Los Angeles,Spanish,07-01-2021,CAMP00007,21-01-2025,05-02-2025,174231,2160,1999.53,3306.37,C450,TP1122
CMP16,16,CMP16_social_media,7,128,7.42,Social Media,60 days,YouTube,New York,German,16-01-2021,CAMP00016,11-05-2025,24-05-2025,159957,8149,4229.14,8648.05,C450,TP500
CMP18,18,CMP18_influencer,6,114,6.21,Influencer,15 days,Instagram,Miami,French,18-01-2021,CAMP00018,05-11-2025,17-11-2025,281690,22173,3399.93,5565.65,C450,TP983
CMP03,3,CMP03_influencer,4,140,0.83,Influencer,30 days,YouTube,Los Angeles,French,03-01-2021,CAMP00003,28-09-2025,06-10-2025,239365,16478,1000.39,1902.24,C450,TP1793
CMP06,6,CMP06_display,7,72,5.81,Display,15 days,Instagram,New York,German,06-01-2021,CAMP00006,08-07-2025,21-07-2025,177469,7979,3540.34,3885.94,C450,TP2025
CMP11,11,CMP11_display,10,163,1.66,Display,45 days,Email,New York,Spanish,11-01-2021,CAMP00011,27-11-2025,04-12-2025,53998,1343,2491.07,4360.88,C450,TP2265
CMP09,9,CMP09_social_media,5,57,9.91,Social Media,15 days,Facebook,Chicago,German,09-01-2021,CAMP00009,02-05-2025,08-05-2025,209438,2474,2385.72,2800.53,C450,TP1897
CMP02,2,CMP02_email,5,23,9.11,Email,60 days,Google Ads,New York,German,02-01-2021,CAMP00002,15-12-2025,24-12-2025,200340,15841,3964.9,11740.15,C450,TP1442
CMP09,9,CMP09_social_media,9,160,7.04,Social Media,15 days,Facebook,Chicago,German,09-01-2021,CAMP00009,02-05-2025,08-05-2025,209438,2474,2385.72,2800.53,C451,TP875
CMP06,6,CMP06_display,0,26,8.21,Display,15 days,Instagram,New York,German,06-01-2021,CAMP00006,08-07-2025,21-07-2025,177469,7979,3540.34,3885.94,C451,TP329
CMP15,15,CMP15_display,5,73,5.72,Display,45 days,Website,Chicago,Spanish,15-01-2021,CAMP00015,01-06-2025,06-06-2025,257862,23315,684.67,2001.69,C451,TP2518
CMP15,15,CMP15_display,5,23,3.27,Display,45 days,Website,Chicago,Spanish,15-01-2021,CAMP00015,01-06-2025,06-06-2025,257862,23315,684.67,2001.69,C451,TP630
CMP01,1,CMP01_email,8,36,4.18,Email,30 days,Google Ads,Chicago,Spanish,01-01-2021,CAMP00001,13-04-2025,19-04-2025,293520,23335,1052.39,2236.02,C452,TP2085
CMP13,13,CMP13_social_media,6,103,5.08,Social Media,60 days,Facebook,Chicago,Mandarin,13-01-2021,CAMP00013,10-04-2025,15-04-2025,194692,11436,973.85,2310.62,C452,TP1728
CMP15,15,CMP15_display,8,22,7.69,Display,45 days,Website,Chicago,Spanish,15-01-2021,CAMP00015,01-06-2025,06-06-2025,257862,23315,684.67,2001.69,C453,TP2382
CMP14,14,CMP14_email,3,103,7.93,Email,45 days,Instagram,New York,German,14-01-2021,CAMP00014,26-12-2025,31-12-2025,207001,14356,2479.11,2827.93,C453,TP2198
CMP11,11,CMP11_display,7,134,3.4,Display,45 days,Email,New York,Spanish,11-01-2021,CAMP00011,27-11-2025,04-12-2025,53998,1343,2491.07,4360.88,C453,TP647
CMP10,10,CMP10_email,6,138,1.04,Email,15 days,Instagram,Los Angeles,English,10-01-2021,CAMP00010,03-08-2025,16-08-2025,195376,2474,1142.07,2323.19,C453,TP446
CMP16,16,CMP16_social_media,0,33,0.53,Social Media,60 days,YouTube,New York,German,16-01-2021,CAMP00016,11-05-2025,24-05-2025,159957,8149,4229.14,8648.05,C453,TP365
CMP01,1,CMP01_email,4,135,8.08,Email,30 days,Google Ads,Chicago,Spanish,01-01-2021,CAMP00001,13-04-2025,19-04-2025,293520,23335,1052.39,2236.02,C454,TP2580
CMP16,16,CMP16_social_media,6,75,6.06,Social Media,60 days,YouTube,New York,German,16-01-2021,CAMP00016,11-05-2025,24-05-2025,159957,8149,4229.14,8648.05,C454,TP2192
CMP04,4,CMP04_display,8,16,9.56,Display,60 days,YouTube,Miami,Mandarin,04-01-2021,CAMP00004,17-04-2025,30-04-2025,156382,2672,1252.63,2209.74,C454,TP1278
CMP14,14,CMP14_email,1,26,4.7,Email,45 days,Instagram,New York,German,14-01-2021,CAMP00014,26-12-2025,31-12-2025,207001,14356,2479.11,2827.93,C455,TP2430
CMP12,12,CMP12_influencer,2,66,1.47,Influencer,60 days,Google Ads,Los Angeles,Mandarin,12-01-2021,CAMP00012,29-03-2025,06-04-2025,107304,7128,3882.92,7276.43,C455,TP1613
CMP13,13,CMP13_social_media,0,136,5.66,Social Media,60 days,Facebook,Chicago,Mandarin,13-01-2021,CAMP00013,10-04-2025,15-04-2025,194692,11436,973.85,2310.62,C455,TP1628
CMP01,1,CMP01_email,2,146,8.97,Email,30 days,Google Ads,Chicago,Spanish,01-01-2021,CAMP00001,13-04-2025,19-04-2025,293520,23335,1052.39,2236.02,C455,TP077
CMP11,11,CMP11_display,3,46,7.81,Display,45 days,Email,New York,Spanish,11-01-2021,CAMP00011,27-11-2025,04-12-2025,53998,1343,2491.07,4360.88,C455,TP788
CMP06,6,CMP06_display,0,49,8.62,Display,15 days,Instagram,New York,German,06-01-2021,CAMP00006,08-07-2025,21-07-2025,177469,7979,3540.34,3885.94,C455,TP1841
CMP15,15,CMP15_display,7,135,5.3,Display,45 days,Website,Chicago,Spanish,15-01-2021,CAMP00015,01-06-2025,06-06-2025,257862,23315,684.67,2001.69,C455,TP2285
CMP03,3,CMP03_influencer,1,83,7.47,Influencer,30 days,YouTube,Los Angeles,French,03-01-2021,CAMP00003,28-09-2025,06-10-2025,239365,16478,1000.39,1902.24,C456,TP384
CMP17,17,CMP17_display,0,81,7.39,Display,45 days,Website,Houston,English,17-01-2021,CAMP00017,30-05-2025,14-06-2025,12103,168,4112.15,11010.78,C456,TP1455
CMP03,3,CMP03_influencer,3,3,7.52,Influencer,30 days,YouTube,Los Angeles,French,03-01-2021,CAMP00003,28-09-2025,06-10-2025,239365,16478,1000.39,1902.24,C456,TP941
CMP12,12,CMP12_influencer,8,31,7.99,Influencer,60 days,Google Ads,Los Angeles,Mandarin,12-01-2021,CAMP00012,29-03-2025,06-04-2025,107304,7128,3882.92,7276.43,C456,TP884
CMP11,11,CMP11_display,9,179,6.36,Display,45 days,Email,New York,Spanish,11-01-2021,CAMP00011,27-11-2025,04-12-2025,53998,1343,2491.07,4360.88,C456,TP107
CMP13,13,CMP13_social_media,4,22,5.31,Social Media,60 days,Facebook,Chicago,Mandarin,13-01-2021,CAMP00013,10-04-2025,15-04-2025,194692,11436,973.85,2310.62,C456,TP245
CMP16,16,CMP16_social_media,6,136,5.5,Social Media,60 days,YouTube,New York,German,16-01-2021,CAMP00016,11-05-2025,24-05-2025,159957,8149,4229.14,8648.05,C457,TP1036
CMP05,5,CMP05_email,6,169,3.18,Email,15 days,YouTube,Los Angeles,Mandarin,05-01-2021,CAMP00005,13-03-2025,22-03-2025,285472,4155,4935.48,14111.31,C457,TP744
CMP13,13,CMP13_social_media,7,155,6.7,Social Media,60 days,Facebook,Chicago,Mandarin,13-01-2021,CAMP00013,10-04-2025,15-04-2025,194692,11436,973.85,2310.62,C457,TP1581
CMP10,10,CMP10_email,8,130,7.44,Email,15 days,Instagram,Los Angeles,English,10-01-2021,CAMP00010,03-08-2025,16-08-2025,195376,2474,1142.07,2323.19,C458,TP1685
CMP09,9,CMP09_social_media,7,128,5.15,Social Media,15 days,Facebook,Chicago,German,09-01-2021,CAMP00009,02-05-2025,08-05-2025,209438,2474,2385.72,2800.53,C458,TP1031
CMP07,7,CMP07_email,0,123,2.67,Email,60 days,Website,Los Angeles,Spanish,07-01-2021,CAMP00007,21-01-2025,05-02-2025,174231,2160,1999.53,3306.37,C458,TP724
CMP19,19,CMP19_social_media,8,12,8.6,Social Media,60 days,Google Ads,New York,French,19-01-2021,CAMP00019,15-09-2025,24-09-2025,260948,21678,4608.11,7497.56,C459,TP1389
CMP06,6,CMP06_display,8,10,9.55,Display,15 days,Instagram,New York,German,06-01-2021,CAMP00006,08-07-2025,21-07-2025,177469,7979,3540.34,3885.94,C459,TP2338
CMP02,2,CMP02_email,7,116,1.9,Email,60 days,Google Ads,New York,German,02-01-2021,CAMP00002,15-12-2025,24-12-2025,200340,15841,3964.9,11740.15,C459,TP936
CMP18,18,CMP18_influencer,0,194,5.71,Influencer,15 days,Instagram,Miami,French,18-01-2021,CAMP00018,05-11-2025,17-11-2025,281690,22173,3399.93,5565.65,C459,TP2364
CMP13,13,CMP13_social_media,5,199,6.12,Social Media,60 days,Facebook,Chicago,Mandarin,13-01-2021,CAMP00013,10-04-2025,15-04-2025,194692,11436,973.85,2310.62,C459,TP1128
CMP12,12,CMP12_influencer,9,181,8.88,Influencer,60 days,Google Ads,Los Angeles,Mandarin,12-01-2021,CAMP00012,29-03-2025,06-04-2025,107304,7128,3882.92,7276.43,C459,TP2541
CMP14,14,CMP14_email,3,182,9.51,Email,45 days,Instagram,New York,German,14-01-2021,CAMP00014,26-12-2025,31-12-2025,207001,14356,2479.11,2827.93,C459,TP2556
CMP08,8,CMP08_search,4,138,3.91,Search,45 days,Google Ads,Los Angeles,Mandarin,08-01-2021,CAMP00008,13-04-2025,26-04-2025,234598,21435,3793.91,7159.09,C459,TP1136
CMP13,13,CMP13_social_media,3,133,6.57,Social Media,60 days,Facebook,Chicago,Mandarin,13-01-2021,CAMP00013,10-04-2025,15-04-2025,194692,11436,973.85,2310.62,C459,TP1373
CMP14,14,CMP14_email,7,84,6.93,Email,45 days,Instagram,New York,German,14-01-2021,CAMP00014,26-12-2025,31-12-2025,207001,14356,2479.11,2827.93,C459,TP014
CMP16,16,CMP16_social_media,0,51,4.28,Social Media,60 days,YouTube,New York,German,16-01-2021,CAMP00016,11-05-2025,24-05-2025,159957,8149,4229.14,8648.05,C459,TP2516
CMP03,3,CMP03_influencer,0,137,8.94,Influencer,30 days,YouTube,Los Angeles,French,03-01-2021,CAMP00003,28-09-2025,06-10-2025,239365,16478,1000.39,1902.24,C460,TP1538
CMP03,3,CMP03_influencer,8,188,4.62,Influencer,30 days,YouTube,Los Angeles,French,03-01-2021,CAMP00003,28-09-2025,06-10-2025,239365,16478,1000.39,1902.24,C460,TP422
CMP09,9,CMP09_social_media,9,5,4.17,Social Media,15 days,Facebook,Chicago,German,09-01-2021,CAMP00009,02-05-2025,08-05-2025,209438,2474,2385.72,2800.53,C460,TP943
CMP08,8,CMP08_search,0,91,9.99,Search,45 days,Google Ads,Los Angeles,Mandarin,08-01-2021,CAMP00008,13-04-2025,26-04-2025,234598,21435,3793.91,7159.09,C460,TP534
CMP01,1,CMP01_email,7,74,3.09,Email,30 days,Google Ads,Chicago,Spanish,01-01-2021,CAMP00001,13-04-2025,19-04-2025,293520,23335,1052.39,2236.02,C460,TP033
CMP16,16,CMP16_social_media,4,63,2.76,Social Media,60 days,YouTube,New York,German,16-01-2021,CAMP00016,11-05-2025,24-05-2025,159957,8149,4229.14,8648.05,C460,TP2328
CMP06,6,CMP06_display,9,151,5.89,Display,15 days,Instagram,New York,German,06-01-2021,CAMP00006,08-07-2025,21-07-2025,177469,7979,3540.34,3885.94,C461,TP2494
CMP10,10,CMP10_email,10,15,0.83,Email,15 days,Instagram,Los Angeles,English,10-01-2021,CAMP00010,03-08-2025,16-08-2025,195376,2474,1142.07,2323.19,C461,TP2215
CMP18,18,CMP18_influencer,0,1,4.05,Influencer,15 days,Instagram,Miami,French,18-01-2021,CAMP00018,05-11-2025,17-11-2025,281690,22173,3399.93,5565.65,C461,TP891
CMP15,15,CMP15_display,6,17,7.15,Display,45 days,Website,Chicago,Spanish,15-01-2021,CAMP00015,01-06-2025,06-06-2025,257862,23315,684.67,2001.69,C461,TP2199
CMP12,12,CMP12_influencer,6,37,9.56,Influencer,60 days,Google Ads,Los Angeles,Mandarin,12-01-2021,CAMP00012,29-03-2025,06-04-2025,107304,7128,3882.92,7276.43,C461,TP189
CMP01,1,CMP01_email,9,117,1.88,Email,30 days,Google Ads,Chicago,Spanish,01-01-2021,CAMP00001,13-04-2025,19-04-2025,293520,23335,1052.39,2236.02,C461,TP240
CMP04,4,CMP04_display,4,118,4.46,Display,60 days,YouTube,Miami,Mandarin,04-01-2021,CAMP00004,17-04-2025,30-04-2025,156382,2672,1252.63,2209.74,C461,TP968
CMP13,13,CMP13_social_media,9,144,9.23,Social Media,60 days,Facebook,Chicago,Mandarin,13-01-2021,CAMP00013,10-04-2025,15-04-2025,194692,11436,973.85,2310.62,C461,TP1008
CMP05,5,CMP05_email,9,47,3.66,Email,15 days,YouTube,Los Angeles,Mandarin,05-01-2021,CAMP00005,13-03-2025,22-03-2025,285472,4155,4935.48,14111.31,C461,TP2196
CMP05,5,CMP05_email,8,35,4.35,Email,15 days,YouTube,Los Angeles,Mandarin,05-01-2021,CAMP00005,13-03-2025,22-03-2025,285472,4155,4935.48,14111.31,C462,TP639
CMP07,7,CMP07_email,3,145,3.74,Email,60 days,Website,Los Angeles,Spanish,07-01-2021,CAMP00007,21-01-2025,05-02-2025,174231,2160,1999.53,3306.37,C462,TP1443
CMP10,10,CMP10_email,7,101,1.8,Email,15 days,Instagram,Los Angeles,English,10-01-2021,CAMP00010,03-08-2025,16-08-2025,195376,2474,1142.07,2323.19,C462,TP174
CMP16,16,CMP16_social_media,3,155,1.51,Social Media,60 days,YouTube,New York,German,16-01-2021,CAMP00016,11-05-2025,24-05-2025,159957,8149,4229.14,8648.05,C462,TP2361
CMP13,13,CMP13_social_media,6,58,6.56,Social Media,60 days,Facebook,Chicago,Mandarin,13-01-2021,CAMP00013,10-04-2025,15-04-2025,194692,11436,973.85,2310.62,C462,TP1556
CMP10,10,CMP10_email,0,100,3.73,Email,15 days,Instagram,Los Angeles,English,10-01-2021,CAMP00010,03-08-2025,16-08-2025,195376,2474,1142.07,2323.19,C462,TP108
CMP04,4,CMP04_display,10,96,3.11,Display,60 days,YouTube,Miami,Mandarin,04-01-2021,CAMP00004,17-04-2025,30-04-2025,156382,2672,1252.63,2209.74,C463,TP255
CMP13,13,CMP13_social_media,0,57,9.36,Social Media,60 days,Facebook,Chicago,Mandarin,13-01-2021,CAMP00013,10-04-2025,15-04-2025,194692,11436,973.85,2310.62,C463,TP2079
CMP17,17,CMP17_display,2,192,6.76,Display,45 days,Website,Houston,English,17-01-2021,CAMP00017,30-05-2025,14-06-2025,12103,168,4112.15,11010.78,C463,TP2175
CMP13,13,CMP13_social_media,8,96,6.76,Social Media,60 days,Facebook,Chicago,Mandarin,13-01-2021,CAMP00013,10-04-2025,15-04-2025,194692,11436,973.85,2310.62,C463,TP2184
CMP15,15,CMP15_display,10,147,3.75,Display,45 days,Website,Chicago,Spanish,15-01-2021,CAMP00015,01-06-2025,06-06-2025,257862,23315,684.67,2001.69,C463,TP2478
CMP10,10,CMP10_email,2,123,2.58,Email,15 days,Instagram,Los Angeles,English,10-01-2021,CAMP00010,03-08-2025,16-08-2025,195376,2474,1142.07,2323.19,C464,TP045
CMP12,12,CMP12_influencer,6,92,8.68,Influencer,60 days,Google Ads,Los Angeles,Mandarin,12-01-2021,CAMP00012,29-03-2025,06-04-2025,107304,7128,3882.92,7276.43,C464,TP1945
CMP13,13,CMP13_social_media,9,103,5.67,Social Media,60 days,Facebook,Chicago,Mandarin,13-01-2021,CAMP00013,10-04-2025,15-04-2025,194692,11436,973.85,2310.62,C464,TP2375
CMP05,5,CMP05_email,7,25,5.52,Email,15 days,YouTube,Los Angeles,Mandarin,05-01-2021,CAMP00005,13-03-2025,22-03-2025,285472,4155,4935.48,14111.31,C464,TP320
CMP09,9,CMP09_social_media,9,148,7.06,Social Media,15 days,Facebook,Chicago,German,09-01-2021,CAMP00009,02-05-2025,08-05-2025,209438,2474,2385.72,2800.53,C465,TP1019
CMP10,10,CMP10_email,4,134,8.39,Email,15 days,Instagram,Los Angeles,English,10-01-2021,CAMP00010,03-08-2025,16-08-2025,195376,2474,1142.07,2323.19,C465,TP2347
CMP08,8,CMP08_search,7,60,6.7,Search,45 days,Google Ads,Los Angeles,Mandarin,08-01-2021,CAMP00008,13-04-2025,26-04-2025,234598,21435,3793.91,7159.09,C466,TP1949
CMP08,8,CMP08_search,9,33,6.38,Search,45 days,Google Ads,Los Angeles,Mandarin,08-01-2021,CAMP00008,13-04-2025,26-04-2025,234598,21435,3793.91,7159.09,C466,TP2557
CMP17,17,CMP17_display,2,172,8.3,Display,45 days,Website,Houston,English,17-01-2021,CAMP00017,30-05-2025,14-06-2025,12103,168,4112.15,11010.78,C466,TP1736
CMP05,5,CMP05_email,5,99,7.42,Email,15 days,YouTube,Los Angeles,Mandarin,05-01-2021,CAMP00005,13-03-2025,22-03-2025,285472,4155,4935.48,14111.31,C466,TP1158
CMP07,7,CMP07_email,9,128,3.94,Email,60 days,Website,Los Angeles,Spanish,07-01-2021,CAMP00007,21-01-2025,05-02-2025,174231,2160,1999.53,3306.37,C466,TP752
CMP16,16,CMP16_social_media,4,40,6.13,Social Media,60 days,YouTube,New York,German,16-01-2021,CAMP00016,11-05-2025,24-05-2025,159957,8149,4229.14,8648.05,C467,TP011
CMP14,14,CMP14_email,5,145,7.02,Email,45 days,Instagram,New York,German,14-01-2021,CAMP00014,26-12-2025,31-12-2025,207001,14356,2479.11,2827.93,C467,TP1686
CMP09,9,CMP09_social_media,1,18,1.63,Social Media,15 days,Facebook,Chicago,German,09-01-2021,CAMP00009,02-05-2025,08-05-2025,209438,2474,2385.72,2800.53,C467,TP2283
CMP02,2,CMP02_email,10,59,3.77,Email,60 days,Google Ads,New York,German,02-01-2021,CAMP00002,15-12-2025,24-12-2025,200340,15841,3964.9,11740.15,C467,TP1886
CMP03,3,CMP03_influencer,7,176,8.54,Influencer,30 days,YouTube,Los Angeles,French,03-01-2021,CAMP00003,28-09-2025,06-10-2025,239365,16478,1000.39,1902.24,C468,TP1309
CMP05,5,CMP05_email,8,43,4.84,Email,15 days,YouTube,Los Angeles,Mandarin,05-01-2021,CAMP00005,13-03-2025,22-03-2025,285472,4155,4935.48,14111.31,C469,TP478
CMP04,4,CMP04_display,3,55,8.72,Display,60 days,YouTube,Miami,Mandarin,04-01-2021,CAMP00004,17-04-2025,30-04-2025,156382,2672,1252.63,2209.74,C469,TP1731
CMP17,17,CMP17_display,8,63,5.16,Display,45 days,Website,Houston,English,17-01-2021,CAMP00017,30-05-2025,14-06-2025,12103,168,4112.15,11010.78,C469,TP1966
CMP02,2,CMP02_email,6,47,3.0,Email,60 days,Google Ads,New York,German,02-01-2021,CAMP00002,15-12-2025,24-12-2025,200340,15841,3964.9,11740.15,C469,TP1830
CMP09,9,CMP09_social_media,10,37,0.67,Social Media,15 days,Facebook,Chicago,German,09-01-2021,CAMP00009,02-05-2025,08-05-2025,209438,2474,2385.72,2800.53,C469,TP804
CMP01,1,CMP01_email,3,17,7.41,Email,30 days,Google Ads,Chicago,Spanish,01-01-2021,CAMP00001,13-04-2025,19-04-2025,293520,23335,1052.39,2236.02,C469,TP1626
CMP12,12,CMP12_influencer,7,72,3.23,Influencer,60 days,Google Ads,Los Angeles,Mandarin,12-01-2021,CAMP00012,29-03-2025,06-04-2025,107304,7128,3882.92,7276.43,C469,TP1846
CMP06,6,CMP06_display,1,70,3.93,Display,15 days,Instagram,New York,German,06-01-2021,CAMP00006,08-07-2025,21-07-2025,177469,7979,3540.34,3885.94,C470,TP425
CMP19,19,CMP19_social_media,6,195,6.17,Social Media,60 days,Google Ads,New York,French,19-01-2021,CAMP00019,15-09-2025,24-09-2025,260948,21678,4608.11,7497.56,C470,TP1258
CMP15,15,CMP15_display,10,30,7.63,Display,45 days,Website,Chicago,Spanish,15-01-2021,CAMP00015,01-06-2025,06-06-2025,257862,23315,684.67,2001.69,C470,TP2015
CMP08,8,CMP08_search,9,186,9.27,Search,45 days,Google Ads,Los Angeles,Mandarin,08-01-2021,CAMP00008,13-04-2025,26-04-2025,234598,21435,3793.91,7159.09,C470,TP311
CMP19,19,CMP19_social_media,2,80,3.17,Social Media,60 days,Google Ads,New York,French,19-01-2021,CAMP00019,15-09-2025,24-09-2025,260948,21678,4608.11,7497.56,C471,TP1760
CMP09,9,CMP09_social_media,6,172,0.91,Social Media,15 days,Facebook,Chicago,German,09-01-2021,CAMP00009,02-05-2025,08-05-2025,209438,2474,2385.72,2800.53,C471,TP1704
CMP16,16,CMP16_social_media,0,103,8.25,Social Media,60 days,YouTube,New York,German,16-01-2021,CAMP00016,11-05-2025,24-05-2025,159957,8149,4229.14,8648.05,C471,TP2340
CMP01,1,CMP01_email,8,102,9.21,Email,30 days,Google Ads,Chicago,Spanish,01-01-2021,CAMP00001,13-04-2025,19-04-2025,293520,23335,1052.39,2236.02,C471,TP1570
CMP02,2,CMP02_email,10,70,0.86,Email,60 days,Google Ads,New York,German,02-01-2021,CAMP00002,15-12-2025,24-12-2025,200340,15841,3964.9,11740.15,C471,TP2007
CMP12,12,CMP12_influencer,6,152,5.21,Influencer,60 days,Google Ads,Los Angeles,Mandarin,12-01-2021,CAMP00012,29-03-2025,06-04-2025,107304,7128,3882.92,7276.43,C471,TP934
CMP02,2,CMP02_email,6,51,6.42,Email,60 days,Google Ads,New York,German,02-01-2021,CAMP00002,15-12-2025,24-12-2025,200340,15841,3964.9,11740.15,C471,TP480
CMP08,8,CMP08_search,4,2,7.32,Search,45 days,Google Ads,Los Angeles,Mandarin,08-01-2021,CAMP00008,13-04-2025,26-04-2025,234598,21435,3793.91,7159.09,C471,TP536
CMP06,6,CMP06_display,0,164,0.55,Display,15 days,Instagram,New York,German,06-01-2021,CAMP00006,08-07-2025,21-07-2025,177469,7979,3540.34,3885.94,C471,TP1207
CMP09,9,CMP09_social_media,3,61,4.74,Social Media,15 days,Facebook,Chicago,German,09-01-2021,CAMP00009,02-05-2025,08-05-2025,209438,2474,2385.72,2800.53,C472,TP1117
CMP10,10,CMP10_email,2,14,1.85,Email,15 days,Instagram,Los Angeles,English,10-01-2021,CAMP00010,03-08-2025,16-08-2025,195376,2474,1142.07,2323.19,C472,TP260
CMP13,13,CMP13_social_media,9,98,4.01,Social Media,60 days,Facebook,Chicago,Mandarin,13-01-2021,CAMP00013,10-04-2025,15-04-2025,194692,11436,973.85,2310.62,C472,TP1101
CMP09,9,CMP09_social_media,8,28,9.61,Social Media,15 days,Facebook,Chicago,German,09-01-2021,CAMP00009,02-05-2025,08-05-2025,209438,2474,2385.72,2800.53,C472,TP138
CMP06,6,CMP06_display,2,23,8.94,Display,15 days,Instagram,New York,German,06-01-2021,CAMP00006,08-07-2025,21-07-2025,177469,7979,3540.34,3885.94,C472,TP1703
CMP06,6,CMP06_display,5,169,7.31,Display,15 days,Instagram,New York,German,06-01-2021,CAMP00006,08-07-2025,21-07-2025,177469,7979,3540.34,3885.94,C472,TP2182
CMP12,12,CMP12_influencer,7,2,3.2,Influencer,60 days,Google Ads,Los Angeles,Mandarin,12-01-2021,CAMP00012,29-03-2025,06-04-2025,107304,7128,3882.92,7276.43,C473,TP346
CMP10,10,CMP10_email,1,131,6.64,Email,15 days,Instagram,Los Angeles,English,10-01-2021,CAMP00010,03-08-2025,16-08-2025,195376,2474,1142.07,2323.19,C473,TP230
CMP09,9,CMP09_social_media,1,41,1.95,Social Media,15 days,Facebook,Chicago,German,09-01-2021,CAMP00009,02-05-2025,08-05-2025,209438,2474,2385.72,2800.53,C473,TP1532
CMP10,10,CMP10_email,5,144,5.62,Email,15 days,Instagram,Los Angeles,English,10-01-2021,CAMP00010,03-08-2025,16-08-2025,195376,2474,1142.07,2323.19,C473,TP392
CMP18,18,CMP18_influencer,1,59,3.67,Influencer,15 days,Instagram,Miami,French,18-01-2021,CAMP00018,05-11-2025,17-11-2025,281690,22173,3399.93,5565.65,C473,TP1231
CMP06,6,CMP06_display,7,196,7.79,Display,15 days,Instagram,New York,German,06-01-2021,CAMP00006,08-07-2025,21-07-2025,177469,7979,3540.34,3885.94,C473,TP2405
CMP02,2,CMP02_email,6,115,2.35,Email,60 days,Google Ads,New York,German,02-01-2021,CAMP00002,15-12-2025,24-12-2025,200340,15841,3964.9,11740.15,C474,TP651
CMP07,7,CMP07_email,4,15,9.84,Email,60 days,Website,Los Angeles,Spanish,07-01-2021,CAMP00007,21-01-2025,05-02-2025,174231,2160,1999.53,3306.37,C474,TP599
CMP02,2,CMP02_email,4,55,5.99,Email,60 days,Google Ads,New York,German,02-01-2021,CAMP00002,15-12-2025,24-12-2025,200340,15841,3964.9,11740.15,C474,TP1241
CMP13,13,CMP13_social_media,4,38,8.17,Social Media,60 days,Facebook,Chicago,Mandarin,13-01-2021,CAMP00013,10-04-2025,15-04-2025,194692,11436,973.85,2310.62,C474,TP1205
CMP03,3,CMP03_influencer,0,38,7.62,Influencer,30 days,YouTube,Los Angeles,French,03-01-2021,CAMP00003,28-09-2025,06-10-2025,239365,16478,1000.39,1902.24,C474,TP2005
CMP06,6,CMP06_display,2,102,3.35,Display,15 days,Instagram,New York,German,06-01-2021,CAMP00006,08-07-2025,21-07-2025,177469,7979,3540.34,3885.94,C474,TP505
CMP04,4,CMP04_display,4,6,7.4,Display,60 days,YouTube,Miami,Mandarin,04-01-2021,CAMP00004,17-04-2025,30-04-2025,156382,2672,1252.63,2209.74,C474,TP2314
CMP03,3,CMP03_influencer,8,112,2.69,Influencer,30 days,YouTube,Los Angeles,French,03-01-2021,CAMP00003,28-09-2025,06-10-2025,239365,16478,1000.39,1902.24,C475,TP687
CMP06,6,CMP06_display,6,175,4.19,Display,15 days,Instagram,New York,German,06-01-2021,CAMP00006,08-07-2025,21-07-2025,177469,7979,3540.34,3885.94,C475,TP168
CMP10,10,CMP10_email,7,147,8.71,Email,15 days,Instagram,Los Angeles,English,10-01-2021,CAMP00010,03-08-2025,16-08-2025,195376,2474,1142.07,2323.19,C475,TP040
CMP15,15,CMP15_display,6,97,9.94,Display,45 days,Website,Chicago,Spanish,15-01-2021,CAMP00015,01-06-2025,06-06-2025,257862,23315,684.67,2001.69,C475,TP1600
CMP10,10,CMP10_email,8,147,1.74,Email,15 days,Instagram,Los Angeles,English,10-01-2021,CAMP00010,03-08-2025,16-08-2025,195376,2474,1142.07,2323.19,C476,TP344
CMP16,16,CMP16_social_media,9,124,5.48,Social Media,60 days,YouTube,New York,German,16-01-2021,CAMP00016,11-05-2025,24-05-2025,159957,8149,4229.14,8648.05,C476,TP043
CMP17,17,CMP17_display,8,35,7.44,Display,45 days,Website,Houston,English,17-01-2021,CAMP00017,30-05-2025,14-06-2025,12103,168,4112.15,11010.78,C476,TP1669
CMP06,6,CMP06_display,7,150,3.03,Display,15 days,Instagram,New York,German,06-01-2021,CAMP00006,08-07-2025,21-07-2025,177469,7979,3540.34,3885.94,C476,TP883
CMP11,11,CMP11_display,6,122,7.59,Display,45 days,Email,New York,Spanish,11-01-2021,CAMP00011,27-11-2025,04-12-2025,53998,1343,2491.07,4360.88,C476,TP1693
CMP06,6,CMP06_display,0,134,1.49,Display,15 days,Instagram,New York,German,06-01-2021,CAMP00006,08-07-2025,21-07-2025,177469,7979,3540.34,3885.94,C476,TP1847
CMP17,17,CMP17_display,10,84,5.95,Display,45 days,Website,Houston,English,17-01-2021,CAMP00017,30-05-2025,14-06-2025,12103,168,4112.15,11010.78,C476,TP1018
CMP04,4,CMP04_display,3,194,6.71,Display,60 days,YouTube,Miami,Mandarin,04-01-2021,CAMP00004,17-04-2025,30-04-2025,156382,2672,1252.63,2209.74,C476,TP2166
CMP15,15,CMP15_display,7,157,3.94,Display,45 days,Website,Chicago,Spanish,15-01-2021,CAMP00015,01-06-2025,06-06-2025,257862,23315,684.67,2001.69,C476,TP1636
CMP07,7,CMP07_email,9,106,2.11,Email,60 days,Website,Los Angeles,Spanish,07-01-2021,CAMP00007,21-01-2025,05-02-2025,174231,2160,1999.53,3306.37,C476,TP684
CMP01,1,CMP01_email,0,45,7.58,Email,30 days,Google Ads,Chicago,Spanish,01-01-2021,CAMP00001,13-04-2025,19-04-2025,293520,23335,1052.39,2236.02,C477,TP2262
CMP12,12,CMP12_influencer,5,98,4.49,Influencer,60 days,Google Ads,Los Angeles,Mandarin,12-01-2021,CAMP00012,29-03-2025,06-04-2025,107304,7128,3882.92,7276.43,C477,TP2296
CMP07,7,CMP07_email,9,136,1.97,Email,60 days,Website,Los Angeles,Spanish,07-01-2021,CAMP00007,21-01-2025,05-02-2025,174231,2160,1999.53,3306.37,C477,TP458
CMP04,4,CMP04_display,5,115,2.22,Display,60 days,YouTube,Miami,Mandarin,04-01-2021,CAMP00004,17-04-2025,30-04-2025,156382,2672,1252.63,2209.74,C477,TP1981
CMP06,6,CMP06_display,3,1,5.12,Display,15 days,Instagram,New York,German,06-01-2021,CAMP00006,08-07-2025,21-07-2025,177469,7979,3540.34,3885.94,C477,TP2372
CMP04,4,CMP04_display,0,91,0.62,Display,60 days,YouTube,Miami,Mandarin,04-01-2021,CAMP00004,17-04-2025,30-04-2025,156382,2672,1252.63,2209.74,C477,TP1657
CMP16,16,CMP16_social_media,2,131,8.94,Social Media,60 days,YouTube,New York,German,16-01-2021,CAMP00016,11-05-2025,24-05-2025,159957,8149,4229.14,8648.05,C477,TP094
CMP01,1,CMP01_email,3,96,7.28,Email,30 days,Google Ads,Chicago,Spanish,01-01-2021,CAMP00001,13-04-2025,19-04-2025,293520,23335,1052.39,2236.02,C477,TP2045
CMP01,1,CMP01_email,0,12,6.75,Email,30 days,Google Ads,Chicago,Spanish,01-01-2021,CAMP00001,13-04-2025,19-04-2025,293520,23335,1052.39,2236.02,C477,TP514
CMP07,7,CMP07_email,10,11,3.96,Email,60 days,Website,Los Angeles,Spanish,07-01-2021,CAMP00007,21-01-2025,05-02-2025,174231,2160,1999.53,3306.37,C478,TP1984
CMP16,16,CMP16_social_media,5,2,9.01,Social Media,60 days,YouTube,New York,German,16-01-2021,CAMP00016,11-05-2025,24-05-2025,159957,8149,4229.14,8648.05,C478,TP2062
CMP09,9,CMP09_social_media,5,150,4.14,Social Media,15 days,Facebook,Chicago,German,09-01-2021,CAMP00009,02-05-2025,08-05-2025,209438,2474,2385.72,2800.53,C478,TP1645
CMP08,8,CMP08_search,3,187,4.18,Search,45 days,Google Ads,Los Angeles,Mandarin,08-01-2021,CAMP00008,13-04-2025,26-04-2025,234598,21435,3793.91,7159.09,C478,TP350
CMP11,11,CMP11_display,6,68,3.48,Display,45 days,Email,New York,Spanish,11-01-2021,CAMP00011,27-11-2025,04-12-2025,53998,1343,2491.07,4360.88,C478,TP1917
CMP18,18,CMP18_influencer,7,189,9.82,Influencer,15 days,Instagram,Miami,French,18-01-2021,CAMP00018,05-11-2025,17-11-2025,281690,22173,3399.93,5565.65,C478,TP1462
CMP08,8,CMP08_search,10,44,4.5,Search,45 days,Google Ads,Los Angeles,Mandarin,08-01-2021,CAMP00008,13-04-2025,26-04-2025,234598,21435,3793.91,7159.09,C478,TP1066
CMP05,5,CMP05_email,7,18,5.85,Email,15 days,YouTube,Los Angeles,Mandarin,05-01-2021,CAMP00005,13-03-2025,22-03-2025,285472,4155,4935.48,14111.31,C478,TP2453
CMP19,19,CMP19_social_media,9,66,2.2,Social Media,60 days,Google Ads,New York,French,19-01-2021,CAMP00019,15-09-2025,24-09-2025,260948,21678,4608.11,7497.56,C479,TP1939
CMP18,18,CMP18_influencer,9,24,4.21,Influencer,15 days,Instagram,Miami,French,18-01-2021,CAMP00018,05-11-2025,17-11-2025,281690,22173,3399.93,5565.65,C480,TP575
CMP08,8,CMP08_search,3,124,3.56,Search,45 days,Google Ads,Los Angeles,Mandarin,08-01-2021,CAMP00008,13-04-2025,26-04-2025,234598,21435,3793.91,7159.09,C481,TP1690
CMP17,17,CMP17_display,4,150,9.14,Display,45 days,Website,Houston,English,17-01-2021,CAMP00017,30-05-2025,14-06-2025,12103,168,4112.15,11010.78,C481,TP1100
CMP03,3,CMP03_influencer,3,99,3.95,Influencer,30 days,YouTube,Los Angeles,French,03-01-2021,CAMP00003,28-09-2025,06-10-2025,239365,16478,1000.39,1902.24,C481,TP1533
CMP02,2,CMP02_email,2,43,4.21,Email,60 days,Google Ads,New York,German,02-01-2021,CAMP00002,15-12-2025,24-12-2025,200340,15841,3964.9,11740.15,C481,TP445
CMP03,3,CMP03_influencer,10,37,9.95,Influencer,30 days,YouTube,Los Angeles,French,03-01-2021,CAMP00003,28-09-2025,06-10-2025,239365,16478,1000.39,1902.24,C481,TP474
CMP09,9,CMP09_social_media,6,63,2.9,Social Media,15 days,Facebook,Chicago,German,09-01-2021,CAMP00009,02-05-2025,08-05-2025,209438,2474,2385.72,2800.53,C481,TP564
CMP06,6,CMP06_display,9,180,1.84,Display,15 days,Instagram,New York,German,06-01-2021,CAMP00006,08-07-2025,21-07-2025,177469,7979,3540.34,3885.94,C481,TP1437
CMP04,4,CMP04_display,6,37,4.09,Display,60 days,YouTube,Miami,Mandarin,04-01-2021,CAMP00004,17-04-2025,30-04-2025,156382,2672,1252.63,2209.74,C482,TP2342
CMP08,8,CMP08_search,10,93,3.83,Search,45 days,Google Ads,Los Angeles,Mandarin,08-01-2021,CAMP00008,13-04-2025,26-04-2025,234598,21435,3793.91,7159.09,C482,TP2289
CMP17,17,CMP17_display,2,84,8.33,Display,45 days,Website,Houston,English,17-01-2021,CAMP00017,30-05-2025,14-06-2025,12103,168,4112.15,11010.78,C482,TP1894
CMP14,14,CMP14_email,5,106,7.63,Email,45 days,Instagram,New York,German,14-01-2021,CAMP00014,26-12-2025,31-12-2025,207001,14356,2479.11,2827.93,C482,TP1096
CMP08,8,CMP08_search,2,96,4.16,Search,45 days,Google Ads,Los Angeles,Mandarin,08-01-2021,CAMP00008,13-04-2025,26-04-2025,234598,21435,3793.91,7159.09,C482,TP2510
CMP19,19,CMP19_social_media,4,63,9.18,Social Media,60 days,Google Ads,New York,French,19-01-2021,CAMP00019,15-09-2025,24-09-2025,260948,21678,4608.11,7497.56,C483,TP1987
CMP08,8,CMP08_search,6,173,5.89,Search,45 days,Google Ads,Los Angeles,Mandarin,08-01-2021,CAMP00008,13-04-2025,26-04-2025,234598,21435,3793.91,7159.09,C483,TP1393
CMP05,5,CMP05_email,3,84,6.97,Email,15 days,YouTube,Los Angeles,Mandarin,05-01-2021,CAMP00005,13-03-2025,22-03-2025,285472,4155,4935.48,14111.31,C483,TP1996
CMP03,3,CMP03_influencer,6,51,4.74,Influencer,30 days,YouTube,Los Angeles,French,03-01-2021,CAMP00003,28-09-2025,06-10-2025,239365,16478,1000.39,1902.24,C484,TP406
CMP17,17,CMP17_display,2,56,1.33,Display,45 days,Website,Houston,English,17-01-2021,CAMP00017,30-05-2025,14-06-2025,12103,168,4112.15,11010.78,C484,TP2301
CMP01,1,CMP01_email,8,158,4.65,Email,30 days,Google Ads,Chicago,Spanish,01-01-2021,CAMP00001,13-04-2025,19-04-2025,293520,23335,1052.39,2236.02,C484,TP805
CMP05,5,CMP05_email,6,65,2.15,Email,15 days,YouTube,Los Angeles,Mandarin,05-01-2021,CAMP00005,13-03-2025,22-03-2025,285472,4155,4935.48,14111.31,C484,TP102
CMP13,13,CMP13_social_media,3,48,0.63,Social Media,60 days,Facebook,Chicago,Mandarin,13-01-2021,CAMP00013,10-04-2025,15-04-2025,194692,11436,973.85,2310.62,C485,TP284
CMP10,10,CMP10_email,0,109,8.8,Email,15 days,Instagram,Los Angeles,English,10-01-2021,CAMP00010,03-08-2025,16-08-2025,195376,2474,1142.07,2323.19,C485,TP1943
CMP13,13,CMP13_social_media,3,145,2.27,Social Media,60 days,Facebook,Chicago,Mandarin,13-01-2021,CAMP00013,10-04-2025,15-04-2025,194692,11436,973.85,2310.62,C485,TP199
CMP05,5,CMP05_email,8,174,5.96,Email,15 days,YouTube,Los Angeles,Mandarin,05-01-2021,CAMP00005,13-03-2025,22-03-2025,285472,4155,4935.48,14111.31,C485,TP057
CMP16,16,CMP16_social_media,6,112,9.23,Social Media,60 days,YouTube,New York,German,16-01-2021,CAMP00016,11-05-2025,24-05-2025,159957,8149,4229.14,8648.05,C485,TP635
CMP04,4,CMP04_display,10,100,6.07,Display,60 days,YouTube,Miami,Mandarin,04-01-2021,CAMP00004,17-04-2025,30-04-2025,156382,2672,1252.63,2209.74,C485,TP1027
CMP02,2,CMP02_email,0,16,8.63,Email,60 days,Google Ads,New York,German,02-01-2021,CAMP00002,15-12-2025,24-12-2025,200340,15841,3964.9,11740.15,C485,TP2090
CMP14,14,CMP14_email,0,39,5.38,Email,45 days,Instagram,New York,German,14-01-2021,CAMP00014,26-12-2025,31-12-2025,207001,14356,2479.11,2827.93,C485,TP1470
CMP11,11,CMP11_display,7,182,5.66,Display,45 days,Email,New York,Spanish,11-01-2021,CAMP00011,27-11-2025,04-12-2025,53998,1343,2491.07,4360.88,C485,TP1233
CMP15,15,CMP15_display,1,182,9.17,Display,45 days,Website,Chicago,Spanish,15-01-2021,CAMP00015,01-06-2025,06-06-2025,257862,23315,684.67,2001.69,C486,TP1823
CMP06,6,CMP06_display,6,13,2.96,Display,15 days,Instagram,New York,German,06-01-2021,CAMP00006,08-07-2025,21-07-2025,177469,7979,3540.34,3885.94,C486,TP2150
CMP05,5,CMP05_email,1,64,2.45,Email,15 days,YouTube,Los Angeles,Mandarin,05-01-2021,CAMP00005,13-03-2025,22-03-2025,285472,4155,4935.48,14111.31,C486,TP1318
CMP18,18,CMP18_influencer,9,64,7.52,Influencer,15 days,Instagram,Miami,French,18-01-2021,CAMP00018,05-11-2025,17-11-2025,281690,22173,3399.93,5565.65,C487,TP754
CMP11,11,CMP11_display,1,89,1.85,Display,45 days,Email,New York,Spanish,11-01-2021,CAMP00011,27-11-2025,04-12-2025,53998,1343,2491.07,4360.88,C487,TP623
CMP12,12,CMP12_influencer,9,71,3.01,Influencer,60 days,Google Ads,Los Angeles,Mandarin,12-01-2021,CAMP00012,29-03-2025,06-04-2025,107304,7128,3882.92,7276.43,C488,TP1046
CMP15,15,CMP15_display,10,170,1.08,Display,45 days,Website,Chicago,Spanish,15-01-2021,CAMP00015,01-06-2025,06-06-2025,257862,23315,684.67,2001.69,C488,TP617
CMP19,19,CMP19_social_media,0,170,2.63,Social Media,60 days,Google Ads,New York,French,19-01-2021,CAMP00019,15-09-2025,24-09-2025,260948,21678,4608.11,7497.56,C489,TP1955
CMP16,16,CMP16_social_media,0,128,1.78,Social Media,60 days,YouTube,New York,German,16-01-2021,CAMP00016,11-05-2025,24-05-2025,159957,8149,4229.14,8648.05,C489,TP2350
CMP03,3,CMP03_influencer,4,130,3.53,Influencer,30 days,YouTube,Los Angeles,French,03-01-2021,CAMP00003,28-09-2025,06-10-2025,239365,16478,1000.39,1902.24,C489,TP335
CMP13,13,CMP13_social_media,7,68,5.74,Social Media,60 days,Facebook,Chicago,Mandarin,13-01-2021,CAMP00013,10-04-2025,15-04-2025,194692,11436,973.85,2310.62,C490,TP487
CMP09,9,CMP09_social_media,0,197,9.81,Social Media,15 days,Facebook,Chicago,German,09-01-2021,CAMP00009,02-05-2025,08-05-2025,209438,2474,2385.72,2800.53,C490,TP1990
CMP18,18,CMP18_influencer,9,166,5.78,Influencer,15 days,Instagram,Miami,French,18-01-2021,CAMP00018,05-11-2025,17-11-2025,281690,22173,3399.93,5565.65,C490,TP149
CMP07,7,CMP07_email,0,194,4.93,Email,60 days,Website,Los Angeles,Spanish,07-01-2021,CAMP00007,21-01-2025,05-02-2025,174231,2160,1999.53,3306.37,C490,TP2140
CMP03,3,CMP03_influencer,6,72,7.21,Influencer,30 days,YouTube,Los Angeles,French,03-01-2021,CAMP00003,28-09-2025,06-10-2025,239365,16478,1000.39,1902.24,C490,TP503
CMP15,15,CMP15_display,8,76,6.06,Display,45 days,Website,Chicago,Spanish,15-01-2021,CAMP00015,01-06-2025,06-06-2025,257862,23315,684.67,2001.69,C491,TP1621
CMP02,2,CMP02_email,3,132,2.64,Email,60 days,Google Ads,New York,German,02-01-2021,CAMP00002,15-12-2025,24-12-2025,200340,15841,3964.9,11740.15,C491,TP1726
CMP17,17,CMP17_display,10,200,7.79,Display,45 days,Website,Houston,English,17-01-2021,CAMP00017,30-05-2025,14-06-2025,12103,168,4112.15,11010.78,C491,TP561
CMP07,7,CMP07_email,3,34,8.32,Email,60 days,Website,Los Angeles,Spanish,07-01-2021,CAMP00007,21-01-2025,05-02-2025,174231,2160,1999.53,3306.37,C491,TP1893
CMP18,18,CMP18_influencer,1,36,9.58,Influencer,15 days,Instagram,Miami,French,18-01-2021,CAMP00018,05-11-2025,17-11-2025,281690,22173,3399.93,5565.65,C491,TP1352
CMP07,7,CMP07_email,0,25,5.12,Email,60 days,Website,Los Angeles,Spanish,07-01-2021,CAMP00007,21-01-2025,05-02-2025,174231,2160,1999.53,3306.37,C491,TP1889
CMP03,3,CMP03_influencer,5,52,9.69,Influencer,30 days,YouTube,Los Angeles,French,03-01-2021,CAMP00003,28-09-2025,06-10-2025,239365,16478,1000.39,1902.24,C492,TP568
CMP02,2,CMP02_email,0,126,6.96,Email,60 days,Google Ads,New York,German,02-01-2021,CAMP00002,15-12-2025,24-12-2025,200340,15841,3964.9,11740.15,C492,TP025
CMP12,12,CMP12_influencer,9,130,9.17,Influencer,60 days,Google Ads,Los Angeles,Mandarin,12-01-2021,CAMP00012,29-03-2025,06-04-2025,107304,7128,3882.92,7276.43,C492,TP1539
CMP16,16,CMP16_social_media,2,181,7.09,Social Media,60 days,YouTube,New York,German,16-01-2021,CAMP00016,11-05-2025,24-05-2025,159957,8149,4229.14,8648.05,C492,TP831
CMP06,6,CMP06_display,10,7,7.43,Display,15 days,Instagram,New York,German,06-01-2021,CAMP00006,08-07-2025,21-07-2025,177469,7979,3540.34,3885.94,C492,TP2399
CMP09,9,CMP09_social_media,9,105,3.19,Social Media,15 days,Facebook,Chicago,German,09-01-2021,CAMP00009,02-05-2025,08-05-2025,209438,2474,2385.72,2800.53,C492,TP136
CMP04,4,CMP04_display,6,89,5.0,Display,60 days,YouTube,Miami,Mandarin,04-01-2021,CAMP00004,17-04-2025,30-04-2025,156382,2672,1252.63,2209.74,C493,TP1224
CMP17,17,CMP17_display,3,171,5.32,Display,45 days,Website,Houston,English,17-01-2021,CAMP00017,30-05-2025,14-06-2025,12103,168,4112.15,11010.78,C493,TP733
CMP15,15,CMP15_display,0,130,7.93,Display,45 days,Website,Chicago,Spanish,15-01-2021,CAMP00015,01-06-2025,06-06-2025,257862,23315,684.67,2001.69,C493,TP2021
CMP08,8,CMP08_search,4,58,9.97,Search,45 days,Google Ads,Los Angeles,Mandarin,08-01-2021,CAMP00008,13-04-2025,26-04-2025,234598,21435,3793.91,7159.09,C493,TP676
CMP16,16,CMP16_social_media,9,4,1.89,Social Media,60 days,YouTube,New York,German,16-01-2021,CAMP00016,11-05-2025,24-05-2025,159957,8149,4229.14,8648.05,C493,TP125
CMP10,10,CMP10_email,8,3,7.01,Email,15 days,Instagram,Los Angeles,English,10-01-2021,CAMP00010,03-08-2025,16-08-2025,195376,2474,1142.07,2323.19,C493,TP2115
CMP18,18,CMP18_influencer,5,136,5.24,Influencer,15 days,Instagram,Miami,French,18-01-2021,CAMP00018,05-11-2025,17-11-2025,281690,22173,3399.93,5565.65,C494,TP2078
CMP12,12,CMP12_influencer,5,125,4.92,Influencer,60 days,Google Ads,Los Angeles,Mandarin,12-01-2021,CAMP00012,29-03-2025,06-04-2025,107304,7128,3882.92,7276.43,C494,TP531
CMP09,9,CMP09_social_media,0,176,2.02,Social Media,15 days,Facebook,Chicago,German,09-01-2021,CAMP00009,02-05-2025,08-05-2025,209438,2474,2385.72,2800.53,C494,TP1782
CMP08,8,CMP08_search,1,52,9.22,Search,45 days,Google Ads,Los Angeles,Mandarin,08-01-2021,CAMP00008,13-04-2025,26-04-2025,234598,21435,3793.91,7159.09,C494,TP1801
CMP17,17,CMP17_display,7,178,8.7,Display,45 days,Website,Houston,English,17-01-2021,CAMP00017,30-05-2025,14-06-2025,12103,168,4112.15,11010.78,C495,TP2154
CMP15,15,CMP15_display,7,131,1.93,Display,45 days,Website,Chicago,Spanish,15-01-2021,CAMP00015,01-06-2025,06-06-2025,257862,23315,684.67,2001.69,C495,TP1441
CMP18,18,CMP18_influencer,3,46,2.95,Influencer,15 days,Instagram,Miami,French,18-01-2021,CAMP00018,05-11-2025,17-11-2025,281690,22173,3399.93,5565.65,C495,TP2457
CMP06,6,CMP06_display,5,140,4.72,Display,15 days,Instagram,New York,German,06-01-2021,CAMP00006,08-07-2025,21-07-2025,177469,7979,3540.34,3885.94,C495,TP1716
CMP07,7,CMP07_email,5,117,9.79,Email,60 days,Website,Los Angeles,Spanish,07-01-2021,CAMP00007,21-01-2025,05-02-2025,174231,2160,1999.53,3306.37,C496,TP1541
CMP06,6,CMP06_display,6,117,9.79,Display,15 days,Instagram,New York,German,06-01-2021,CAMP00006,08-07-2025,21-07-2025,177469,7979,3540.34,3885.94,C496,TP1015
CMP06,6,CMP06_display,2,144,6.5,Display,15 days,Instagram,New York,German,06-01-2021,CAMP00006,08-07-2025,21-07-2025,177469,7979,3540.34,3885.94,C496,TP750
CMP19,19,CMP19_social_media,2,87,7.57,Social Media,60 days,Google Ads,New York,French,19-01-2021,CAMP00019,15-09-2025,24-09-2025,260948,21678,4608.11,7497.56,C496,TP2281
CMP08,8,CMP08_search,2,47,6.04,Search,45 days,Google Ads,Los Angeles,Mandarin,08-01-2021,CAMP00008,13-04-2025,26-04-2025,234598,21435,3793.91,7159.09,C496,TP851
CMP07,7,CMP07_email,5,65,8.0,Email,60 days,Website,Los Angeles,Spanish,07-01-2021,CAMP00007,21-01-2025,05-02-2025,174231,2160,1999.53,3306.37,C497,TP753
CMP16,16,CMP16_social_media,9,141,8.2,Social Media,60 days,YouTube,New York,German,16-01-2021,CAMP00016,11-05-2025,24-05-2025,159957,8149,4229.14,8648.05,C497,TP1549
CMP01,1,CMP01_email,7,32,2.34,Email,30 days,Google Ads,Chicago,Spanish,01-01-2021,CAMP00001,13-04-2025,19-04-2025,293520,23335,1052.39,2236.02,C497,TP265
CMP17,17,CMP17_display,2,132,7.32,Display,45 days,Website,Houston,English,17-01-2021,CAMP00017,30-05-2025,14-06-2025,12103,168,4112.15,11010.78,C497,TP683
CMP13,13,CMP13_social_media,3,102,3.29,Social Media,60 days,Facebook,Chicago,Mandarin,13-01-2021,CAMP00013,10-04-2025,15-04-2025,194692,11436,973.85,2310.62,C497,TP2044
CMP01,1,CMP01_email,9,87,4.39,Email,30 days,Google Ads,Chicago,Spanish,01-01-2021,CAMP00001,13-04-2025,19-04-2025,293520,23335,1052.39,2236.02,C497,TP1931
CMP07,7,CMP07_email,0,162,7.21,Email,60 days,Website,Los Angeles,Spanish,07-01-2021,CAMP00007,21-01-2025,05-02-2025,174231,2160,1999.53,3306.37,C497,TP468
CMP03,3,CMP03_influencer,1,71,6.82,Influencer,30 days,YouTube,Los Angeles,French,03-01-2021,CAMP00003,28-09-2025,06-10-2025,239365,16478,1000.39,1902.24,C497,TP2393
CMP08,8,CMP08_search,0,179,7.49,Search,45 days,Google Ads,Los Angeles,Mandarin,08-01-2021,CAMP00008,13-04-2025,26-04-2025,234598,21435,3793.91,7159.09,C497,TP643
CMP06,6,CMP06_display,9,177,4.5,Display,15 days,Instagram,New York,German,06-01-2021,CAMP00006,08-07-2025,21-07-2025,177469,7979,3540.34,3885.94,C497,TP2012
CMP11,11,CMP11_display,3,85,6.39,Display,45 days,Email,New York,Spanish,11-01-2021,CAMP00011,27-11-2025,04-12-2025,53998,1343,2491.07,4360.88,C498,TP2508
CMP14,14,CMP14_email,9,144,4.87,Email,45 days,Instagram,New York,German,14-01-2021,CAMP00014,26-12-2025,31-12-2025,207001,14356,2479.11,2827.93,C498,TP1667
CMP02,2,CMP02_email,8,24,7.26,Email,60 days,Google Ads,New York,German,02-01-2021,CAMP00002,15-12-2025,24-12-2025,200340,15841,3964.9,11740.15,C498,TP1978
CMP04,4,CMP04_display,5,190,0.72,Display,60 days,YouTube,Miami,Mandarin,04-01-2021,CAMP00004,17-04-2025,30-04-2025,156382,2672,1252.63,2209.74,C498,TP1912
CMP15,15,CMP15_display,9,51,9.85,Display,45 days,Website,Chicago,Spanish,15-01-2021,CAMP00015,01-06-2025,06-06-2025,257862,23315,684.67,2001.69,C498,TP2069
CMP02,2,CMP02_email,1,52,0.56,Email,60 days,Google Ads,New York,German,02-01-2021,CAMP00002,15-12-2025,24-12-2025,200340,15841,3964.9,11740.15,C499,TP2246
CMP06,6,CMP06_display,4,85,2.43,Display,15 days,Instagram,New York,German,06-01-2021,CAMP00006,08-07-2025,21-07-2025,177469,7979,3540.34,3885.94,C499,TP715
CMP02,2,CMP02_email,8,77,0.64,Email,60 days,Google Ads,New York,German,02-01-2021,CAMP00002,15-12-2025,24-12-2025,200340,15841,3964.9,11740.15,C499,TP141
