customer_id,touchpoint_id,first_conversion_timestamp,prior_purchase_count,customer_lifetime_value,conversion_flag,conversion_value,journey_converted,attribution_eligible,eligible_touchpoints
C001,TP1342,2024-03-05 21:27:00,1,2040.61,1,421.98,1,1,1
C001,TP1572,2024-03-05 21:27:00,10,4672.74,0,0.0,1,0,1
C001,TP889,2024-03-05 21:27:00,3,3653.16,0,0.0,1,0,1
C001,TP928,2024-03-05 21:27:00,9,3071.43,1,239.06,1,0,1
C001,TP1395,2024-03-05 21:27:00,3,2941.85,0,0.0,1,0,1
C001,TP1038,2024-03-05 21:27:00,2,2988.08,0,0.0,1,0,1
C001,TP1165,2024-03-05 21:27:00,7,3786.8,0,0.0,1,0,1
C001,TP609,2024-03-05 21:27:00,3,2448.5,1,489.29,1,0,1
C002,TP360,2024-04-08 00:25:00,8,3521.47,0,0.0,1,1,2
C002,TP088,2024-04-08 00:25:00,9,198.11,1,154.76,1,1,2
C002,TP1751,2024-04-08 00:25:00,10,445.68,1,182.85,1,0,2
C002,TP279,2024-04-08 00:25:00,4,740.64,0,0.0,1,0,2
C002,TP2490,2024-04-08 00:25:00,8,437.53,0,0.0,1,0,2
C003,TP2064,2024-03-30 18:44:00,8,677.73,0,0.0,1,1,3
C003,TP1218,2024-03-30 18:44:00,5,642.31,0,0.0,1,1,3
C003,TP2147,2024-03-30 18:44:00,8,1903.39,1,320.18,1,1,3
C003,TP2550,2024-03-30 18:44:00,1,3186.94,0,0.0,1,0,3
C004,TP450,2024-04-08 23:15:00,0,2428.42,1,133.62,1,1,1
C004,TP1288,2024-04-08 23:15:00,0,3272.79,0,0.0,1,0,1
C004,TP1802,2024-04-08 23:15:00,4,1043.48,1,379.56,1,0,1
C004,TP2346,2024-04-08 23:15:00,6,1161.32,0,0.0,1,0,1
C004,TP2611,2024-04-08 23:15:00,6,489.62,1,178.22,1,0,1
C004,TP2013,2024-04-08 23:15:00,0,1470.08,0,0.0,1,0,1
C004,TP677,2024-04-08 23:15:00,5,1208.12,0,0.0,1,0,1
C004,TP1312,2024-04-08 23:15:00,6,4860.94,0,0.0,1,0,1
C005,TP1479,2024-03-31 18:02:00,0,2070.0,1,298.51,1,1,1
C005,TP570,2024-03-31 18:02:00,1,2324.94,1,447.4,1,0,1
C005,TP845,2024-03-31 18:02:00,8,2635.33,0,0.0,1,0,1
C005,TP177,2024-03-31 18:02:00,6,4463.65,0,0.0,1,0,1
C005,TP2127,2024-03-31 18:02:00,1,4169.03,0,0.0,1,0,1
C005,TP990,2024-03-31 18:02:00,6,3242.49,1,107.43,1,0,1
C005,TP1157,2024-03-31 18:02:00,7,3597.11,1,476.63,1,0,1
C005,TP1412,2024-03-31 18:02:00,8,4556.49,1,206.58,1,0,1
C006,TP1307,2024-03-03 15:50:00,7,1658.54,1,83.78,1,1,1
C006,TP461,2024-03-03 15:50:00,1,3103.67,0,0.0,1,0,1
C006,TP1017,2024-03-03 15:50:00,5,994.24,1,163.52,1,0,1
C006,TP1269,2024-03-03 15:50:00,3,2741.12,1,186.73,1,0,1
C007,TP2240,2024-05-06 04:02:00,8,2055.0,0,0.0,1,1,3
C007,TP1973,2024-05-06 04:02:00,1,311.89,0,0.0,1,1,3
C007,TP1737,2024-05-06 04:02:00,5,1670.09,1,267.44,1,1,3
C007,TP2329,2024-05-06 04:02:00,8,828.71,0,0.0,1,0,3
C007,TP2540,2024-05-06 04:02:00,0,528.27,1,189.31,1,0,3
C007,TP835,2024-05-06 04:02:00,3,3875.03,1,481.08,1,0,3
C007,TP1217,2024-05-06 04:02:00,5,1651.96,0,0.0,1,0,3
C008,TP947,2024-04-12 10:47:00,1,4171.98,0,0.0,1,1,2
C008,TP1698,2024-04-12 10:47:00,10,1713.76,1,114.4,1,1,2
C008,TP1194,2024-04-12 10:47:00,6,3076.42,0,0.0,1,0,2
C008,TP2409,2024-04-12 10:47:00,9,1553.03,1,75.28,1,0,2
C008,TP1139,2024-04-12 10:47:00,10,3221.87,0,0.0,1,0,2
C009,TP1791,2024-04-12 11:50:00,5,3716.22,0,0.0,1,1,2
C009,TP828,2024-04-12 11:50:00,0,4564.76,1,241.32,1,1,2
C009,TP2133,2024-04-12 11:50:00,9,2507.99,1,198.34,1,0,2
C009,TP2436,2024-04-12 11:50:00,7,2244.73,0,0.0,1,0,2
C009,TP368,2024-04-12 11:50:00,6,3284.13,1,249.41,1,0,2
C009,TP2174,2024-04-12 11:50:00,3,4532.25,1,326.11,1,0,2
C009,TP133,2024-04-12 11:50:00,8,486.18,0,0.0,1,0,2
C009,TP2521,2024-04-12 11:50:00,6,233.32,1,200.01,1,0,2
C010,TP984,2024-05-05 05:31:00,5,3764.48,0,0.0,1,1,3
C010,TP1357,2024-05-05 05:31:00,0,1521.37,0,0.0,1,1,3
C010,TP662,2024-05-05 05:31:00,2,1362.89,1,338.67,1,1,3
C010,TP1478,2024-05-05 05:31:00,2,367.39,0,0.0,1,0,3
C011,TP2461,2024-04-23 19:32:00,5,1324.56,0,0.0,1,1,2
C011,TP1865,2024-04-23 19:32:00,3,1612.96,1,352.77,1,1,2
C011,TP1756,2024-04-23 19:32:00,5,2788.44,0,0.0,1,0,2
C011,TP1514,2024-04-23 19:32:00,8,3198.93,0,0.0,1,0,2
C011,TP2099,2024-04-23 19:32:00,3,1053.83,0,0.0,1,0,2
C012,TP2558,2024-03-25 01:50:00,2,1244.83,1,286.88,1,1,1
C012,TP710,2024-03-25 01:50:00,1,643.53,0,0.0,1,0,1
C012,TP2396,2024-03-25 01:50:00,4,4983.11,0,0.0,1,0,1
C012,TP937,2024-03-25 01:50:00,3,173.66,1,208.29,1,0,1
C012,TP2560,2024-03-25 01:50:00,2,2351.84,0,0.0,1,0,1
C012,TP1920,2024-03-25 01:50:00,6,3709.11,1,236.7,1,0,1
C012,TP2307,2024-03-25 01:50:00,8,4062.59,1,309.09,1,0,1
C012,TP2263,2024-03-25 01:50:00,2,4283.71,1,185.64,1,0,1
C012,TP1933,2024-03-25 01:50:00,7,410.84,1,477.75,1,0,1
C012,TP1168,2024-03-25 01:50:00,10,3647.04,1,269.86,1,0,1
C013,TP522,2024-04-27 15:14:00,10,4521.11,0,0.0,1,1,2
C013,TP764,2024-04-27 15:14:00,0,4939.87,1,344.62,1,1,2
C013,TP2267,2024-04-27 15:14:00,1,4004.67,1,164.98,1,0,2
C013,TP1363,2024-04-27 15:14:00,2,4603.24,1,275.21,1,0,2
C013,TP207,2024-04-27 15:14:00,2,681.41,0,0.0,1,0,2
C013,TP1246,2024-04-27 15:14:00,5,1831.71,0,0.0,1,0,2
C014,TP1213,2024-03-30 20:48:00,0,2157.6,0,0.0,1,1,2
C014,TP1790,2024-03-30 20:48:00,2,2846.14,1,332.71,1,1,2
C014,TP067,2024-03-30 20:48:00,4,1093.66,1,220.34,1,0,2
C014,TP925,2024-03-30 20:48:00,3,491.37,0,0.0,1,0,2
C014,TP1428,2024-03-30 20:48:00,1,3390.91,0,0.0,1,0,2
C014,TP1993,2024-03-30 20:48:00,5,325.45,1,128.52,1,0,2
C014,TP1204,2024-03-30 20:48:00,4,3348.75,1,291.14,1,0,2
C014,TP2555,2024-03-30 20:48:00,9,1104.01,0,0.0,1,0,2
C015,TP2010,2024-03-20 14:55:00,1,3703.41,0,0.0,1,1,2
C015,TP2426,2024-03-20 14:55:00,5,462.24,1,434.88,1,1,2
C015,TP1458,2024-03-20 14:55:00,0,1695.0,1,390.4,1,0,2
C015,TP128,2024-03-20 14:55:00,1,4791.58,1,338.0,1,0,2
C015,TP2388,2024-03-20 14:55:00,7,2860.17,1,252.01,1,0,2
C015,TP185,2024-03-20 14:55:00,9,2413.68,1,221.73,1,0,2
C015,TP1229,2024-03-20 14:55:00,10,4333.64,1,290.36,1,0,2
C015,TP1493,2024-03-20 14:55:00,9,248.93,0,0.0,1,0,2
C016,TP678,2024-03-03 02:43:00,4,1499.81,1,169.46,1,1,1
C016,TP2020,2024-03-03 02:43:00,0,3675.03,1,280.96,1,0,1
C016,TP1961,2024-03-03 02:43:00,9,1487.47,0,0.0,1,0,1
C017,TP454,2024-03-02 06:14:00,0,3375.26,1,353.85,1,1,1
C017,TP1901,2024-03-02 06:14:00,1,4335.71,1,186.96,1,0,1
C017,TP2306,2024-03-02 06:14:00,9,3992.71,0,0.0,1,0,1
C017,TP2272,2024-03-02 06:14:00,4,636.67,0,0.0,1,0,1
C017,TP1927,2024-03-02 06:14:00,4,728.56,0,0.0,1,0,1
C017,TP1820,2024-03-02 06:14:00,9,2283.41,0,0.0,1,0,1
C017,TP1603,2024-03-02 06:14:00,10,1643.92,1,248.14,1,0,1
C018,TP1662,2024-03-26 14:45:00,10,4206.12,1,249.66,1,1,1
C018,TP485,2024-03-26 14:45:00,4,3325.17,1,352.26,1,0,1
C019,TP779,2024-03-19 23:44:00,4,393.87,1,88.16,1,1,1
C019,TP872,2024-03-19 23:44:00,9,1961.78,1,453.74,1,0,1
C019,TP1661,2024-03-19 23:44:00,6,1312.55,0,0.0,1,0,1
C020,TP1763,2024-05-09 19:34:00,0,2518.02,0,0.0,1,1,2
C020,TP2615,2024-05-09 19:34:00,6,2084.16,1,189.26,1,1,2
C020,TP2135,2024-05-09 19:34:00,6,4623.6,0,0.0,1,0,2
C020,TP919,2024-05-09 19:34:00,4,4646.18,0,0.0,1,0,2
C020,TP528,2024-05-09 19:34:00,5,1353.93,0,0.0,1,0,2
C020,TP1338,2024-05-09 19:34:00,2,4028.2,1,295.05,1,0,2
C021,TP2373,,10,647.21,0,0.0,0,0,0
C021,TP060,,0,4849.91,0,0.0,0,0,0
C021,TP008,,8,4432.41,0,0.0,0,0,0
C022,TP427,,4,4641.28,0,0.0,0,0,0
C022,TP2547,,4,2803.64,0,0.0,0,0,0
C022,TP1162,,7,1224.39,0,0.0,0,0,0
C022,TP035,,5,3937.75,0,0.0,0,0,0
C022,TP2313,,5,482.42,0,0.0,0,0,0
C022,TP2363,,8,1697.33,0,0.0,0,0,0
C023,TP1521,2024-04-14 22:55:00,9,3651.66,0,0.0,1,1,2
C023,TP1026,2024-04-14 22:55:00,5,864.81,1,342.56,1,1,2
C023,TP2248,2024-04-14 22:55:00,9,327.66,1,243.46,1,0,2
C023,TP660,2024-04-14 22:55:00,3,3951.11,0,0.0,1,0,2
C023,TP1434,2024-04-14 22:55:00,10,3659.66,0,0.0,1,0,2
C024,TP2420,,5,321.46,0,0.0,0,0,0
C024,TP2608,,8,1651.63,0,0.0,0,0,0
C025,TP1244,2024-04-04 15:14:00,6,3668.13,1,442.72,1,1,1
C025,TP1612,2024-04-04 15:14:00,5,2136.91,0,0.0,1,0,1
C025,TP801,2024-04-04 15:14:00,2,4808.78,0,0.0,1,0,1
C025,TP1908,2024-04-04 15:14:00,4,554.49,0,0.0,1,0,1
C025,TP2562,2024-04-04 15:14:00,6,113.04,0,0.0,1,0,1
C025,TP1593,2024-04-04 15:14:00,9,2936.15,0,0.0,1,0,1
C025,TP2177,2024-04-04 15:14:00,3,2055.56,0,0.0,1,0,1
C025,TP1948,2024-04-04 15:14:00,2,4452.72,0,0.0,1,0,1
C025,TP1248,2024-04-04 15:14:00,7,250.96,1,261.23,1,0,1
C026,TP517,2024-05-23 05:59:00,0,1987.29,0,0.0,1,1,3
C026,TP1957,2024-05-23 05:59:00,2,1594.21,0,0.0,1,1,3
C026,TP2341,2024-05-23 05:59:00,1,575.48,1,228.1,1,1,3
C026,TP1326,2024-05-23 05:59:00,2,3026.0,1,359.32,1,0,3
C026,TP1191,2024-05-23 05:59:00,6,4423.77,0,0.0,1,0,3
C027,TP2411,2024-03-28 08:12:00,9,4241.64,0,0.0,1,1,2
C027,TP2401,2024-03-28 08:12:00,6,552.97,1,117.93,1,1,2
C027,TP437,2024-03-28 08:12:00,5,3407.52,1,276.28,1,0,2
C027,TP1831,2024-03-28 08:12:00,6,113.52,1,288.88,1,0,2
C027,TP2365,2024-03-28 08:12:00,5,3013.21,1,377.32,1,0,2
C028,TP956,2024-05-02 17:16:00,7,4723.17,0,0.0,1,1,3
C028,TP152,2024-05-02 17:16:00,2,2991.04,0,0.0,1,1,3
C028,TP1206,2024-05-02 17:16:00,1,714.32,1,133.32,1,1,3
C028,TP1234,2024-05-02 17:16:00,7,3277.3,0,0.0,1,0,3
C028,TP221,2024-05-02 17:16:00,3,340.81,1,184.3,1,0,3
C029,TP1861,2024-04-17 09:40:00,4,2205.01,0,0.0,1,1,4
C029,TP2330,2024-04-17 09:40:00,2,3463.95,0,0.0,1,1,4
C029,TP2167,2024-04-17 09:40:00,8,3661.48,0,0.0,1,1,4
C029,TP2042,2024-04-17 09:40:00,8,1405.35,1,230.73,1,1,4
C029,TP1555,2024-04-17 09:40:00,1,639.65,1,292.36,1,0,4
C029,TP205,2024-04-17 09:40:00,5,4212.49,1,444.13,1,0,4
C029,TP846,2024-04-17 09:40:00,10,3479.3,0,0.0,1,0,4
C029,TP1805,2024-04-17 09:40:00,9,3033.14,1,90.56,1,0,4
C030,TP1103,2024-04-30 21:16:00,0,755.86,1,380.21,1,1,1
C031,TP2247,,8,1977.55,0,0.0,0,0,0
C031,TP1301,,8,385.75,0,0.0,0,0,0
C032,TP2460,2024-04-06 15:13:00,3,4135.04,1,454.61,1,1,1
C032,TP1652,2024-04-06 15:13:00,1,3999.74,1,94.3,1,0,1
C033,TP158,2024-04-06 11:08:00,2,2837.52,0,0.0,1,1,2
C033,TP2332,2024-04-06 11:08:00,8,2882.44,1,159.49,1,1,2
C033,TP420,2024-04-06 11:08:00,2,3831.1,1,183.52,1,0,2
C033,TP694,2024-04-06 11:08:00,8,3877.8,0,0.0,1,0,2
C034,TP2029,2024-05-26 18:17:00,7,3270.94,0,0.0,1,1,4
C034,TP1819,2024-05-26 18:17:00,9,3272.46,0,0.0,1,1,4
C034,TP1171,2024-05-26 18:17:00,1,3852.46,0,0.0,1,1,4
C034,TP1048,2024-05-26 18:17:00,8,3385.32,1,395.1,1,1,4
C034,TP1259,2024-05-26 18:17:00,0,4523.91,1,264.98,1,0,4
C034,TP1119,2024-05-26 18:17:00,5,2593.18,1,378.96,1,0,4
C035,TP169,2024-04-13 08:39:00,8,4339.34,1,229.73,1,1,1
C035,TP2593,2024-04-13 08:39:00,6,1723.01,1,219.52,1,0,1
C035,TP1394,2024-04-13 08:39:00,9,4967.11,1,171.28,1,0,1
C035,TP717,2024-04-13 08:39:00,2,2669.69,0,0.0,1,0,1
C035,TP974,2024-04-13 08:39:00,7,843.49,1,201.26,1,0,1
C035,TP451,2024-04-13 08:39:00,7,356.93,0,0.0,1,0,1
C035,TP081,2024-04-13 08:39:00,0,4140.51,0,0.0,1,0,1
C036,TP1747,2024-03-31 05:02:00,6,2466.31,0,0.0,1,1,2
C036,TP526,2024-03-31 05:02:00,8,2324.53,1,472.52,1,1,2
C036,TP1883,2024-03-31 05:02:00,10,2519.94,1,461.87,1,0,2
C036,TP1304,2024-03-31 05:02:00,4,4669.8,0,0.0,1,0,2
C036,TP751,2024-03-31 05:02:00,0,1118.39,1,326.98,1,0,2
C036,TP206,2024-03-31 05:02:00,5,3838.25,1,168.53,1,0,2
C037,TP2295,2024-03-17 01:12:00,3,3810.09,0,0.0,1,1,2
C037,TP366,2024-03-17 01:12:00,8,1168.83,1,465.47,1,1,2
C037,TP760,2024-03-17 01:12:00,4,4141.94,1,179.11,1,0,2
C037,TP2584,2024-03-17 01:12:00,4,2928.08,1,447.66,1,0,2
C037,TP465,2024-03-17 01:12:00,0,3719.68,1,450.63,1,0,2
C037,TP2193,2024-03-17 01:12:00,7,2562.07,0,0.0,1,0,2
C038,TP430,2024-06-13 01:58:00,6,3520.32,0,0.0,1,1,6
C038,TP1376,2024-06-13 01:58:00,9,4695.1,0,0.0,1,1,6
C038,TP2185,2024-06-13 01:58:00,8,666.86,0,0.0,1,1,6
C038,TP1467,2024-06-13 01:58:00,8,3554.8,0,0.0,1,1,6
C038,TP1518,2024-06-13 01:58:00,8,1686.78,0,0.0,1,1,6
C038,TP1346,2024-06-13 01:58:00,0,3304.92,1,188.43,1,1,6
C039,TP873,2024-03-04 00:42:00,0,3005.32,1,384.64,1,1,1
C039,TP2255,2024-03-04 00:42:00,5,2801.62,1,355.32,1,0,1
C039,TP654,2024-03-04 00:42:00,2,1258.83,1,197.72,1,0,1
C039,TP810,2024-03-04 00:42:00,8,2905.14,1,137.5,1,0,1
C039,TP1236,2024-03-04 00:42:00,0,2364.37,0,0.0,1,0,1
C039,TP513,2024-03-04 00:42:00,1,3479.12,1,366.59,1,0,1
C039,TP1448,2024-03-04 00:42:00,3,2952.62,0,0.0,1,0,1
C039,TP339,2024-03-04 00:42:00,7,467.17,1,243.97,1,0,1
C039,TP2040,2024-03-04 00:42:00,0,2836.48,1,77.37,1,0,1
C039,TP2351,2024-03-04 00:42:00,8,2157.81,0,0.0,1,0,1
C039,TP2009,2024-03-04 00:42:00,9,991.16,1,383.77,1,0,1
C039,TP1909,2024-03-04 00:42:00,6,3919.02,0,0.0,1,0,1
C039,TP1052,2024-03-04 00:42:00,8,3237.68,1,323.26,1,0,1
C040,TP2213,2024-03-10 02:57:00,6,1752.26,1,238.92,1,1,1
C040,TP2211,2024-03-10 02:57:00,4,3822.63,0,0.0,1,0,1
C040,TP1792,2024-03-10 02:57:00,6,498.17,1,456.53,1,0,1
C040,TP2176,2024-03-10 02:57:00,0,308.51,0,0.0,1,0,1
C040,TP2202,2024-03-10 02:57:00,7,4653.95,1,334.93,1,0,1
C040,TP1302,2024-03-10 02:57:00,10,1446.54,0,0.0,1,0,1
C041,TP126,2024-04-08 16:17:00,0,2026.16,0,0.0,1,1,2
C041,TP2527,2024-04-08 16:17:00,3,1635.13,1,113.64,1,1,2
C041,TP1817,2024-04-08 16:17:00,3,1236.62,1,292.73,1,0,2
C041,TP959,2024-04-08 16:17:00,4,1791.7,0,0.0,1,0,2
C041,TP2472,2024-04-08 16:17:00,5,2296.63,0,0.0,1,0,2
C041,TP151,2024-04-08 16:17:00,4,1470.15,1,344.95,1,0,2
C042,TP187,2024-04-02 06:39:00,6,3050.29,1,288.1,1,1,1
C042,TP1907,2024-04-02 06:39:00,2,3877.59,0,0.0,1,0,1
C042,TP1421,2024-04-02 06:39:00,2,3456.47,1,362.15,1,0,1
C042,TP813,2024-04-02 06:39:00,9,4334.29,1,363.36,1,0,1
C042,TP1815,2024-04-02 06:39:00,7,3136.2,0,0.0,1,0,1
C042,TP1266,2024-04-02 06:39:00,3,806.75,1,74.12,1,0,1
C042,TP1456,2024-04-02 06:39:00,9,3300.02,0,0.0,1,0,1
C043,TP706,2024-03-16 13:15:00,2,369.57,1,292.3,1,1,1
C043,TP1126,2024-03-16 13:15:00,4,3585.77,1,423.83,1,0,1
C044,TP1923,,1,2534.59,0,0.0,0,0,0
C044,TP223,,9,3581.42,0,0.0,0,0,0
C044,TP707,,10,3362.67,0,0.0,0,0,0
C044,TP098,,10,2456.31,0,0.0,0,0,0
C044,TP903,,8,3365.29,0,0.0,0,0,0
C045,TP216,2024-05-05 14:01:00,6,3559.66,0,0.0,1,1,3
C045,TP2231,2024-05-05 14:01:00,3,1588.88,0,0.0,1,1,3
C045,TP2243,2024-05-05 14:01:00,0,1494.16,1,172.93,1,1,3
C046,TP1850,2024-04-14 22:50:00,4,2018.94,1,437.06,1,1,1
C046,TP973,2024-04-14 22:50:00,8,2104.11,0,0.0,1,0,1
C046,TP2268,2024-04-14 22:50:00,3,3952.37,1,197.66,1,0,1
C046,TP459,2024-04-14 22:50:00,7,248.01,1,155.84,1,0,1
C046,TP1170,2024-04-14 22:50:00,9,3641.96,1,391.17,1,0,1
C046,TP2476,2024-04-14 22:50:00,7,1250.28,0,0.0,1,0,1
C046,TP2425,2024-04-14 22:50:00,10,1280.37,1,438.91,1,0,1
C047,TP922,2024-03-04 19:54:00,7,1384.89,1,237.1,1,1,1
C047,TP642,2024-03-04 19:54:00,8,926.3,1,417.46,1,0,1
C047,TP1958,2024-03-04 19:54:00,0,1088.84,1,318.72,1,0,1
C047,TP578,2024-03-04 19:54:00,4,4457.84,1,107.35,1,0,1
C047,TP1180,2024-03-04 19:54:00,5,2682.79,0,0.0,1,0,1
C047,TP1498,2024-03-04 19:54:00,6,1373.64,1,274.27,1,0,1
C047,TP2130,2024-03-04 19:54:00,0,442.17,1,302.71,1,0,1
C047,TP1341,2024-03-04 19:54:00,3,136.32,0,0.0,1,0,1
C048,TP1188,,5,2679.88,0,0.0,0,0,0
C048,TP159,,6,2757.06,0,0.0,0,0,0
C048,TP615,,2,3044.26,0,0.0,0,0,0
C049,TP039,2024-03-28 17:18:00,7,923.56,0,0.0,1,1,2
C049,TP1640,2024-03-28 17:18:00,10,4337.67,1,442.57,1,1,2
C049,TP1627,2024-03-28 17:18:00,9,2233.67,0,0.0,1,0,2
C049,TP453,2024-03-28 17:18:00,6,923.57,1,317.77,1,0,2
C050,TP2618,,3,872.93,0,0.0,0,0,0
C050,TP085,,0,3827.4,0,0.0,0,0,0
C050,TP2413,,6,4582.56,0,0.0,0,0,0
C051,TP1106,2024-03-02 23:49:00,9,4891.9,1,171.54,1,1,1
C051,TP1039,2024-03-02 23:49:00,6,3613.15,1,351.26,1,0,1
C051,TP051,2024-03-02 23:49:00,0,4482.82,0,0.0,1,0,1
C051,TP1154,2024-03-02 23:49:00,8,3693.46,1,365.53,1,0,1
C051,TP1713,2024-03-02 23:49:00,6,4547.4,0,0.0,1,0,1
C051,TP545,2024-03-02 23:49:00,7,4267.44,1,269.84,1,0,1
C051,TP433,2024-03-02 23:49:00,6,3068.64,1,386.59,1,0,1
C051,TP1554,2024-03-02 23:49:00,6,4094.52,0,0.0,1,0,1
C052,TP195,2024-06-20 06:27:00,6,4948.14,0,0.0,1,1,3
C052,TP2105,2024-06-20 06:27:00,10,4132.93,0,0.0,1,1,3
C052,TP793,2024-06-20 06:27:00,6,1730.18,1,60.99,1,1,3
C052,TP267,2024-06-20 06:27:00,9,4335.7,1,394.63,1,0,3
C053,TP291,2024-03-20 18:47:00,10,3523.75,1,342.45,1,1,1
C053,TP1771,2024-03-20 18:47:00,5,3225.88,0,0.0,1,0,1
C053,TP118,2024-03-20 18:47:00,4,1411.08,0,0.0,1,0,1
C053,TP071,2024-03-20 18:47:00,5,2304.4,1,423.23,1,0,1
C053,TP1028,2024-03-20 18:47:00,7,3398.81,1,401.55,1,0,1
C053,TP566,2024-03-20 18:47:00,3,830.3,0,0.0,1,0,1
C053,TP806,2024-03-20 18:47:00,4,3518.4,1,236.5,1,0,1
C053,TP1121,2024-03-20 18:47:00,9,2358.73,0,0.0,1,0,1
C054,TP377,2024-04-06 13:48:00,2,1754.16,0,0.0,1,1,2
C054,TP930,2024-04-06 13:48:00,4,2518.98,1,312.84,1,1,2
C054,TP090,2024-04-06 13:48:00,9,2676.53,0,0.0,1,0,2
C054,TP560,2024-04-06 13:48:00,2,3856.45,1,167.88,1,0,2
C054,TP282,2024-04-06 13:48:00,0,4770.84,1,240.41,1,0,2
C054,TP1708,2024-04-06 13:48:00,8,209.64,1,54.23,1,0,2
C054,TP1063,2024-04-06 13:48:00,7,4043.73,1,354.81,1,0,2
C054,TP489,2024-04-06 13:48:00,4,975.45,0,0.0,1,0,2
C054,TP2129,2024-04-06 13:48:00,8,3991.86,1,313.91,1,0,2
C055,TP1692,2024-06-18 04:57:00,10,1077.88,0,0.0,1,1,6
C055,TP1874,2024-06-18 04:57:00,10,1866.38,0,0.0,1,1,6
C055,TP2567,2024-06-18 04:57:00,6,2256.93,0,0.0,1,1,6
C055,TP1680,2024-06-18 04:57:00,4,4245.38,0,0.0,1,1,6
C055,TP1575,2024-06-18 04:57:00,3,480.79,0,0.0,1,1,6
C055,TP053,2024-06-18 04:57:00,10,2621.85,1,201.47,1,1,6
C056,TP2210,,10,2730.11,0,0.0,0,0,0
C056,TP1184,,8,2931.13,0,0.0,0,0,0
C056,TP1202,,6,1099.22,0,0.0,0,0,0
C057,TP1929,2024-03-05 18:20:00,9,873.42,1,64.72,1,1,1
C057,TP809,2024-03-05 18:20:00,5,4101.36,0,0.0,1,0,1
C058,TP490,2024-04-25 16:59:00,1,1724.26,0,0.0,1,1,3
C058,TP607,2024-04-25 16:59:00,9,225.83,0,0.0,1,1,3
C058,TP902,2024-04-25 16:59:00,9,3925.56,1,178.58,1,1,3
C058,TP553,2024-04-25 16:59:00,10,3461.78,1,174.51,1,0,3
C058,TP595,2024-04-25 16:59:00,5,4888.94,0,0.0,1,0,3
C058,TP881,2024-04-25 16:59:00,10,2961.4,0,0.0,1,0,3
C058,TP2385,2024-04-25 16:59:00,4,3497.73,0,0.0,1,0,3
C058,TP2339,2024-04-25 16:59:00,9,3192.13,0,0.0,1,0,3
C059,TP2107,2024-05-08 12:08:00,7,3551.9,0,0.0,1,1,3
C059,TP1953,2024-05-08 12:08:00,2,4749.88,0,0.0,1,1,3
C059,TP041,2024-05-08 12:08:00,3,3294.98,1,149.2,1,1,3
C059,TP1781,2024-05-08 12:08:00,6,4359.45,0,0.0,1,0,3
C059,TP2226,2024-05-08 12:08:00,0,4233.04,0,0.0,1,0,3
C059,TP2588,2024-05-08 12:08:00,3,1637.47,1,394.84,1,0,3
C059,TP2225,2024-05-08 12:08:00,6,4318.39,0,0.0,1,0,3
C060,TP567,2024-04-09 12:03:00,7,1922.58,1,54.35,1,1,1
C060,TP2403,2024-04-09 12:03:00,3,747.68,1,248.99,1,0,1
C060,TP1399,2024-04-09 12:03:00,0,707.49,1,390.32,1,0,1
C060,TP2292,2024-04-09 12:03:00,6,4437.79,0,0.0,1,0,1
C060,TP358,2024-04-09 12:03:00,4,3922.1,0,0.0,1,0,1
C061,TP1189,2024-03-21 00:58:00,1,2234.63,1,288.91,1,1,1
C061,TP1152,2024-03-21 00:58:00,8,4132.53,0,0.0,1,0,1
C061,TP1904,2024-03-21 00:58:00,1,2891.42,1,93.74,1,0,1
C061,TP2089,2024-03-21 00:58:00,1,2973.53,0,0.0,1,0,1
C061,TP2138,2024-03-21 00:58:00,5,2298.2,0,0.0,1,0,1
C062,TP2100,2024-03-07 07:15:00,0,2786.74,1,254.07,1,1,1
C062,TP2144,2024-03-07 07:15:00,0,1558.72,0,0.0,1,0,1
C062,TP772,2024-03-07 07:15:00,8,3702.95,1,408.21,1,0,1
C062,TP161,2024-03-07 07:15:00,2,2256.89,0,0.0,1,0,1
C062,TP1320,2024-03-07 07:15:00,10,925.49,0,0.0,1,0,1
C062,TP1417,2024-03-07 07:15:00,5,3565.09,1,351.56,1,0,1
C062,TP217,2024-03-07 07:15:00,10,4769.39,1,460.68,1,0,1
C063,TP1435,2024-03-21 05:42:00,7,1813.31,0,0.0,1,1,2
C063,TP1637,2024-03-21 05:42:00,0,2942.76,1,373.42,1,1,2
C063,TP548,2024-03-21 05:42:00,9,1138.95,0,0.0,1,0,2
C063,TP1620,2024-03-21 05:42:00,1,3335.6,1,486.14,1,0,2
C063,TP139,2024-03-21 05:42:00,10,533.75,0,0.0,1,0,2
C063,TP1002,2024-03-21 05:42:00,7,4623.71,0,0.0,1,0,2
C063,TP2111,2024-03-21 05:42:00,3,4729.49,0,0.0,1,0,2
C063,TP1591,2024-03-21 05:42:00,7,529.83,0,0.0,1,0,2
C063,TP191,2024-03-21 05:42:00,8,4969.59,0,0.0,1,0,2
C064,TP2447,2024-05-07 23:19:00,7,2003.28,1,252.38,1,1,1
C064,TP1851,2024-05-07 23:19:00,2,1040.59,1,375.9,1,0,1
C065,TP130,2024-04-07 22:20:00,8,2066.71,1,358.08,1,1,1
C065,TP994,2024-04-07 22:20:00,8,3160.81,1,303.98,1,0,1
C065,TP702,2024-04-07 22:20:00,1,1831.38,0,0.0,1,0,1
C065,TP2061,2024-04-07 22:20:00,9,2228.54,0,0.0,1,0,1
C066,TP1079,2024-04-02 14:17:00,9,140.41,1,492.73,1,1,1
C066,TP214,2024-04-02 14:17:00,5,2019.66,0,0.0,1,0,1
C066,TP2628,2024-04-02 14:17:00,8,2004.37,1,493.0,1,0,1
C067,TP1251,2024-04-06 12:26:00,10,3528.99,0,0.0,1,1,3
C067,TP1452,2024-04-06 12:26:00,10,576.47,0,0.0,1,1,3
C067,TP1712,2024-04-06 12:26:00,10,2414.45,1,121.09,1,1,3
C068,TP408,2024-03-20 04:22:00,7,4077.61,1,402.83,1,1,1
C068,TP1249,2024-03-20 04:22:00,5,4576.2,1,248.21,1,0,1
C068,TP2157,2024-03-20 04:22:00,0,1013.62,1,98.7,1,0,1
C069,TP1512,2024-03-11 20:42:00,8,4456.67,0,0.0,1,1,2
C069,TP641,2024-03-11 20:42:00,4,3149.86,1,150.1,1,1,2
C069,TP626,2024-03-11 20:42:00,0,3983.05,0,0.0,1,0,2
C069,TP798,2024-03-11 20:42:00,1,773.47,0,0.0,1,0,2
C069,TP1118,2024-03-11 20:42:00,4,3372.22,0,0.0,1,0,2
C069,TP1879,2024-03-11 20:42:00,0,717.75,1,61.26,1,0,2
C069,TP1381,2024-03-11 20:42:00,2,2642.58,1,482.86,1,0,2
C070,TP1286,2024-06-10 15:01:00,8,743.69,1,324.33,1,1,1
C070,TP861,2024-06-10 15:01:00,9,2438.28,0,0.0,1,0,1
C072,TP2108,2024-04-04 01:52:00,8,429.94,0,0.0,1,1,2
C072,TP2445,2024-04-04 01:52:00,9,1953.01,1,453.14,1,1,2
C072,TP2402,2024-04-04 01:52:00,0,1473.01,1,80.73,1,0,2
C072,TP006,2024-04-04 01:52:00,1,2379.21,0,0.0,1,0,2
C072,TP2450,2024-04-04 01:52:00,4,2028.22,1,194.69,1,0,2
C072,TP1051,2024-04-04 01:52:00,8,3650.65,1,125.51,1,0,2
C073,TP1898,2024-05-26 21:28:00,4,3633.33,0,0.0,1,1,4
C073,TP2523,2024-05-26 21:28:00,1,3398.71,0,0.0,1,1,4
C073,TP2080,2024-05-26 21:28:00,10,1386.22,0,0.0,1,1,4
C073,TP1177,2024-05-26 21:28:00,3,4550.17,1,149.72,1,1,4
C074,TP829,,8,1514.65,0,0.0,0,0,0
C074,TP2286,,10,865.82,0,0.0,0,0,0
C075,TP1311,2024-04-26 06:15:00,3,3115.55,0,0.0,1,1,3
C075,TP1595,2024-04-26 06:15:00,4,4258.41,0,0.0,1,1,3
C075,TP1080,2024-04-26 06:15:00,1,4733.41,1,402.19,1,1,3
C075,TP734,2024-04-26 06:15:00,8,4327.14,0,0.0,1,0,3
C075,TP1810,2024-04-26 06:15:00,4,4453.62,1,182.8,1,0,3
C075,TP382,2024-04-26 06:15:00,5,518.06,0,0.0,1,0,3
C075,TP2356,2024-04-26 06:15:00,10,4131.95,0,0.0,1,0,3
C076,TP1392,2024-04-03 15:40:00,5,2457.19,0,0.0,1,1,3
C076,TP1825,2024-04-03 15:40:00,8,2710.44,0,0.0,1,1,3
C076,TP2474,2024-04-03 15:40:00,3,755.63,1,246.99,1,1,3
C076,TP631,2024-04-03 15:40:00,9,1810.76,0,0.0,1,0,3
C076,TP786,2024-04-03 15:40:00,9,2520.0,1,418.29,1,0,3
C076,TP827,2024-04-03 15:40:00,3,1278.88,0,0.0,1,0,3
C077,TP2497,2024-03-13 15:21:00,7,1529.87,1,319.05,1,1,1
C077,TP2261,2024-03-13 15:21:00,3,3011.74,1,53.46,1,0,1
C078,TP1173,2024-03-13 22:42:00,10,4969.39,1,340.66,1,1,1
C078,TP1035,2024-03-13 22:42:00,2,3101.9,1,59.17,1,0,1
C078,TP1415,2024-03-13 22:42:00,8,4091.35,0,0.0,1,0,1
C078,TP1722,2024-03-13 22:42:00,9,3086.02,1,337.52,1,0,1
C078,TP1208,2024-03-13 22:42:00,1,1117.14,1,147.37,1,0,1
C078,TP1664,2024-03-13 22:42:00,4,1070.73,1,456.54,1,0,1
C079,TP2410,,2,3026.15,0,0.0,0,0,0
C079,TP2335,,1,4877.33,0,0.0,0,0,0
C080,TP1935,2024-06-05 18:42:00,6,100.03,0,0.0,1,1,2
C080,TP2479,2024-06-05 18:42:00,5,198.6,1,285.24,1,1,2
C080,TP910,2024-06-05 18:42:00,1,2371.83,0,0.0,1,0,2
C081,TP1777,2024-06-01 00:41:00,6,4437.14,0,0.0,1,1,4
C081,TP083,2024-06-01 00:41:00,7,121.3,0,0.0,1,1,4
C081,TP142,2024-06-01 00:41:00,7,2291.47,0,0.0,1,1,4
C081,TP2200,2024-06-01 00:41:00,0,1949.98,1,113.84,1,1,4
C081,TP276,2024-06-01 00:41:00,8,272.65,1,263.88,1,0,4
C081,TP1941,2024-06-01 00:41:00,3,2949.4,0,0.0,1,0,4
C081,TP1107,2024-06-01 00:41:00,10,4892.34,0,0.0,1,0,4
C082,TP2257,2024-03-10 14:52:00,5,114.87,1,350.21,1,1,1
C082,TP977,2024-03-10 14:52:00,1,4478.36,1,355.61,1,0,1
C082,TP1982,2024-03-10 14:52:00,2,1406.17,0,0.0,1,0,1
C082,TP1750,2024-03-10 14:52:00,3,1044.34,0,0.0,1,0,1
C082,TP2579,2024-03-10 14:52:00,2,1404.82,1,95.51,1,0,1
C083,TP1032,2024-06-05 06:11:00,4,1118.36,0,0.0,1,1,2
C083,TP1265,2024-06-05 06:11:00,0,1132.51,1,333.25,1,1,2
C084,TP2542,2024-04-26 23:51:00,8,2380.33,0,0.0,1,1,2
C084,TP1630,2024-04-26 23:51:00,1,985.6,1,433.29,1,1,2
C084,TP773,2024-04-26 23:51:00,7,4858.25,1,126.36,1,0,2
C084,TP2535,2024-04-26 23:51:00,2,4227.31,0,0.0,1,0,2
C084,TP2378,2024-04-26 23:51:00,9,2357.55,1,344.98,1,0,2
C084,TP2362,2024-04-26 23:51:00,3,890.7,1,457.67,1,0,2
C084,TP1366,2024-04-26 23:51:00,5,2864.29,1,86.2,1,0,2
C085,TP1742,2024-05-06 03:37:00,3,1305.94,1,496.71,1,1,1
C085,TP1034,2024-05-06 03:37:00,1,2908.76,0,0.0,1,0,1
C086,TP1476,2024-03-05 11:00:00,8,4336.09,1,121.27,1,1,1
C086,TP2481,2024-03-05 11:00:00,3,4932.2,0,0.0,1,0,1
C086,TP636,2024-03-05 11:00:00,1,3296.14,0,0.0,1,0,1
C086,TP212,2024-03-05 11:00:00,1,4016.67,0,0.0,1,0,1
C086,TP1967,2024-03-05 11:00:00,10,1894.14,0,0.0,1,0,1
C086,TP1240,2024-03-05 11:00:00,10,3631.5,1,440.81,1,0,1
C087,TP1826,2024-05-12 08:12:00,0,1170.94,0,0.0,1,1,2
C087,TP2559,2024-05-12 08:12:00,6,2471.69,1,340.71,1,1,2
C087,TP1691,2024-05-12 08:12:00,8,172.57,0,0.0,1,0,2
C088,TP015,,4,2385.52,0,0.0,0,0,0
C088,TP1721,,5,2219.81,0,0.0,0,0,0
C088,TP2471,,3,2499.43,0,0.0,0,0,0
C089,TP2155,2024-03-11 05:58:00,2,1373.58,0,0.0,1,1,2
C089,TP1419,2024-03-11 05:58:00,2,542.06,1,198.41,1,1,2
C089,TP616,2024-03-11 05:58:00,0,3486.18,1,199.48,1,0,2
C089,TP1950,2024-03-11 05:58:00,6,4998.97,1,104.97,1,0,2
C089,TP065,2024-03-11 05:58:00,7,2128.72,1,291.3,1,0,2
C089,TP1422,2024-03-11 05:58:00,4,3542.96,1,179.7,1,0,2
C090,TP2505,2024-04-08 22:03:00,6,2595.22,0,0.0,1,1,4
C090,TP2190,2024-04-08 22:03:00,9,1382.8,0,0.0,1,1,4
C090,TP725,2024-04-08 22:03:00,9,3291.15,0,0.0,1,1,4
C090,TP1343,2024-04-08 22:03:00,2,1266.0,1,82.13,1,1,4
C090,TP1594,2024-04-08 22:03:00,0,1368.88,0,0.0,1,0,4
C090,TP720,2024-04-08 22:03:00,4,204.92,0,0.0,1,0,4
C090,TP951,2024-04-08 22:03:00,6,4577.82,1,386.38,1,0,4
C091,TP869,2024-05-10 03:49:00,5,3393.73,1,296.54,1,1,1
C092,TP2482,2024-04-07 16:43:00,9,3205.98,1,121.44,1,1,1
C092,TP074,2024-04-07 16:43:00,2,2753.23,1,437.77,1,0,1
C092,TP1550,2024-04-07 16:43:00,7,2935.47,0,0.0,1,0,1
C092,TP1159,2024-04-07 16:43:00,10,2265.99,1,88.53,1,0,1
C092,TP1715,2024-04-07 16:43:00,9,2619.02,0,0.0,1,0,1
C092,TP2223,2024-04-07 16:43:00,3,4149.86,1,305.42,1,0,1
C092,TP2371,2024-04-07 16:43:00,9,2994.84,0,0.0,1,0,1
C092,TP594,2024-04-07 16:43:00,5,2437.7,1,96.26,1,0,1
C092,TP538,2024-04-07 16:43:00,10,3030.52,1,141.62,1,0,1
C093,TP1149,2024-04-19 18:00:00,6,3064.51,1,409.02,1,1,1
C093,TP722,2024-04-19 18:00:00,5,1892.29,1,373.89,1,0,1
C093,TP2407,2024-04-19 18:00:00,1,1542.59,1,186.27,1,0,1
C093,TP2595,2024-04-19 18:00:00,1,1343.65,1,424.11,1,0,1
C094,TP1378,,9,212.53,0,0.0,0,0,0
C094,TP1317,,8,319.72,0,0.0,0,0,0
C094,TP644,,7,1504.63,0,0.0,0,0,0
C095,TP1504,2024-03-14 15:42:00,3,2368.5,1,425.63,1,1,1
C095,TP1294,2024-03-14 15:42:00,5,2707.92,0,0.0,1,0,1
C095,TP1050,2024-03-14 15:42:00,3,417.36,0,0.0,1,0,1
C095,TP1379,2024-03-14 15:42:00,6,4125.49,0,0.0,1,0,1
C095,TP1135,2024-03-14 15:42:00,6,4437.7,0,0.0,1,0,1
C095,TP711,2024-03-14 15:42:00,0,3526.09,1,351.78,1,0,1
C095,TP2458,2024-03-14 15:42:00,8,4579.56,0,0.0,1,0,1
C095,TP471,2024-03-14 15:42:00,7,527.99,1,238.65,1,0,1
C096,TP196,2024-03-07 15:34:00,8,4124.66,1,291.64,1,1,1
C096,TP673,2024-03-07 15:34:00,9,2433.12,1,130.36,1,0,1
C096,TP259,2024-03-07 15:34:00,2,3435.12,0,0.0,1,0,1
C096,TP755,2024-03-07 15:34:00,6,3509.42,0,0.0,1,0,1
C096,TP1720,2024-03-07 15:34:00,1,552.24,0,0.0,1,0,1
C096,TP612,2024-03-07 15:34:00,9,653.74,1,61.15,1,0,1
C096,TP2037,2024-03-07 15:34:00,7,3837.97,1,483.81,1,0,1
C096,TP2621,2024-03-07 15:34:00,4,854.62,0,0.0,1,0,1
C097,TP1469,2024-06-02 10:39:00,1,1052.87,0,0.0,1,1,3
C097,TP441,2024-06-02 10:39:00,4,3392.92,0,0.0,1,1,3
C097,TP1714,2024-06-02 10:39:00,9,2106.83,1,248.78,1,1,3
C097,TP315,2024-06-02 10:39:00,5,852.86,1,457.44,1,0,3
C098,TP1807,2024-03-17 02:00:00,9,3048.52,0,0.0,1,1,2
C098,TP1873,2024-03-17 02:00:00,9,2245.85,1,473.13,1,1,2
C098,TP1089,2024-03-17 02:00:00,9,892.46,0,0.0,1,0,2
C098,TP2000,2024-03-17 02:00:00,4,2516.65,1,157.07,1,0,2
C098,TP309,2024-03-17 02:00:00,3,2927.3,0,0.0,1,0,2
C098,TP2160,2024-03-17 02:00:00,5,1994.14,1,215.4,1,0,2
C098,TP1010,2024-03-17 02:00:00,6,2384.74,1,392.55,1,0,2
C098,TP1837,2024-03-17 02:00:00,10,4440.78,1,421.11,1,0,2
C099,TP472,2024-03-13 14:43:00,3,3929.14,0,0.0,1,1,3
C099,TP2348,2024-03-13 14:43:00,5,828.03,0,0.0,1,1,3
C099,TP2134,2024-03-13 14:43:00,10,3466.75,1,105.0,1,1,3
C099,TP370,2024-03-13 14:43:00,0,2878.16,1,297.65,1,0,3
C099,TP352,2024-03-13 14:43:00,2,3768.82,1,437.75,1,0,3
C099,TP1012,2024-03-13 14:43:00,3,1919.3,1,388.4,1,0,3
C099,TP462,2024-03-13 14:43:00,1,3654.95,0,0.0,1,0,3
C099,TP164,2024-03-13 14:43:00,0,2274.77,0,0.0,1,0,3
C099,TP393,2024-03-13 14:43:00,2,3384.52,0,0.0,1,0,3
C099,TP799,2024-03-13 14:43:00,10,2565.47,1,263.81,1,0,3
C099,TP749,2024-03-13 14:43:00,9,3443.78,0,0.0,1,0,3
C100,TP017,2024-03-16 03:11:00,0,1656.54,1,89.12,1,1,1
C100,TP665,2024-03-16 03:11:00,9,3926.81,1,491.52,1,0,1
C100,TP781,2024-03-16 03:11:00,10,3863.99,0,0.0,1,0,1
C100,TP655,2024-03-16 03:11:00,10,1402.39,1,438.96,1,0,1
C101,TP563,2024-03-09 21:33:00,5,582.13,1,298.26,1,1,1
C101,TP699,2024-03-09 21:33:00,3,3909.98,0,0.0,1,0,1
C101,TP1268,2024-03-09 21:33:00,2,2470.4,1,303.28,1,0,1
C101,TP172,2024-03-09 21:33:00,10,2383.68,0,0.0,1,0,1
C101,TP1564,2024-03-09 21:33:00,10,4320.15,1,254.91,1,0,1
C101,TP1922,2024-03-09 21:33:00,4,1582.26,1,94.56,1,0,1
C101,TP1369,2024-03-09 21:33:00,7,1951.46,0,0.0,1,0,1
C101,TP273,2024-03-09 21:33:00,6,377.8,0,0.0,1,0,1
C102,TP2465,2024-06-26 12:43:00,2,2047.05,0,0.0,1,1,2
C102,TP1918,2024-06-26 12:43:00,3,4676.19,1,384.02,1,1,2
C103,TP571,2024-03-06 18:47:00,5,489.63,1,456.77,1,1,1
C103,TP2501,2024-03-06 18:47:00,1,4014.38,1,79.66,1,0,1
C103,TP1082,2024-03-06 18:47:00,6,3541.98,1,206.24,1,0,1
C103,TP001,2024-03-06 18:47:00,1,1542.37,0,0.0,1,0,1
C103,TP009,2024-03-06 18:47:00,6,2486.38,0,0.0,1,0,1
C103,TP1991,2024-03-06 18:47:00,8,2502.82,1,108.5,1,0,1
C104,TP1427,2024-03-23 09:48:00,6,1875.97,0,0.0,1,1,2
C104,TP387,2024-03-23 09:48:00,0,1547.18,1,124.84,1,1,2
C104,TP1529,2024-03-23 09:48:00,3,2841.98,0,0.0,1,0,2
C104,TP1535,2024-03-23 09:48:00,9,4395.38,1,419.25,1,0,2
C104,TP1445,2024-03-23 09:48:00,1,1810.06,0,0.0,1,0,2
C104,TP507,2024-03-23 09:48:00,7,978.04,1,445.67,1,0,2
C104,TP1906,2024-03-23 09:48:00,3,1743.03,1,449.27,1,0,2
C104,TP1446,2024-03-23 09:48:00,5,744.05,1,345.95,1,0,2
C105,TP2162,2024-05-08 23:02:00,1,4936.19,0,0.0,1,1,2
C105,TP1011,2024-05-08 23:02:00,9,1562.45,1,220.61,1,1,2
C105,TP728,2024-05-08 23:02:00,10,2151.76,1,189.18,1,0,2
C105,TP2622,2024-05-08 23:02:00,0,4276.1,0,0.0,1,0,2
C106,TP091,,4,570.58,0,0.0,0,0,0
C106,TP1105,,8,1659.29,0,0.0,0,0,0
C106,TP1548,,0,411.82,0,0.0,0,0,0
C106,TP587,,3,2592.18,0,0.0,0,0,0
C106,TP2511,,0,279.48,0,0.0,0,0,0
C107,TP2118,2024-04-16 07:06:00,0,3409.25,0,0.0,1,1,2
C107,TP1186,2024-04-16 07:06:00,5,4620.75,1,262.97,1,1,2
C107,TP005,2024-04-16 07:06:00,5,4377.27,1,173.76,1,0,2
C108,TP569,2024-06-07 10:10:00,4,4726.69,0,0.0,1,1,4
C108,TP2023,2024-06-07 10:10:00,6,4161.42,0,0.0,1,1,4
C108,TP1914,2024-06-07 10:10:00,5,2636.92,0,0.0,1,1,4
C108,TP222,2024-06-07 10:10:00,0,3121.06,1,337.53,1,1,4
C108,TP1997,2024-06-07 10:10:00,8,4128.93,0,0.0,1,0,4
C109,TP811,2024-06-14 00:50:00,1,749.71,0,0.0,1,1,3
C109,TP1806,2024-06-14 00:50:00,3,794.83,0,0.0,1,1,3
C109,TP1253,2024-06-14 00:50:00,6,4234.2,1,132.96,1,1,3
C110,TP1567,2024-06-03 07:48:00,4,3010.66,1,134.89,1,1,1
C111,TP1219,2024-03-02 23:46:00,8,3174.98,1,95.24,1,1,1
C111,TP1260,2024-03-02 23:46:00,4,900.57,1,419.95,1,0,1
C111,TP1257,2024-03-02 23:46:00,5,3753.36,1,473.48,1,0,1
C111,TP1534,2024-03-02 23:46:00,3,4927.37,0,0.0,1,0,1
C111,TP1130,2024-03-02 23:46:00,4,3449.91,1,159.74,1,0,1
C111,TP1459,2024-03-02 23:46:00,5,808.11,0,0.0,1,0,1
C111,TP1255,2024-03-02 23:46:00,8,3653.8,1,73.12,1,0,1
C111,TP1875,2024-03-02 23:46:00,8,2207.14,0,0.0,1,0,1
C111,TP2537,2024-03-02 23:46:00,5,4918.05,1,472.1,1,0,1
C112,TP391,2024-04-02 00:11:00,6,3253.58,0,0.0,1,1,2
C112,TP1071,2024-04-02 00:11:00,3,2576.46,1,95.86,1,1,2
C112,TP1744,2024-04-02 00:11:00,4,4680.83,0,0.0,1,0,2
C112,TP357,2024-04-02 00:11:00,4,1163.3,1,251.88,1,0,2
C112,TP1287,2024-04-02 00:11:00,4,742.82,1,383.04,1,0,2
C113,TP2270,2024-04-16 11:29:00,4,3847.25,1,53.48,1,1,1
C113,TP1339,2024-04-16 11:29:00,10,1455.09,1,341.44,1,0,1
C113,TP383,2024-04-16 11:29:00,1,3326.11,0,0.0,1,0,1
C113,TP274,2024-04-16 11:29:00,4,2643.34,1,107.78,1,0,1
C113,TP263,2024-04-16 11:29:00,3,2230.24,1,81.15,1,0,1
C113,TP272,2024-04-16 11:29:00,8,939.02,0,0.0,1,0,1
C113,TP1867,2024-04-16 11:29:00,0,1900.58,1,352.55,1,0,1
C113,TP278,2024-04-16 11:29:00,1,3351.22,1,169.28,1,0,1
C113,TP1195,2024-04-16 11:29:00,7,2963.99,1,366.28,1,0,1
C113,TP1670,2024-04-16 11:29:00,8,2906.05,1,218.68,1,0,1
C114,TP732,2024-04-26 23:28:00,6,3829.43,1,231.08,1,1,1
C114,TP1671,2024-04-26 23:28:00,4,4412.88,1,115.51,1,0,1
C114,TP2201,2024-04-26 23:28:00,9,3573.26,0,0.0,1,0,1
C114,TP495,2024-04-26 23:28:00,0,150.77,0,0.0,1,0,1
C115,TP2207,2024-06-17 06:54:00,0,3808.96,0,0.0,1,1,3
C115,TP727,2024-06-17 06:54:00,10,3192.67,0,0.0,1,1,3
C115,TP1788,2024-06-17 06:54:00,8,2621.61,1,346.63,1,1,3
C115,TP1505,2024-06-17 06:54:00,3,1100.85,1,491.11,1,0,3
C116,TP381,2024-04-08 04:54:00,8,562.36,1,466.87,1,1,1
C116,TP475,2024-04-08 04:54:00,10,4171.52,0,0.0,1,0,1
C116,TP239,2024-04-08 04:54:00,10,2131.18,0,0.0,1,0,1
C116,TP2498,2024-04-08 04:54:00,1,3317.04,0,0.0,1,0,1
C117,TP1827,2024-03-08 03:47:00,5,2619.27,0,0.0,1,1,2
C117,TP600,2024-03-08 03:47:00,1,2325.67,1,329.3,1,1,2
C117,TP1587,2024-03-08 03:47:00,9,4137.87,1,272.9,1,0,2
C117,TP2442,2024-03-08 03:47:00,3,2511.37,1,406.32,1,0,2
C117,TP900,2024-03-08 03:47:00,4,4637.05,0,0.0,1,0,2
C117,TP2625,2024-03-08 03:47:00,0,2160.25,1,215.53,1,0,2
C117,TP1972,2024-03-08 03:47:00,2,3533.14,0,0.0,1,0,2
C118,TP1333,2024-03-17 00:57:00,5,575.84,1,470.15,1,1,1
C118,TP1315,2024-03-17 00:57:00,10,272.79,0,0.0,1,0,1
C118,TP1057,2024-03-17 00:57:00,1,1684.65,1,484.12,1,0,1
C118,TP614,2024-03-17 00:57:00,9,4921.1,1,381.45,1,0,1
C118,TP1483,2024-03-17 00:57:00,6,4288.09,0,0.0,1,0,1
C118,TP1634,2024-03-17 00:57:00,10,4682.03,1,221.0,1,0,1
C119,TP1232,2024-03-29 14:54:00,10,1145.68,0,0.0,1,1,2
C119,TP991,2024-03-29 14:54:00,10,1928.0,1,330.02,1,1,2
C119,TP1761,2024-03-29 14:54:00,10,3722.95,1,173.52,1,0,2
C119,TP2573,2024-03-29 14:54:00,9,4054.33,1,111.9,1,0,2
C120,TP591,2024-03-22 08:22:00,8,3484.09,1,144.53,1,1,1
C120,TP1724,2024-03-22 08:22:00,1,3189.88,0,0.0,1,0,1
C120,TP1780,2024-03-22 08:22:00,10,150.92,1,336.48,1,0,1
C120,TP2152,2024-03-22 08:22:00,10,1625.63,0,0.0,1,0,1
C120,TP2315,2024-03-22 08:22:00,4,4693.73,0,0.0,1,0,1
C120,TP378,2024-03-22 08:22:00,3,4099.42,1,486.05,1,0,1
C121,TP238,2024-03-11 11:11:00,8,4760.37,1,195.87,1,1,1
C121,TP1181,2024-03-11 11:11:00,0,1710.67,0,0.0,1,0,1
C122,TP608,2024-03-22 22:39:00,8,1166.92,0,0.0,1,1,3
C122,TP843,2024-03-22 22:39:00,0,209.45,0,0.0,1,1,3
C122,TP1849,2024-03-22 22:39:00,3,935.93,1,484.93,1,1,3
C122,TP818,2024-03-22 22:39:00,1,4887.81,1,345.23,1,0,3
C122,TP2565,2024-03-22 22:39:00,3,3753.0,1,213.17,1,0,3
C122,TP1153,2024-03-22 22:39:00,1,233.42,0,0.0,1,0,3
C122,TP2507,2024-03-22 22:39:00,4,2528.59,0,0.0,1,0,3
C122,TP010,2024-03-22 22:39:00,7,2249.94,0,0.0,1,0,3
C122,TP948,2024-03-22 22:39:00,1,1264.25,1,238.56,1,0,3
C123,TP2519,2024-03-27 07:09:00,3,520.73,0,0.0,1,1,2
C123,TP302,2024-03-27 07:09:00,2,3549.74,1,314.74,1,1,2
C123,TP2165,2024-03-27 07:09:00,10,904.14,1,413.25,1,0,2
C123,TP1480,2024-03-27 07:09:00,7,372.37,0,0.0,1,0,2
C124,TP586,2024-03-28 02:56:00,10,2630.94,1,408.26,1,1,1
C124,TP2183,2024-03-28 02:56:00,8,4269.21,0,0.0,1,0,1
C124,TP317,2024-03-28 02:56:00,10,1788.03,1,81.89,1,0,1
C125,TP1431,2024-06-03 12:25:00,8,1176.85,0,0.0,1,1,2
C125,TP2639,2024-06-03 12:25:00,8,394.95,1,484.82,1,1,2
C125,TP550,2024-06-03 12:25:00,8,3640.49,1,91.53,1,0,2
C126,TP1242,2024-03-28 04:02:00,1,3482.2,0,0.0,1,1,2
C126,TP289,2024-03-28 04:02:00,9,4245.99,1,190.27,1,1,2
C126,TP874,2024-03-28 04:02:00,4,3391.36,1,263.6,1,0,2
C126,TP613,2024-03-28 04:02:00,1,3265.24,0,0.0,1,0,2
C126,TP880,2024-03-28 04:02:00,4,2784.88,1,336.95,1,0,2
C126,TP1124,2024-03-28 04:02:00,10,1305.37,1,433.27,1,0,2
C127,TP2551,2024-03-17 08:56:00,6,2121.04,1,382.45,1,1,1
C127,TP501,2024-03-17 08:56:00,6,4043.06,1,145.92,1,0,1
C127,TP603,2024-03-17 08:56:00,1,4021.03,1,468.45,1,0,1
C127,TP1547,2024-03-17 08:56:00,5,2489.58,1,270.34,1,0,1
C127,TP1201,2024-03-17 08:56:00,1,2216.75,1,136.66,1,0,1
C128,TP484,2024-03-26 22:38:00,6,380.37,1,228.1,1,1,1
C128,TP338,2024-03-26 22:38:00,10,951.79,1,93.62,1,0,1
C128,TP1604,2024-03-26 22:38:00,10,4236.47,0,0.0,1,0,1
C128,TP1784,2024-03-26 22:38:00,10,2140.95,1,329.4,1,0,1
C128,TP1813,2024-03-26 22:38:00,1,866.53,0,0.0,1,0,1
C128,TP228,2024-03-26 22:38:00,4,101.96,0,0.0,1,0,1
C128,TP419,2024-03-26 22:38:00,3,1380.77,0,0.0,1,0,1
C129,TP606,,7,1148.8,0,0.0,0,0,0
C129,TP135,,6,3888.2,0,0.0,0,0,0
C129,TP1902,,2,2650.27,0,0.0,0,0,0
C129,TP342,,0,1869.96,0,0.0,0,0,0
C130,TP1852,2024-03-16 00:47:00,8,3542.81,0,0.0,1,1,2
C130,TP2359,2024-03-16 00:47:00,9,3357.52,1,101.31,1,1,2
C130,TP280,2024-03-16 00:47:00,6,1256.14,1,442.59,1,0,2
C130,TP1365,2024-03-16 00:47:00,2,1684.7,1,272.21,1,0,2
C130,TP1502,2024-03-16 00:47:00,7,2286.14,0,0.0,1,0,2
C130,TP290,2024-03-16 00:47:00,4,4941.78,1,497.82,1,0,2
C131,TP020,2024-04-03 04:29:00,10,3791.42,0,0.0,1,1,4
C131,TP1682,2024-04-03 04:29:00,0,688.76,0,0.0,1,1,4
C131,TP2001,2024-04-03 04:29:00,10,450.44,0,0.0,1,1,4
C131,TP056,2024-04-03 04:29:00,1,3461.31,1,431.37,1,1,4
C131,TP175,2024-04-03 04:29:00,8,3709.46,1,71.2,1,0,4
C131,TP1911,2024-04-03 04:29:00,4,2540.03,1,254.14,1,0,4
C131,TP374,2024-04-03 04:29:00,8,2549.17,1,426.21,1,0,4
C131,TP2589,2024-04-03 04:29:00,3,3378.9,0,0.0,1,0,4
C132,TP1418,2024-05-16 23:15:00,4,4958.64,1,435.98,1,1,1
C132,TP859,2024-05-16 23:15:00,7,2335.95,0,0.0,1,0,1
C132,TP1676,2024-05-16 23:15:00,4,756.24,0,0.0,1,0,1
C133,TP1330,2024-03-26 00:03:00,9,4666.17,0,0.0,1,1,3
C133,TP1543,2024-03-26 00:03:00,2,4724.03,0,0.0,1,1,3
C133,TP1022,2024-03-26 00:03:00,7,4341.03,1,292.74,1,1,3
C133,TP1166,2024-03-26 00:03:00,1,3132.56,0,0.0,1,0,3
C133,TP1108,2024-03-26 00:03:00,9,1665.72,1,413.69,1,0,3
C133,TP2241,2024-03-26 00:03:00,0,1487.44,1,268.55,1,0,3
C133,TP819,2024-03-26 00:03:00,2,1715.54,1,52.5,1,0,3
C134,TP901,2024-04-19 01:08:00,7,4983.38,1,84.87,1,1,1
C134,TP1451,2024-04-19 01:08:00,8,1524.87,0,0.0,1,0,1
C134,TP2333,2024-04-19 01:08:00,4,3119.48,1,314.99,1,0,1
C134,TP1834,2024-04-19 01:08:00,10,4503.58,1,423.71,1,0,1
C134,TP1519,2024-04-19 01:08:00,8,4887.8,1,278.71,1,0,1
C134,TP219,2024-04-19 01:08:00,9,380.24,0,0.0,1,0,1
C134,TP1314,2024-04-19 01:08:00,0,2710.27,1,317.22,1,0,1
C135,TP059,2024-03-03 23:52:00,4,4513.97,1,321.68,1,1,1
C135,TP416,2024-03-03 23:52:00,3,1191.75,1,373.28,1,0,1
C135,TP153,2024-03-03 23:52:00,4,1482.1,1,228.03,1,0,1
C136,TP850,2024-05-05 23:45:00,6,141.01,0,0.0,1,1,2
C136,TP137,2024-05-05 23:45:00,0,3522.79,1,153.07,1,1,2
C136,TP952,2024-05-05 23:45:00,1,2098.23,0,0.0,1,0,2
C136,TP1495,2024-05-05 23:45:00,8,3518.79,0,0.0,1,0,2
C137,TP2168,2024-04-25 14:24:00,9,1165.28,0,0.0,1,1,3
C137,TP1297,2024-04-25 14:24:00,0,4009.72,0,0.0,1,1,3
C137,TP1390,2024-04-25 14:24:00,6,1414.56,1,499.81,1,1,3
C137,TP247,2024-04-25 14:24:00,3,2013.39,0,0.0,1,0,3
C137,TP1974,2024-04-25 14:24:00,6,1932.19,1,143.22,1,0,3
C137,TP1583,2024-04-25 14:24:00,4,1365.16,0,0.0,1,0,3
C138,TP1360,2024-05-07 21:21:00,7,779.15,1,364.88,1,1,1
C138,TP1111,2024-05-07 21:21:00,5,2448.6,1,292.18,1,0,1
C139,TP140,2024-03-11 04:34:00,5,3684.83,1,191.95,1,1,1
C139,TP1349,2024-03-11 04:34:00,7,3705.3,0,0.0,1,0,1
C140,TP2086,2024-05-31 00:50:00,5,313.23,0,0.0,1,1,3
C140,TP364,2024-05-31 00:50:00,9,4858.43,0,0.0,1,1,3
C140,TP1340,2024-05-31 00:50:00,4,3187.5,1,458.79,1,1,3
C141,TP837,2024-03-02 16:05:00,8,1154.83,1,283.08,1,1,1
C141,TP1528,2024-03-02 16:05:00,1,4968.98,0,0.0,1,0,1
C141,TP2034,2024-03-02 16:05:00,10,1039.39,0,0.0,1,0,1
C141,TP1644,2024-03-02 16:05:00,4,4313.18,0,0.0,1,0,1
C141,TP877,2024-03-02 16:05:00,2,1171.91,1,166.64,1,0,1
C142,TP1344,2024-04-21 03:46:00,6,4691.87,1,124.67,1,1,1
C142,TP2066,2024-04-21 03:46:00,9,1919.9,0,0.0,1,0,1
C142,TP533,2024-04-21 03:46:00,2,1899.45,1,98.17,1,0,1
C143,TP537,2024-03-11 00:33:00,5,4246.67,1,372.93,1,1,1
C143,TP1952,2024-03-11 00:33:00,5,3405.71,1,254.62,1,0,1
C143,TP203,2024-03-11 00:33:00,0,2200.77,0,0.0,1,0,1
C143,TP2509,2024-03-11 00:33:00,1,4255.09,1,177.87,1,0,1
C143,TP1436,2024-03-11 00:33:00,10,3769.59,0,0.0,1,0,1
C143,TP926,2024-03-11 00:33:00,5,3182.99,0,0.0,1,0,1
C144,TP355,2024-04-22 00:01:00,1,4963.22,0,0.0,1,1,3
C144,TP808,2024-04-22 00:01:00,2,2480.69,0,0.0,1,1,3
C144,TP1659,2024-04-22 00:01:00,4,4433.55,1,442.66,1,1,3
C144,TP583,2024-04-22 00:01:00,8,4651.9,0,0.0,1,0,3
C144,TP796,2024-04-22 00:01:00,10,4677.28,0,0.0,1,0,3
C144,TP314,2024-04-22 00:01:00,9,655.37,1,153.02,1,0,3
C144,TP633,2024-04-22 00:01:00,0,3218.68,1,404.32,1,0,3
C144,TP933,2024-04-22 00:01:00,1,2213.47,1,394.52,1,0,3
C145,TP2145,2024-03-17 06:25:00,10,1993.91,0,0.0,1,1,3
C145,TP2406,2024-03-17 06:25:00,9,4559.32,0,0.0,1,1,3
C145,TP964,2024-03-17 06:25:00,9,599.22,1,149.24,1,1,3
C145,TP1439,2024-03-17 06:25:00,0,543.74,1,231.88,1,0,3
C145,TP855,2024-03-17 06:25:00,7,1685.56,0,0.0,1,0,3
C145,TP590,2024-03-17 06:25:00,2,245.21,1,454.52,1,0,3
C145,TP1245,2024-03-17 06:25:00,2,1577.67,0,0.0,1,0,3
C145,TP1033,2024-03-17 06:25:00,2,4037.93,1,139.71,1,0,3
C146,TP2071,2024-03-29 04:04:00,4,1567.33,1,288.75,1,1,1
C146,TP995,2024-03-29 04:04:00,7,2621.36,0,0.0,1,0,1
C146,TP1254,2024-03-29 04:04:00,4,2811.48,0,0.0,1,0,1
C146,TP825,2024-03-29 04:04:00,0,3374.73,1,97.96,1,0,1
C146,TP1812,2024-03-29 04:04:00,8,1125.9,0,0.0,1,0,1
C147,TP2566,2024-03-07 21:39:00,1,4457.23,1,131.12,1,1,1
C147,TP330,2024-03-07 21:39:00,7,635.4,1,403.08,1,0,1
C147,TP918,2024-03-07 21:39:00,10,2017.37,1,78.9,1,0,1
C147,TP671,2024-03-07 21:39:00,0,617.41,0,0.0,1,0,1
C147,TP589,2024-03-07 21:39:00,5,3528.31,1,437.32,1,0,1
C147,TP449,2024-03-07 21:39:00,9,3335.49,1,86.05,1,0,1
C147,TP371,2024-03-07 21:39:00,3,2140.41,1,72.76,1,0,1
C147,TP2220,2024-03-07 21:39:00,8,2915.26,0,0.0,1,0,1
C147,TP2380,2024-03-07 21:39:00,3,2252.81,1,129.72,1,0,1
C147,TP1743,2024-03-07 21:39:00,4,1481.29,0,0.0,1,0,1
C148,TP323,2024-03-09 23:22:00,0,4604.28,1,146.41,1,1,1
C148,TP331,2024-03-09 23:22:00,0,2135.04,0,0.0,1,0,1
C148,TP1513,2024-03-09 23:22:00,2,2716.65,1,298.07,1,0,1
C148,TP882,2024-03-09 23:22:00,6,1159.56,0,0.0,1,0,1
C148,TP2109,2024-03-09 23:22:00,9,312.0,1,242.04,1,0,1
C148,TP2483,2024-03-09 23:22:00,10,1834.75,1,217.78,1,0,1
C148,TP1633,2024-03-09 23:22:00,6,1453.66,1,436.7,1,0,1
C148,TP1885,2024-03-09 23:22:00,6,4512.22,1,149.62,1,0,1
C149,TP909,2024-04-02 15:10:00,1,3469.78,1,112.27,1,1,1
C149,TP1862,2024-04-02 15:10:00,0,3538.29,1,291.46,1,0,1
C149,TP1940,2024-04-02 15:10:00,5,475.74,1,358.56,1,0,1
C149,TP1579,2024-04-02 15:10:00,4,3108.91,0,0.0,1,0,1
C150,TP1283,2024-03-02 03:18:00,4,973.76,1,187.42,1,1,1
C150,TP1622,2024-03-02 03:18:00,9,342.47,1,361.72,1,0,1
C150,TP2583,2024-03-02 03:18:00,1,203.92,0,0.0,1,0,1
C150,TP551,2024-03-02 03:18:00,7,1480.56,0,0.0,1,0,1
C150,TP021,2024-03-02 03:18:00,3,600.39,0,0.0,1,0,1
C151,TP757,2024-03-30 06:22:00,4,186.53,0,0.0,1,1,2
C151,TP807,2024-03-30 06:22:00,7,692.92,1,333.39,1,1,2
C151,TP1132,2024-03-30 06:22:00,1,1312.38,0,0.0,1,0,2
C151,TP1741,2024-03-30 06:22:00,1,3976.14,0,0.0,1,0,2
C151,TP348,2024-03-30 06:22:00,4,1772.52,1,492.87,1,0,2
C151,TP499,2024-03-30 06:22:00,7,3694.56,1,498.24,1,0,2
C152,TP1995,2024-03-14 23:47:00,6,4899.61,1,347.48,1,1,1
C152,TP1611,2024-03-14 23:47:00,4,1800.3,1,344.65,1,0,1
C152,TP1295,2024-03-14 23:47:00,9,3151.46,0,0.0,1,0,1
C152,TP1876,2024-03-14 23:47:00,0,1686.11,0,0.0,1,0,1
C152,TP689,2024-03-14 23:47:00,6,135.67,0,0.0,1,0,1
C152,TP254,2024-03-14 23:47:00,5,2113.2,0,0.0,1,0,1
C152,TP2617,2024-03-14 23:47:00,8,792.88,1,413.88,1,0,1
C152,TP756,2024-03-14 23:47:00,3,2771.63,1,296.57,1,0,1
C152,TP376,2024-03-14 23:47:00,3,3817.86,0,0.0,1,0,1
C152,TP019,2024-03-14 23:47:00,2,1569.77,1,63.41,1,0,1
C153,TP2074,2024-04-12 03:55:00,3,2721.47,1,322.44,1,1,1
C153,TP2427,2024-04-12 03:55:00,3,4030.31,1,326.75,1,0,1
C153,TP2103,2024-04-12 03:55:00,9,3366.17,1,237.2,1,0,1
C153,TP1438,2024-04-12 03:55:00,5,941.4,1,486.58,1,0,1
C153,TP394,2024-04-12 03:55:00,8,2018.59,1,230.47,1,0,1
C153,TP546,2024-04-12 03:55:00,9,4123.9,1,457.4,1,0,1
C153,TP1822,2024-04-12 03:55:00,9,1203.07,0,0.0,1,0,1
C154,TP1623,2024-04-14 03:21:00,7,586.67,0,0.0,1,1,3
C154,TP1588,2024-04-14 03:21:00,9,892.52,0,0.0,1,1,3
C154,TP1053,2024-04-14 03:21:00,10,4485.19,1,386.57,1,1,3
C154,TP2499,2024-04-14 03:21:00,6,4145.35,1,405.15,1,0,3
C154,TP632,2024-04-14 03:21:00,7,4962.16,1,170.06,1,0,3
C154,TP1212,2024-04-14 03:21:00,10,1218.61,1,286.09,1,0,3
C154,TP1803,2024-04-14 03:21:00,6,250.42,0,0.0,1,0,3
C154,TP1896,2024-04-14 03:21:00,0,1070.91,0,0.0,1,0,3
C155,TP2237,2024-04-18 20:56:00,7,3558.82,0,0.0,1,1,2
C155,TP502,2024-04-18 20:56:00,1,3553.54,1,169.34,1,1,2
C155,TP1148,2024-04-18 20:56:00,1,2556.09,1,145.45,1,0,2
C155,TP2269,2024-04-18 20:56:00,5,1136.1,0,0.0,1,0,2
C156,TP1624,,9,1687.56,0,0.0,0,0,0
C156,TP945,,5,1946.39,0,0.0,0,0,0
C157,TP1494,2024-05-13 18:55:00,10,4371.61,0,0.0,1,1,2
C157,TP1460,2024-05-13 18:55:00,1,1357.93,1,331.43,1,1,2
C157,TP127,2024-05-13 18:55:00,4,585.48,0,0.0,1,0,2
C157,TP2355,2024-05-13 18:55:00,7,4612.69,0,0.0,1,0,2
C157,TP1497,2024-05-13 18:55:00,1,225.84,1,424.46,1,0,2
C157,TP1466,2024-05-13 18:55:00,0,1782.16,1,297.15,1,0,2
C158,TP2254,2024-04-01 15:02:00,4,4578.91,0,0.0,1,1,4
C158,TP1653,2024-04-01 15:02:00,6,2865.44,0,0.0,1,1,4
C158,TP457,2024-04-01 15:02:00,6,1168.44,0,0.0,1,1,4
C158,TP1779,2024-04-01 15:02:00,1,4259.48,1,208.54,1,1,4
C158,TP429,2024-04-01 15:02:00,6,4205.08,0,0.0,1,0,4
C158,TP2068,2024-04-01 15:02:00,7,3389.27,1,196.33,1,0,4
C158,TP588,2024-04-01 15:02:00,4,1209.77,0,0.0,1,0,4
C159,TP2605,2024-03-13 08:01:00,5,4854.17,1,234.89,1,1,1
C159,TP1994,2024-03-13 08:01:00,1,3913.54,0,0.0,1,0,1
C159,TP1486,2024-03-13 08:01:00,3,3766.68,0,0.0,1,0,1
C160,TP2148,2024-03-04 04:44:00,4,4593.19,1,208.24,1,1,1
C160,TP905,2024-03-04 04:44:00,6,428.49,1,193.87,1,0,1
C160,TP2251,2024-03-04 04:44:00,2,4188.91,1,177.46,1,0,1
C160,TP367,2024-03-04 04:44:00,1,2618.22,0,0.0,1,0,1
C160,TP1150,2024-03-04 04:44:00,3,3086.39,1,203.15,1,0,1
C160,TP686,2024-03-04 04:44:00,3,2120.85,1,223.34,1,0,1
C160,TP294,2024-03-04 04:44:00,8,1823.24,1,104.45,1,0,1
C160,TP258,2024-03-04 04:44:00,5,2604.41,1,88.54,1,0,1
C160,TP208,2024-03-04 04:44:00,3,1303.22,0,0.0,1,0,1
C160,TP2477,2024-03-04 04:44:00,8,4400.23,0,0.0,1,0,1
C161,TP032,2024-03-14 02:50:00,10,3645.21,1,139.48,1,1,1
C161,TP1617,2024-03-14 02:50:00,7,4688.61,0,0.0,1,0,1
C161,TP481,2024-03-14 02:50:00,2,4842.35,0,0.0,1,0,1
C161,TP1354,2024-03-14 02:50:00,10,103.99,1,105.96,1,0,1
C161,TP1740,2024-03-14 02:50:00,1,2010.8,1,308.67,1,0,1
C161,TP2019,2024-03-14 02:50:00,0,4124.72,0,0.0,1,0,1
C161,TP2484,2024-03-14 02:50:00,1,182.65,0,0.0,1,0,1
C161,TP407,2024-03-14 02:50:00,2,1548.37,1,169.34,1,0,1
C161,TP379,2024-03-14 02:50:00,1,378.53,0,0.0,1,0,1
C162,TP1688,2024-06-07 04:31:00,7,4591.34,0,0.0,1,1,4
C162,TP099,2024-06-07 04:31:00,2,927.62,0,0.0,1,1,4
C162,TP2389,2024-06-07 04:31:00,6,365.59,0,0.0,1,1,4
C162,TP1055,2024-06-07 04:31:00,1,2697.12,1,101.54,1,1,4
C163,TP2280,2024-03-19 10:14:00,5,2547.69,0,0.0,1,1,2
C163,TP820,2024-03-19 10:14:00,4,3406.46,1,387.93,1,1,2
C163,TP692,2024-03-19 10:14:00,4,4699.24,0,0.0,1,0,2
C163,TP402,2024-03-19 10:14:00,8,3025.6,0,0.0,1,0,2
C163,TP2391,2024-03-19 10:14:00,3,3792.14,1,304.02,1,0,2
C163,TP144,2024-03-19 10:14:00,10,4117.54,0,0.0,1,0,2
C164,TP950,2024-03-11 07:54:00,10,1052.2,0,0.0,1,1,2
C164,TP2323,2024-03-11 07:54:00,3,3074.4,1,328.16,1,1,2
C164,TP916,2024-03-11 07:54:00,7,4027.47,1,362.28,1,0,2
C164,TP741,2024-03-11 07:54:00,4,2351.88,1,473.16,1,0,2
C164,TP1866,2024-03-11 07:54:00,0,3344.85,0,0.0,1,0,2
C165,TP1029,2024-03-12 00:41:00,6,308.6,1,343.29,1,1,1
C165,TP1821,2024-03-12 00:41:00,9,2325.55,0,0.0,1,0,1
C165,TP847,2024-03-12 00:41:00,2,3284.13,0,0.0,1,0,1
C165,TP1411,2024-03-12 00:41:00,9,2748.35,0,0.0,1,0,1
C165,TP1729,2024-03-12 00:41:00,5,3490.53,0,0.0,1,0,1
C165,TP249,2024-03-12 00:41:00,2,428.12,1,424.25,1,0,1
C166,TP2459,2024-04-24 03:49:00,10,2067.24,1,96.58,1,1,1
C166,TP1099,2024-04-24 03:49:00,0,1782.52,1,422.92,1,0,1
C166,TP2437,2024-04-24 03:49:00,3,1163.38,1,258.22,1,0,1
C166,TP1673,2024-04-24 03:49:00,2,2776.8,1,289.02,1,0,1
C166,TP2503,2024-04-24 03:49:00,4,1808.51,0,0.0,1,0,1
C167,TP868,2024-03-24 13:47:00,3,492.87,1,423.76,1,1,1
C167,TP062,2024-03-24 13:47:00,2,3769.6,0,0.0,1,0,1
C168,TP1364,2024-03-13 18:43:00,7,1698.38,0,0.0,1,1,2
C168,TP1836,2024-03-13 18:43:00,0,311.68,1,165.64,1,1,2
C168,TP2222,2024-03-13 18:43:00,7,273.75,0,0.0,1,0,2
C168,TP838,2024-03-13 18:43:00,9,2353.24,1,72.6,1,0,2
C168,TP704,2024-03-13 18:43:00,0,3442.67,0,0.0,1,0,2
C169,TP405,2024-03-31 10:09:00,1,4119.85,1,493.39,1,1,1
C169,TP2228,2024-03-31 10:09:00,3,3867.48,0,0.0,1,0,1
C170,TP2234,2024-03-27 00:33:00,3,852.85,1,328.03,1,1,1
C170,TP839,2024-03-27 00:33:00,5,2923.96,0,0.0,1,0,1
C170,TP557,2024-03-27 00:33:00,5,3753.68,0,0.0,1,0,1
C170,TP2173,2024-03-27 00:33:00,9,4792.14,1,418.29,1,0,1
C170,TP515,2024-03-27 00:33:00,6,3477.62,0,0.0,1,0,1
C170,TP1160,2024-03-27 00:33:00,7,4109.08,0,0.0,1,0,1
C170,TP042,2024-03-27 00:33:00,8,3311.26,0,0.0,1,0,1
C170,TP215,2024-03-27 00:33:00,1,2859.67,0,0.0,1,0,1
C170,TP2028,2024-03-27 00:33:00,5,2746.55,0,0.0,1,0,1
C171,TP1537,2024-04-22 05:02:00,10,2760.72,0,0.0,1,1,2
C171,TP204,2024-04-22 05:02:00,2,2834.67,1,479.22,1,1,2
C171,TP2003,2024-04-22 05:02:00,6,194.85,1,195.7,1,0,2
C172,TP292,2024-03-11 07:02:00,3,1961.68,1,247.15,1,1,1
C172,TP253,2024-03-11 07:02:00,4,4491.52,0,0.0,1,0,1
C172,TP1915,2024-03-11 07:02:00,7,881.02,1,475.69,1,0,1
C172,TP455,2024-03-11 07:02:00,8,4573.16,0,0.0,1,0,1
C172,TP1361,2024-03-11 07:02:00,8,1122.48,0,0.0,1,0,1
C172,TP165,2024-03-11 07:02:00,5,2519.77,1,168.23,1,0,1
C173,TP1843,2024-03-06 05:49:00,5,1766.65,1,101.83,1,1,1
C173,TP2570,2024-03-06 05:49:00,10,1750.5,1,476.45,1,0,1
C173,TP906,2024-03-06 05:49:00,6,2908.38,0,0.0,1,0,1
C173,TP904,2024-03-06 05:49:00,5,2020.3,1,172.27,1,0,1
C173,TP527,2024-03-06 05:49:00,4,2527.7,0,0.0,1,0,1
C173,TP876,2024-03-06 05:49:00,5,4330.0,0,0.0,1,0,1
C173,TP1040,2024-03-06 05:49:00,0,1917.65,1,303.79,1,0,1
C173,TP1328,2024-03-06 05:49:00,1,3853.44,1,404.52,1,0,1
C173,TP1501,2024-03-06 05:49:00,3,4605.4,1,278.99,1,0,1
C174,TP836,2024-04-15 16:26:00,5,930.36,0,0.0,1,1,3
C174,TP2412,2024-04-15 16:26:00,4,1988.41,0,0.0,1,1,3
C174,TP493,2024-04-15 16:26:00,2,137.09,1,82.64,1,1,3
C174,TP2506,2024-04-15 16:26:00,5,3276.41,0,0.0,1,0,3
C175,TP2360,2024-04-24 22:08:00,3,923.3,0,0.0,1,1,3
C175,TP1666,2024-04-24 22:08:00,3,4302.22,0,0.0,1,1,3
C175,TP049,2024-04-24 22:08:00,7,2036.74,1,203.11,1,1,3
C175,TP2320,2024-04-24 22:08:00,1,4104.26,0,0.0,1,0,3
C176,TP512,2024-06-17 20:35:00,6,3461.87,0,0.0,1,1,3
C176,TP2189,2024-06-17 20:35:00,2,4797.67,0,0.0,1,1,3
C176,TP1976,2024-06-17 20:35:00,6,1299.61,1,147.18,1,1,3
C176,TP421,2024-06-17 20:35:00,4,2598.96,1,485.92,1,0,3
C176,TP2195,2024-06-17 20:35:00,6,2571.51,1,52.75,1,0,3
C177,TP2132,2024-03-30 23:42:00,2,3417.98,0,0.0,1,1,3
C177,TP748,2024-03-30 23:42:00,8,4648.07,0,0.0,1,1,3
C177,TP1618,2024-03-30 23:42:00,3,4678.59,1,261.27,1,1,3
C177,TP1007,2024-03-30 23:42:00,2,3982.48,1,145.25,1,0,3
C177,TP2619,2024-03-30 23:42:00,0,3170.29,0,0.0,1,0,3
C177,TP2063,2024-03-30 23:42:00,6,1104.91,1,334.88,1,0,3
C177,TP780,2024-03-30 23:42:00,8,4297.78,1,281.95,1,0,3
C177,TP998,2024-03-30 23:42:00,4,4551.3,1,339.24,1,0,3
C177,TP1632,2024-03-30 23:42:00,9,2692.27,1,433.55,1,0,3
C178,TP2532,2024-04-22 10:15:00,3,3592.29,0,0.0,1,1,4
C178,TP1695,2024-04-22 10:15:00,10,4205.41,0,0.0,1,1,4
C178,TP1356,2024-04-22 10:15:00,6,4660.35,0,0.0,1,1,4
C178,TP955,2024-04-22 10:15:00,10,1298.76,1,295.76,1,1,4
C178,TP691,2024-04-22 10:15:00,1,423.38,0,0.0,1,0,4
C178,TP2142,2024-04-22 10:15:00,2,370.17,1,374.48,1,0,4
C179,TP697,2024-03-10 21:12:00,9,456.61,1,164.63,1,1,1
C179,TP190,2024-03-10 21:12:00,1,1953.63,1,55.17,1,0,1
C179,TP1609,2024-03-10 21:12:00,10,1947.75,0,0.0,1,0,1
C179,TP1430,2024-03-10 21:12:00,9,4068.87,1,191.53,1,0,1
C179,TP1454,2024-03-10 21:12:00,6,2197.7,1,235.96,1,0,1
C179,TP2470,2024-03-10 21:12:00,5,191.02,0,0.0,1,0,1
C180,TP667,2024-03-10 14:10:00,5,3864.58,1,472.66,1,1,1
C180,TP1270,2024-03-10 14:10:00,0,2202.77,1,497.26,1,0,1
C180,TP1614,2024-03-10 14:10:00,2,2875.51,1,119.46,1,0,1
C180,TP1198,2024-03-10 14:10:00,2,1474.97,1,163.13,1,0,1
C180,TP262,2024-03-10 14:10:00,8,1362.01,0,0.0,1,0,1
C180,TP556,2024-03-10 14:10:00,2,793.09,1,51.6,1,0,1
C181,TP470,2024-03-25 00:00:00,7,663.96,1,328.72,1,1,1
C181,TP2233,2024-03-25 00:00:00,1,3737.9,1,120.83,1,0,1
C181,TP1857,2024-03-25 00:00:00,0,3904.57,1,405.81,1,0,1
C181,TP2419,2024-03-25 00:00:00,9,1889.66,1,75.6,1,0,1
C181,TP812,2024-03-25 00:00:00,7,942.25,0,0.0,1,0,1
C182,TP1569,2024-05-28 14:01:00,3,1777.5,0,0.0,1,1,3
C182,TP1730,2024-05-28 14:01:00,3,616.43,0,0.0,1,1,3
C182,TP867,2024-05-28 14:01:00,0,1037.52,1,277.15,1,1,3
C182,TP1610,2024-05-28 14:01:00,3,1714.37,1,234.49,1,0,3
C183,TP2575,2024-06-18 00:25:00,6,1372.24,0,0.0,1,1,4
C183,TP2006,2024-06-18 00:25:00,9,2348.8,0,0.0,1,1,4
C183,TP1133,2024-06-18 00:25:00,10,843.55,0,0.0,1,1,4
C183,TP763,2024-06-18 00:25:00,2,157.9,1,310.99,1,1,4
C184,TP1112,2024-05-08 13:52:00,2,1144.19,0,0.0,1,1,2
C184,TP1492,2024-05-08 13:52:00,9,4405.34,1,257.65,1,1,2
C184,TP1143,2024-05-08 13:52:00,9,2993.53,1,131.83,1,0,2
C184,TP301,2024-05-08 13:52:00,3,4612.04,1,202.14,1,0,2
C185,TP637,,1,4219.57,0,0.0,0,0,0
C185,TP2049,,0,1375.09,0,0.0,0,0,0
C186,TP2208,2024-05-19 23:12:00,7,3944.15,0,0.0,1,1,4
C186,TP953,2024-05-19 23:12:00,9,1141.19,0,0.0,1,1,4
C186,TP2637,2024-05-19 23:12:00,3,3712.3,0,0.0,1,1,4
C186,TP547,2024-05-19 23:12:00,5,2399.87,1,430.75,1,1,4
C186,TP814,2024-05-19 23:12:00,6,2682.44,0,0.0,1,0,4
C187,TP1868,2024-04-22 07:03:00,6,4728.01,0,0.0,1,1,3
C187,TP778,2024-04-22 07:03:00,2,4863.91,0,0.0,1,1,3
C187,TP277,2024-04-22 07:03:00,3,1811.91,1,297.41,1,1,3
C187,TP210,2024-04-22 07:03:00,5,139.01,0,0.0,1,0,3
C187,TP2087,2024-04-22 07:03:00,5,2144.26,0,0.0,1,0,3
C187,TP318,2024-04-22 07:03:00,2,1530.67,1,157.1,1,0,3
C187,TP1214,2024-04-22 07:03:00,8,4801.52,1,177.35,1,0,3
C188,TP2239,2024-03-03 02:18:00,3,782.84,1,347.87,1,1,1
C188,TP1749,2024-03-03 02:18:00,1,3182.93,0,0.0,1,0,1
C188,TP044,2024-03-03 02:18:00,8,3998.37,1,414.24,1,0,1
C188,TP123,2024-03-03 02:18:00,3,2288.59,0,0.0,1,0,1
C188,TP473,2024-03-03 02:18:00,3,864.24,1,312.65,1,0,1
C188,TP1998,2024-03-03 02:18:00,2,1955.05,1,56.69,1,0,1
C188,TP2276,2024-03-03 02:18:00,3,3964.63,0,0.0,1,0,1
C188,TP2553,2024-03-03 02:18:00,10,3744.64,1,358.44,1,0,1
C189,TP007,2024-04-23 20:16:00,0,607.75,1,150.44,1,1,1
C189,TP622,2024-04-23 20:16:00,5,4315.68,0,0.0,1,0,1
C189,TP1638,2024-04-23 20:16:00,9,3766.68,1,391.73,1,0,1
C190,TP232,2024-05-07 18:12:00,9,3933.46,0,0.0,1,1,6
C190,TP893,2024-05-07 18:12:00,4,3817.1,0,0.0,1,1,6
C190,TP1848,2024-05-07 18:12:00,5,4084.58,0,0.0,1,1,6
C190,TP758,2024-05-07 18:12:00,6,3745.88,0,0.0,1,1,6
C190,TP549,2024-05-07 18:12:00,1,4562.47,0,0.0,1,1,6
C190,TP047,2024-05-07 18:12:00,0,3705.93,1,412.62,1,1,6
C190,TP111,2024-05-07 18:12:00,7,2894.03,1,324.11,1,0,6
C191,TP2236,2024-03-26 23:38:00,1,4406.93,1,353.29,1,1,1
C191,TP894,2024-03-26 23:38:00,0,3791.2,0,0.0,1,0,1
C191,TP476,2024-03-26 23:38:00,9,3099.48,0,0.0,1,0,1
C191,TP095,2024-03-26 23:38:00,2,412.17,0,0.0,1,0,1
C192,TP624,2024-05-03 04:05:00,5,732.99,0,0.0,1,1,2
C192,TP2305,2024-05-03 04:05:00,2,4703.27,1,437.95,1,1,2
C192,TP746,2024-05-03 04:05:00,5,314.45,0,0.0,1,0,2
C192,TP452,2024-05-03 04:05:00,10,4799.13,0,0.0,1,0,2
C192,TP029,2024-05-03 04:05:00,10,1671.39,1,61.94,1,0,2
C192,TP1084,2024-05-03 04:05:00,9,3305.64,0,0.0,1,0,2
C192,TP1230,2024-05-03 04:05:00,10,1806.83,1,173.44,1,0,2
C192,TP961,2024-05-03 04:05:00,9,4494.92,0,0.0,1,0,2
C192,TP2319,2024-05-03 04:05:00,8,2788.08,1,196.15,1,0,2
C193,TP2076,2024-04-06 03:33:00,8,3979.48,0,0.0,1,1,2
C193,TP1855,2024-04-06 03:33:00,10,3521.0,1,412.06,1,1,2
C193,TP2312,2024-04-06 03:33:00,10,4260.38,1,369.27,1,0,2
C194,TP2502,2024-03-14 03:21:00,10,3420.99,1,92.53,1,1,1
C194,TP400,2024-03-14 03:21:00,5,564.16,0,0.0,1,0,1
C194,TP1322,2024-03-14 03:21:00,10,4975.42,0,0.0,1,0,1
C194,TP1668,2024-03-14 03:21:00,10,776.75,1,408.26,1,0,1
C194,TP844,2024-03-14 03:21:00,5,2899.0,0,0.0,1,0,1
C195,TP1759,2024-05-19 18:14:00,5,530.12,0,0.0,1,1,4
C195,TP1147,2024-05-19 18:14:00,1,4764.89,0,0.0,1,1,4
C195,TP1145,2024-05-19 18:14:00,9,2621.5,0,0.0,1,1,4
C195,TP2366,2024-05-19 18:14:00,5,2842.2,1,418.53,1,1,4
C195,TP2169,2024-05-19 18:14:00,0,992.06,0,0.0,1,0,4
C195,TP417,2024-05-19 18:14:00,5,390.69,0,0.0,1,0,4
C196,TP1475,2024-03-09 21:46:00,7,2331.7,1,157.68,1,1,1
C196,TP2298,2024-03-09 21:46:00,10,2564.26,1,58.43,1,0,1
C196,TP730,2024-03-09 21:46:00,7,685.95,0,0.0,1,0,1
C196,TP572,2024-03-09 21:46:00,0,1362.71,1,295.52,1,0,1
C197,TP980,2024-05-08 00:56:00,8,3309.89,0,0.0,1,1,3
C197,TP1754,2024-05-08 00:56:00,3,2853.81,0,0.0,1,1,3
C197,TP1020,2024-05-08 00:56:00,5,2829.81,1,58.72,1,1,3
C198,TP2093,2024-03-08 14:25:00,0,2887.93,1,146.76,1,1,1
C198,TP295,2024-03-08 14:25:00,7,3057.7,0,0.0,1,0,1
C198,TP1615,2024-03-08 14:25:00,0,486.81,0,0.0,1,0,1
C198,TP1450,2024-03-08 14:25:00,3,1085.87,1,294.17,1,0,1
C198,TP1946,2024-03-08 14:25:00,4,191.83,1,211.4,1,0,1
C198,TP310,2024-03-08 14:25:00,7,3263.94,0,0.0,1,0,1
C198,TP244,2024-03-08 14:25:00,1,1547.11,0,0.0,1,0,1
C198,TP1285,2024-03-08 14:25:00,2,2167.04,1,329.46,1,0,1
C199,TP333,2024-04-06 07:33:00,7,2396.76,1,413.37,1,1,1
C199,TP2414,2024-04-06 07:33:00,4,1296.74,1,278.3,1,0,1
C199,TP2104,2024-04-06 07:33:00,10,1567.69,1,92.79,1,0,1
C199,TP1962,2024-04-06 07:33:00,7,4994.95,1,404.06,1,0,1
C200,TP1520,2024-03-27 23:34:00,6,486.19,1,445.7,1,1,1
C200,TP1947,2024-03-27 23:34:00,3,205.91,1,229.16,1,0,1
C201,TP154,2024-03-01 18:04:00,5,649.15,1,461.55,1,1,1
C201,TP1797,2024-03-01 18:04:00,5,2649.48,0,0.0,1,0,1
C201,TP965,2024-03-01 18:04:00,3,4627.92,1,148.74,1,0,1
C201,TP316,2024-03-01 18:04:00,3,4950.42,1,436.84,1,0,1
C201,TP1899,2024-03-01 18:04:00,3,4049.19,1,475.82,1,0,1
C201,TP1895,2024-03-01 18:04:00,7,618.1,1,112.9,1,0,1
C202,TP1235,2024-03-08 10:06:00,6,3835.32,1,488.43,1,1,1
C202,TP870,2024-03-08 10:06:00,7,1653.08,0,0.0,1,0,1
C202,TP2485,2024-03-08 10:06:00,3,2476.25,0,0.0,1,0,1
C202,TP100,2024-03-08 10:06:00,10,2929.81,0,0.0,1,0,1
C202,TP1030,2024-03-08 10:06:00,6,770.22,1,389.4,1,0,1
C202,TP1584,2024-03-08 10:06:00,8,4842.41,1,348.66,1,0,1
C202,TP2591,2024-03-08 10:06:00,0,4449.19,1,108.97,1,0,1
C202,TP1778,2024-03-08 10:06:00,3,2972.83,0,0.0,1,0,1
C203,TP1324,2024-03-29 08:51:00,9,1420.35,1,366.34,1,1,1
C203,TP913,2024-03-29 08:51:00,6,839.23,0,0.0,1,0,1
C203,TP300,2024-03-29 08:51:00,6,4589.49,0,0.0,1,0,1
C204,TP2322,2024-03-15 01:10:00,7,524.97,1,410.59,1,1,1
C204,TP2529,2024-03-15 01:10:00,0,3246.82,1,485.46,1,0,1
C204,TP648,2024-03-15 01:10:00,5,1213.23,1,187.34,1,0,1
C205,TP1123,2024-04-08 21:38:00,6,992.32,0,0.0,1,1,2
C205,TP2448,2024-04-08 21:38:00,5,2552.75,1,414.42,1,1,2
C205,TP1041,2024-04-08 21:38:00,6,2574.22,0,0.0,1,0,2
C206,TP082,2024-03-26 04:21:00,10,1653.96,1,152.55,1,1,1
C206,TP2260,2024-03-26 04:21:00,5,4693.97,1,319.7,1,0,1
C206,TP790,2024-03-26 04:21:00,4,1949.04,1,151.09,1,0,1
C206,TP2429,2024-03-26 04:21:00,5,3439.97,0,0.0,1,0,1
C207,TP184,2024-03-20 18:52:00,6,849.67,1,78.59,1,1,1
C207,TP2598,2024-03-20 18:52:00,0,4312.13,0,0.0,1,0,1
C207,TP1075,2024-03-20 18:52:00,5,1823.27,1,320.19,1,0,1
C207,TP1199,2024-03-20 18:52:00,6,2668.52,0,0.0,1,0,1
C208,TP114,2024-03-01 17:11:00,7,1010.52,1,127.01,1,1,1
C208,TP2543,2024-03-01 17:11:00,3,2260.28,1,219.51,1,0,1
C208,TP403,2024-03-01 17:11:00,10,2096.77,0,0.0,1,0,1
C208,TP2400,2024-03-01 17:11:00,7,4374.29,0,0.0,1,0,1
C208,TP373,2024-03-01 17:11:00,9,4767.72,1,499.68,1,0,1
C209,TP2449,2024-03-17 18:53:00,7,949.45,1,343.33,1,1,1
C209,TP1786,2024-03-17 18:53:00,1,3178.13,1,374.42,1,0,1
C209,TP1789,2024-03-17 18:53:00,5,1458.43,1,427.25,1,0,1
C210,TP1599,2024-05-07 05:11:00,9,3636.98,0,0.0,1,1,2
C210,TP2316,2024-05-07 05:11:00,10,3005.15,1,101.83,1,1,2
C210,TP1531,2024-05-07 05:11:00,3,297.54,1,278.48,1,0,2
C210,TP2018,2024-05-07 05:11:00,3,2137.04,1,400.11,1,0,2
C211,TP1650,2024-05-04 08:16:00,7,2656.23,1,386.04,1,1,1
C211,TP2582,2024-05-04 08:16:00,10,1203.12,1,425.8,1,0,1
C212,TP967,2024-05-22 20:51:00,10,4359.17,1,63.06,1,1,1
C212,TP1336,2024-05-22 20:51:00,10,2735.17,0,0.0,1,0,1
C212,TP1247,2024-05-22 20:51:00,9,2016.44,1,308.33,1,0,1
C213,TP2604,2024-05-13 04:26:00,6,3633.96,1,246.95,1,1,1
C213,TP1410,2024-05-13 04:26:00,9,520.05,1,91.06,1,0,1
C213,TP912,2024-05-13 04:26:00,9,2051.05,0,0.0,1,0,1
C213,TP113,2024-05-13 04:26:00,2,1791.34,0,0.0,1,0,1
C214,TP1559,2024-03-14 00:15:00,9,1107.11,1,294.54,1,1,1
C214,TP1182,2024-03-14 00:15:00,4,1329.3,0,0.0,1,0,1
C214,TP167,2024-03-14 00:15:00,3,3312.44,1,313.06,1,0,1
C214,TP1203,2024-03-14 00:15:00,2,530.93,1,103.8,1,0,1
C214,TP2441,2024-03-14 00:15:00,9,2082.55,0,0.0,1,0,1
C214,TP2469,2024-03-14 00:15:00,3,1303.34,1,127.65,1,0,1
C215,TP1646,2024-03-03 18:27:00,6,4964.88,1,80.79,1,1,1
C215,TP821,2024-03-03 18:27:00,10,945.28,0,0.0,1,0,1
C215,TP542,2024-03-03 18:27:00,1,4562.83,0,0.0,1,0,1
C215,TP1808,2024-03-03 18:27:00,1,4764.67,0,0.0,1,0,1
C215,TP1980,2024-03-03 18:27:00,5,2571.25,0,0.0,1,0,1
C215,TP1783,2024-03-03 18:27:00,10,3633.97,0,0.0,1,0,1
C215,TP2131,2024-03-03 18:27:00,9,3310.69,0,0.0,1,0,1
C215,TP109,2024-03-03 18:27:00,6,3525.91,1,471.49,1,0,1
C215,TP012,2024-03-03 18:27:00,8,1888.57,0,0.0,1,0,1
C215,TP718,2024-03-03 18:27:00,1,1602.54,1,191.26,1,0,1
C215,TP1942,2024-03-03 18:27:00,9,4490.03,0,0.0,1,0,1
C216,TP2146,2024-03-21 03:39:00,10,4596.82,0,0.0,1,1,2
C216,TP1490,2024-03-21 03:39:00,10,4970.26,1,460.82,1,1,2
C216,TP2219,2024-03-21 03:39:00,4,555.94,1,374.72,1,0,2
C216,TP1936,2024-03-21 03:39:00,6,1694.67,0,0.0,1,0,2
C216,TP1209,2024-03-21 03:39:00,3,2594.18,1,267.89,1,0,2
C216,TP162,2024-03-21 03:39:00,10,4078.82,1,302.62,1,0,2
C217,TP738,2024-03-22 17:01:00,2,1975.43,0,0.0,1,1,3
C217,TP121,2024-03-22 17:01:00,5,2074.65,0,0.0,1,1,3
C217,TP1903,2024-03-22 17:01:00,9,1622.76,1,271.68,1,1,3
C217,TP775,2024-03-22 17:01:00,0,1471.59,0,0.0,1,0,3
C217,TP857,2024-03-22 17:01:00,7,3356.31,0,0.0,1,0,3
C217,TP766,2024-03-22 17:01:00,10,2171.38,1,248.97,1,0,3
C217,TP2463,2024-03-22 17:01:00,2,1647.8,0,0.0,1,0,3
C217,TP1003,2024-03-22 17:01:00,1,3347.46,0,0.0,1,0,3
C218,TP097,2024-03-26 06:11:00,2,1921.44,1,336.06,1,1,1
C218,TP2121,2024-03-26 06:11:00,5,294.32,0,0.0,1,0,1
C218,TP1174,2024-03-26 06:11:00,2,3876.86,1,270.87,1,0,1
C218,TP650,2024-03-26 06:11:00,1,276.7,0,0.0,1,0,1
C218,TP293,2024-03-26 06:11:00,8,2117.94,1,282.91,1,0,1
C218,TP178,2024-03-26 06:11:00,0,2327.44,0,0.0,1,0,1
C218,TP1527,2024-03-26 06:11:00,9,2965.46,1,236.72,1,0,1
C219,TP1835,,3,299.47,0,0.0,0,0,0
C219,TP2304,,0,1057.06,0,0.0,0,0,0
C220,TP879,2024-03-19 14:37:00,3,595.46,0,0.0,1,1,2
C220,TP640,2024-03-19 14:37:00,7,2993.96,1,436.37,1,1,2
C220,TP1310,2024-03-19 14:37:00,2,1669.79,1,252.73,1,0,2
C220,TP281,2024-03-19 14:37:00,3,2723.91,0,0.0,1,0,2
C220,TP969,2024-03-19 14:37:00,3,1089.05,0,0.0,1,0,2
C220,TP2612,2024-03-19 14:37:00,5,1454.0,1,386.84,1,0,2
C220,TP957,2024-03-19 14:37:00,9,1901.32,0,0.0,1,0,2
C220,TP456,2024-03-19 14:37:00,3,3519.11,0,0.0,1,0,2
C221,TP2572,2024-03-08 19:47:00,0,4033.82,1,151.94,1,1,1
C221,TP822,2024-03-08 19:47:00,7,696.53,0,0.0,1,0,1
C222,TP2294,2024-03-22 08:08:00,7,3403.4,0,0.0,1,1,2
C222,TP1067,2024-03-22 08:08:00,2,1212.66,1,371.76,1,1,2
C222,TP2428,2024-03-22 08:08:00,1,2839.89,0,0.0,1,0,2
C222,TP198,2024-03-22 08:08:00,2,1897.71,1,338.43,1,0,2
C222,TP658,2024-03-22 08:08:00,4,4043.32,1,175.61,1,0,2
C222,TP1672,2024-03-22 08:08:00,7,2149.32,0,0.0,1,0,2
C222,TP1768,2024-03-22 08:08:00,1,1851.64,1,322.88,1,0,2
C223,TP668,2024-03-14 19:59:00,7,464.57,0,0.0,1,1,2
C223,TP2274,2024-03-14 19:59:00,10,4662.58,1,386.16,1,1,2
C223,TP2525,2024-03-14 19:59:00,1,957.54,1,312.23,1,0,2
C223,TP1306,2024-03-14 19:59:00,4,2806.91,1,128.22,1,0,2
C223,TP817,2024-03-14 19:59:00,5,2709.18,0,0.0,1,0,2
C223,TP1983,2024-03-14 19:59:00,3,935.94,1,51.28,1,0,2
C223,TP791,2024-03-14 19:59:00,2,885.78,0,0.0,1,0,2
C223,TP1733,2024-03-14 19:59:00,1,2914.48,1,139.65,1,0,2
C223,TP488,2024-03-14 19:59:00,1,1886.24,0,0.0,1,0,2
C224,TP759,2024-03-05 08:34:00,3,1025.26,1,50.18,1,1,1
C224,TP996,2024-03-05 08:34:00,10,1570.54,0,0.0,1,0,1
C224,TP2288,2024-03-05 08:34:00,10,2748.07,0,0.0,1,0,1
C224,TP939,2024-03-05 08:34:00,2,1258.94,1,389.06,1,0,1
C224,TP1643,2024-03-05 08:34:00,6,3443.13,0,0.0,1,0,1
C224,TP285,2024-03-05 08:34:00,9,2059.66,0,0.0,1,0,1
C224,TP2266,2024-03-05 08:34:00,6,831.75,1,111.76,1,0,1
C224,TP1785,2024-03-05 08:34:00,1,3437.25,1,354.99,1,0,1
C224,TP2204,2024-03-05 08:34:00,10,3901.72,0,0.0,1,0,1
C225,TP233,2024-06-10 03:41:00,7,358.58,0,0.0,1,1,5
C225,TP2491,2024-06-10 03:41:00,7,3799.59,0,0.0,1,1,5
C225,TP1337,2024-06-10 03:41:00,3,4373.06,0,0.0,1,1,5
C225,TP250,2024-06-10 03:41:00,5,3960.43,0,0.0,1,1,5
C225,TP286,2024-06-10 03:41:00,1,4497.24,1,378.47,1,1,5
C225,TP1440,2024-06-10 03:41:00,1,3581.88,1,281.57,1,0,5
C226,TP1086,2024-03-16 11:16:00,8,783.45,1,277.68,1,1,1
C226,TP2171,2024-03-16 11:16:00,4,4111.38,0,0.0,1,0,1
C226,TP2119,2024-03-16 11:16:00,4,4738.87,1,424.3,1,0,1
C226,TP2181,2024-03-16 11:16:00,0,711.61,1,423.26,1,0,1
C226,TP438,2024-03-16 11:16:00,9,1405.45,0,0.0,1,0,1
C226,TP2344,2024-03-16 11:16:00,10,1779.1,0,0.0,1,0,1
C226,TP1770,2024-03-16 11:16:00,0,4452.88,0,0.0,1,0,1
C226,TP2102,2024-03-16 11:16:00,3,4164.93,0,0.0,1,0,1
C226,TP1273,2024-03-16 11:16:00,0,4737.01,0,0.0,1,0,1
C227,TP1871,2024-03-12 13:50:00,8,3775.71,1,313.05,1,1,1
C227,TP1887,2024-03-12 13:50:00,3,222.26,0,0.0,1,0,1
C227,TP390,2024-03-12 13:50:00,9,4018.01,0,0.0,1,0,1
C227,TP2325,2024-03-12 13:50:00,9,4735.99,0,0.0,1,0,1
C227,TP2149,2024-03-12 13:50:00,2,2174.36,1,310.06,1,0,1
C227,TP747,2024-03-12 13:50:00,0,4790.84,1,456.26,1,0,1
C227,TP2038,2024-03-12 13:50:00,3,712.06,0,0.0,1,0,1
C227,TP917,2024-03-12 13:50:00,2,1108.17,1,367.89,1,0,1
C227,TP171,2024-03-12 13:50:00,2,3792.87,1,498.89,1,0,1
C227,TP2027,2024-03-12 13:50:00,0,1840.76,0,0.0,1,0,1
C227,TP1227,2024-03-12 13:50:00,3,1952.39,1,56.37,1,0,1
C228,TP2627,,1,2831.53,0,0.0,0,0,0
C228,TP960,,5,4055.5,0,0.0,0,0,0
C228,TP2435,,9,4151.93,0,0.0,0,0,0
C228,TP1256,,2,1583.34,0,0.0,0,0,0
C228,TP1488,,10,1046.24,0,0.0,0,0,0
C229,TP1076,2024-03-17 16:55:00,5,4447.76,0,0.0,1,1,3
C229,TP1303,2024-03-17 16:55:00,4,193.35,0,0.0,1,1,3
C229,TP1279,2024-03-17 16:55:00,0,1890.82,1,252.73,1,1,3
C229,TP1913,2024-03-17 16:55:00,1,523.83,1,384.41,1,0,3
C229,TP598,2024-03-17 16:55:00,8,418.37,1,447.86,1,0,3
C229,TP915,2024-03-17 16:55:00,6,4759.96,1,154.07,1,0,3
C229,TP1711,2024-03-17 16:55:00,0,3528.52,1,354.92,1,0,3
C229,TP1405,2024-03-17 16:55:00,0,938.5,1,131.67,1,0,3
C230,TP834,,6,311.99,0,0.0,0,0,0
C230,TP431,,0,170.9,0,0.0,0,0,0
C231,TP150,2024-03-20 05:19:00,4,4992.39,1,191.61,1,1,1
C231,TP201,2024-03-20 05:19:00,0,3183.82,0,0.0,1,0,1
C231,TP1463,2024-03-20 05:19:00,7,1773.21,0,0.0,1,0,1
C231,TP1239,2024-03-20 05:19:00,10,765.46,1,106.83,1,0,1
C231,TP193,2024-03-20 05:19:00,10,4094.72,1,374.32,1,0,1
C231,TP231,2024-03-20 05:19:00,2,224.99,0,0.0,1,0,1
C232,TP1870,,9,3054.79,0,0.0,0,0,0
C233,TP1252,2024-05-15 08:35:00,5,3677.79,0,0.0,1,1,6
C233,TP2271,2024-05-15 08:35:00,5,2951.67,0,0.0,1,1,6
C233,TP2493,2024-05-15 08:35:00,1,4226.42,0,0.0,1,1,6
C233,TP464,2024-05-15 08:35:00,7,4107.42,0,0.0,1,1,6
C233,TP241,2024-05-15 08:35:00,2,3171.72,0,0.0,1,1,6
C233,TP1167,2024-05-15 08:35:00,1,191.59,1,374.03,1,1,6
C233,TP923,2024-05-15 08:35:00,9,2897.57,0,0.0,1,0,6
C233,TP784,2024-05-15 08:35:00,8,129.87,0,0.0,1,0,6
C233,TP369,2024-05-15 08:35:00,9,2344.02,1,437.61,1,0,6
C233,TP261,2024-05-15 08:35:00,2,3271.27,1,268.7,1,0,6
C233,TP2287,2024-05-15 08:35:00,10,2533.61,0,0.0,1,0,6
C234,TP1757,2024-06-23 16:16:00,1,1304.18,0,0.0,1,1,2
C234,TP252,2024-06-23 16:16:00,6,2117.81,1,76.07,1,1,2
C235,TP823,2024-06-12 18:36:00,1,3939.84,0,0.0,1,1,4
C235,TP1125,2024-06-12 18:36:00,6,409.82,0,0.0,1,1,4
C235,TP1800,2024-06-12 18:36:00,1,2754.13,0,0.0,1,1,4
C235,TP2242,2024-06-12 18:36:00,6,147.44,1,248.92,1,1,4
C236,TP2052,2024-05-07 22:13:00,1,4291.23,0,0.0,1,1,3
C236,TP2369,2024-05-07 22:13:00,6,4622.26,0,0.0,1,1,3
C236,TP037,2024-05-07 22:13:00,5,2629.18,1,295.22,1,1,3
C236,TP2433,2024-05-07 22:13:00,5,3995.68,1,278.18,1,0,3
C236,TP2048,2024-05-07 22:13:00,8,4332.21,1,459.37,1,0,3
C236,TP1384,2024-05-07 22:13:00,0,1070.52,0,0.0,1,0,3
C236,TP1064,2024-05-07 22:13:00,6,4686.19,1,481.18,1,0,3
C236,TP1264,2024-05-07 22:13:00,10,3769.12,1,83.34,1,0,3
C237,TP1794,2024-03-18 04:18:00,3,3126.39,1,189.02,1,1,1
C237,TP202,2024-03-18 04:18:00,4,1780.76,1,254.18,1,0,1
C237,TP1420,2024-03-18 04:18:00,4,2773.81,0,0.0,1,0,1
C237,TP2216,2024-03-18 04:18:00,5,1247.22,0,0.0,1,0,1
C237,TP115,2024-03-18 04:18:00,7,4715.92,1,378.11,1,0,1
C237,TP618,2024-03-18 04:18:00,9,3933.51,0,0.0,1,0,1
C237,TP1839,2024-03-18 04:18:00,6,110.58,0,0.0,1,0,1
C238,TP1221,2024-03-16 17:06:00,3,2317.57,1,137.35,1,1,1
C238,TP2568,2024-03-16 17:06:00,2,1778.35,1,146.39,1,0,1
C238,TP428,2024-03-16 17:06:00,6,1145.42,0,0.0,1,0,1
C238,TP645,2024-03-16 17:06:00,8,3049.54,0,0.0,1,0,1
C239,TP1183,2024-03-13 09:01:00,1,2610.56,1,311.7,1,1,1
C239,TP1884,2024-03-13 09:01:00,2,4339.63,0,0.0,1,0,1
C239,TP826,2024-03-13 09:01:00,6,875.16,0,0.0,1,0,1
C239,TP1710,2024-03-13 09:01:00,9,3242.01,1,455.54,1,0,1
C239,TP610,2024-03-13 09:01:00,7,3736.35,1,414.85,1,0,1
C239,TP2053,2024-03-13 09:01:00,4,777.05,0,0.0,1,0,1
C239,TP1223,2024-03-13 09:01:00,0,3083.6,0,0.0,1,0,1
C239,TP997,2024-03-13 09:01:00,9,3254.84,1,62.2,1,0,1
C240,TP970,2024-05-06 06:17:00,10,3086.82,0,0.0,1,1,2
C240,TP1127,2024-05-06 06:17:00,8,1900.21,1,89.0,1,1,2
C240,TP313,2024-05-06 06:17:00,7,382.87,0,0.0,1,0,2
C241,TP194,2024-03-11 15:25:00,8,3381.52,1,356.77,1,1,1
C241,TP2137,2024-03-11 15:25:00,1,4810.35,1,349.4,1,0,1
C241,TP2123,2024-03-11 15:25:00,0,886.45,1,382.46,1,0,1
C242,TP987,2024-04-25 21:43:00,9,2293.45,0,0.0,1,1,3
C242,TP068,2024-04-25 21:43:00,7,4675.43,0,0.0,1,1,3
C242,TP716,2024-04-25 21:43:00,9,3822.81,1,198.59,1,1,3
C242,TP2302,2024-04-25 21:43:00,6,2560.55,1,464.52,1,0,3
C242,TP2488,2024-04-25 21:43:00,4,2956.74,0,0.0,1,0,3
C242,TP878,2024-04-25 21:43:00,6,3220.06,1,161.26,1,0,3
C243,TP2592,2024-04-23 19:48:00,2,1513.59,0,0.0,1,1,5
C243,TP2635,2024-04-23 19:48:00,2,1256.12,0,0.0,1,1,5
C243,TP1300,2024-04-23 19:48:00,4,775.69,0,0.0,1,1,5
C243,TP211,2024-04-23 19:48:00,10,1199.44,0,0.0,1,1,5
C243,TP2114,2024-04-23 19:48:00,3,2770.41,1,118.69,1,1,5
C243,TP1506,2024-04-23 19:48:00,4,841.83,1,159.68,1,0,5
C243,TP2564,2024-04-23 19:48:00,9,3067.82,1,212.82,1,0,5
C244,TP1888,2024-05-09 05:32:00,1,617.63,1,420.73,1,1,1
C244,TP1592,2024-05-09 05:32:00,2,4287.92,1,315.58,1,0,1
C244,TP054,2024-05-09 05:32:00,7,682.04,1,91.74,1,0,1
C245,TP2047,2024-04-02 20:15:00,6,2926.28,1,270.62,1,1,1
C246,TP1798,2024-03-17 07:12:00,5,994.33,0,0.0,1,1,2
C246,TP1877,2024-03-17 07:12:00,3,3304.23,1,98.76,1,1,2
C246,TP663,2024-03-17 07:12:00,9,1217.17,1,229.86,1,0,2
C246,TP2638,2024-03-17 07:12:00,5,208.98,1,287.36,1,0,2
C246,TP511,2024-03-17 07:12:00,1,4593.03,0,0.0,1,0,2
C247,TP681,2024-03-09 20:11:00,10,3670.13,1,377.85,1,1,1
C247,TP1701,2024-03-09 20:11:00,1,781.08,0,0.0,1,0,1
C247,TP629,2024-03-09 20:11:00,4,3310.63,1,438.83,1,0,1
C247,TP2032,2024-03-09 20:11:00,9,3428.42,1,284.65,1,0,1
C247,TP516,2024-03-09 20:11:00,6,4911.13,1,325.25,1,0,1
C247,TP1298,2024-03-09 20:11:00,10,3464.83,1,347.19,1,0,1
C247,TP1104,2024-03-09 20:11:00,4,2432.43,1,484.46,1,0,1
C247,TP297,2024-03-09 20:11:00,4,4115.39,0,0.0,1,0,1
C249,TP740,2024-03-13 18:51:00,2,539.76,1,239.2,1,1,1
C249,TP1179,2024-03-13 18:51:00,10,2862.11,1,187.79,1,0,1
C249,TP2245,2024-03-13 18:51:00,9,551.88,1,101.22,1,0,1
C249,TP1709,2024-03-13 18:51:00,8,3877.4,1,412.08,1,0,1
C249,TP1098,2024-03-13 18:51:00,10,2028.78,1,336.01,1,0,1
C249,TP1131,2024-03-13 18:51:00,1,2315.9,1,259.12,1,0,1
C250,TP670,2024-04-04 01:10:00,7,324.26,1,486.68,1,1,1
C250,TP661,2024-04-04 01:10:00,5,2956.85,0,0.0,1,0,1
C250,TP2624,2024-04-04 01:10:00,0,1898.14,1,425.8,1,0,1
C250,TP1054,2024-04-04 01:10:00,0,2646.31,0,0.0,1,0,1
C250,TP1968,2024-04-04 01:10:00,0,4155.8,1,304.06,1,0,1
C250,TP1882,2024-04-04 01:10:00,0,590.56,1,302.63,1,0,1
C251,TP1608,2024-03-04 20:30:00,5,4312.86,1,375.1,1,1,1
C251,TP2031,2024-03-04 20:30:00,5,3400.27,0,0.0,1,0,1
C251,TP2187,2024-03-04 20:30:00,7,540.33,1,189.04,1,0,1
C251,TP2538,2024-03-04 20:30:00,7,1922.46,0,0.0,1,0,1
C251,TP1068,2024-03-04 20:30:00,9,2844.02,1,84.2,1,0,1
C251,TP988,2024-03-04 20:30:00,0,4842.94,0,0.0,1,0,1
C251,TP2324,2024-03-04 20:30:00,2,2467.41,1,424.41,1,0,1
C252,TP1085,2024-03-16 19:28:00,5,4421.59,1,216.76,1,1,1
C252,TP862,2024-03-16 19:28:00,1,3032.4,1,451.14,1,0,1
C252,TP354,2024-03-16 19:28:00,9,1282.45,0,0.0,1,0,1
C252,TP324,2024-03-16 19:28:00,10,4022.42,0,0.0,1,0,1
C252,TP122,2024-03-16 19:28:00,5,250.01,0,0.0,1,0,1
C252,TP110,2024-03-16 19:28:00,6,1028.21,1,341.62,1,0,1
C252,TP914,2024-03-16 19:28:00,9,2360.6,0,0.0,1,0,1
C253,TP714,2024-05-16 14:11:00,1,1625.5,0,0.0,1,1,3
C253,TP975,2024-05-16 14:11:00,1,4898.23,0,0.0,1,1,3
C253,TP1197,2024-05-16 14:11:00,2,989.06,1,171.91,1,1,3
C253,TP833,2024-05-16 14:11:00,5,4580.82,0,0.0,1,0,3
C253,TP477,2024-05-16 14:11:00,6,3063.11,1,285.25,1,0,3
C253,TP036,2024-05-16 14:11:00,3,1652.82,1,342.45,1,0,3
C254,TP657,2024-04-14 06:41:00,3,1815.51,0,0.0,1,1,3
C254,TP389,2024-04-14 06:41:00,4,3157.68,0,0.0,1,1,3
C254,TP1474,2024-04-14 06:41:00,6,1898.7,1,323.99,1,1,3
C254,TP1515,2024-04-14 06:41:00,4,4619.72,0,0.0,1,0,3
C254,TP363,2024-04-14 06:41:00,4,2423.81,1,162.41,1,0,3
C255,TP1072,,8,758.75,0,0.0,0,0,0
C255,TP304,,7,2704.48,0,0.0,0,0,0
C255,TP179,,8,4310.78,0,0.0,0,0,0
C255,TP1706,,1,593.43,0,0.0,0,0,0
C256,TP1767,2024-03-01 18:43:00,10,4971.62,1,72.07,1,1,1
C256,TP482,2024-03-01 18:43:00,10,1192.57,1,157.41,1,0,1
C256,TP979,2024-03-01 18:43:00,6,3490.71,1,231.94,1,0,1
C257,TP176,2024-03-04 04:59:00,10,4412.54,1,99.34,1,1,1
C257,TP1193,2024-03-04 04:59:00,2,3248.06,1,198.86,1,0,1
C257,TP674,2024-03-04 04:59:00,9,4098.98,1,483.14,1,0,1
C257,TP1562,2024-03-04 04:59:00,5,444.13,0,0.0,1,0,1
C257,TP2384,2024-03-04 04:59:00,0,2464.42,0,0.0,1,0,1
C257,TP1642,2024-03-04 04:59:00,3,2878.3,0,0.0,1,0,1
C257,TP1663,2024-03-04 04:59:00,3,929.48,1,362.3,1,0,1
C258,TP682,2024-04-06 10:19:00,9,1282.87,1,191.15,1,1,1
C258,TP2259,2024-04-06 10:19:00,5,2868.28,1,227.87,1,0,1
C258,TP023,2024-04-06 10:19:00,5,4025.89,0,0.0,1,0,1
C259,TP322,2024-05-18 09:14:00,0,959.7,0,0.0,1,1,4
C259,TP242,2024-05-18 09:14:00,0,2137.59,0,0.0,1,1,4
C259,TP1024,2024-05-18 09:14:00,2,1498.35,0,0.0,1,1,4
C259,TP1353,2024-05-18 09:14:00,10,3027.13,1,179.87,1,1,4
C259,TP932,2024-05-18 09:14:00,6,3232.18,1,435.53,1,0,4
C259,TP1058,2024-05-18 09:14:00,7,280.87,0,0.0,1,0,4
C259,TP2124,2024-05-18 09:14:00,8,3516.86,0,0.0,1,0,4
C260,TP2106,,7,3736.61,0,0.0,0,0,0
C260,TP092,,2,4825.25,0,0.0,0,0,0
C260,TP1042,,5,4214.45,0,0.0,0,0,0
C261,TP2178,2024-03-10 15:33:00,7,2658.19,1,61.81,1,1,1
C261,TP148,2024-03-10 15:33:00,9,3745.28,1,444.37,1,0,1
C261,TP2128,2024-03-10 15:33:00,10,1727.08,0,0.0,1,0,1
C261,TP1764,2024-03-10 15:33:00,8,1703.27,1,304.67,1,0,1
C261,TP1358,2024-03-10 15:33:00,6,2246.28,0,0.0,1,0,1
C261,TP1496,2024-03-10 15:33:00,9,936.7,1,102.86,1,0,1
C262,TP2522,2024-05-08 15:00:00,5,3183.27,0,0.0,1,1,3
C262,TP2379,2024-05-08 15:00:00,0,717.7,0,0.0,1,1,3
C262,TP573,2024-05-08 15:00:00,6,1241.55,1,425.57,1,1,3
C262,TP1120,2024-05-08 15:00:00,9,3553.23,1,170.78,1,0,3
C262,TP2218,2024-05-08 15:00:00,3,1014.02,1,216.52,1,0,3
C262,TP2126,2024-05-08 15:00:00,1,1619.69,1,300.37,1,0,3
C262,TP2632,2024-05-08 15:00:00,8,3522.6,0,0.0,1,0,3
C263,TP1739,2024-03-02 11:36:00,6,4956.29,1,307.37,1,1,1
C263,TP353,2024-03-02 11:36:00,1,4178.86,1,161.9,1,0,1
C264,TP1261,2024-03-01 06:00:00,3,1647.21,1,230.32,1,1,1
C264,TP1678,2024-03-01 06:00:00,7,2992.64,1,406.63,1,0,1
C264,TP435,2024-03-01 06:00:00,3,2686.89,1,75.72,1,0,1
C264,TP079,2024-03-01 06:00:00,5,2459.05,0,0.0,1,0,1
C264,TP1717,2024-03-01 06:00:00,9,2650.75,0,0.0,1,0,1
C264,TP530,2024-03-01 06:00:00,7,1421.87,1,101.94,1,0,1
C264,TP565,2024-03-01 06:00:00,3,3734.0,1,242.46,1,0,1
C264,TP1938,2024-03-01 06:00:00,3,321.2,1,94.71,1,0,1
C264,TP2530,2024-03-01 06:00:00,0,106.13,0,0.0,1,0,1
C264,TP721,2024-03-01 06:00:00,7,3347.22,0,0.0,1,0,1
C265,TP1372,2024-04-12 09:16:00,9,3932.13,1,244.41,1,1,1
C265,TP069,2024-04-12 09:16:00,4,2683.24,1,298.42,1,0,1
C265,TP787,2024-04-12 09:16:00,4,2343.76,1,388.01,1,0,1
C266,TP2055,,6,877.81,0,0.0,0,0,0
C266,TP1960,,1,1361.2,0,0.0,0,0,0
C266,TP1684,,9,3969.91,0,0.0,0,0,0
C267,TP343,2024-03-20 14:45:00,3,1372.58,1,378.08,1,1,1
C267,TP1403,2024-03-20 14:45:00,6,1921.31,0,0.0,1,0,1
C267,TP2468,2024-03-20 14:45:00,3,3579.16,1,277.05,1,0,1
C267,TP999,2024-03-20 14:45:00,3,133.87,0,0.0,1,0,1
C267,TP1560,2024-03-20 14:45:00,9,3087.55,0,0.0,1,0,1
C267,TP1863,2024-03-20 14:45:00,4,3487.82,0,0.0,1,0,1
C267,TP2161,2024-03-20 14:45:00,10,3590.38,1,393.17,1,0,1
C268,TP700,2024-03-15 00:16:00,8,4467.17,1,50.76,1,1,1
C268,TP1838,2024-03-15 00:16:00,10,720.56,1,266.83,1,0,1
C268,TP268,2024-03-15 00:16:00,9,225.33,0,0.0,1,0,1
C268,TP156,2024-03-15 00:16:00,0,1831.41,0,0.0,1,0,1
C268,TP1951,2024-03-15 00:16:00,6,905.67,1,431.61,1,0,1
C268,TP1061,2024-03-15 00:16:00,7,1744.73,0,0.0,1,0,1
C268,TP761,2024-03-15 00:16:00,6,1839.72,0,0.0,1,0,1
C269,TP2229,,2,4230.66,0,0.0,0,0,0
C269,TP2151,,9,2656.58,0,0.0,0,0,0
C269,TP2033,,2,635.48,0,0.0,0,0,0
C269,TP584,,3,1502.66,0,0.0,0,0,0
C270,TP1406,2024-03-08 00:50:00,2,107.47,1,313.4,1,1,1
C270,TP2318,2024-03-08 00:50:00,6,4110.23,1,59.39,1,0,1
C270,TP1970,2024-03-08 00:50:00,4,1245.55,0,0.0,1,0,1
C270,TP103,2024-03-08 00:50:00,2,4687.36,0,0.0,1,0,1
C271,TP046,2024-03-02 02:45:00,4,4418.48,1,52.92,1,1,1
C271,TP004,2024-03-02 02:45:00,9,4306.16,1,61.25,1,0,1
C271,TP559,2024-03-02 02:45:00,9,2587.48,1,336.7,1,0,1
C271,TP2398,2024-03-02 02:45:00,9,3573.78,1,438.91,1,0,1
C271,TP106,2024-03-02 02:45:00,10,775.2,0,0.0,1,0,1
C271,TP2352,2024-03-02 02:45:00,2,3157.11,1,199.88,1,0,1
C272,TP621,2024-05-24 08:12:00,4,2142.27,0,0.0,1,1,3
C272,TP2050,2024-05-24 08:12:00,5,266.31,0,0.0,1,1,3
C272,TP940,2024-05-24 08:12:00,1,3422.09,1,434.05,1,1,3
C273,TP1371,2024-04-17 02:45:00,5,2713.61,0,0.0,1,1,3
C273,TP2431,2024-04-17 02:45:00,0,2106.23,0,0.0,1,1,3
C273,TP1992,2024-04-17 02:45:00,10,3691.89,1,162.79,1,1,3
C273,TP506,2024-04-17 02:45:00,3,2311.04,0,0.0,1,0,3
C273,TP770,2024-04-17 02:45:00,4,4942.58,0,0.0,1,0,3
C273,TP1115,2024-04-17 02:45:00,1,3303.21,0,0.0,1,0,3
C273,TP1238,2024-04-17 02:45:00,6,4560.33,1,363.84,1,0,3
C274,TP2035,2024-04-09 18:42:00,6,3189.65,0,0.0,1,1,2
C274,TP1225,2024-04-09 18:42:00,4,3112.99,1,130.75,1,1,2
C274,TP2397,2024-04-09 18:42:00,0,869.31,0,0.0,1,0,2
C274,TP2452,2024-04-09 18:42:00,9,1501.42,0,0.0,1,0,2
C274,TP063,2024-04-09 18:42:00,5,4639.22,0,0.0,1,0,2
C275,TP864,2024-03-10 08:58:00,5,4949.44,1,373.67,1,1,1
C275,TP1335,2024-03-10 08:58:00,8,4093.4,0,0.0,1,0,1
C275,TP1921,2024-03-10 08:58:00,3,1005.96,0,0.0,1,0,1
C275,TP593,2024-03-10 08:58:00,10,3476.14,0,0.0,1,0,1
C277,TP1284,2024-03-20 18:13:00,1,2304.41,0,0.0,1,1,2
C277,TP411,2024-03-20 18:13:00,3,4455.09,1,240.35,1,1,2
C277,TP2451,2024-03-20 18:13:00,6,1988.92,1,264.03,1,0,2
C277,TP1156,2024-03-20 18:13:00,9,3532.1,1,54.57,1,0,2
C277,TP739,2024-03-20 18:13:00,6,3239.29,0,0.0,1,0,2
C277,TP031,2024-03-20 18:13:00,2,1823.14,0,0.0,1,0,2
C277,TP439,2024-03-20 18:13:00,2,2008.23,0,0.0,1,0,2
C278,TP627,2024-03-02 04:00:00,5,2713.36,1,411.01,1,1,1
C278,TP1799,2024-03-02 04:00:00,8,628.16,0,0.0,1,0,1
C278,TP2297,2024-03-02 04:00:00,6,905.27,1,69.04,1,0,1
C279,TP602,2024-05-29 14:43:00,6,3969.12,0,0.0,1,1,2
C279,TP765,2024-05-29 14:43:00,2,3098.82,1,259.24,1,1,2
C280,TP494,2024-03-13 00:04:00,10,1337.29,1,256.23,1,1,1
C280,TP1776,2024-03-13 00:04:00,6,347.08,1,323.18,1,0,1
C280,TP2395,2024-03-13 00:04:00,4,2408.43,0,0.0,1,0,1
C280,TP679,2024-03-13 00:04:00,9,706.0,1,98.78,1,0,1
C280,TP466,2024-03-13 00:04:00,5,790.34,0,0.0,1,0,1
C280,TP306,2024-03-13 00:04:00,4,705.79,1,149.1,1,0,1
C280,TP119,2024-03-13 00:04:00,4,4468.77,0,0.0,1,0,1
C281,TP2394,2024-04-11 17:56:00,7,4650.93,0,0.0,1,1,2
C281,TP1795,2024-04-11 17:56:00,9,1547.3,1,248.37,1,1,2
C281,TP486,2024-04-11 17:56:00,4,2790.31,1,185.0,1,0,2
C281,TP1144,2024-04-11 17:56:00,2,4371.98,0,0.0,1,0,2
C282,TP1271,2024-03-14 03:04:00,4,3349.14,1,103.3,1,1,1
C282,TP1178,2024-03-14 03:04:00,1,4091.38,1,361.3,1,0,1
C282,TP1860,2024-03-14 03:04:00,1,842.97,0,0.0,1,0,1
C282,TP1001,2024-03-14 03:04:00,8,686.89,1,257.76,1,0,1
C282,TP1509,2024-03-14 03:04:00,0,884.26,0,0.0,1,0,1
C282,TP1965,2024-03-14 03:04:00,1,4951.27,1,159.61,1,0,1
C283,TP1511,2024-03-14 21:09:00,2,1499.29,0,0.0,1,1,2
C283,TP236,2024-03-14 21:09:00,7,1338.36,1,50.26,1,1,2
C283,TP182,2024-03-14 21:09:00,0,2786.51,1,406.44,1,0,2
C283,TP842,2024-03-14 21:09:00,6,936.23,0,0.0,1,0,2
C283,TP1006,2024-03-14 21:09:00,6,2362.49,0,0.0,1,0,2
C283,TP436,2024-03-14 21:09:00,1,1236.46,1,312.88,1,0,2
C284,TP213,2024-03-17 13:39:00,8,4533.26,1,130.39,1,1,1
C284,TP2197,2024-03-17 13:39:00,7,589.48,1,304.84,1,0,1
C284,TP442,2024-03-17 13:39:00,5,542.24,0,0.0,1,0,1
C284,TP220,2024-03-17 13:39:00,9,1316.01,1,441.73,1,0,1
C284,TP789,2024-03-17 13:39:00,10,3882.6,0,0.0,1,0,1
C285,TP2354,2024-03-04 09:35:00,4,100.48,1,125.66,1,1,1
C285,TP1654,2024-03-04 09:35:00,4,3999.64,0,0.0,1,0,1
C285,TP2321,2024-03-04 09:35:00,3,4092.56,0,0.0,1,0,1
C285,TP638,2024-03-04 09:35:00,7,1507.08,0,0.0,1,0,1
C285,TP708,2024-03-04 09:35:00,3,2480.03,1,373.74,1,0,1
C285,TP1109,2024-03-04 09:35:00,8,1825.35,0,0.0,1,0,1
C285,TP1748,2024-03-04 09:35:00,7,2069.05,0,0.0,1,0,1
C285,TP1619,2024-03-04 09:35:00,6,4408.46,0,0.0,1,0,1
C285,TP2345,2024-03-04 09:35:00,7,2288.94,0,0.0,1,0,1
C286,TP1408,2024-03-25 14:54:00,10,4769.47,1,271.28,1,1,1
C286,TP769,2024-03-25 14:54:00,9,1485.38,1,455.53,1,0,1
C286,TP1658,2024-03-25 14:54:00,3,4942.69,0,0.0,1,0,1
C286,TP1091,2024-03-25 14:54:00,2,3423.76,1,420.05,1,0,1
C286,TP225,2024-03-25 14:54:00,10,4283.87,1,118.78,1,0,1
C286,TP986,2024-03-25 14:54:00,9,2810.11,0,0.0,1,0,1
C286,TP440,2024-03-25 14:54:00,0,1907.69,1,433.72,1,0,1
C287,TP1833,,1,1998.65,0,0.0,0,0,0
C287,TP1551,,8,530.52,0,0.0,0,0,0
C288,TP2358,2024-03-18 11:56:00,6,1863.93,1,279.72,1,1,1
C288,TP1723,2024-03-18 11:56:00,1,680.8,0,0.0,1,0,1
C288,TP1959,2024-03-18 11:56:00,6,4122.58,1,59.61,1,0,1
C288,TP1694,2024-03-18 11:56:00,0,2474.17,1,460.77,1,0,1
C288,TP541,2024-03-18 11:56:00,4,2775.0,0,0.0,1,0,1
C288,TP1047,2024-03-18 11:56:00,0,192.17,0,0.0,1,0,1
C288,TP1429,2024-03-18 11:56:00,2,1145.93,1,254.67,1,0,1
C288,TP2576,2024-03-18 11:56:00,0,678.3,0,0.0,1,0,1
C288,TP1683,2024-03-18 11:56:00,9,187.51,0,0.0,1,0,1
C288,TP496,2024-03-18 11:56:00,9,3602.86,0,0.0,1,0,1
C289,TP1473,2024-03-02 17:40:00,1,1803.29,1,487.92,1,1,1
C289,TP409,2024-03-02 17:40:00,2,4610.6,0,0.0,1,0,1
C289,TP656,2024-03-02 17:40:00,0,1182.16,1,485.1,1,0,1
C289,TP2217,2024-03-02 17:40:00,1,3613.06,1,203.4,1,0,1
C289,TP1281,2024-03-02 17:40:00,10,2438.75,1,437.07,1,0,1
C289,TP992,2024-03-02 17:40:00,6,3218.0,1,62.13,1,0,1
C289,TP2464,2024-03-02 17:40:00,3,1774.2,1,204.55,1,0,1
C289,TP1881,2024-03-02 17:40:00,4,4498.48,0,0.0,1,0,1
C289,TP1461,2024-03-02 17:40:00,3,1356.69,1,392.0,1,0,1
C289,TP146,2024-03-02 17:40:00,0,4317.77,0,0.0,1,0,1
C289,TP2492,2024-03-02 17:40:00,4,2968.77,0,0.0,1,0,1
C290,TP666,2024-04-24 03:34:00,0,4250.89,1,291.3,1,1,1
C290,TP611,2024-04-24 03:34:00,8,1171.3,1,446.64,1,0,1
C291,TP1910,2024-04-09 22:14:00,8,256.79,1,111.05,1,1,1
C291,TP1409,2024-04-09 22:14:00,5,3270.56,0,0.0,1,0,1
C291,TP1590,2024-04-09 22:14:00,8,987.86,1,276.03,1,0,1
C291,TP1719,2024-04-09 22:14:00,0,1653.65,1,314.41,1,0,1
C292,TP1192,2024-04-21 08:34:00,2,1653.27,1,385.67,1,1,1
C292,TP1508,2024-04-21 08:34:00,5,1735.93,0,0.0,1,0,1
C292,TP860,2024-04-21 08:34:00,5,2508.95,0,0.0,1,0,1
C292,TP1858,2024-04-21 08:34:00,9,1273.09,1,56.26,1,0,1
C293,TP2073,2024-03-07 16:15:00,6,1630.7,0,0.0,1,1,2
C293,TP1347,2024-03-07 16:15:00,1,3686.71,1,387.03,1,1,2
C293,TP1809,2024-03-07 16:15:00,7,4893.65,0,0.0,1,0,2
C293,TP2002,2024-03-07 16:15:00,9,2658.3,0,0.0,1,0,2
C293,TP2610,2024-03-07 16:15:00,2,296.82,0,0.0,1,0,2
C293,TP1545,2024-03-07 16:15:00,9,2433.18,0,0.0,1,0,2
C293,TP163,2024-03-07 16:15:00,5,1644.2,0,0.0,1,0,2
C293,TP2088,2024-03-07 16:15:00,8,3008.25,1,374.38,1,0,2
C293,TP1765,2024-03-07 16:15:00,10,2584.21,1,358.61,1,0,2
C294,TP1596,2024-06-09 12:07:00,3,4032.97,0,0.0,1,1,5
C294,TP027,2024-06-09 12:07:00,9,2662.16,0,0.0,1,1,5
C294,TP1226,2024-06-09 12:07:00,2,1370.66,0,0.0,1,1,5
C294,TP1484,2024-06-09 12:07:00,4,3744.83,0,0.0,1,1,5
C294,TP1087,2024-06-09 12:07:00,8,722.7,1,203.55,1,1,5
C294,TP305,2024-06-09 12:07:00,9,997.67,1,153.55,1,0,5
C295,TP2094,2024-03-12 10:50:00,3,3262.41,1,253.2,1,1,1
C295,TP2633,2024-03-12 10:50:00,3,1801.41,0,0.0,1,0,1
C295,TP269,2024-03-12 10:50:00,1,1060.55,0,0.0,1,0,1
C295,TP1869,2024-03-12 10:50:00,2,1782.5,0,0.0,1,0,1
C295,TP2264,2024-03-12 10:50:00,10,4772.63,0,0.0,1,0,1
C295,TP1426,2024-03-12 10:50:00,5,310.52,0,0.0,1,0,1
C296,TP112,2024-04-03 06:09:00,6,4680.33,0,0.0,1,1,2
C296,TP1424,2024-04-03 06:09:00,9,4596.37,1,416.1,1,1,2
C296,TP1396,2024-04-03 06:09:00,8,2875.74,0,0.0,1,0,2
C296,TP1864,2024-04-03 06:09:00,10,3576.19,1,254.65,1,0,2
C296,TP1557,2024-04-03 06:09:00,7,2092.29,0,0.0,1,0,2
C296,TP1900,2024-04-03 06:09:00,9,4949.75,0,0.0,1,0,2
C297,TP1558,2024-03-14 07:47:00,7,2979.98,1,298.36,1,1,1
C297,TP2552,2024-03-14 07:47:00,0,2574.99,0,0.0,1,0,1
C298,TP351,2024-04-25 07:00:00,9,1467.61,1,202.69,1,1,1
C299,TP1510,2024-04-19 21:40:00,5,141.2,0,0.0,1,1,2
C299,TP510,2024-04-19 21:40:00,3,150.25,1,425.19,1,1,2
C300,TP1243,2024-06-07 12:53:00,0,4683.56,1,270.9,1,1,1
C300,TP1329,2024-06-07 12:53:00,4,4604.2,1,331.28,1,0,1
C300,TP2578,2024-06-07 12:53:00,2,4399.73,1,429.99,1,0,1
C301,TP858,2024-03-11 12:25:00,5,1301.41,1,477.52,1,1,1
C301,TP2563,2024-03-11 12:25:00,1,2975.13,1,240.53,1,0,1
C301,TP1175,2024-03-11 12:25:00,3,2935.53,1,406.82,1,0,1
C301,TP2203,2024-03-11 12:25:00,6,3609.38,1,63.8,1,0,1
C301,TP129,2024-03-11 12:25:00,6,332.94,1,300.63,1,0,1
C301,TP1999,2024-03-11 12:25:00,1,806.17,1,405.49,1,0,1
C301,TP2462,2024-03-11 12:25:00,5,786.34,0,0.0,1,0,1
C302,TP1524,2024-03-12 18:56:00,6,2005.34,0,0.0,1,1,2
C302,TP1725,2024-03-12 18:56:00,3,4475.07,1,240.94,1,1,2
C302,TP2097,2024-03-12 18:56:00,1,1716.04,1,202.52,1,0,2
C302,TP469,2024-03-12 18:56:00,1,2529.4,0,0.0,1,0,2
C302,TP1563,2024-03-12 18:56:00,5,4139.29,0,0.0,1,0,2
C302,TP712,2024-03-12 18:56:00,4,411.99,1,213.9,1,0,2
C302,TP2041,2024-03-12 18:56:00,6,2553.67,1,265.54,1,0,2
C303,TP1073,2024-03-05 15:17:00,6,2160.23,1,397.62,1,1,1
C303,TP1522,2024-03-05 15:17:00,0,3336.77,1,438.81,1,0,1
C303,TP1200,2024-03-05 15:17:00,2,3967.78,1,104.3,1,0,1
C303,TP908,2024-03-05 15:17:00,3,1819.4,1,293.07,1,0,1
C303,TP1753,2024-03-05 15:17:00,2,2669.34,0,0.0,1,0,1
C303,TP2374,2024-03-05 15:17:00,10,1081.27,1,138.77,1,0,1
C303,TP981,2024-03-05 15:17:00,0,619.86,0,0.0,1,0,1
C303,TP1932,2024-03-05 15:17:00,5,3731.43,1,249.52,1,0,1
C303,TP1487,2024-03-05 15:17:00,4,4686.77,0,0.0,1,0,1
C304,TP105,2024-03-13 01:50:00,8,3257.31,1,216.58,1,1,1
C304,TP412,2024-03-13 01:50:00,3,1074.76,0,0.0,1,0,1
C304,TP2227,2024-03-13 01:50:00,0,4388.91,0,0.0,1,0,1
C304,TP372,2024-03-13 01:50:00,1,2671.33,0,0.0,1,0,1
C304,TP448,2024-03-13 01:50:00,7,3687.62,0,0.0,1,0,1
C304,TP362,2024-03-13 01:50:00,4,4800.15,1,175.35,1,0,1
C305,TP2514,2024-03-27 13:51:00,2,1896.15,1,375.68,1,1,1
C305,TP2602,2024-03-27 13:51:00,3,2332.52,0,0.0,1,0,1
C305,TP2082,2024-03-27 13:51:00,2,2786.75,0,0.0,1,0,1
C305,TP924,2024-03-27 13:51:00,2,2112.59,0,0.0,1,0,1
C305,TP1655,2024-03-27 13:51:00,9,859.07,1,335.19,1,0,1
C305,TP1380,2024-03-27 13:51:00,2,2993.93,1,91.1,1,0,1
C305,TP1925,2024-03-27 13:51:00,10,3932.7,1,270.21,1,0,1
C305,TP555,2024-03-27 13:51:00,6,499.26,0,0.0,1,0,1
C306,TP519,2024-03-11 03:51:00,9,1861.69,1,344.29,1,1,1
C306,TP1088,2024-03-11 03:51:00,9,1589.49,0,0.0,1,0,1
C306,TP2317,2024-03-11 03:51:00,6,1015.08,0,0.0,1,0,1
C306,TP1060,2024-03-11 03:51:00,9,1266.27,1,61.56,1,0,1
C307,TP251,2024-03-18 00:07:00,6,3411.96,1,188.38,1,1,1
C307,TP1856,2024-03-18 00:07:00,6,3233.87,1,214.6,1,0,1
C307,TP2577,2024-03-18 00:07:00,2,4271.06,0,0.0,1,0,1
C307,TP058,2024-03-18 00:07:00,9,3345.56,0,0.0,1,0,1
C308,TP582,,5,3177.91,0,0.0,0,0,0
C308,TP1097,,5,2910.53,0,0.0,0,0,0
C308,TP334,,4,4320.61,0,0.0,0,0,0
C309,TP1840,2024-03-06 22:59:00,3,976.68,1,412.92,1,1,1
C309,TP1444,2024-03-06 22:59:00,8,1807.32,0,0.0,1,0,1
C309,TP2574,2024-03-06 22:59:00,7,2144.46,1,84.72,1,0,1
C309,TP1582,2024-03-06 22:59:00,6,1306.2,0,0.0,1,0,1
C309,TP2408,2024-03-06 22:59:00,3,719.2,1,173.6,1,0,1
C309,TP022,2024-03-06 22:59:00,0,1024.63,0,0.0,1,0,1
C310,TP093,2024-03-18 08:07:00,6,4479.77,1,95.45,1,1,1
C310,TP1872,2024-03-18 08:07:00,8,4541.4,1,420.09,1,0,1
C310,TP2480,2024-03-18 08:07:00,7,2293.06,0,0.0,1,0,1
C310,TP1853,2024-03-18 08:07:00,10,3423.8,1,490.97,1,0,1
C310,TP2112,2024-03-18 08:07:00,1,3891.25,1,218.44,1,0,1
C310,TP401,2024-03-18 08:07:00,2,2322.27,0,0.0,1,0,1
C311,TP1930,2024-04-04 22:45:00,1,3499.31,0,0.0,1,1,2
C311,TP1734,2024-04-04 22:45:00,5,3130.88,1,223.11,1,1,2
C311,TP1016,2024-04-04 22:45:00,6,3999.86,1,424.37,1,0,2
C311,TP2026,2024-04-04 22:45:00,0,2873.38,1,402.45,1,0,2
C311,TP1296,2024-04-04 22:45:00,4,2077.26,1,144.96,1,0,2
C311,TP580,2024-04-04 22:45:00,3,3026.53,1,188.72,1,0,2
C312,TP1215,2024-03-03 22:20:00,5,1661.75,0,0.0,1,1,2
C312,TP985,2024-03-03 22:20:00,3,4643.84,1,260.33,1,1,2
C312,TP2586,2024-03-03 22:20:00,1,160.62,0,0.0,1,0,2
C312,TP897,2024-03-03 22:20:00,2,2052.81,0,0.0,1,0,2
C312,TP1880,2024-03-03 22:20:00,8,2848.52,1,447.91,1,0,2
C313,TP525,2024-04-09 20:28:00,2,756.23,0,0.0,1,1,2
C313,TP1586,2024-04-09 20:28:00,7,1659.85,1,491.37,1,1,2
C313,TP1571,2024-04-09 20:28:00,5,2821.71,1,155.1,1,0,2
C313,TP1700,2024-04-09 20:28:00,8,4780.49,0,0.0,1,0,2
C313,TP2120,2024-04-09 20:28:00,2,1899.18,1,91.95,1,0,2
C313,TP1832,2024-04-09 20:28:00,6,2893.74,1,461.07,1,0,2
C313,TP1069,2024-04-09 20:28:00,5,4417.56,1,360.78,1,0,2
C314,TP731,2024-04-12 04:16:00,9,3919.27,0,0.0,1,1,3
C314,TP2546,2024-04-12 04:16:00,2,4345.62,0,0.0,1,1,3
C314,TP552,2024-04-12 04:16:00,3,1770.88,1,240.61,1,1,3
C314,TP034,2024-04-12 04:16:00,2,2555.8,0,0.0,1,0,3
C314,TP2244,2024-04-12 04:16:00,10,1959.96,1,389.72,1,0,3
C315,TP1005,2024-04-10 12:02:00,3,2955.79,1,220.6,1,1,1
C315,TP1276,2024-04-10 12:02:00,9,3095.75,1,151.56,1,0,1
C315,TP1979,2024-04-10 12:02:00,6,3072.98,1,116.4,1,0,1
C315,TP256,2024-04-10 12:02:00,3,4554.66,1,445.1,1,0,1
C316,TP1536,2024-03-31 22:40:00,8,1767.02,0,0.0,1,1,3
C316,TP2421,2024-03-31 22:40:00,10,4513.69,0,0.0,1,1,3
C316,TP523,2024-03-31 22:40:00,5,126.77,1,184.72,1,1,3
C316,TP066,2024-03-31 22:40:00,1,4605.11,1,487.9,1,0,3
C316,TP954,2024-03-31 22:40:00,0,3490.87,0,0.0,1,0,3
C316,TP2194,2024-03-31 22:40:00,4,3444.06,0,0.0,1,0,3
C316,TP1407,2024-03-31 22:40:00,3,3014.65,1,335.65,1,0,3
C317,TP447,2024-05-02 03:35:00,10,3074.6,1,482.35,1,1,1
C317,TP885,2024-05-02 03:35:00,3,827.2,0,0.0,1,0,1
C317,TP907,2024-05-02 03:35:00,6,1872.35,0,0.0,1,0,1
C317,TP2517,2024-05-02 03:35:00,8,485.93,1,442.98,1,0,1
C317,TP1161,2024-05-02 03:35:00,8,4676.63,0,0.0,1,0,1
C318,TP1382,2024-03-02 05:04:00,8,159.92,1,426.18,1,1,1
C318,TP2046,2024-03-02 05:04:00,2,565.14,0,0.0,1,0,1
C318,TP1934,2024-03-02 05:04:00,0,4827.02,0,0.0,1,0,1
C318,TP248,2024-03-02 05:04:00,6,766.0,1,445.42,1,0,1
C318,TP601,2024-03-02 05:04:00,4,4128.47,1,119.55,1,0,1
C318,TP1292,2024-03-02 05:04:00,2,677.52,1,476.42,1,0,1
C318,TP2205,2024-03-02 05:04:00,4,3778.82,0,0.0,1,0,1
C318,TP2534,2024-03-02 05:04:00,2,1782.69,1,226.38,1,0,1
C318,TP1651,2024-03-02 05:04:00,10,647.04,1,245.29,1,0,1
C318,TP2536,2024-03-02 05:04:00,6,3944.48,1,317.77,1,0,1
C318,TP264,2024-03-02 05:04:00,1,1126.77,1,392.27,1,0,1
C319,TP1675,2024-03-13 08:56:00,0,1403.13,1,304.67,1,1,1
C319,TP1573,2024-03-13 08:56:00,5,3410.66,1,399.0,1,0,1
C319,TP1187,2024-03-13 08:56:00,3,2830.64,0,0.0,1,0,1
C319,TP2440,2024-03-13 08:56:00,4,2916.96,0,0.0,1,0,1
C319,TP1368,2024-03-13 08:56:00,6,4561.04,0,0.0,1,0,1
C319,TP592,2024-03-13 08:56:00,0,2340.17,1,162.29,1,0,1
C319,TP2096,2024-03-13 08:56:00,2,1731.75,0,0.0,1,0,1
C319,TP2290,2024-03-13 08:56:00,2,2121.32,1,412.79,1,0,1
C320,TP2454,2024-04-17 07:50:00,5,460.77,0,0.0,1,1,3
C320,TP1345,2024-04-17 07:50:00,1,2086.41,0,0.0,1,1,3
C320,TP2392,2024-04-17 07:50:00,6,1713.65,1,335.88,1,1,3
C320,TP055,2024-04-17 07:50:00,2,1469.33,1,93.52,1,0,3
C320,TP1397,2024-04-17 07:50:00,7,1182.26,0,0.0,1,0,3
C320,TP1272,2024-04-17 07:50:00,5,2195.04,1,394.0,1,0,3
C320,TP1400,2024-04-17 07:50:00,7,3836.39,1,261.73,1,0,3
C321,TP529,2024-03-10 05:46:00,5,3644.89,1,110.43,1,1,1
C321,TP1699,2024-03-10 05:46:00,6,143.93,0,0.0,1,0,1
C321,TP853,2024-03-10 05:46:00,3,2655.33,1,317.95,1,0,1
C321,TP1367,2024-03-10 05:46:00,3,1848.04,1,67.94,1,0,1
C322,TP1477,2024-04-13 21:37:00,4,787.23,1,297.88,1,1,1
C322,TP540,2024-04-13 21:37:00,3,4351.41,1,168.79,1,0,1
C322,TP1308,2024-04-13 21:37:00,8,1304.46,1,51.2,1,0,1
C323,TP2209,2024-03-02 00:30:00,8,2713.66,1,146.81,1,1,1
C323,TP701,2024-03-02 00:30:00,0,2692.68,0,0.0,1,0,1
C323,TP2164,2024-03-02 00:30:00,7,2366.93,1,308.35,1,0,1
C323,TP491,2024-03-02 00:30:00,0,4761.19,1,192.28,1,0,1
C323,TP1702,2024-03-02 00:30:00,6,1509.57,1,257.52,1,0,1
C323,TP483,2024-03-02 00:30:00,3,1151.36,0,0.0,1,0,1
C324,TP2070,2024-06-22 14:50:00,2,2905.54,0,0.0,1,1,6
C324,TP298,2024-06-22 14:50:00,7,2141.31,0,0.0,1,1,6
C324,TP2303,2024-06-22 14:50:00,3,4296.74,0,0.0,1,1,6
C324,TP1542,2024-06-22 14:50:00,0,222.36,0,0.0,1,1,6
C324,TP1499,2024-06-22 14:50:00,0,4587.29,0,0.0,1,1,6
C324,TP1334,2024-06-22 14:50:00,3,2902.88,1,241.31,1,1,6
C325,TP664,2024-03-30 21:02:00,5,144.1,0,0.0,1,1,2
C325,TP307,2024-03-30 21:02:00,2,2479.98,1,81.95,1,1,2
C325,TP675,2024-03-30 21:02:00,3,3429.68,0,0.0,1,0,2
C326,TP2282,2024-04-01 09:31:00,9,3268.59,0,0.0,1,1,3
C326,TP319,2024-04-01 09:31:00,9,356.11,0,0.0,1,1,3
C326,TP558,2024-04-01 09:31:00,2,1709.99,1,397.0,1,1,3
C326,TP1811,2024-04-01 09:31:00,3,4054.69,1,386.37,1,0,3
C326,TP1164,2024-04-01 09:31:00,7,4041.22,0,0.0,1,0,3
C326,TP1331,2024-04-01 09:31:00,6,628.79,0,0.0,1,0,3
C327,TP1641,2024-06-17 13:57:00,3,4801.58,0,0.0,1,1,4
C327,TP132,2024-06-17 13:57:00,10,3475.18,0,0.0,1,1,4
C327,TP856,2024-06-17 13:57:00,7,829.16,0,0.0,1,1,4
C327,TP209,2024-06-17 13:57:00,6,230.62,1,275.26,1,1,4
C328,TP1977,2024-03-07 13:04:00,9,3306.01,1,441.36,1,1,1
C328,TP155,2024-03-07 13:04:00,4,2881.17,1,256.48,1,0,1
C328,TP2531,2024-03-07 13:04:00,8,3584.21,0,0.0,1,0,1
C328,TP2186,2024-03-07 13:04:00,7,1144.3,1,366.21,1,0,1
C328,TP1425,2024-03-07 13:04:00,0,1872.04,1,297.54,1,0,1
C328,TP1402,2024-03-07 13:04:00,6,3784.63,1,462.23,1,0,1
C328,TP1546,2024-03-07 13:04:00,6,4605.94,1,499.51,1,0,1
C328,TP1707,2024-03-07 13:04:00,4,2260.39,1,164.9,1,0,1
C329,TP2156,2024-04-16 02:23:00,8,1519.23,1,150.91,1,1,1
C329,TP061,2024-04-16 02:23:00,1,1161.5,1,413.21,1,0,1
C329,TP1370,2024-04-16 02:23:00,9,2503.17,0,0.0,1,0,1
C330,TP705,2024-03-03 11:19:00,0,1464.39,1,466.51,1,1,1
C330,TP2117,2024-03-03 11:19:00,2,3588.66,1,80.21,1,0,1
C330,TP1114,2024-03-03 11:19:00,2,1737.23,1,246.01,1,0,1
C330,TP938,2024-03-03 11:19:00,4,713.61,0,0.0,1,0,1
C330,TP1481,2024-03-03 11:19:00,5,3469.24,0,0.0,1,0,1
C330,TP1516,2024-03-03 11:19:00,9,2612.92,1,222.61,1,0,1
C330,TP1928,2024-03-03 11:19:00,9,2464.79,1,478.18,1,0,1
C330,TP1738,2024-03-03 11:19:00,7,3571.47,1,156.74,1,0,1
C331,TP227,2024-04-06 14:28:00,7,4992.07,1,393.13,1,1,1
C331,TP1290,2024-04-06 14:28:00,2,4711.78,0,0.0,1,0,1
C331,TP013,2024-04-06 14:28:00,7,2677.43,0,0.0,1,0,1
C331,TP824,2024-04-06 14:28:00,5,4236.13,1,396.52,1,0,1
C332,TP2172,2024-03-15 06:13:00,6,3155.92,1,488.55,1,1,1
C332,TP2601,2024-03-15 06:13:00,1,613.81,1,414.07,1,0,1
C332,TP1500,2024-03-15 06:13:00,7,3373.85,1,372.47,1,0,1
C333,TP1351,,1,3461.73,0,0.0,0,0,0
C333,TP2101,,7,3936.38,0,0.0,0,0,0
C334,TP1386,,10,177.75,0,0.0,0,0,0
C335,TP2629,2024-03-11 05:10:00,6,1371.23,1,257.76,1,1,1
C335,TP1323,2024-03-11 05:10:00,8,1594.91,1,368.13,1,0,1
C335,TP1313,2024-03-11 05:10:00,6,2834.65,0,0.0,1,0,1
C335,TP1971,2024-03-11 05:10:00,8,2173.73,1,394.32,1,0,1
C335,TP1102,2024-03-11 05:10:00,10,3738.29,1,245.97,1,0,1
C335,TP2293,2024-03-11 05:10:00,10,1674.88,1,437.79,1,0,1
C335,TP1092,2024-03-11 05:10:00,9,1147.75,0,0.0,1,0,1
C336,TP680,2024-03-17 13:50:00,8,1509.46,1,245.55,1,1,1
C336,TP2221,2024-03-17 13:50:00,8,4552.4,1,399.58,1,0,1
C336,TP1134,2024-03-17 13:50:00,8,2346.03,1,324.65,1,0,1
C337,TP1190,2024-03-19 00:03:00,1,384.55,1,241.48,1,1,1
C337,TP719,2024-03-19 00:03:00,3,2089.88,1,431.61,1,0,1
C337,TP1890,2024-03-19 00:03:00,8,706.91,1,459.22,1,0,1
C337,TP1629,2024-03-19 00:03:00,0,3506.27,1,342.43,1,0,1
C337,TP2367,2024-03-19 00:03:00,10,600.27,1,416.77,1,0,1
C338,TP2455,2024-03-29 05:59:00,9,3250.46,1,117.89,1,1,1
C338,TP1090,2024-03-29 05:59:00,1,642.16,1,432.31,1,0,1
C338,TP116,2024-03-29 05:59:00,0,2360.2,0,0.0,1,0,1
C338,TP340,2024-03-29 05:59:00,2,2190.58,1,240.61,1,0,1
C338,TP399,2024-03-29 05:59:00,9,1881.06,1,220.54,1,0,1
C338,TP2143,2024-03-29 05:59:00,1,1857.24,1,485.78,1,0,1
C339,TP794,2024-04-11 22:05:00,6,1505.72,0,0.0,1,1,2
C339,TP1937,2024-04-11 22:05:00,8,3430.21,1,434.95,1,1,2
C339,TP1413,2024-04-11 22:05:00,3,131.88,0,0.0,1,0,2
C339,TP849,2024-04-11 22:05:00,3,2351.4,1,410.64,1,0,2
C340,TP2059,2024-05-03 17:19:00,5,3423.01,0,0.0,1,1,3
C340,TP2434,2024-05-03 17:19:00,1,2323.45,0,0.0,1,1,3
C340,TP388,2024-05-03 17:19:00,1,3632.36,1,268.54,1,1,3
C340,TP073,2024-05-03 17:19:00,7,1482.8,0,0.0,1,0,3
C340,TP1116,2024-05-03 17:19:00,7,1980.04,0,0.0,1,0,3
C340,TP224,2024-05-03 17:19:00,8,1610.59,1,324.04,1,0,3
C340,TP688,2024-05-03 17:19:00,3,2632.28,0,0.0,1,0,3
C341,TP1000,2024-04-02 00:28:00,0,756.25,1,111.06,1,1,1
C341,TP1077,2024-04-02 00:28:00,1,390.58,1,104.47,1,0,1
C341,TP653,2024-04-02 00:28:00,5,4587.18,1,136.91,1,0,1
C341,TP1814,2024-04-02 00:28:00,2,2280.24,1,129.04,1,0,1
C342,TP1004,2024-03-10 23:09:00,3,4763.76,1,72.63,1,1,1
C342,TP544,2024-03-10 23:09:00,1,4794.8,0,0.0,1,0,1
C342,TP854,2024-03-10 23:09:00,7,3477.59,0,0.0,1,0,1
C342,TP554,2024-03-10 23:09:00,9,2441.3,0,0.0,1,0,1
C342,TP498,2024-03-10 23:09:00,7,4970.69,1,499.3,1,0,1
C342,TP1774,2024-03-10 23:09:00,1,2532.66,1,409.49,1,0,1
C342,TP1829,2024-03-10 23:09:00,5,1091.45,0,0.0,1,0,1
C342,TP776,2024-03-10 23:09:00,4,1340.89,0,0.0,1,0,1
C342,TP1635,2024-03-10 23:09:00,2,3164.71,0,0.0,1,0,1
C343,TP283,2024-03-07 07:27:00,7,1507.98,1,145.31,1,1,1
C344,TP2278,2024-03-01 23:48:00,6,3667.6,1,366.65,1,1,1
C344,TP2084,2024-03-01 23:48:00,7,3500.91,0,0.0,1,0,1
C344,TP024,2024-03-01 23:48:00,7,997.67,1,148.39,1,0,1
C344,TP2098,2024-03-01 23:48:00,8,4117.03,0,0.0,1,0,1
C344,TP2444,2024-03-01 23:48:00,4,1273.14,0,0.0,1,0,1
C344,TP1616,2024-03-01 23:48:00,1,4860.55,0,0.0,1,0,1
C344,TP134,2024-03-01 23:48:00,10,2779.35,0,0.0,1,0,1
C345,TP2232,2024-04-14 23:52:00,8,1288.18,1,73.67,1,1,1
C345,TP038,2024-04-14 23:52:00,6,3464.14,0,0.0,1,0,1
C345,TP131,2024-04-14 23:52:00,8,897.24,1,429.28,1,0,1
C346,TP328,2024-03-24 01:45:00,0,1807.75,1,306.97,1,1,1
C346,TP597,2024-03-24 01:45:00,4,4914.61,0,0.0,1,0,1
C346,TP1169,2024-03-24 01:45:00,0,3888.89,0,0.0,1,0,1
C346,TP186,2024-03-24 01:45:00,5,562.38,1,498.25,1,0,1
C346,TP356,2024-03-24 01:45:00,7,201.37,1,135.59,1,0,1
C346,TP1523,2024-03-24 01:45:00,7,1039.19,1,174.31,1,0,1
C346,TP1566,2024-03-24 01:45:00,1,3055.62,1,194.8,1,0,1
C346,TP871,2024-03-24 01:45:00,3,1224.44,0,0.0,1,0,1
C346,TP070,2024-03-24 01:45:00,7,589.48,0,0.0,1,0,1
C347,TP1602,2024-03-29 06:26:00,5,930.34,0,0.0,1,1,2
C347,TP1093,2024-03-29 06:26:00,6,3368.37,1,97.49,1,1,2
C347,TP2214,2024-03-29 06:26:00,9,4027.65,0,0.0,1,0,2
C348,TP1049,2024-05-17 23:37:00,1,604.2,0,0.0,1,1,2
C348,TP2533,2024-05-17 23:37:00,0,2278.24,1,364.32,1,1,2
C348,TP949,2024-05-17 23:37:00,7,2359.74,0,0.0,1,0,2
C348,TP892,2024-05-17 23:37:00,0,1169.26,0,0.0,1,0,2
C348,TP229,2024-05-17 23:37:00,2,636.5,1,292.72,1,0,2
C349,TP2416,2024-03-10 16:21:00,3,3705.0,0,0.0,1,1,3
C349,TP628,2024-03-10 16:21:00,6,2105.07,0,0.0,1,1,3
C349,TP2110,2024-03-10 16:21:00,6,3507.29,1,349.3,1,1,3
C349,TP467,2024-03-10 16:21:00,8,1803.37,1,160.8,1,0,3
C349,TP1697,2024-03-10 16:21:00,6,1945.03,0,0.0,1,0,3
C349,TP321,2024-03-10 16:21:00,5,3295.73,1,351.04,1,0,3
C349,TP2206,2024-03-10 16:21:00,5,1672.8,1,385.75,1,0,3
C349,TP2014,2024-03-10 16:21:00,3,3319.21,1,385.55,1,0,3
C349,TP395,2024-03-10 16:21:00,1,2369.4,1,76.39,1,0,3
C349,TP003,2024-03-10 16:21:00,10,970.74,1,337.74,1,0,3
C349,TP1401,2024-03-10 16:21:00,7,1722.68,1,343.18,1,0,3
C350,TP2603,2024-03-25 08:19:00,2,1223.35,1,124.49,1,1,1
C350,TP1185,2024-03-25 08:19:00,1,1298.18,0,0.0,1,0,1
C350,TP1293,2024-03-25 08:19:00,10,353.91,1,143.5,1,0,1
C350,TP577,2024-03-25 08:19:00,6,700.3,1,116.64,1,0,1
C350,TP1289,2024-03-25 08:19:00,4,3562.25,0,0.0,1,0,1
C351,TP104,,5,2870.82,0,0.0,0,0,0
C351,TP1021,,0,3095.13,0,0.0,0,0,0
C352,TP2300,2024-05-05 12:22:00,4,1405.67,0,0.0,1,1,4
C352,TP1146,2024-05-05 12:22:00,0,4167.14,0,0.0,1,1,4
C352,TP332,2024-05-05 12:22:00,9,2197.35,0,0.0,1,1,4
C352,TP2585,2024-05-05 12:22:00,5,834.71,1,66.99,1,1,4
C352,TP192,2024-05-05 12:22:00,8,3348.38,0,0.0,1,0,4
C353,TP1482,2024-03-18 02:57:00,4,3825.59,1,91.94,1,1,1
C353,TP2599,2024-03-18 02:57:00,8,3473.28,0,0.0,1,0,1
C353,TP2224,2024-03-18 02:57:00,5,2581.71,1,88.23,1,0,1
C353,TP2489,2024-03-18 02:57:00,8,1399.55,1,233.95,1,0,1
C353,TP1433,2024-03-18 02:57:00,3,2589.6,0,0.0,1,0,1
C354,TP539,2024-03-02 20:19:00,0,4362.31,1,335.41,1,1,1
C354,TP2275,2024-03-02 20:19:00,1,2581.64,1,129.06,1,0,1
C354,TP1919,2024-03-02 20:19:00,3,4387.41,1,119.54,1,0,1
C354,TP2212,2024-03-02 20:19:00,9,4103.45,0,0.0,1,0,1
C354,TP2626,2024-03-02 20:19:00,7,1681.24,1,476.21,1,0,1
C355,TP767,2024-03-24 14:54:00,1,573.44,1,146.17,1,1,1
C355,TP1773,2024-03-24 14:54:00,5,2889.22,1,178.79,1,0,1
C355,TP579,2024-03-24 14:54:00,9,3137.87,0,0.0,1,0,1
C355,TP1196,2024-03-24 14:54:00,6,2675.99,0,0.0,1,0,1
C355,TP518,2024-03-24 14:54:00,9,3591.38,1,494.25,1,0,1
C356,TP2258,2024-03-24 14:41:00,3,3583.87,1,70.44,1,1,1
C356,TP1350,2024-03-24 14:41:00,9,1516.91,0,0.0,1,0,1
C356,TP1816,2024-03-24 14:41:00,10,4268.33,1,109.47,1,0,1
C356,TP2569,2024-03-24 14:41:00,8,601.37,0,0.0,1,0,1
C356,TP2235,2024-03-24 14:41:00,6,992.92,0,0.0,1,0,1
C356,TP1540,2024-03-24 14:41:00,2,3470.13,1,184.35,1,0,1
C357,TP743,2024-03-14 01:07:00,1,3611.04,0,0.0,1,1,2
C357,TP2376,2024-03-14 01:07:00,6,2492.16,1,321.08,1,1,2
C357,TP958,2024-03-14 01:07:00,1,3356.74,0,0.0,1,0,2
C357,TP2159,2024-03-14 01:07:00,2,3159.59,0,0.0,1,0,2
C357,TP659,2024-03-14 01:07:00,10,3269.6,0,0.0,1,0,2
C358,TP942,2024-04-08 21:25:00,7,3812.38,0,0.0,1,1,2
C358,TP1023,2024-04-08 21:25:00,0,4113.67,1,499.96,1,1,2
C359,TP243,2024-03-25 09:51:00,2,4033.73,0,0.0,1,1,2
C359,TP2058,2024-03-25 09:51:00,3,4840.93,1,79.56,1,1,2
C359,TP181,2024-03-25 09:51:00,1,598.92,1,332.35,1,0,2
C359,TP1796,2024-03-25 09:51:00,0,4769.72,1,310.81,1,0,2
C359,TP2524,2024-03-25 09:51:00,8,2487.01,0,0.0,1,0,2
C359,TP1681,2024-03-25 09:51:00,2,4908.07,1,126.49,1,0,2
C359,TP2504,2024-03-25 09:51:00,9,4394.34,0,0.0,1,0,2
C360,TP341,2024-03-06 23:50:00,7,1176.27,1,260.16,1,1,1
C360,TP018,2024-03-06 23:50:00,5,2933.73,1,239.86,1,0,1
C360,TP1517,2024-03-06 23:50:00,7,4207.57,1,464.84,1,0,1
C360,TP1141,2024-03-06 23:50:00,3,3610.23,1,432.93,1,0,1
C360,TP1639,2024-03-06 23:50:00,2,857.24,0,0.0,1,0,1
C360,TP492,2024-03-06 23:50:00,9,3448.26,1,388.34,1,0,1
C360,TP2273,2024-03-06 23:50:00,8,2558.74,0,0.0,1,0,1
C360,TP2515,2024-03-06 23:50:00,10,1008.71,1,345.45,1,0,1
C360,TP166,2024-03-06 23:50:00,3,4327.38,0,0.0,1,0,1
C360,TP086,2024-03-06 23:50:00,3,625.53,1,180.22,1,0,1
C361,TP768,2024-03-15 18:07:00,4,3525.83,1,262.93,1,1,1
C361,TP887,2024-03-15 18:07:00,10,4670.39,0,0.0,1,0,1
C361,TP2587,2024-03-15 18:07:00,0,613.77,1,201.54,1,0,1
C361,TP1404,2024-03-15 18:07:00,7,4944.91,0,0.0,1,0,1
C361,TP1631,2024-03-15 18:07:00,8,4670.85,0,0.0,1,0,1
C362,TP2554,2024-06-23 15:58:00,4,1213.04,0,0.0,1,1,2
C362,TP1828,2024-06-23 15:58:00,9,1351.21,1,487.17,1,1,2
C363,TP2230,2024-04-14 03:40:00,9,962.52,0,0.0,1,1,4
C363,TP2252,2024-04-14 03:40:00,6,2479.15,0,0.0,1,1,4
C363,TP1525,2024-04-14 03:40:00,3,1632.86,0,0.0,1,1,4
C363,TP1222,2024-04-14 03:40:00,7,3168.27,1,152.37,1,1,4
C363,TP1854,2024-04-14 03:40:00,1,2784.7,1,485.27,1,0,4
C364,TP052,2024-03-02 17:12:00,6,975.67,1,480.75,1,1,1
C364,TP1607,2024-03-02 17:12:00,2,212.8,0,0.0,1,0,1
C364,TP1775,2024-03-02 17:12:00,10,4057.14,0,0.0,1,0,1
C364,TP866,2024-03-02 17:12:00,3,2184.4,0,0.0,1,0,1
C364,TP2008,2024-03-02 17:12:00,10,1870.19,1,73.58,1,0,1
C364,TP2613,2024-03-02 17:12:00,4,1590.59,1,252.02,1,0,1
C365,TP2279,2024-04-04 13:02:00,0,4739.5,1,275.12,1,1,1
C365,TP432,2024-04-04 13:02:00,8,1234.9,0,0.0,1,0,1
C365,TP989,2024-04-04 13:02:00,8,2374.24,0,0.0,1,0,1
C365,TP1211,2024-04-04 13:02:00,7,4665.28,1,489.47,1,0,1
C365,TP1489,2024-04-04 13:02:00,6,2549.33,1,496.52,1,0,1
C365,TP1892,2024-04-04 13:02:00,6,3883.37,1,185.99,1,0,1
C365,TP1956,2024-04-04 13:02:00,1,1819.2,1,338.77,1,0,1
C365,TP852,2024-04-04 13:02:00,8,3408.15,1,494.55,1,0,1
C365,TP1277,2024-04-04 13:02:00,3,1479.72,1,285.16,1,0,1
C365,TP574,2024-04-04 13:02:00,8,1270.92,0,0.0,1,0,1
C366,TP2456,2024-03-21 18:24:00,3,954.75,0,0.0,1,1,2
C366,TP1037,2024-03-21 18:24:00,10,1354.71,1,106.8,1,1,2
C366,TP2116,2024-03-21 18:24:00,7,3420.91,0,0.0,1,0,2
C366,TP398,2024-03-21 18:24:00,5,3098.6,0,0.0,1,0,2
C366,TP1687,2024-03-21 18:24:00,9,2031.73,0,0.0,1,0,2
C367,TP075,2024-04-11 06:59:00,4,2469.6,1,309.81,1,1,1
C367,TP117,2024-04-11 06:59:00,9,2144.49,1,123.53,1,0,1
C367,TP443,2024-04-11 06:59:00,10,1107.16,0,0.0,1,0,1
C367,TP795,2024-04-11 06:59:00,7,3845.13,0,0.0,1,0,1
C367,TP2334,2024-04-11 06:59:00,6,2145.11,0,0.0,1,0,1
C368,TP774,,2,617.61,0,0.0,0,0,0
C369,TP1263,2024-04-02 01:13:00,10,3901.67,0,0.0,1,1,2
C369,TP762,2024-04-02 01:13:00,0,1759.24,1,243.45,1,1,2
C369,TP895,2024-04-02 01:13:00,2,394.9,0,0.0,1,0,2
C369,TP1316,2024-04-02 01:13:00,5,4216.49,0,0.0,1,0,2
C369,TP1045,2024-04-02 01:13:00,1,1807.22,0,0.0,1,0,2
C369,TP359,2024-04-02 01:13:00,5,1051.24,1,239.85,1,0,2
C369,TP771,2024-04-02 01:13:00,9,4757.68,0,0.0,1,0,2
C370,TP1625,2024-04-02 18:08:00,8,2569.03,0,0.0,1,1,3
C370,TP1787,2024-04-02 18:08:00,0,900.64,0,0.0,1,1,3
C370,TP585,2024-04-02 18:08:00,9,1276.63,1,454.54,1,1,3
C370,TP2528,2024-04-02 18:08:00,9,2379.51,1,207.42,1,0,3
C371,TP1859,2024-03-18 12:43:00,6,2201.67,0,0.0,1,1,2
C371,TP424,2024-03-18 12:43:00,4,4462.09,1,293.99,1,1,2
C371,TP1665,2024-03-18 12:43:00,3,639.57,0,0.0,1,0,2
C371,TP535,2024-03-18 12:43:00,6,3066.14,1,172.56,1,0,2
C371,TP2636,2024-03-18 12:43:00,4,3786.42,1,221.84,1,0,2
C371,TP1129,2024-03-18 12:43:00,1,4117.79,1,446.73,1,0,2
C371,TP1216,2024-03-18 12:43:00,3,3258.51,0,0.0,1,0,2
C371,TP978,2024-03-18 12:43:00,9,3965.22,0,0.0,1,0,2
C371,TP1576,2024-03-18 12:43:00,7,3638.68,1,385.12,1,0,2
C371,TP1228,2024-03-18 12:43:00,7,2267.36,0,0.0,1,0,2
C371,TP1975,2024-03-18 12:43:00,10,1796.6,0,0.0,1,0,2
C372,TP2357,2024-05-20 21:07:00,2,4823.3,0,0.0,1,1,3
C372,TP1985,2024-05-20 21:07:00,9,3134.02,0,0.0,1,1,3
C372,TP576,2024-05-20 21:07:00,4,2957.81,1,312.13,1,1,3
C372,TP308,2024-05-20 21:07:00,4,881.28,0,0.0,1,0,3
C373,TP619,2024-05-22 04:17:00,5,4881.44,0,0.0,1,1,3
C373,TP460,2024-05-22 04:17:00,3,3102.52,0,0.0,1,1,3
C373,TP016,2024-05-22 04:17:00,1,4493.58,1,451.48,1,1,3
C373,TP797,2024-05-22 04:17:00,4,4583.31,1,160.18,1,0,3
C373,TP2113,2024-05-22 04:17:00,5,4174.23,0,0.0,1,0,3
C373,TP1387,2024-05-22 04:17:00,0,4002.13,1,308.84,1,0,3
C373,TP929,2024-05-22 04:17:00,3,2584.34,1,457.18,1,0,3
C373,TP946,2024-05-22 04:17:00,5,1790.81,0,0.0,1,0,3
C374,TP1137,2024-03-15 22:28:00,10,2886.43,0,0.0,1,1,2
C374,TP257,2024-03-15 22:28:00,10,4219.51,1,476.13,1,1,2
C374,TP911,2024-03-15 22:28:00,6,3785.26,0,0.0,1,0,2
C374,TP931,2024-03-15 22:28:00,9,430.73,1,362.99,1,0,2
C374,TP2311,2024-03-15 22:28:00,2,3969.85,0,0.0,1,0,2
C374,TP1944,2024-03-15 22:28:00,2,3057.5,0,0.0,1,0,2
C374,TP993,2024-03-15 22:28:00,0,3628.49,1,227.31,1,0,2
C375,TP2353,,8,3181.55,0,0.0,0,0,0
C375,TP2512,,0,4410.93,0,0.0,0,0,0
C375,TP426,,3,3504.15,0,0.0,0,0,0
C376,TP736,2024-03-03 08:57:00,1,2445.57,1,183.04,1,1,1
C376,TP2125,2024-03-03 08:57:00,4,4378.7,1,415.3,1,0,1
C376,TP2067,2024-03-03 08:57:00,0,1656.67,0,0.0,1,0,1
C376,TP1388,2024-03-03 08:57:00,5,212.89,0,0.0,1,0,1
C376,TP2011,2024-03-03 08:57:00,6,1075.22,0,0.0,1,0,1
C376,TP1544,2024-03-03 08:57:00,1,443.3,0,0.0,1,0,1
C377,TP2083,2024-03-18 22:49:00,10,1441.93,0,0.0,1,1,3
C377,TP2475,2024-03-18 22:49:00,1,2598.61,0,0.0,1,1,3
C377,TP235,2024-03-18 22:49:00,10,357.59,1,288.66,1,1,3
C377,TP2054,2024-03-18 22:49:00,6,1990.16,1,83.07,1,0,3
C377,TP1280,2024-03-18 22:49:00,1,945.25,1,249.22,1,0,3
C378,TP2136,2024-03-14 19:56:00,0,3695.89,1,209.12,1,1,1
C378,TP2422,2024-03-14 19:56:00,5,4772.27,0,0.0,1,0,1
C378,TP1552,2024-03-14 19:56:00,0,2176.02,0,0.0,1,0,1
C378,TP1824,2024-03-14 19:56:00,9,2428.45,0,0.0,1,0,1
C379,TP803,2024-03-22 16:56:00,1,1067.4,1,82.77,1,1,1
C379,TP1059,2024-03-22 16:56:00,7,1227.22,1,98.64,1,0,1
C379,TP1414,2024-03-22 16:56:00,5,917.87,0,0.0,1,0,1
C379,TP1648,2024-03-22 16:56:00,10,2177.59,1,464.42,1,0,1
C379,TP2139,2024-03-22 16:56:00,8,2688.62,1,387.63,1,0,1
C379,TP147,2024-03-22 16:56:00,5,3135.77,1,474.31,1,0,1
C379,TP2039,2024-03-22 16:56:00,8,1038.46,0,0.0,1,0,1
C380,TP188,2024-03-18 08:32:00,5,4289.96,1,486.99,1,1,1
C380,TP124,2024-03-18 08:32:00,5,986.2,1,495.29,1,0,1
C380,TP1689,2024-03-18 08:32:00,10,3328.31,1,328.87,1,0,1
C380,TP693,2024-03-18 08:32:00,2,237.95,0,0.0,1,0,1
C380,TP2386,2024-03-18 08:32:00,0,1218.17,1,389.5,1,0,1
C380,TP463,2024-03-18 08:32:00,7,153.88,1,103.95,1,0,1
C380,TP2092,2024-03-18 08:32:00,1,402.97,0,0.0,1,0,1
C381,TP1745,2024-06-15 01:56:00,10,227.1,0,0.0,1,1,3
C381,TP2153,2024-06-15 01:56:00,4,2301.81,0,0.0,1,1,3
C381,TP2327,2024-06-15 01:56:00,2,1109.4,1,89.66,1,1,3
C382,TP1348,2024-03-23 14:59:00,7,3888.74,0,0.0,1,1,2
C382,TP2024,2024-03-23 14:59:00,10,2706.01,1,475.44,1,1,2
C382,TP2614,2024-03-23 14:59:00,9,2062.22,1,290.31,1,0,2
C382,TP2432,2024-03-23 14:59:00,4,808.28,0,0.0,1,0,2
C382,TP2368,2024-03-23 14:59:00,9,2166.21,1,156.32,1,0,2
C383,TP2539,2024-05-11 20:15:00,6,4543.48,0,0.0,1,1,2
C383,TP2549,2024-05-11 20:15:00,0,112.9,1,423.03,1,1,2
C383,TP886,2024-05-11 20:15:00,5,2229.08,0,0.0,1,0,2
C384,TP685,2024-03-08 03:26:00,3,1682.39,1,280.14,1,1,1
C384,TP397,2024-03-08 03:26:00,3,1863.82,0,0.0,1,0,1
C384,TP414,2024-03-08 03:26:00,7,4246.34,1,497.94,1,0,1
C384,TP792,2024-03-08 03:26:00,8,4020.24,1,139.61,1,0,1
C385,TP234,2024-05-21 11:47:00,4,3770.0,0,0.0,1,1,6
C385,TP1677,2024-05-21 11:47:00,1,2108.6,0,0.0,1,1,6
C385,TP620,2024-05-21 11:47:00,0,2766.23,0,0.0,1,1,6
C385,TP1013,2024-05-21 11:47:00,8,482.72,0,0.0,1,1,6
C385,TP1752,2024-05-21 11:47:00,10,1909.73,0,0.0,1,1,6
C385,TP287,2024-05-21 11:47:00,2,452.26,1,140.52,1,1,6
C385,TP361,2024-05-21 11:47:00,6,4292.1,0,0.0,1,0,6
C386,TP1210,2024-03-11 11:56:00,3,1600.32,1,376.06,1,1,1
C386,TP1758,2024-03-11 11:56:00,9,3846.29,0,0.0,1,0,1
C386,TP504,2024-03-11 11:56:00,6,2698.27,1,446.39,1,0,1
C386,TP713,2024-03-11 11:56:00,5,4343.22,1,81.49,1,0,1
C386,TP072,2024-03-11 11:56:00,6,1698.68,1,328.33,1,0,1
C386,TP1597,2024-03-11 11:56:00,7,594.66,1,441.37,1,0,1
C386,TP1362,2024-03-11 11:56:00,7,2812.87,1,474.2,1,0,1
C386,TP2443,2024-03-11 11:56:00,10,2793.23,0,0.0,1,0,1
C386,TP270,2024-03-11 11:56:00,3,2354.91,0,0.0,1,0,1
C386,TP028,2024-03-11 11:56:00,7,1018.24,0,0.0,1,0,1
C387,TP2383,2024-03-13 07:42:00,3,915.85,1,272.35,1,1,1
C387,TP2415,2024-03-13 07:42:00,4,3498.35,1,189.68,1,0,1
C387,TP2423,2024-03-13 07:42:00,5,3703.36,1,424.26,1,0,1
C387,TP271,2024-03-13 07:42:00,4,3362.89,0,0.0,1,0,1
C387,TP1299,2024-03-13 07:42:00,1,4930.62,0,0.0,1,0,1
C387,TP890,2024-03-13 07:42:00,9,4151.64,1,284.58,1,0,1
C388,TP1110,2024-03-16 07:11:00,0,3037.13,0,0.0,1,1,2
C388,TP197,2024-03-16 07:11:00,0,2645.17,1,170.07,1,1,2
C388,TP087,2024-03-16 07:11:00,5,3538.46,1,85.91,1,0,2
C388,TP2544,2024-03-16 07:11:00,10,3162.98,1,406.25,1,0,2
C388,TP1142,2024-03-16 07:11:00,0,4140.43,0,0.0,1,0,2
C388,TP064,2024-03-16 07:11:00,0,547.71,1,378.38,1,0,2
C388,TP1140,2024-03-16 07:11:00,10,2255.83,0,0.0,1,0,2
C389,TP2188,2024-04-17 00:50:00,1,4399.76,1,202.92,1,1,1
C389,TP2060,2024-04-17 00:50:00,10,4925.59,1,173.76,1,0,1
C389,TP1065,2024-04-17 00:50:00,7,4993.19,1,228.49,1,0,1
C390,TP1355,2024-06-28 19:03:00,10,1365.46,0,0.0,1,1,5
C390,TP089,2024-06-28 19:03:00,0,236.02,0,0.0,1,1,5
C390,TP2520,2024-06-28 19:03:00,3,3029.76,0,0.0,1,1,5
C390,TP976,2024-06-28 19:03:00,2,4515.31,0,0.0,1,1,5
C390,TP2545,2024-06-28 19:03:00,10,934.02,1,415.93,1,1,5
C391,TP524,2024-03-10 01:37:00,10,1561.14,1,348.52,1,1,1
C391,TP1598,2024-03-10 01:37:00,5,3256.28,0,0.0,1,0,1
C391,TP1696,2024-03-10 01:37:00,0,1642.61,0,0.0,1,0,1
C391,TP2600,2024-03-10 01:37:00,4,4388.81,0,0.0,1,0,1
C391,TP1969,2024-03-10 01:37:00,7,1628.46,1,80.87,1,0,1
C391,TP729,2024-03-10 01:37:00,3,2010.65,1,233.78,1,0,1
C391,TP1453,2024-03-10 01:37:00,9,1547.18,0,0.0,1,0,1
C392,TP415,2024-04-23 11:33:00,2,4525.96,1,300.1,1,1,1
C392,TP2467,2024-04-23 11:33:00,9,2114.61,0,0.0,1,0,1
C392,TP2571,2024-04-23 11:33:00,5,435.57,1,268.82,1,0,1
C392,TP143,2024-04-23 11:33:00,7,4885.44,0,0.0,1,0,1
C392,TP1325,2024-04-23 11:33:00,9,678.23,1,254.31,1,0,1
C393,TP840,2024-03-01 15:38:00,6,1696.42,1,162.14,1,1,1
C393,TP509,2024-03-01 15:38:00,5,1477.13,1,120.99,1,0,1
C393,TP604,2024-03-01 15:38:00,6,564.22,1,439.07,1,0,1
C393,TP183,2024-03-01 15:38:00,5,3294.04,1,239.97,1,0,1
C393,TP1553,2024-03-01 15:38:00,4,1712.56,1,116.87,1,0,1
C393,TP1769,2024-03-01 15:38:00,10,3172.54,1,273.53,1,0,1
C394,TP1250,2024-04-14 16:15:00,6,460.41,0,0.0,1,1,3
C394,TP2310,2024-04-14 16:15:00,4,3007.44,0,0.0,1,1,3
C394,TP669,2024-04-14 16:15:00,9,3834.89,1,101.9,1,1,3
C394,TP742,2024-04-14 16:15:00,4,4967.84,0,0.0,1,0,3
C394,TP2250,2024-04-14 16:15:00,0,3673.47,0,0.0,1,0,3
C394,TP1842,2024-04-14 16:15:00,5,4033.3,1,202.42,1,0,3
C395,TP2179,2024-05-20 21:51:00,4,2626.3,1,468.09,1,1,1
C395,TP2446,2024-05-20 21:51:00,2,1532.82,0,0.0,1,0,1
C395,TP312,2024-05-20 21:51:00,10,278.49,0,0.0,1,0,1
C395,TP2331,2024-05-20 21:51:00,0,1570.1,0,0.0,1,0,1
C396,TP800,2024-04-10 08:51:00,8,555.06,0,0.0,1,1,2
C396,TP782,2024-04-10 08:51:00,0,1941.75,1,334.82,1,1,2
C396,TP690,2024-04-10 08:51:00,5,4619.39,0,0.0,1,0,2
C396,TP605,2024-04-10 08:51:00,8,4129.59,0,0.0,1,0,2
C396,TP1526,2024-04-10 08:51:00,5,563.02,1,405.5,1,0,2
C396,TP1762,2024-04-10 08:51:00,7,1470.66,0,0.0,1,0,2
C397,TP2017,2024-04-20 21:32:00,9,3397.7,0,0.0,1,1,4
C397,TP972,2024-04-20 21:32:00,5,3509.04,0,0.0,1,1,4
C397,TP2349,2024-04-20 21:32:00,9,916.61,0,0.0,1,1,4
C397,TP709,2024-04-20 21:32:00,9,158.61,1,383.88,1,1,4
C397,TP1485,2024-04-20 21:32:00,10,4590.12,0,0.0,1,0,4
C397,TP2561,2024-04-20 21:32:00,4,3488.08,0,0.0,1,0,4
C397,TP777,2024-04-20 21:32:00,10,452.86,0,0.0,1,0,4
C398,TP1732,2024-04-15 21:07:00,8,3403.04,0,0.0,1,1,2
C398,TP410,2024-04-15 21:07:00,4,2120.27,1,254.75,1,1,2
C398,TP1078,2024-04-15 21:07:00,5,4863.52,0,0.0,1,0,2
C398,TP2158,2024-04-15 21:07:00,0,1746.4,1,430.42,1,0,2
C398,TP180,2024-04-15 21:07:00,5,597.14,0,0.0,1,0,2
C398,TP816,2024-04-15 21:07:00,0,1928.01,1,159.79,1,0,2
C399,TP2081,2024-03-01 20:57:00,2,2925.0,1,342.91,1,1,1
C399,TP1374,2024-03-01 20:57:00,7,1271.86,1,195.04,1,0,1
C399,TP1578,2024-03-01 20:57:00,10,723.04,1,415.13,1,0,1
C400,TP1727,2024-04-20 16:05:00,7,1187.96,0,0.0,1,1,2
C400,TP649,2024-04-20 16:05:00,8,1593.74,1,407.91,1,1,2
C400,TP532,2024-04-20 16:05:00,10,970.53,0,0.0,1,0,2
C400,TP1138,2024-04-20 16:05:00,7,4812.26,1,62.91,1,0,2
C401,TP2473,2024-03-08 07:54:00,1,394.32,1,161.48,1,1,1
C401,TP2309,2024-03-08 07:54:00,3,2479.62,1,308.03,1,0,1
C401,TP418,2024-03-08 07:54:00,8,542.59,1,119.66,1,0,1
C401,TP1844,2024-03-08 07:54:00,8,3373.35,1,483.3,1,0,1
C401,TP303,2024-03-08 07:54:00,7,3220.82,0,0.0,1,0,1
C401,TP1113,2024-03-08 07:54:00,8,3336.02,1,267.57,1,0,1
C401,TP1070,2024-03-08 07:54:00,0,2382.09,1,332.26,1,0,1
C401,TP832,2024-03-08 07:54:00,2,4703.37,0,0.0,1,0,1
C401,TP1963,2024-03-08 07:54:00,8,1703.82,0,0.0,1,0,1
C402,TP096,2024-03-22 21:05:00,9,1691.69,1,175.09,1,1,1
C402,TP396,2024-03-22 21:05:00,3,4615.67,0,0.0,1,0,1
C402,TP1423,2024-03-22 21:05:00,9,3988.07,1,475.34,1,0,1
C402,TP2191,2024-03-22 21:05:00,8,1587.56,0,0.0,1,0,1
C402,TP921,2024-03-22 21:05:00,7,1344.36,1,294.18,1,0,1
C402,TP2581,2024-03-22 21:05:00,5,1367.4,1,396.89,1,0,1
C402,TP1988,2024-03-22 21:05:00,5,3115.42,0,0.0,1,0,1
C403,TP1155,2024-03-08 21:03:00,5,3940.69,1,174.32,1,1,1
C403,TP288,2024-03-08 21:03:00,9,2874.12,0,0.0,1,0,1
C403,TP785,2024-03-08 21:03:00,2,1099.57,1,200.83,1,0,1
C403,TP327,2024-03-08 21:03:00,1,2346.12,0,0.0,1,0,1
C403,TP1746,2024-03-08 21:03:00,1,1165.39,0,0.0,1,0,1
C404,TP2609,2024-03-09 01:54:00,3,240.04,1,249.89,1,1,1
C404,TP413,2024-03-09 01:54:00,1,1184.99,1,480.79,1,0,1
C404,TP2299,2024-03-09 01:54:00,7,1848.33,0,0.0,1,0,1
C404,TP2424,2024-03-09 01:54:00,0,3660.75,1,84.53,1,0,1
C404,TP375,2024-03-09 01:54:00,5,1340.58,0,0.0,1,0,1
C404,TP1755,2024-03-09 01:54:00,4,3047.32,1,490.08,1,0,1
C405,TP1163,,5,2938.06,0,0.0,0,0,0
C405,TP1014,,5,1070.12,0,0.0,0,0,0
C405,TP1565,,2,411.41,0,0.0,0,0,0
C406,TP1878,2024-04-21 04:49:00,0,4670.31,1,155.22,1,1,1
C406,TP2308,2024-04-21 04:49:00,10,2009.85,0,0.0,1,0,1
C406,TP1398,2024-04-21 04:49:00,4,2102.58,1,68.1,1,0,1
C406,TP2500,2024-04-21 04:49:00,10,1672.53,1,341.29,1,0,1
C407,TP1964,2024-03-03 20:19:00,10,2171.59,0,0.0,1,1,2
C407,TP160,2024-03-03 20:19:00,4,704.18,1,160.98,1,1,2
C407,TP1074,2024-03-03 20:19:00,0,1996.27,1,432.63,1,0,2
C407,TP1359,2024-03-03 20:19:00,10,1014.7,1,359.91,1,0,2
C407,TP1220,2024-03-03 20:19:00,10,4588.55,0,0.0,1,0,2
C407,TP1561,2024-03-03 20:19:00,7,3402.49,0,0.0,1,0,2
C407,TP200,2024-03-03 20:19:00,10,2992.09,1,245.64,1,0,2
C408,TP1305,2024-03-11 01:49:00,0,1589.36,1,120.68,1,1,1
C408,TP521,2024-03-11 01:49:00,2,4304.34,1,417.7,1,0,1
C408,TP745,2024-03-11 01:49:00,0,2711.86,1,354.79,1,0,1
C408,TP1375,2024-03-11 01:49:00,6,707.54,1,162.67,1,0,1
C408,TP944,2024-03-11 01:49:00,0,4280.6,0,0.0,1,0,1
C408,TP380,2024-03-11 01:49:00,4,1727.67,0,0.0,1,0,1
C409,TP2016,2024-03-20 10:31:00,9,2174.85,1,264.31,1,1,1
C409,TP520,2024-03-20 10:31:00,2,4286.02,1,53.52,1,0,1
C409,TP2057,2024-03-20 10:31:00,6,3276.03,1,323.73,1,0,1
C409,TP982,2024-03-20 10:31:00,10,4512.77,1,124.27,1,0,1
C409,TP896,2024-03-20 10:31:00,8,1680.24,1,332.04,1,0,1
C409,TP2170,2024-03-20 10:31:00,2,1944.24,0,0.0,1,0,1
C410,TP1954,2024-03-27 11:06:00,8,1875.22,0,0.0,1,1,2
C410,TP1332,2024-03-27 11:06:00,10,2835.49,1,347.53,1,1,2
C410,TP120,2024-03-27 11:06:00,0,4243.52,1,220.75,1,0,2
C410,TP2548,2024-03-27 11:06:00,7,4530.63,1,351.55,1,0,2
C410,TP1845,2024-03-27 11:06:00,7,2585.52,1,113.34,1,0,2
C410,TP1416,2024-03-27 11:06:00,8,4480.14,1,199.99,1,0,2
C410,TP723,2024-03-27 11:06:00,8,3598.78,0,0.0,1,0,2
C411,TP1464,2024-03-07 15:18:00,2,4301.25,1,141.6,1,1,1
C411,TP1503,2024-03-07 15:18:00,7,4689.47,1,173.04,1,0,1
C411,TP962,2024-03-07 15:18:00,0,3960.8,1,321.46,1,0,1
C411,TP1471,2024-03-07 15:18:00,7,1077.27,1,364.21,1,0,1
C411,TP246,2024-03-07 15:18:00,9,3317.08,0,0.0,1,0,1
C411,TP1176,2024-03-07 15:18:00,3,4677.54,1,91.87,1,0,1
C412,TP2291,2024-04-30 13:17:00,5,2878.09,1,82.43,1,1,1
C412,TP2590,2024-04-30 13:17:00,3,1092.85,0,0.0,1,0,1
C413,TP1679,,5,1491.7,0,0.0,0,0,0
C413,TP735,,9,2986.12,0,0.0,0,0,0
C413,TP971,,2,545.64,0,0.0,0,0,0
C414,TP026,2024-03-29 17:13:00,3,4854.19,1,277.41,1,1,1
C414,TP2495,2024-03-29 17:13:00,10,3299.02,0,0.0,1,0,1
C414,TP2030,2024-03-29 17:13:00,6,3259.71,1,440.14,1,0,1
C414,TP2284,2024-03-29 17:13:00,1,966.17,0,0.0,1,0,1
C414,TP2056,2024-03-29 17:13:00,9,621.15,1,86.36,1,0,1
C415,TP863,2024-04-02 06:59:00,2,244.32,1,325.69,1,1,1
C415,TP349,2024-04-02 06:59:00,8,3506.27,1,94.29,1,0,1
C415,TP2256,2024-04-02 06:59:00,2,2280.26,1,268.98,1,0,1
C415,TP927,2024-04-02 06:59:00,3,585.48,1,143.08,1,0,1
C416,TP2336,2024-04-20 03:56:00,0,745.98,0,0.0,1,1,2
C416,TP2487,2024-04-20 03:56:00,8,3274.0,1,177.3,1,1,2
C416,TP296,2024-04-20 03:56:00,1,3723.09,1,151.11,1,0,2
C416,TP2036,2024-04-20 03:56:00,5,2100.04,1,256.12,1,0,2
C416,TP479,2024-04-20 03:56:00,10,2888.08,1,141.92,1,0,2
C416,TP2526,2024-04-20 03:56:00,7,596.83,0,0.0,1,0,2
C417,TP898,2024-03-23 12:36:00,2,4162.3,0,0.0,1,1,2
C417,TP508,2024-03-23 12:36:00,4,1194.51,1,216.29,1,1,2
C417,TP703,2024-03-23 12:36:00,0,393.72,0,0.0,1,0,2
C417,TP2496,2024-03-23 12:36:00,0,681.53,1,202.27,1,0,2
C417,TP966,2024-03-23 12:36:00,1,3159.07,1,246.13,1,0,2
C417,TP695,2024-03-23 12:36:00,9,2719.91,0,0.0,1,0,2
C417,TP1009,2024-03-23 12:36:00,10,1968.56,0,0.0,1,0,2
C417,TP336,2024-03-23 12:36:00,7,604.32,1,135.68,1,0,2
C418,TP1601,2024-04-28 18:49:00,8,3643.4,0,0.0,1,1,3
C418,TP726,2024-04-28 18:49:00,8,3985.17,0,0.0,1,1,3
C418,TP1391,2024-04-28 18:49:00,7,871.79,1,352.53,1,1,3
C418,TP157,2024-04-28 18:49:00,6,2957.77,1,169.2,1,0,3
C418,TP2630,2024-04-28 18:49:00,10,4531.93,1,176.8,1,0,3
C418,TP1718,2024-04-28 18:49:00,9,1027.74,0,0.0,1,0,3
C419,TP1377,2024-06-29 01:39:00,7,4027.66,0,0.0,1,1,3
C419,TP2141,2024-06-29 01:39:00,7,4929.45,0,0.0,1,1,3
C419,TP145,2024-06-29 01:39:00,3,4248.31,1,144.94,1,1,3
C420,TP1507,2024-04-10 06:25:00,6,4969.68,0,0.0,1,1,3
C420,TP084,2024-04-10 06:25:00,5,4565.1,0,0.0,1,1,3
C420,TP737,2024-04-10 06:25:00,4,185.73,1,107.28,1,1,3
C420,TP385,2024-04-10 06:25:00,8,4370.25,0,0.0,1,0,3
C420,TP1568,2024-04-10 06:25:00,8,161.05,1,363.87,1,0,3
C420,TP2623,2024-04-10 06:25:00,0,1712.39,1,261.06,1,0,3
C420,TP2631,2024-04-10 06:25:00,2,1610.92,0,0.0,1,0,3
C420,TP326,2024-04-10 06:25:00,2,2480.66,1,470.98,1,0,3
C420,TP1465,2024-04-10 06:25:00,5,4943.87,0,0.0,1,0,3
C422,TP899,2024-03-03 16:18:00,8,2167.13,1,173.57,1,1,1
C422,TP848,2024-03-03 16:18:00,5,4497.68,1,255.41,1,0,1
C422,TP1818,2024-03-03 16:18:00,8,2450.27,0,0.0,1,0,1
C422,TP1432,2024-03-03 16:18:00,7,149.31,1,195.47,1,0,1
C422,TP2238,2024-03-03 16:18:00,9,4389.36,1,172.45,1,0,1
C422,TP2387,2024-03-03 16:18:00,8,472.55,1,391.94,1,0,1
C422,TP1766,2024-03-03 16:18:00,9,1798.61,1,385.1,1,0,1
C422,TP1083,2024-03-03 16:18:00,5,1016.95,1,242.77,1,0,1
C422,TP386,2024-03-03 16:18:00,3,2630.39,1,431.91,1,0,1
C423,TP888,2024-06-28 05:44:00,6,2570.13,0,0.0,1,1,3
C423,TP1986,2024-06-28 05:44:00,7,3396.66,0,0.0,1,1,3
C423,TP815,2024-06-28 05:44:00,2,3558.6,1,272.47,1,1,3
C424,TP2486,2024-05-22 05:39:00,4,1111.68,0,0.0,1,1,5
C424,TP1262,2024-05-22 05:39:00,8,2543.97,0,0.0,1,1,5
C424,TP1660,2024-05-22 05:39:00,4,4335.31,0,0.0,1,1,5
C424,TP337,2024-05-22 05:39:00,7,3127.26,0,0.0,1,1,5
C424,TP2004,2024-05-22 05:39:00,2,3670.2,1,128.41,1,1,5
C424,TP1577,2024-05-22 05:39:00,4,2817.38,1,367.35,1,0,5
C424,TP581,2024-05-22 05:39:00,0,4937.67,0,0.0,1,0,5
C425,TP1589,2024-03-21 00:06:00,2,1064.52,1,66.66,1,1,1
C425,TP2122,2024-03-21 00:06:00,2,4551.38,1,93.45,1,0,1
C425,TP2466,2024-03-21 00:06:00,2,1927.5,1,371.44,1,0,1
C425,TP1267,2024-03-21 00:06:00,0,1589.45,1,117.14,1,0,1
C426,TP2634,2024-03-21 13:24:00,6,2232.58,0,0.0,1,1,2
C426,TP2022,2024-03-21 13:24:00,0,4397.6,1,276.73,1,1,2
C426,TP2249,2024-03-21 13:24:00,9,3549.5,0,0.0,1,0,2
C427,TP1605,2024-04-06 05:06:00,10,4502.12,1,286.68,1,1,1
C427,TP2091,2024-04-06 05:06:00,6,1131.77,0,0.0,1,0,1
C427,TP698,2024-04-06 05:06:00,3,1269.85,1,368.95,1,0,1
C427,TP1905,2024-04-06 05:06:00,10,3229.07,0,0.0,1,0,1
C428,TP1772,2024-03-05 08:39:00,0,2872.7,1,456.87,1,1,1
C428,TP2513,2024-03-05 08:39:00,7,4142.62,0,0.0,1,0,1
C428,TP2418,2024-03-05 08:39:00,5,232.15,1,253.36,1,0,1
C428,TP078,2024-03-05 08:39:00,8,4031.36,1,367.06,1,0,1
C429,TP2065,2024-05-30 21:16:00,5,3542.35,1,296.76,1,1,1
C429,TP1656,2024-05-30 21:16:00,5,2737.95,0,0.0,1,0,1
C430,TP2343,,0,2138.79,0,0.0,0,0,0
C430,TP2404,,3,4672.17,0,0.0,0,0,0
C431,TP080,2024-03-05 09:27:00,9,4122.44,1,70.62,1,1,1
C431,TP1580,2024-03-05 09:27:00,8,4070.41,1,223.74,1,0,1
C431,TP497,2024-03-05 09:27:00,7,2400.17,0,0.0,1,0,1
C431,TP173,2024-03-05 09:27:00,3,3811.97,1,279.29,1,0,1
C432,TP1735,2024-05-10 23:21:00,6,2878.96,0,0.0,1,1,3
C432,TP2438,2024-05-10 23:21:00,3,937.92,0,0.0,1,1,3
C432,TP652,2024-05-10 23:21:00,1,4189.9,1,60.65,1,1,3
C432,TP2075,2024-05-10 23:21:00,2,213.56,1,94.63,1,0,3
C433,TP1172,2024-03-15 15:07:00,6,2211.48,1,360.77,1,1,1
C434,TP841,2024-03-03 22:03:00,5,2919.38,1,431.75,1,1,1
C434,TP347,2024-03-03 22:03:00,4,4835.24,1,353.01,1,0,1
C434,TP1385,2024-03-03 22:03:00,2,3667.11,0,0.0,1,0,1
C434,TP1151,2024-03-03 22:03:00,9,3929.03,1,446.14,1,0,1
C435,TP2337,2024-03-03 05:03:00,5,2017.86,0,0.0,1,1,2
C435,TP1647,2024-03-03 05:03:00,1,3434.46,1,334.02,1,1,2
C435,TP1449,2024-03-03 05:03:00,5,4019.97,0,0.0,1,0,2
C435,TP2620,2024-03-03 05:03:00,9,2901.54,0,0.0,1,0,2
C435,TP634,2024-03-03 05:03:00,7,4377.34,1,98.64,1,0,2
C435,TP1327,2024-03-03 05:03:00,0,537.21,1,465.76,1,0,2
C435,TP1319,2024-03-03 05:03:00,7,2739.49,1,181.07,1,0,2
C435,TP1081,2024-03-03 05:03:00,7,2785.43,0,0.0,1,0,2
C435,TP1916,2024-03-03 05:03:00,8,4484.6,0,0.0,1,0,2
C435,TP1674,2024-03-03 05:03:00,6,915.8,0,0.0,1,0,2
C435,TP1094,2024-03-03 05:03:00,10,4323.45,1,482.35,1,0,2
C435,TP1447,2024-03-03 05:03:00,4,3009.57,0,0.0,1,0,2
C436,TP802,2024-04-20 00:15:00,10,1154.62,1,432.38,1,1,1
C436,TP002,2024-04-20 00:15:00,4,968.82,0,0.0,1,0,1
C436,TP1585,2024-04-20 00:15:00,7,4448.28,1,419.34,1,0,1
C436,TP2326,2024-04-20 00:15:00,5,1553.54,1,463.9,1,0,1
C436,TP1491,2024-04-20 00:15:00,5,3439.73,0,0.0,1,0,1
C437,TP1025,2024-03-20 15:20:00,1,771.07,1,207.48,1,1,1
C437,TP2253,2024-03-20 15:20:00,0,4846.43,0,0.0,1,0,1
C437,TP1282,2024-03-20 15:20:00,9,1994.65,1,495.51,1,0,1
C437,TP2077,2024-03-20 15:20:00,3,3139.66,1,365.8,1,0,1
C438,TP1574,2024-03-12 19:44:00,3,239.11,1,69.64,1,1,1
C438,TP2596,2024-03-12 19:44:00,7,463.26,1,396.99,1,0,1
C438,TP434,2024-03-12 19:44:00,3,2561.76,0,0.0,1,0,1
C438,TP1056,2024-03-12 19:44:00,1,3564.39,1,418.69,1,0,1
C439,TP299,2024-04-20 05:36:00,7,3611.87,0,0.0,1,1,2
C439,TP596,2024-04-20 05:36:00,7,1739.96,1,401.05,1,1,2
C439,TP1472,2024-04-20 05:36:00,3,3711.09,1,104.64,1,0,2
C440,TP1649,2024-04-14 10:36:00,10,3418.96,1,498.84,1,1,1
C440,TP1275,2024-04-14 10:36:00,10,3174.12,1,405.83,1,0,1
C440,TP2370,2024-04-14 10:36:00,4,4374.61,0,0.0,1,0,1
C440,TP2163,2024-04-14 10:36:00,0,1947.8,0,0.0,1,0,1
C440,TP275,2024-04-14 10:36:00,5,4111.68,0,0.0,1,0,1
C440,TP2051,2024-04-14 10:36:00,10,3572.27,0,0.0,1,0,1
C440,TP2095,2024-04-14 10:36:00,1,882.74,1,152.82,1,0,1
C441,TP1468,2024-03-12 20:09:00,0,3321.68,1,467.45,1,1,1
C441,TP1237,2024-03-12 20:09:00,1,1741.99,1,299.01,1,0,1
C441,TP935,2024-03-12 20:09:00,9,3022.61,0,0.0,1,0,1
C441,TP218,2024-03-12 20:09:00,10,4573.37,0,0.0,1,0,1
C441,TP2381,2024-03-12 20:09:00,9,896.9,0,0.0,1,0,1
C441,TP920,2024-03-12 20:09:00,5,706.13,1,233.42,1,0,1
C441,TP1321,2024-03-12 20:09:00,9,2313.37,1,154.16,1,0,1
C441,TP345,2024-03-12 20:09:00,5,2845.7,0,0.0,1,0,1
C442,TP672,2024-05-22 23:25:00,6,2258.33,0,0.0,1,1,4
C442,TP1804,2024-05-22 23:25:00,4,2876.34,0,0.0,1,1,4
C442,TP266,2024-05-22 23:25:00,8,2983.85,0,0.0,1,1,4
C442,TP830,2024-05-22 23:25:00,8,4112.42,1,129.15,1,1,4
C442,TP2606,2024-05-22 23:25:00,10,4095.26,1,354.36,1,0,4
C443,TP1705,2024-03-02 09:21:00,9,4667.61,1,164.29,1,1,1
C443,TP423,2024-03-02 09:21:00,0,2962.29,1,310.63,1,0,1
C443,TP1606,2024-03-02 09:21:00,10,1468.03,1,255.62,1,0,1
C443,TP1274,2024-03-02 09:21:00,9,1378.75,1,322.84,1,0,1
C443,TP325,2024-03-02 09:21:00,9,1228.56,1,109.54,1,0,1
C443,TP1924,2024-03-02 09:21:00,1,2985.59,0,0.0,1,0,1
C443,TP1989,2024-03-02 09:21:00,2,4912.22,0,0.0,1,0,1
C443,TP2180,2024-03-02 09:21:00,7,757.13,0,0.0,1,0,1
C443,TP2377,2024-03-02 09:21:00,10,3683.64,1,392.1,1,0,1
C444,TP076,2024-06-22 06:01:00,9,2461.64,0,0.0,1,1,5
C444,TP1383,2024-06-22 06:01:00,6,3926.23,0,0.0,1,1,5
C444,TP562,2024-06-22 06:01:00,8,918.37,0,0.0,1,1,5
C444,TP2616,2024-06-22 06:01:00,4,3879.9,0,0.0,1,1,5
C444,TP2439,2024-06-22 06:01:00,9,3745.22,1,299.44,1,1,5
C444,TP030,2024-06-22 06:01:00,9,4134.94,0,0.0,1,0,5
C445,TP2607,2024-03-24 20:43:00,10,272.86,1,156.89,1,1,1
C445,TP783,2024-03-24 20:43:00,0,192.16,0,0.0,1,0,1
C445,TP865,2024-03-24 20:43:00,6,3609.92,0,0.0,1,0,1
C445,TP696,2024-03-24 20:43:00,0,2578.06,1,309.46,1,0,1
C445,TP2390,2024-03-24 20:43:00,4,2980.07,1,465.87,1,0,1
C445,TP404,2024-03-24 20:43:00,4,2014.26,0,0.0,1,0,1
C445,TP1926,2024-03-24 20:43:00,9,1212.1,1,233.65,1,0,1
C445,TP2594,2024-03-24 20:43:00,3,1168.09,1,123.01,1,0,1
C446,TP050,2024-03-02 21:40:00,0,3371.66,1,119.97,1,1,1
C446,TP226,2024-03-02 21:40:00,9,2318.78,0,0.0,1,0,1
C446,TP1043,2024-03-02 21:40:00,10,828.54,1,148.08,1,0,1
C446,TP1891,2024-03-02 21:40:00,6,832.15,0,0.0,1,0,1
C446,TP2043,2024-03-02 21:40:00,9,2100.88,1,358.74,1,0,1
C446,TP1291,2024-03-02 21:40:00,0,526.32,0,0.0,1,0,1
C446,TP646,2024-03-02 21:40:00,6,4865.48,0,0.0,1,0,1
C446,TP101,2024-03-02 21:40:00,5,2235.28,1,214.17,1,0,1
C446,TP2072,2024-03-02 21:40:00,5,3940.41,1,254.17,1,0,1
C446,TP237,2024-03-02 21:40:00,0,4222.26,0,0.0,1,0,1
C446,TP1530,2024-03-02 21:40:00,7,2771.77,1,470.41,1,0,1
C446,TP048,2024-03-02 21:40:00,10,1642.0,1,364.16,1,0,1
C447,TP543,2024-03-30 16:10:00,0,4257.2,0,0.0,1,1,2
C447,TP625,2024-03-30 16:10:00,3,2933.04,1,468.87,1,1,2
C447,TP1095,2024-03-30 16:10:00,9,3294.92,0,0.0,1,0,2
C447,TP963,2024-03-30 16:10:00,1,4257.65,0,0.0,1,0,2
C447,TP2597,2024-03-30 16:10:00,10,1544.38,0,0.0,1,0,2
C448,TP2417,2024-05-17 10:06:00,8,1442.42,0,0.0,1,1,2
C448,TP1457,2024-05-17 10:06:00,3,3936.08,1,212.8,1,1,2
C448,TP2277,2024-05-17 10:06:00,0,241.66,1,221.09,1,0,2
C448,TP444,2024-05-17 10:06:00,4,1082.44,0,0.0,1,0,2
C449,TP1062,2024-03-14 00:09:00,3,4722.97,1,190.38,1,1,1
C449,TP1044,2024-03-14 00:09:00,9,2771.6,0,0.0,1,0,1
C449,TP170,2024-03-14 00:09:00,0,4177.12,1,148.69,1,0,1
C450,TP1122,2024-03-12 11:28:00,0,669.08,0,0.0,1,1,2
C450,TP500,2024-03-12 11:28:00,6,2637.77,1,82.97,1,1,2
C450,TP983,2024-03-12 11:28:00,2,4417.53,0,0.0,1,0,2
C450,TP1793,2024-03-12 11:28:00,2,2627.24,1,340.85,1,0,2
C450,TP2025,2024-03-12 11:28:00,6,435.39,1,69.51,1,0,2
C450,TP2265,2024-03-12 11:28:00,9,1705.55,1,145.06,1,0,2
C450,TP1897,2024-03-12 11:28:00,7,4181.51,0,0.0,1,0,2
C450,TP1442,2024-03-12 11:28:00,3,4572.59,0,0.0,1,0,2
C451,TP875,2024-03-22 10:47:00,6,3261.33,0,0.0,1,1,2
C451,TP329,2024-03-22 10:47:00,10,4106.41,1,262.7,1,1,2
C451,TP2518,2024-03-22 10:47:00,5,2176.4,0,0.0,1,0,2
C451,TP630,2024-03-22 10:47:00,5,1423.63,1,414.84,1,0,2
C452,TP2085,2024-03-25 05:20:00,0,4456.3,1,396.03,1,1,1
C452,TP1728,2024-03-25 05:20:00,7,4475.73,1,162.54,1,0,1
C453,TP2382,2024-03-08 06:12:00,7,3780.62,1,397.78,1,1,1
C453,TP2198,2024-03-08 06:12:00,3,4013.17,1,230.35,1,0,1
C453,TP647,2024-03-08 06:12:00,7,4774.93,1,257.14,1,0,1
C453,TP446,2024-03-08 06:12:00,9,1117.22,0,0.0,1,0,1
C453,TP365,2024-03-08 06:12:00,8,2116.95,0,0.0,1,0,1
C454,TP2580,,6,3146.63,0,0.0,0,0,0
C454,TP2192,,2,1877.08,0,0.0,0,0,0
C454,TP1278,,3,2117.27,0,0.0,0,0,0
C455,TP2430,2024-06-12 11:52:00,0,3920.24,0,0.0,1,1,5
C455,TP1613,2024-06-12 11:52:00,8,1953.51,0,0.0,1,1,5
C455,TP1628,2024-06-12 11:52:00,10,2670.77,0,0.0,1,1,5
C455,TP077,2024-06-12 11:52:00,6,531.89,0,0.0,1,1,5
C455,TP788,2024-06-12 11:52:00,8,2967.93,1,352.76,1,1,5
C455,TP1841,2024-06-12 11:52:00,8,4136.99,1,385.95,1,0,5
C455,TP2285,2024-06-12 11:52:00,0,2078.1,1,425.01,1,0,5
C456,TP384,2024-04-17 08:06:00,5,1988.14,0,0.0,1,1,2
C456,TP1455,2024-04-17 08:06:00,2,4823.74,1,134.41,1,1,2
C456,TP941,2024-04-17 08:06:00,9,2926.03,0,0.0,1,0,2
C456,TP884,2024-04-17 08:06:00,3,4153.25,0,0.0,1,0,2
C456,TP107,2024-04-17 08:06:00,7,1194.28,1,144.28,1,0,2
C456,TP245,2024-04-17 08:06:00,6,1402.4,1,468.09,1,0,2
C457,TP1036,2024-03-02 06:47:00,10,2367.85,1,118.57,1,1,1
C457,TP744,2024-03-02 06:47:00,10,2779.67,0,0.0,1,0,1
C457,TP1581,2024-03-02 06:47:00,3,3789.61,0,0.0,1,0,1
C458,TP1685,2024-05-22 05:18:00,9,1034.15,1,85.54,1,1,1
C458,TP1031,2024-05-22 05:18:00,7,2480.42,1,477.33,1,0,1
C458,TP724,2024-05-22 05:18:00,2,3178.04,1,185.15,1,0,1
C459,TP1389,2024-03-05 05:58:00,1,1255.88,1,477.85,1,1,1
C459,TP2338,2024-03-05 05:58:00,4,2208.94,1,285.78,1,0,1
C459,TP936,2024-03-05 05:58:00,8,3070.62,1,52.65,1,0,1
C459,TP2364,2024-03-05 05:58:00,6,2505.09,1,207.22,1,0,1
C459,TP1128,2024-03-05 05:58:00,10,558.26,0,0.0,1,0,1
C459,TP2541,2024-03-05 05:58:00,2,2116.18,0,0.0,1,0,1
C459,TP2556,2024-03-05 05:58:00,7,3544.74,0,0.0,1,0,1
C459,TP1136,2024-03-05 05:58:00,3,1023.14,1,220.55,1,0,1
C459,TP1373,2024-03-05 05:58:00,3,2863.14,0,0.0,1,0,1
C459,TP014,2024-03-05 05:58:00,3,3062.25,1,354.51,1,0,1
C459,TP2516,2024-03-05 05:58:00,2,3410.11,1,457.85,1,0,1
C460,TP1538,2024-05-11 10:41:00,1,2808.24,0,0.0,1,1,3
C460,TP422,2024-05-11 10:41:00,8,2332.39,0,0.0,1,1,3
C460,TP943,2024-05-11 10:41:00,3,3728.98,1,479.04,1,1,3
C460,TP534,2024-05-11 10:41:00,8,3148.97,1,298.95,1,0,3
C460,TP033,2024-05-11 10:41:00,6,3909.02,0,0.0,1,0,3
C460,TP2328,2024-05-11 10:41:00,1,4495.73,1,430.02,1,0,3
C461,TP2494,2024-04-01 21:16:00,4,1373.02,0,0.0,1,1,5
C461,TP2215,2024-04-01 21:16:00,3,4089.62,0,0.0,1,1,5
C461,TP891,2024-04-01 21:16:00,0,1098.49,0,0.0,1,1,5
C461,TP2199,2024-04-01 21:16:00,4,1738.97,0,0.0,1,1,5
C461,TP189,2024-04-01 21:16:00,7,3714.43,1,437.35,1,1,5
C461,TP240,2024-04-01 21:16:00,9,4852.7,1,58.76,1,0,5
C461,TP968,2024-04-01 21:16:00,5,3453.74,0,0.0,1,0,5
C461,TP1008,2024-04-01 21:16:00,7,888.62,1,197.08,1,0,5
C461,TP2196,2024-04-01 21:16:00,3,4759.91,1,441.44,1,0,5
C462,TP639,2024-04-15 04:49:00,1,3221.87,1,442.48,1,1,1
C462,TP1443,2024-04-15 04:49:00,1,2747.25,0,0.0,1,0,1
C462,TP174,2024-04-15 04:49:00,1,2445.84,1,90.91,1,0,1
C462,TP2361,2024-04-15 04:49:00,4,4103.46,1,279.48,1,0,1
C462,TP1556,2024-04-15 04:49:00,5,3445.71,1,205.31,1,0,1
C462,TP108,2024-04-15 04:49:00,10,4513.51,1,170.14,1,0,1
C463,TP255,2024-03-16 18:47:00,2,3580.45,0,0.0,1,1,2
C463,TP2079,2024-03-16 18:47:00,8,1155.33,1,433.76,1,1,2
C463,TP2175,2024-03-16 18:47:00,5,840.57,1,339.21,1,0,2
C463,TP2184,2024-03-16 18:47:00,3,4743.95,1,131.19,1,0,2
C463,TP2478,2024-03-16 18:47:00,6,949.13,1,247.74,1,0,2
C464,TP045,2024-05-01 11:18:00,2,2462.07,0,0.0,1,1,2
C464,TP1945,2024-05-01 11:18:00,7,1795.41,1,490.03,1,1,2
C464,TP2375,2024-05-01 11:18:00,2,1337.93,0,0.0,1,0,2
C464,TP320,2024-05-01 11:18:00,4,3213.07,0,0.0,1,0,2
C465,TP1019,2024-06-27 06:41:00,4,418.11,0,0.0,1,1,2
C465,TP2347,2024-06-27 06:41:00,6,591.09,1,202.78,1,1,2
C466,TP1949,2024-04-14 00:37:00,9,602.6,1,135.41,1,1,1
C466,TP2557,2024-04-14 00:37:00,5,2654.69,0,0.0,1,0,1
C466,TP1736,2024-04-14 00:37:00,0,4010.5,0,0.0,1,0,1
C466,TP1158,2024-04-14 00:37:00,6,302.87,0,0.0,1,0,1
C466,TP752,2024-04-14 00:37:00,7,1001.16,1,185.43,1,0,1
C467,TP011,2024-04-17 13:13:00,5,2096.05,1,381.41,1,1,1
C467,TP1686,2024-04-17 13:13:00,10,1830.42,1,441.88,1,0,1
C467,TP2283,2024-04-17 13:13:00,8,4589.68,0,0.0,1,0,1
C467,TP1886,2024-04-17 13:13:00,1,2620.33,1,78.45,1,0,1
C468,TP1309,,9,846.59,0,0.0,0,0,0
C469,TP478,2024-03-26 20:16:00,0,2448.79,1,470.62,1,1,1
C469,TP1731,2024-03-26 20:16:00,6,2099.75,1,430.39,1,0,1
C469,TP1966,2024-03-26 20:16:00,5,1909.57,1,106.67,1,0,1
C469,TP1830,2024-03-26 20:16:00,7,1451.04,0,0.0,1,0,1
C469,TP804,2024-03-26 20:16:00,9,4455.54,0,0.0,1,0,1
C469,TP1626,2024-03-26 20:16:00,6,4966.94,0,0.0,1,0,1
C469,TP1846,2024-03-26 20:16:00,5,4533.2,0,0.0,1,0,1
C470,TP425,2024-06-15 07:43:00,10,543.11,0,0.0,1,1,4
C470,TP1258,2024-06-15 07:43:00,8,1782.74,0,0.0,1,1,4
C470,TP2015,2024-06-15 07:43:00,5,2748.23,0,0.0,1,1,4
C470,TP311,2024-06-15 07:43:00,1,2675.52,1,334.0,1,1,4
C471,TP1760,2024-03-23 20:41:00,8,1071.93,1,346.2,1,1,1
C471,TP1704,2024-03-23 20:41:00,9,2503.66,0,0.0,1,0,1
C471,TP2340,2024-03-23 20:41:00,5,2095.57,0,0.0,1,0,1
C471,TP1570,2024-03-23 20:41:00,4,4847.74,1,307.31,1,0,1
C471,TP2007,2024-03-23 20:41:00,1,1061.34,0,0.0,1,0,1
C471,TP934,2024-03-23 20:41:00,1,2114.42,1,221.17,1,0,1
C471,TP480,2024-03-23 20:41:00,8,3048.67,1,372.29,1,0,1
C471,TP536,2024-03-23 20:41:00,10,482.34,1,322.17,1,0,1
C471,TP1207,2024-03-23 20:41:00,7,3404.89,0,0.0,1,0,1
C472,TP1117,2024-05-16 15:40:00,2,3531.03,0,0.0,1,1,3
C472,TP260,2024-05-16 15:40:00,6,2126.96,0,0.0,1,1,3
C472,TP1101,2024-05-16 15:40:00,6,4654.22,1,368.29,1,1,3
C472,TP138,2024-05-16 15:40:00,10,587.51,1,64.45,1,0,3
C472,TP1703,2024-05-16 15:40:00,1,733.59,0,0.0,1,0,3
C472,TP2182,2024-05-16 15:40:00,9,329.62,1,170.35,1,0,3
C473,TP346,2024-03-15 19:03:00,4,232.39,0,0.0,1,1,2
C473,TP230,2024-03-15 19:03:00,3,1578.79,1,400.38,1,1,2
C473,TP1532,2024-03-15 19:03:00,9,782.18,0,0.0,1,0,2
C473,TP392,2024-03-15 19:03:00,7,918.37,1,146.19,1,0,2
C473,TP1231,2024-03-15 19:03:00,9,3212.17,0,0.0,1,0,2
C473,TP2405,2024-03-15 19:03:00,8,2190.51,0,0.0,1,0,2
C474,TP651,2024-03-30 07:10:00,2,2054.2,1,152.42,1,1,1
C474,TP599,2024-03-30 07:10:00,8,3450.43,1,232.87,1,0,1
C474,TP1241,2024-03-30 07:10:00,2,3481.84,0,0.0,1,0,1
C474,TP1205,2024-03-30 07:10:00,6,2174.37,1,392.99,1,0,1
C474,TP2005,2024-03-30 07:10:00,3,2491.05,0,0.0,1,0,1
C474,TP505,2024-03-30 07:10:00,4,2824.39,0,0.0,1,0,1
C474,TP2314,2024-03-30 07:10:00,3,4529.91,1,237.96,1,0,1
C475,TP687,2024-05-27 15:46:00,8,3576.53,0,0.0,1,1,2
C475,TP168,2024-05-27 15:46:00,4,590.99,1,454.02,1,1,2
C475,TP040,2024-05-27 15:46:00,5,1440.75,0,0.0,1,0,2
C475,TP1600,2024-05-27 15:46:00,4,3607.55,1,443.39,1,0,2
C476,TP344,2024-03-30 17:11:00,4,553.92,0,0.0,1,1,2
C476,TP043,2024-03-30 17:11:00,6,2517.18,1,315.17,1,1,2
C476,TP1669,2024-03-30 17:11:00,4,1304.85,1,182.02,1,0,2
C476,TP883,2024-03-30 17:11:00,1,2019.3,1,394.62,1,0,2
C476,TP1693,2024-03-30 17:11:00,6,1659.04,0,0.0,1,0,2
C476,TP1847,2024-03-30 17:11:00,5,376.48,0,0.0,1,0,2
C476,TP1018,2024-03-30 17:11:00,7,1798.54,1,86.86,1,0,2
C476,TP2166,2024-03-30 17:11:00,9,2021.85,1,430.32,1,0,2
C476,TP1636,2024-03-30 17:11:00,4,2470.08,1,192.5,1,0,2
C476,TP684,2024-03-30 17:11:00,5,2400.63,0,0.0,1,0,2
C477,TP2262,2024-04-17 07:12:00,0,4964.99,0,0.0,1,1,4
C477,TP2296,2024-04-17 07:12:00,7,1719.59,0,0.0,1,1,4
C477,TP458,2024-04-17 07:12:00,2,1647.4,0,0.0,1,1,4
C477,TP1981,2024-04-17 07:12:00,8,1164.23,1,455.24,1,1,4
C477,TP2372,2024-04-17 07:12:00,2,2904.39,1,115.9,1,0,4
C477,TP1657,2024-04-17 07:12:00,10,3856.46,0,0.0,1,0,4
C477,TP094,2024-04-17 07:12:00,7,3284.08,0,0.0,1,0,4
C477,TP2045,2024-04-17 07:12:00,9,281.49,0,0.0,1,0,4
C477,TP514,2024-04-17 07:12:00,10,2904.42,0,0.0,1,0,4
C478,TP1984,2024-03-26 16:55:00,8,377.48,1,436.28,1,1,1
C478,TP2062,2024-03-26 16:55:00,5,4499.56,0,0.0,1,0,1
C478,TP1645,2024-03-26 16:55:00,8,1936.57,1,66.15,1,0,1
C478,TP350,2024-03-26 16:55:00,9,4070.78,1,231.18,1,0,1
C478,TP1917,2024-03-26 16:55:00,10,4178.49,1,238.61,1,0,1
C478,TP1462,2024-03-26 16:55:00,4,2957.27,0,0.0,1,0,1
C478,TP1066,2024-03-26 16:55:00,0,2225.52,0,0.0,1,0,1
C478,TP2453,2024-03-26 16:55:00,6,4992.63,0,0.0,1,0,1
C479,TP1939,,6,508.41,0,0.0,0,0,0
C480,TP575,,4,2520.02,0,0.0,0,0,0
C481,TP1690,2024-03-23 17:45:00,4,298.99,1,158.37,1,1,1
C481,TP1100,2024-03-23 17:45:00,10,1660.8,0,0.0,1,0,1
C481,TP1533,2024-03-23 17:45:00,3,2614.77,0,0.0,1,0,1
C481,TP445,2024-03-23 17:45:00,4,631.28,1,120.84,1,0,1
C481,TP474,2024-03-23 17:45:00,4,943.25,0,0.0,1,0,1
C481,TP564,2024-03-23 17:45:00,7,2996.65,0,0.0,1,0,1
C481,TP1437,2024-03-23 17:45:00,7,2248.18,0,0.0,1,0,1
C482,TP2342,2024-03-01 04:34:00,6,4742.41,1,189.62,1,1,1
C482,TP2289,2024-03-01 04:34:00,9,4726.6,0,0.0,1,0,1
C482,TP1894,2024-03-01 04:34:00,9,4229.59,1,233.73,1,0,1
C482,TP1096,2024-03-01 04:34:00,8,684.9,0,0.0,1,0,1
C482,TP2510,2024-03-01 04:34:00,9,1544.05,0,0.0,1,0,1
C483,TP1987,2024-04-10 12:00:00,9,913.4,1,115.11,1,1,1
C483,TP1393,2024-04-10 12:00:00,4,1490.07,0,0.0,1,0,1
C483,TP1996,2024-04-10 12:00:00,8,533.59,1,61.6,1,0,1
C484,TP406,,5,245.46,0,0.0,0,0,0
C484,TP2301,,9,4869.76,0,0.0,0,0,0
C484,TP805,,9,4842.47,0,0.0,0,0,0
C484,TP102,,5,4741.76,0,0.0,0,0,0
C485,TP284,2024-04-08 06:27:00,4,2488.88,1,292.68,1,1,1
C485,TP1943,2024-04-08 06:27:00,7,2821.64,1,295.01,1,0,1
C485,TP199,2024-04-08 06:27:00,1,3442.56,1,100.2,1,0,1
C485,TP057,2024-04-08 06:27:00,6,480.9,0,0.0,1,0,1
C485,TP635,2024-04-08 06:27:00,10,4058.07,0,0.0,1,0,1
C485,TP1027,2024-04-08 06:27:00,7,4847.92,0,0.0,1,0,1
C485,TP2090,2024-04-08 06:27:00,7,195.72,0,0.0,1,0,1
C485,TP1470,2024-04-08 06:27:00,0,4598.24,1,247.15,1,0,1
C485,TP1233,2024-04-08 06:27:00,1,1337.59,0,0.0,1,0,1
C486,TP1823,2024-06-09 07:47:00,8,4934.64,0,0.0,1,1,2
C486,TP2150,2024-06-09 07:47:00,9,4288.37,1,145.73,1,1,2
C486,TP1318,2024-06-09 07:47:00,4,4540.54,0,0.0,1,0,2
C487,TP754,,3,1118.24,0,0.0,0,0,0
C487,TP623,,8,4851.67,0,0.0,0,0,0
C488,TP1046,2024-05-28 05:03:00,9,3543.69,1,364.76,1,1,1
C488,TP617,2024-05-28 05:03:00,0,2849.72,0,0.0,1,0,1
C489,TP1955,2024-03-10 13:27:00,10,3698.72,1,348.25,1,1,1
C489,TP2350,2024-03-10 13:27:00,4,1068.6,0,0.0,1,0,1
C489,TP335,2024-03-10 13:27:00,3,1169.02,0,0.0,1,0,1
C490,TP487,2024-04-29 09:24:00,0,645.07,0,0.0,1,1,4
C490,TP1990,2024-04-29 09:24:00,8,464.57,0,0.0,1,1,4
C490,TP149,2024-04-29 09:24:00,0,1858.91,0,0.0,1,1,4
C490,TP2140,2024-04-29 09:24:00,8,1392.32,1,440.64,1,1,4
C490,TP503,2024-04-29 09:24:00,8,1294.5,1,469.97,1,0,4
C491,TP1621,2024-03-15 13:22:00,10,1183.43,1,202.35,1,1,1
C491,TP1726,2024-03-15 13:22:00,2,1754.85,0,0.0,1,0,1
C491,TP561,2024-03-15 13:22:00,10,3780.76,1,383.55,1,0,1
C491,TP1893,2024-03-15 13:22:00,1,3778.39,0,0.0,1,0,1
C491,TP1352,2024-03-15 13:22:00,5,2790.15,1,306.14,1,0,1
C491,TP1889,2024-03-15 13:22:00,8,2974.91,0,0.0,1,0,1
C492,TP568,2024-03-09 08:21:00,6,4364.36,1,83.86,1,1,1
C492,TP025,2024-03-09 08:21:00,9,3166.16,0,0.0,1,0,1
C492,TP1539,2024-03-09 08:21:00,6,3458.27,1,177.28,1,0,1
C492,TP831,2024-03-09 08:21:00,10,1501.09,0,0.0,1,0,1
C492,TP2399,2024-03-09 08:21:00,10,3297.83,1,332.25,1,0,1
C492,TP136,2024-03-09 08:21:00,6,4755.29,1,399.2,1,0,1
C493,TP1224,2024-03-18 13:36:00,5,2133.94,0,0.0,1,1,3
C493,TP733,2024-03-18 13:36:00,6,1306.86,0,0.0,1,1,3
C493,TP2021,2024-03-18 13:36:00,8,2749.13,1,99.07,1,1,3
C493,TP676,2024-03-18 13:36:00,5,851.27,0,0.0,1,0,3
C493,TP125,2024-03-18 13:36:00,5,799.4,0,0.0,1,0,3
C493,TP2115,2024-03-18 13:36:00,5,1592.47,1,465.34,1,0,3
C494,TP2078,,8,1041.96,0,0.0,0,0,0
C494,TP531,,9,4284.07,0,0.0,0,0,0
C494,TP1782,,0,688.67,0,0.0,0,0,0
C494,TP1801,,4,1938.67,0,0.0,0,0,0
C495,TP2154,2024-03-07 18:00:00,10,2179.47,1,345.53,1,1,1
C495,TP1441,2024-03-07 18:00:00,3,1990.0,1,494.65,1,0,1
C495,TP2457,2024-03-07 18:00:00,5,4213.67,1,77.84,1,0,1
C495,TP1716,2024-03-07 18:00:00,2,3506.92,1,205.5,1,0,1
C496,TP1541,2024-04-04 22:26:00,3,3969.98,1,314.12,1,1,1
C496,TP1015,2024-04-04 22:26:00,2,1743.93,0,0.0,1,0,1
C496,TP750,2024-04-04 22:26:00,4,585.16,0,0.0,1,0,1
C496,TP2281,2024-04-04 22:26:00,9,1754.78,0,0.0,1,0,1
C496,TP851,2024-04-04 22:26:00,6,3190.2,1,350.41,1,0,1
C497,TP753,2024-04-04 20:46:00,0,2645.93,0,0.0,1,1,4
C497,TP1549,2024-04-04 20:46:00,10,1223.28,0,0.0,1,1,4
C497,TP265,2024-04-04 20:46:00,5,287.11,0,0.0,1,1,4
C497,TP683,2024-04-04 20:46:00,7,4193.26,1,322.79,1,1,4
C497,TP2044,2024-04-04 20:46:00,0,271.41,0,0.0,1,0,4
C497,TP1931,2024-04-04 20:46:00,5,2920.59,1,216.74,1,0,4
C497,TP468,2024-04-04 20:46:00,8,3228.77,1,317.53,1,0,4
C497,TP2393,2024-04-04 20:46:00,2,2492.91,1,331.03,1,0,4
C497,TP643,2024-04-04 20:46:00,8,1458.49,0,0.0,1,0,4
C497,TP2012,2024-04-04 20:46:00,1,3122.09,1,286.74,1,0,4
C498,TP2508,2024-03-15 13:53:00,5,2318.33,1,355.27,1,1,1
C498,TP1667,2024-03-15 13:53:00,7,630.45,1,70.7,1,0,1
C498,TP1978,2024-03-15 13:53:00,4,1520.95,1,197.85,1,0,1
C498,TP1912,2024-03-15 13:53:00,7,4321.04,1,351.72,1,0,1
C498,TP2069,2024-03-15 13:53:00,1,1734.07,1,497.58,1,0,1
C499,TP2246,2024-04-15 05:45:00,10,2875.79,0,0.0,1,1,2
C499,TP715,2024-04-15 05:45:00,2,534.47,1,348.91,1,1,2
C499,TP141,2024-04-15 05:45:00,4,1155.11,1,170.48,1,0,2
