touchpoint_id,customer_id,campaign_id,interaction_timestamp,interaction_date,touchpoint_order,total_customer_touchpoints,channel_type,utm_source,utm_medium,utm_campaign,consumer_stage,device_type,session_duration_sec,touchpoint_clicks,touchpoint_impressions,survey_engagement_rating,survey_sentiment_rating,survey_cross_channel_influence_rating,survey_perceived_value_rating,survey_effectiveness_rating,touchpoint_marketing_cost
TP1342,C001,CMP06,2024-03-05 21:27:00,2024-03-05,1,8,Mobile,mobile_app,mobile_push,CMP06_display,Consideration,Desktop,1059,7,158,0.21,0.53,0.24,0.47,0.59,2.91
TP1572,C001,CMP11,2024-03-06 22:32:00,2024-03-06,2,8,In-Store,offline_store,offline,CMP11_display,Conversion,Desktop,608,7,64,0.55,-0.3,0.54,0.63,0.47,0.54
TP889,C001,CMP13,2024-03-13 00:00:00,2024-03-13,3,8,Email,email,email,CMP13_social_media,Retention,Tablet,138,5,97,0.79,0.25,0.75,0.27,0.97,0.78
TP928,C001,CMP19,2024-03-22 20:42:00,2024-03-22,4,8,In-Store,offline_store,offline,CMP19_social_media,Retention,Mobile,638,8,69,0.76,-0.52,0.61,0.79,0.45,7.83
TP1395,C001,CMP07,2024-04-03 03:05:00,2024-04-03,5,8,Social,social_media,paid_social,CMP07_email,Conversion,Tablet,581,4,43,0.76,-0.13,0.93,0.08,0.14,9.34
TP1038,C001,CMP03,2024-04-16 21:10:00,2024-04-16,6,8,Email,email,email,CMP03_influencer,Awareness,Desktop,788,4,193,0.66,-0.09,0.58,0.53,0.53,7.35
TP1165,C001,CMP19,2024-04-30 01:41:00,2024-04-30,7,8,Web,website,web_referral,CMP19_social_media,Consideration,Desktop,470,8,63,0.27,0.38,0.96,0.6,0.49,6.19
TP609,C001,CMP14,2024-04-30 19:09:00,2024-04-30,8,8,Social,social_media,paid_social,CMP14_email,Awareness,Mobile,646,9,17,0.45,0.81,0.37,0.02,0.44,7.08
TP360,C002,CMP06,2024-03-07 22:38:00,2024-03-07,1,5,Social,social_media,paid_social,CMP06_display,Consideration,Desktop,139,2,137,0.72,-0.42,0.61,0.33,0.07,5.15
TP088,C002,CMP15,2024-04-08 00:25:00,2024-04-08,2,5,Web,website,web_referral,CMP15_display,Retention,Tablet,891,8,119,0.17,-0.83,0.62,0.21,0.45,8.51
TP1751,C002,CMP05,2024-04-23 21:11:00,2024-04-23,3,5,Web,website,web_referral,CMP05_email,Retention,Tablet,423,3,139,0.17,-0.28,0.01,0.47,0.03,4.81
TP279,C002,CMP07,2024-06-05 16:33:00,2024-06-05,4,5,Social,social_media,paid_social,CMP07_email,Conversion,Mobile,685,9,54,0.51,0.31,0.24,0.38,0.98,2.0
TP2490,C002,CMP11,2024-06-09 19:23:00,2024-06-09,5,5,In-Store,offline_store,offline,CMP11_display,Conversion,Mobile,679,4,176,0.3,0.47,0.46,0.5,0.79,5.56
TP2064,C003,CMP17,2024-03-05 17:02:00,2024-03-05,1,4,Email,email,email,CMP17_display,Retention,Tablet,120,8,189,0.67,0.82,0.65,0.06,0.92,5.82
TP1218,C003,CMP04,2024-03-13 02:42:00,2024-03-13,2,4,Social,social_media,paid_social,CMP04_display,Consideration,Tablet,398,0,193,0.59,-0.14,0.13,0.64,0.93,1.12
TP2147,C003,CMP06,2024-03-30 18:44:00,2024-03-30,3,4,In-Store,offline_store,offline,CMP06_display,Consideration,Mobile,65,7,15,0.63,0.49,0.39,0.08,0.09,3.89
TP2550,C003,CMP08,2024-06-26 15:34:00,2024-06-26,4,4,Web,website,web_referral,CMP08_search,Conversion,Tablet,802,2,33,0.95,0.06,0.47,0.1,0.45,3.24
TP450,C004,CMP15,2024-04-08 23:15:00,2024-04-08,1,8,In-Store,offline_store,offline,CMP15_display,Retention,Tablet,461,2,99,0.37,-0.8,0.94,0.34,0.81,8.8
TP1288,C004,CMP10,2024-04-12 06:35:00,2024-04-12,2,8,Mobile,mobile_app,mobile_push,CMP10_email,Retention,Mobile,527,0,199,0.52,0.49,0.09,0.97,0.53,9.82
TP1802,C004,CMP05,2024-05-02 13:40:00,2024-05-02,3,8,Social,social_media,paid_social,CMP05_email,Awareness,Tablet,1105,8,185,0.95,0.13,0.29,0.24,0.31,1.7
TP2346,C004,CMP12,2024-05-07 09:34:00,2024-05-07,4,8,Email,email,email,CMP12_influencer,Consideration,Mobile,613,2,13,0.27,-0.62,0.23,0.79,0.89,7.91
TP2611,C004,CMP16,2024-05-14 22:42:00,2024-05-14,5,8,Web,website,web_referral,CMP16_social_media,Consideration,Mobile,667,0,34,0.97,0.39,0.58,0.46,0.03,9.41
TP2013,C004,CMP11,2024-05-23 22:47:00,2024-05-23,6,8,Web,website,web_referral,CMP11_display,Conversion,Tablet,380,6,102,0.04,-0.22,0.17,0.16,0.07,2.2
TP677,C004,CMP07,2024-05-31 07:30:00,2024-05-31,7,8,Email,email,email,CMP07_email,Awareness,Mobile,129,4,111,0.35,-0.14,0.82,0.1,0.97,7.5
TP1312,C004,CMP19,2024-06-28 22:55:00,2024-06-28,8,8,Social,social_media,paid_social,CMP19_social_media,Retention,Mobile,804,3,91,0.6,-0.35,0.98,0.58,0.77,9.41
TP1479,C005,CMP17,2024-03-31 18:02:00,2024-03-31,1,8,Web,website,web_referral,CMP17_display,Retention,Tablet,118,7,81,0.74,-0.79,0.71,0.79,0.98,8.63
TP570,C005,CMP04,2024-04-12 06:08:00,2024-04-12,2,8,Mobile,mobile_app,mobile_push,CMP04_display,Consideration,Tablet,293,5,87,0.14,-0.96,0.08,1.0,0.77,6.29
TP845,C005,CMP14,2024-04-16 06:09:00,2024-04-16,3,8,Social,social_media,paid_social,CMP14_email,Consideration,Mobile,569,4,86,0.78,-0.79,0.09,0.24,0.93,1.21
TP177,C005,CMP09,2024-04-24 15:34:00,2024-04-24,4,8,Social,social_media,paid_social,CMP09_social_media,Retention,Tablet,649,5,2,0.26,0.2,0.16,0.7,0.21,6.96
TP2127,C005,CMP11,2024-04-26 10:53:00,2024-04-26,5,8,Social,social_media,paid_social,CMP11_display,Awareness,Tablet,548,8,81,0.0,-0.21,0.47,0.17,0.35,4.73
TP990,C005,CMP14,2024-05-27 10:40:00,2024-05-27,6,8,Social,social_media,paid_social,CMP14_email,Conversion,Desktop,210,8,23,0.14,-0.62,0.17,0.07,0.02,8.35
TP1157,C005,CMP18,2024-05-29 01:15:00,2024-05-29,7,8,Social,social_media,paid_social,CMP18_influencer,Awareness,Tablet,954,0,184,0.24,-0.43,0.18,0.82,0.0,4.86
TP1412,C005,CMP08,2024-06-28 06:16:00,2024-06-28,8,8,Social,social_media,paid_social,CMP08_search,Conversion,Mobile,684,5,17,0.48,0.79,0.18,0.73,0.58,6.24
TP1307,C006,CMP19,2024-03-03 15:50:00,2024-03-03,1,4,In-Store,offline_store,offline,CMP19_social_media,Consideration,Tablet,624,1,106,0.03,0.15,0.25,0.35,0.72,4.92
TP461,C006,CMP01,2024-03-08 12:36:00,2024-03-08,2,4,In-Store,offline_store,offline,CMP01_email,Retention,Desktop,968,8,154,0.56,0.76,0.43,0.54,0.97,3.67
TP1017,C006,CMP08,2024-06-05 04:48:00,2024-06-05,3,4,Mobile,mobile_app,mobile_push,CMP08_search,Awareness,Desktop,737,9,4,0.24,0.13,0.32,0.48,0.15,2.98
TP1269,C006,CMP04,2024-06-22 20:46:00,2024-06-22,4,4,Email,email,email,CMP04_display,Conversion,Desktop,762,0,151,0.49,-0.21,0.18,0.5,0.97,9.83
TP2240,C007,CMP01,2024-03-14 15:21:00,2024-03-14,1,7,In-Store,offline_store,offline,CMP01_email,Awareness,Mobile,872,7,142,0.57,-0.57,0.33,0.15,0.34,2.08
TP1973,C007,CMP18,2024-04-09 16:59:00,2024-04-09,2,7,Mobile,mobile_app,mobile_push,CMP18_influencer,Conversion,Tablet,600,3,157,0.01,0.08,0.6,0.95,0.68,3.61
TP1737,C007,CMP18,2024-05-06 04:02:00,2024-05-06,3,7,Social,social_media,paid_social,CMP18_influencer,Retention,Mobile,923,2,32,0.33,0.68,0.86,0.38,0.24,0.87
TP2329,C007,CMP13,2024-05-10 17:39:00,2024-05-10,4,7,Email,email,email,CMP13_social_media,Retention,Desktop,420,4,50,0.45,-0.21,0.5,0.49,0.03,1.15
TP2540,C007,CMP07,2024-05-27 06:25:00,2024-05-27,5,7,Social,social_media,paid_social,CMP07_email,Consideration,Desktop,197,1,93,0.97,0.79,0.68,0.83,0.64,2.66
TP835,C007,CMP12,2024-06-01 03:09:00,2024-06-01,6,7,Email,email,email,CMP12_influencer,Conversion,Desktop,818,4,21,0.22,-0.04,0.54,0.3,0.6,1.35
TP1217,C007,CMP16,2024-06-13 02:57:00,2024-06-13,7,7,In-Store,offline_store,offline,CMP16_social_media,Retention,Desktop,592,4,97,0.91,-0.39,0.85,0.48,0.69,6.36
TP947,C008,CMP11,2024-03-07 08:18:00,2024-03-07,1,5,Email,email,email,CMP11_display,Awareness,Mobile,815,1,200,0.11,-0.45,0.79,0.89,0.59,5.07
TP1698,C008,CMP11,2024-04-12 10:47:00,2024-04-12,2,5,Email,email,email,CMP11_display,Awareness,Tablet,535,4,199,0.79,0.98,0.27,0.28,0.92,6.98
TP1194,C008,CMP11,2024-04-24 11:22:00,2024-04-24,3,5,Mobile,mobile_app,mobile_push,CMP11_display,Retention,Mobile,557,10,85,0.95,0.83,0.52,0.29,0.97,2.58
TP2409,C008,CMP11,2024-05-22 01:13:00,2024-05-22,4,5,Social,social_media,paid_social,CMP11_display,Awareness,Tablet,346,2,177,0.44,0.37,0.05,0.07,0.38,7.06
TP1139,C008,CMP12,2024-06-12 03:38:00,2024-06-12,5,5,Social,social_media,paid_social,CMP12_influencer,Consideration,Mobile,949,6,187,0.38,0.92,0.11,0.55,0.78,8.96
TP1791,C009,CMP11,2024-04-10 19:12:00,2024-04-10,1,8,In-Store,offline_store,offline,CMP11_display,Awareness,Desktop,813,2,55,0.74,-0.77,0.03,0.58,0.86,8.91
TP828,C009,CMP02,2024-04-12 11:50:00,2024-04-12,2,8,Email,email,email,CMP02_email,Consideration,Mobile,481,4,15,0.06,0.21,0.42,0.09,0.26,1.92
TP2133,C009,CMP05,2024-04-17 22:19:00,2024-04-17,3,8,In-Store,offline_store,offline,CMP05_email,Consideration,Tablet,276,8,101,0.33,0.24,0.59,0.78,0.07,5.53
TP2436,C009,CMP03,2024-04-18 05:09:00,2024-04-18,4,8,Web,website,web_referral,CMP03_influencer,Retention,Desktop,33,2,42,0.07,-0.08,0.62,0.07,0.78,7.86
TP368,C009,CMP02,2024-04-29 14:30:00,2024-04-29,5,8,Email,email,email,CMP02_email,Awareness,Tablet,354,0,191,0.12,0.46,0.37,0.17,0.84,9.16
TP2174,C009,CMP10,2024-05-06 04:43:00,2024-05-06,6,8,In-Store,offline_store,offline,CMP10_email,Conversion,Mobile,535,1,14,0.43,0.24,0.48,0.15,0.14,7.5
TP133,C009,CMP09,2024-05-09 22:43:00,2024-05-09,7,8,Email,email,email,CMP09_social_media,Conversion,Mobile,445,4,181,0.38,-0.73,0.39,0.86,0.69,7.52
TP2521,C009,CMP03,2024-05-25 14:51:00,2024-05-25,8,8,Web,website,web_referral,CMP03_influencer,Consideration,Mobile,629,10,7,0.32,0.35,0.57,0.97,0.49,9.77
TP984,C010,CMP19,2024-04-02 21:47:00,2024-04-02,1,4,Email,email,email,CMP19_social_media,Consideration,Tablet,923,7,14,0.66,-0.23,0.1,0.97,0.56,3.03
TP1357,C010,CMP07,2024-04-05 15:50:00,2024-04-05,2,4,Social,social_media,paid_social,CMP07_email,Consideration,Tablet,650,3,93,0.82,0.17,0.3,0.6,0.48,6.14
TP662,C010,CMP02,2024-05-05 05:31:00,2024-05-05,3,4,Web,website,web_referral,CMP02_email,Awareness,Tablet,1019,0,111,0.35,0.31,0.73,0.44,0.49,7.61
TP1478,C010,CMP15,2024-06-23 18:15:00,2024-06-23,4,4,Mobile,mobile_app,mobile_push,CMP15_display,Conversion,Mobile,1077,3,65,0.16,0.58,0.16,0.63,0.53,9.75
TP2461,C011,CMP06,2024-03-27 18:30:00,2024-03-27,1,5,Social,social_media,paid_social,CMP06_display,Conversion,Desktop,807,9,9,0.21,-0.42,0.16,0.15,0.08,0.56
TP1865,C011,CMP17,2024-04-23 19:32:00,2024-04-23,2,5,Social,social_media,paid_social,CMP17_display,Awareness,Tablet,1129,4,114,0.88,0.61,0.54,0.7,0.93,9.48
TP1756,C011,CMP10,2024-05-02 09:29:00,2024-05-02,3,5,Social,social_media,paid_social,CMP10_email,Consideration,Mobile,470,7,124,0.86,-0.55,0.56,0.23,0.14,9.79
TP1514,C011,CMP13,2024-05-20 13:06:00,2024-05-20,4,5,Web,website,web_referral,CMP13_social_media,Awareness,Mobile,433,4,85,0.57,-0.48,0.83,0.53,0.96,5.94
TP2099,C011,CMP16,2024-05-29 06:51:00,2024-05-29,5,5,Web,website,web_referral,CMP16_social_media,Retention,Mobile,681,0,146,0.31,0.61,0.51,0.25,0.05,4.53
TP2558,C012,CMP10,2024-03-25 01:50:00,2024-03-25,1,10,Social,social_media,paid_social,CMP10_email,Retention,Mobile,670,10,9,0.02,0.59,0.5,0.47,0.27,2.69
TP710,C012,CMP15,2024-03-30 11:14:00,2024-03-30,2,10,Web,website,web_referral,CMP15_display,Awareness,Mobile,457,1,83,0.72,-0.97,0.94,0.56,1.0,0.57
TP2396,C012,CMP14,2024-04-17 11:13:00,2024-04-17,3,10,Social,social_media,paid_social,CMP14_email,Awareness,Tablet,208,7,20,0.1,0.89,0.78,0.07,0.7,9.34
TP937,C012,CMP03,2024-05-04 11:35:00,2024-05-04,4,10,Email,email,email,CMP03_influencer,Retention,Desktop,311,9,30,0.47,0.24,0.1,0.92,0.52,0.94
TP2560,C012,CMP17,2024-05-09 14:50:00,2024-05-09,5,10,Social,social_media,paid_social,CMP17_display,Retention,Tablet,1105,2,40,0.64,0.94,0.52,0.09,0.09,7.35
TP1920,C012,CMP14,2024-05-20 04:42:00,2024-05-20,6,10,In-Store,offline_store,offline,CMP14_email,Consideration,Desktop,763,5,28,0.68,0.12,0.22,0.44,0.59,2.54
TP2307,C012,CMP15,2024-05-26 10:36:00,2024-05-26,7,10,In-Store,offline_store,offline,CMP15_display,Retention,Desktop,637,2,23,0.36,-0.46,0.95,0.34,0.93,3.48
TP2263,C012,CMP17,2024-05-27 21:48:00,2024-05-27,8,10,Email,email,email,CMP17_display,Consideration,Tablet,318,9,94,0.56,0.6,0.29,0.23,0.41,6.77
TP1933,C012,CMP16,2024-05-28 19:59:00,2024-05-28,9,10,Social,social_media,paid_social,CMP16_social_media,Awareness,Desktop,74,2,178,0.54,-0.1,0.19,0.21,0.52,2.94
TP1168,C012,CMP07,2024-06-13 05:32:00,2024-06-13,10,10,Web,website,web_referral,CMP07_email,Consideration,Mobile,789,10,195,0.84,0.13,0.29,0.79,0.78,5.37
TP522,C013,CMP02,2024-04-25 23:08:00,2024-04-25,1,6,Email,email,email,CMP02_email,Consideration,Desktop,54,2,117,0.92,-0.83,0.28,0.32,0.42,4.99
TP764,C013,CMP10,2024-04-27 15:14:00,2024-04-27,2,6,Email,email,email,CMP10_email,Consideration,Desktop,108,3,125,0.53,-0.22,0.54,0.07,0.03,2.8
TP2267,C013,CMP15,2024-05-09 12:18:00,2024-05-09,3,6,Social,social_media,paid_social,CMP15_display,Conversion,Tablet,593,2,128,0.03,0.23,0.24,0.17,0.18,8.46
TP1363,C013,CMP13,2024-05-14 23:28:00,2024-05-14,4,6,Email,email,email,CMP13_social_media,Conversion,Mobile,235,6,98,0.12,0.71,0.01,0.5,0.27,7.84
TP207,C013,CMP15,2024-06-09 05:44:00,2024-06-09,5,6,Email,email,email,CMP15_display,Awareness,Desktop,408,7,160,0.27,0.69,0.34,0.02,0.35,6.41
TP1246,C013,CMP04,2024-06-09 15:47:00,2024-06-09,6,6,Mobile,mobile_app,mobile_push,CMP04_display,Retention,Tablet,907,8,40,0.24,-0.62,0.3,0.95,0.44,3.81
TP1213,C014,CMP15,2024-03-04 21:37:00,2024-03-04,1,8,Web,website,web_referral,CMP15_display,Retention,Desktop,250,9,61,0.86,0.05,0.61,0.66,0.26,6.45
TP1790,C014,CMP05,2024-03-30 20:48:00,2024-03-30,2,8,In-Store,offline_store,offline,CMP05_email,Consideration,Desktop,822,3,62,0.68,0.4,0.96,0.1,0.61,8.28
TP067,C014,CMP18,2024-04-22 17:42:00,2024-04-22,3,8,Mobile,mobile_app,mobile_push,CMP18_influencer,Awareness,Desktop,113,4,158,0.58,-0.76,0.98,0.5,0.74,8.0
TP925,C014,CMP06,2024-04-23 22:16:00,2024-04-23,4,8,Web,website,web_referral,CMP06_display,Awareness,Tablet,49,0,15,0.97,-0.1,0.87,0.74,0.75,1.77
TP1428,C014,CMP19,2024-05-23 15:18:00,2024-05-23,5,8,Email,email,email,CMP19_social_media,Retention,Desktop,1160,7,169,0.99,-0.33,0.77,0.95,0.96,9.51
TP1993,C014,CMP17,2024-06-05 09:30:00,2024-06-05,6,8,Social,social_media,paid_social,CMP17_display,Awareness,Tablet,390,7,158,0.72,-0.01,0.91,0.48,0.4,1.89
TP1204,C014,CMP03,2024-06-09 01:32:00,2024-06-09,7,8,In-Store,offline_store,offline,CMP03_influencer,Consideration,Desktop,773,8,81,0.91,0.44,0.76,0.86,0.24,2.93
TP2555,C014,CMP11,2024-06-28 16:51:00,2024-06-28,8,8,In-Store,offline_store,offline,CMP11_display,Consideration,Desktop,133,8,16,0.12,0.3,0.79,0.26,0.92,2.93
TP2010,C015,CMP02,2024-03-12 10:05:00,2024-03-12,1,8,Mobile,mobile_app,mobile_push,CMP02_email,Retention,Desktop,525,6,155,0.74,-0.64,0.17,0.6,0.32,1.51
TP2426,C015,CMP11,2024-03-20 14:55:00,2024-03-20,2,8,Email,email,email,CMP11_display,Retention,Desktop,518,8,131,0.13,-0.01,0.97,0.06,0.54,6.26
TP1458,C015,CMP04,2024-03-29 09:28:00,2024-03-29,3,8,Mobile,mobile_app,mobile_push,CMP04_display,Retention,Tablet,512,3,63,0.39,-0.62,0.26,0.79,0.15,4.94
TP128,C015,CMP02,2024-04-22 02:53:00,2024-04-22,4,8,Mobile,mobile_app,mobile_push,CMP02_email,Conversion,Desktop,562,0,67,0.68,0.83,0.47,0.87,0.62,7.61
TP2388,C015,CMP01,2024-05-31 10:32:00,2024-05-31,5,8,Email,email,email,CMP01_email,Retention,Mobile,509,7,119,0.91,-0.42,0.6,0.06,0.6,0.51
TP185,C015,CMP02,2024-06-11 23:12:00,2024-06-11,6,8,In-Store,offline_store,offline,CMP02_email,Awareness,Desktop,782,1,198,0.85,0.87,0.53,0.53,0.77,4.23
TP1229,C015,CMP19,2024-06-15 22:57:00,2024-06-15,7,8,Email,email,email,CMP19_social_media,Retention,Desktop,719,2,153,0.79,-0.38,0.65,0.22,0.58,3.45
TP1493,C015,CMP09,2024-06-17 09:49:00,2024-06-17,8,8,Social,social_media,paid_social,CMP09_social_media,Consideration,Desktop,1068,6,198,0.47,0.83,0.36,0.85,0.18,0.93
TP678,C016,CMP10,2024-03-03 02:43:00,2024-03-03,1,3,Web,website,web_referral,CMP10_email,Consideration,Tablet,467,2,165,0.15,0.86,0.77,0.03,0.27,8.58
TP2020,C016,CMP03,2024-05-25 20:45:00,2024-05-25,2,3,Web,website,web_referral,CMP03_influencer,Awareness,Tablet,430,6,147,0.89,0.22,0.28,0.07,0.46,6.59
TP1961,C016,CMP17,2024-06-22 20:23:00,2024-06-22,3,3,Email,email,email,CMP17_display,Conversion,Desktop,259,7,147,0.33,-0.16,0.1,0.47,0.42,3.14
TP454,C017,CMP03,2024-03-02 06:14:00,2024-03-02,1,7,In-Store,offline_store,offline,CMP03_influencer,Awareness,Mobile,96,2,149,0.94,-0.42,0.65,0.93,0.47,6.09
TP1901,C017,CMP03,2024-03-13 11:09:00,2024-03-13,2,7,In-Store,offline_store,offline,CMP03_influencer,Consideration,Desktop,108,8,133,0.65,-0.15,0.69,0.32,0.53,4.25
TP2306,C017,CMP13,2024-03-19 17:15:00,2024-03-19,3,7,Web,website,web_referral,CMP13_social_media,Awareness,Mobile,589,9,108,0.95,0.6,0.16,0.75,0.24,1.16
TP2272,C017,CMP16,2024-04-19 22:12:00,2024-04-19,4,7,In-Store,offline_store,offline,CMP16_social_media,Retention,Desktop,868,10,101,0.25,0.72,0.38,0.85,0.84,8.0
TP1927,C017,CMP01,2024-04-27 12:04:00,2024-04-27,5,7,Email,email,email,CMP01_email,Conversion,Desktop,1138,7,92,0.35,0.22,0.3,0.17,0.32,7.98
TP1820,C017,CMP05,2024-05-03 03:29:00,2024-05-03,6,7,Social,social_media,paid_social,CMP05_email,Conversion,Tablet,813,5,17,0.58,0.8,0.99,0.78,0.71,9.22
TP1603,C017,CMP12,2024-05-16 18:11:00,2024-05-16,7,7,In-Store,offline_store,offline,CMP12_influencer,Conversion,Desktop,289,1,140,0.98,0.41,0.78,0.85,0.29,9.36
TP1662,C018,CMP17,2024-03-26 14:45:00,2024-03-26,1,2,Social,social_media,paid_social,CMP17_display,Consideration,Mobile,792,4,110,0.8,0.41,0.99,0.53,0.82,1.88
TP485,C018,CMP05,2024-05-23 00:13:00,2024-05-23,2,2,In-Store,offline_store,offline,CMP05_email,Conversion,Desktop,440,10,56,0.83,0.95,0.7,0.58,0.78,3.29
TP779,C019,CMP18,2024-03-19 23:44:00,2024-03-19,1,3,Mobile,mobile_app,mobile_push,CMP18_influencer,Consideration,Tablet,1105,1,50,0.34,-0.44,0.74,0.15,0.62,4.54
TP872,C019,CMP04,2024-03-26 00:55:00,2024-03-26,2,3,Mobile,mobile_app,mobile_push,CMP04_display,Conversion,Tablet,68,4,39,0.44,0.24,0.31,0.16,0.33,5.29
TP1661,C019,CMP01,2024-05-11 05:11:00,2024-05-11,3,3,Social,social_media,paid_social,CMP01_email,Conversion,Tablet,154,9,75,0.86,0.59,0.95,0.88,0.81,8.65
TP1763,C020,CMP17,2024-03-17 05:57:00,2024-03-17,1,6,Email,email,email,CMP17_display,Consideration,Desktop,1199,10,18,0.36,0.35,0.59,0.32,0.05,4.89
TP2615,C020,CMP04,2024-05-09 19:34:00,2024-05-09,2,6,Mobile,mobile_app,mobile_push,CMP04_display,Consideration,Tablet,653,4,74,0.37,0.34,0.76,0.4,0.51,3.53
TP2135,C020,CMP18,2024-06-13 17:52:00,2024-06-13,3,6,Mobile,mobile_app,mobile_push,CMP18_influencer,Conversion,Tablet,189,8,103,0.05,-0.17,0.27,0.57,0.62,5.93
TP919,C020,CMP01,2024-06-17 02:52:00,2024-06-17,4,6,In-Store,offline_store,offline,CMP01_email,Consideration,Desktop,469,10,52,0.86,-0.18,0.34,0.07,0.47,1.25
TP528,C020,CMP13,2024-06-17 19:27:00,2024-06-17,5,6,Social,social_media,paid_social,CMP13_social_media,Retention,Mobile,559,7,64,0.98,-0.93,0.88,0.31,0.8,2.92
TP1338,C020,CMP12,2024-06-26 18:24:00,2024-06-26,6,6,Web,website,web_referral,CMP12_influencer,Retention,Desktop,321,5,48,0.22,0.29,0.62,0.15,0.92,0.9
TP2373,C021,CMP03,2024-03-26 20:11:00,2024-03-26,1,3,Social,social_media,paid_social,CMP03_influencer,Consideration,Tablet,88,1,187,0.27,0.62,0.81,0.37,0.02,2.33
TP060,C021,CMP17,2024-05-09 10:59:00,2024-05-09,2,3,Mobile,mobile_app,mobile_push,CMP17_display,Consideration,Mobile,895,9,133,0.71,-0.7,0.22,0.82,0.78,4.39
TP008,C021,CMP03,2024-05-19 18:08:00,2024-05-19,3,3,Email,email,email,CMP03_influencer,Awareness,Desktop,1054,1,179,0.37,0.65,0.99,0.82,0.24,5.02
TP427,C022,CMP02,2024-03-10 10:37:00,2024-03-10,1,6,Social,social_media,paid_social,CMP02_email,Retention,Tablet,202,8,184,0.11,-0.22,0.38,0.62,0.81,5.81
TP2547,C022,CMP05,2024-03-15 20:37:00,2024-03-15,2,6,Social,social_media,paid_social,CMP05_email,Conversion,Mobile,1045,10,84,0.37,0.18,0.92,0.2,0.89,0.82
TP1162,C022,CMP17,2024-04-25 23:50:00,2024-04-25,3,6,Mobile,mobile_app,mobile_push,CMP17_display,Awareness,Desktop,722,4,161,0.54,-0.31,0.62,0.8,0.4,2.01
TP035,C022,CMP12,2024-04-27 19:57:00,2024-04-27,4,6,In-Store,offline_store,offline,CMP12_influencer,Awareness,Mobile,252,10,180,0.1,-0.44,0.82,0.0,0.69,9.0
TP2313,C022,CMP08,2024-05-10 11:36:00,2024-05-10,5,6,Web,website,web_referral,CMP08_search,Awareness,Mobile,58,2,95,0.14,0.4,0.18,0.33,0.5,3.48
TP2363,C022,CMP02,2024-06-08 13:12:00,2024-06-08,6,6,Web,website,web_referral,CMP02_email,Awareness,Desktop,492,7,60,0.96,-0.38,0.35,0.4,0.05,3.48
TP1521,C023,CMP15,2024-04-08 07:50:00,2024-04-08,1,5,Social,social_media,paid_social,CMP15_display,Awareness,Tablet,1050,10,136,0.51,-0.78,0.92,0.16,0.76,7.58
TP1026,C023,CMP09,2024-04-14 22:55:00,2024-04-14,2,5,In-Store,offline_store,offline,CMP09_social_media,Retention,Desktop,901,6,118,0.4,-0.17,0.99,0.11,0.46,6.42
TP2248,C023,CMP15,2024-04-19 02:23:00,2024-04-19,3,5,Mobile,mobile_app,mobile_push,CMP15_display,Consideration,Desktop,421,8,180,0.78,0.32,0.87,0.27,0.14,4.53
TP660,C023,CMP14,2024-04-23 01:07:00,2024-04-23,4,5,In-Store,offline_store,offline,CMP14_email,Conversion,Tablet,716,0,109,0.46,-0.59,0.12,0.96,0.68,6.11
TP1434,C023,CMP02,2024-05-18 21:58:00,2024-05-18,5,5,Email,email,email,CMP02_email,Awareness,Tablet,664,10,83,0.26,-0.58,0.05,0.89,0.13,6.5
TP2420,C024,CMP16,2024-05-26 14:25:00,2024-05-26,1,2,Social,social_media,paid_social,CMP16_social_media,Awareness,Desktop,124,7,88,0.08,-0.08,0.35,0.39,0.76,9.07
TP2608,C024,CMP19,2024-06-14 01:59:00,2024-06-14,2,2,Mobile,mobile_app,mobile_push,CMP19_social_media,Awareness,Desktop,590,3,82,0.64,0.49,0.12,0.47,0.35,0.63
TP1244,C025,CMP06,2024-04-04 15:14:00,2024-04-04,1,9,Social,social_media,paid_social,CMP06_display,Conversion,Mobile,1059,10,79,0.82,-0.7,0.5,0.37,0.25,2.26
TP1612,C025,CMP07,2024-04-10 04:56:00,2024-04-10,2,9,Mobile,mobile_app,mobile_push,CMP07_email,Awareness,Tablet,1182,0,60,0.67,-0.23,0.13,0.53,0.86,2.96
TP801,C025,CMP19,2024-04-13 21:23:00,2024-04-13,3,9,Social,social_media,paid_social,CMP19_social_media,Consideration,Tablet,271,7,190,0.34,-0.37,0.37,0.18,0.2,2.01
TP1908,C025,CMP01,2024-04-17 22:42:00,2024-04-17,4,9,In-Store,offline_store,offline,CMP01_email,Conversion,Tablet,235,6,30,0.36,-0.05,0.73,0.74,0.06,2.98
TP2562,C025,CMP13,2024-05-10 10:39:00,2024-05-10,5,9,In-Store,offline_store,offline,CMP13_social_media,Awareness,Mobile,40,10,16,0.6,-0.16,0.36,0.41,0.32,8.86
TP1593,C025,CMP17,2024-05-13 21:28:00,2024-05-13,6,9,In-Store,offline_store,offline,CMP17_display,Awareness,Mobile,914,6,84,0.52,0.27,0.94,0.33,0.75,2.13
TP2177,C025,CMP07,2024-05-20 10:19:00,2024-05-20,7,9,Email,email,email,CMP07_email,Conversion,Tablet,749,3,182,0.66,-0.1,0.95,0.12,0.24,1.2
TP1948,C025,CMP05,2024-06-02 16:38:00,2024-06-02,8,9,Social,social_media,paid_social,CMP05_email,Consideration,Tablet,330,6,167,0.8,-0.12,0.41,0.8,0.16,2.15
TP1248,C025,CMP13,2024-06-27 02:51:00,2024-06-27,9,9,Social,social_media,paid_social,CMP13_social_media,Conversion,Tablet,995,1,66,0.39,-0.77,0.93,0.37,0.16,0.62
TP517,C026,CMP01,2024-03-11 11:41:00,2024-03-11,1,5,Social,social_media,paid_social,CMP01_email,Awareness,Mobile,843,0,122,0.68,0.84,0.87,0.77,0.0,4.62
TP1957,C026,CMP18,2024-04-24 17:47:00,2024-04-24,2,5,In-Store,offline_store,offline,CMP18_influencer,Consideration,Tablet,838,5,24,0.61,-0.75,0.74,0.18,0.51,2.89
TP2341,C026,CMP03,2024-05-23 05:59:00,2024-05-23,3,5,In-Store,offline_store,offline,CMP03_influencer,Awareness,Tablet,674,2,186,0.5,0.25,0.29,0.85,0.42,8.97
TP1326,C026,CMP11,2024-06-09 19:07:00,2024-06-09,4,5,Web,website,web_referral,CMP11_display,Conversion,Desktop,58,6,133,0.02,-0.71,0.52,0.07,0.26,7.89
TP1191,C026,CMP09,2024-06-14 02:26:00,2024-06-14,5,5,In-Store,offline_store,offline,CMP09_social_media,Retention,Tablet,599,7,180,0.44,-0.17,0.42,0.72,0.95,9.2
TP2411,C027,CMP06,2024-03-15 17:47:00,2024-03-15,1,5,Email,email,email,CMP06_display,Consideration,Tablet,292,8,145,0.14,0.1,0.19,0.41,0.03,2.04
TP2401,C027,CMP08,2024-03-28 08:12:00,2024-03-28,2,5,Email,email,email,CMP08_search,Conversion,Tablet,403,5,9,0.34,0.52,0.76,0.72,0.14,2.65
TP437,C027,CMP18,2024-04-17 10:38:00,2024-04-17,3,5,Social,social_media,paid_social,CMP18_influencer,Conversion,Desktop,163,3,113,0.18,-0.49,0.1,0.04,0.44,2.69
TP1831,C027,CMP17,2024-04-19 01:54:00,2024-04-19,4,5,In-Store,offline_store,offline,CMP17_display,Conversion,Mobile,583,8,40,0.46,-0.94,0.33,0.03,0.97,7.1
TP2365,C027,CMP12,2024-06-13 21:31:00,2024-06-13,5,5,Social,social_media,paid_social,CMP12_influencer,Awareness,Mobile,614,2,93,0.34,0.31,0.33,0.48,0.22,8.87
TP956,C028,CMP16,2024-03-19 16:58:00,2024-03-19,1,5,In-Store,offline_store,offline,CMP16_social_media,Retention,Mobile,431,8,28,0.67,-0.2,0.97,0.75,0.75,0.52
TP152,C028,CMP19,2024-04-01 05:40:00,2024-04-01,2,5,Social,social_media,paid_social,CMP19_social_media,Conversion,Desktop,1104,5,110,0.81,0.34,0.43,0.95,0.71,6.24
TP1206,C028,CMP09,2024-05-02 17:16:00,2024-05-02,3,5,Social,social_media,paid_social,CMP09_social_media,Retention,Desktop,600,5,100,0.68,0.15,0.22,0.35,0.49,1.97
TP1234,C028,CMP15,2024-05-12 06:49:00,2024-05-12,4,5,Web,website,web_referral,CMP15_display,Conversion,Desktop,957,0,44,0.83,0.45,0.42,0.86,0.31,1.25
TP221,C028,CMP04,2024-05-22 20:27:00,2024-05-22,5,5,In-Store,offline_store,offline,CMP04_display,Consideration,Desktop,141,1,85,0.84,-0.58,0.38,0.66,0.88,7.35
TP1861,C029,CMP04,2024-03-09 22:47:00,2024-03-09,1,8,Email,email,email,CMP04_display,Consideration,Tablet,396,3,182,0.24,0.95,0.84,0.42,0.89,8.89
TP2330,C029,CMP07,2024-03-14 06:59:00,2024-03-14,2,8,Mobile,mobile_app,mobile_push,CMP07_email,Awareness,Tablet,800,3,12,0.85,-0.74,0.76,0.5,0.61,4.63
TP2167,C029,CMP12,2024-04-08 21:20:00,2024-04-08,3,8,Mobile,mobile_app,mobile_push,CMP12_influencer,Awareness,Tablet,540,1,94,0.6,-0.66,0.63,0.18,0.66,1.81
TP2042,C029,CMP04,2024-04-17 09:40:00,2024-04-17,4,8,Mobile,mobile_app,mobile_push,CMP04_display,Conversion,Mobile,278,10,127,0.89,-0.27,0.01,0.38,0.59,8.52
TP1555,C029,CMP04,2024-05-18 20:44:00,2024-05-18,5,8,Email,email,email,CMP04_display,Conversion,Mobile,166,0,193,0.67,0.44,0.37,0.01,0.43,5.11
TP205,C029,CMP11,2024-05-23 05:38:00,2024-05-23,6,8,Mobile,mobile_app,mobile_push,CMP11_display,Awareness,Tablet,401,1,61,0.73,-0.64,0.29,0.8,0.22,8.49
TP846,C029,CMP15,2024-06-10 13:48:00,2024-06-10,7,8,Mobile,mobile_app,mobile_push,CMP15_display,Retention,Desktop,385,8,174,0.28,-0.29,0.63,0.58,0.7,5.83
TP1805,C029,CMP10,2024-06-26 13:10:00,2024-06-26,8,8,Social,social_media,paid_social,CMP10_email,Consideration,Desktop,631,3,185,0.53,0.5,0.83,0.98,0.0,7.69
TP1103,C030,CMP17,2024-04-30 21:16:00,2024-04-30,1,1,Social,social_media,paid_social,CMP17_display,Retention,Desktop,1195,3,139,0.91,0.58,0.97,0.68,0.61,0.8
TP2247,C031,CMP16,2024-04-11 18:39:00,2024-04-11,1,2,In-Store,offline_store,offline,CMP16_social_media,Awareness,Desktop,1029,9,197,0.45,0.89,0.69,0.23,0.13,8.09
TP1301,C031,CMP03,2024-05-23 09:12:00,2024-05-23,2,2,Email,email,email,CMP03_influencer,Consideration,Mobile,50,3,107,0.19,-0.72,1.0,0.9,0.36,2.86
TP2460,C032,CMP10,2024-04-06 15:13:00,2024-04-06,1,2,Web,website,web_referral,CMP10_email,Retention,Tablet,856,10,130,0.84,0.39,0.42,0.54,0.26,9.67
TP1652,C032,CMP19,2024-06-19 20:30:00,2024-06-19,2,2,Web,website,web_referral,CMP19_social_media,Retention,Desktop,63,0,189,0.65,-0.4,0.24,0.71,1.0,3.06
TP158,C033,CMP01,2024-03-22 06:12:00,2024-03-22,1,4,Email,email,email,CMP01_email,Retention,Tablet,537,3,161,0.15,0.13,0.25,0.43,0.13,2.38
TP2332,C033,CMP03,2024-04-06 11:08:00,2024-04-06,2,4,Mobile,mobile_app,mobile_push,CMP03_influencer,Retention,Desktop,115,2,73,0.18,-0.61,0.16,0.68,0.03,2.19
TP420,C033,CMP16,2024-04-07 19:33:00,2024-04-07,3,4,Email,email,email,CMP16_social_media,Consideration,Mobile,406,10,153,0.22,-0.68,0.45,0.17,0.24,2.42
TP694,C033,CMP19,2024-04-27 18:23:00,2024-04-27,4,4,Social,social_media,paid_social,CMP19_social_media,Retention,Tablet,547,7,167,0.07,0.83,0.31,0.61,0.94,3.15
TP2029,C034,CMP01,2024-03-15 02:09:00,2024-03-15,1,6,Email,email,email,CMP01_email,Awareness,Mobile,862,3,79,0.2,0.5,0.41,0.85,0.61,5.02
TP1819,C034,CMP03,2024-03-15 03:55:00,2024-03-15,2,6,Email,email,email,CMP03_influencer,Consideration,Tablet,812,2,155,0.29,-0.09,0.63,0.59,0.63,3.5
TP1171,C034,CMP10,2024-05-21 19:15:00,2024-05-21,3,6,Mobile,mobile_app,mobile_push,CMP10_email,Retention,Mobile,589,4,153,0.36,-0.5,0.56,0.99,0.18,7.03
TP1048,C034,CMP09,2024-05-26 18:17:00,2024-05-26,4,6,Email,email,email,CMP09_social_media,Awareness,Desktop,891,5,12,0.47,0.32,0.53,0.54,0.61,6.75
TP1259,C034,CMP18,2024-06-15 23:37:00,2024-06-15,5,6,Web,website,web_referral,CMP18_influencer,Retention,Desktop,1198,8,82,0.65,0.65,0.57,0.36,0.71,3.89
TP1119,C034,CMP19,2024-06-17 14:45:00,2024-06-17,6,6,In-Store,offline_store,offline,CMP19_social_media,Retention,Tablet,1122,9,38,0.84,-0.35,0.35,0.89,0.6,3.34
TP169,C035,CMP11,2024-04-13 08:39:00,2024-04-13,1,7,Social,social_media,paid_social,CMP11_display,Retention,Mobile,913,5,130,0.99,0.88,0.3,0.59,0.2,8.84
TP2593,C035,CMP10,2024-04-19 12:00:00,2024-04-19,2,7,Email,email,email,CMP10_email,Awareness,Desktop,245,1,29,0.91,-0.0,0.15,0.16,0.71,6.24
TP1394,C035,CMP07,2024-04-21 02:09:00,2024-04-21,3,7,Mobile,mobile_app,mobile_push,CMP07_email,Conversion,Mobile,504,2,198,0.9,-0.21,0.97,0.29,0.24,1.25
TP717,C035,CMP16,2024-05-14 19:53:00,2024-05-14,4,7,In-Store,offline_store,offline,CMP16_social_media,Consideration,Mobile,350,9,179,0.72,0.64,0.46,0.09,0.4,7.59
TP974,C035,CMP14,2024-05-18 16:43:00,2024-05-18,5,7,Mobile,mobile_app,mobile_push,CMP14_email,Consideration,Tablet,1033,5,38,1.0,0.62,0.99,0.3,0.12,5.03
TP451,C035,CMP09,2024-06-05 11:33:00,2024-06-05,6,7,Social,social_media,paid_social,CMP09_social_media,Consideration,Desktop,1080,9,109,0.71,-0.11,0.04,0.87,0.54,9.87
TP081,C035,CMP12,2024-06-25 04:48:00,2024-06-25,7,7,Mobile,mobile_app,mobile_push,CMP12_influencer,Retention,Mobile,678,3,49,0.93,0.19,0.12,0.38,0.4,5.93
TP1747,C036,CMP08,2024-03-01 04:12:00,2024-03-01,1,6,Web,website,web_referral,CMP08_search,Conversion,Desktop,865,9,59,0.79,-0.64,0.69,0.52,0.86,6.3
TP526,C036,CMP15,2024-03-31 05:02:00,2024-03-31,2,6,Mobile,mobile_app,mobile_push,CMP15_display,Consideration,Desktop,252,1,47,0.36,0.93,0.0,0.44,0.54,1.61
TP1883,C036,CMP04,2024-04-28 04:22:00,2024-04-28,3,6,Social,social_media,paid_social,CMP04_display,Conversion,Mobile,1116,8,121,0.86,-0.66,0.39,0.62,0.13,9.28
TP1304,C036,CMP02,2024-05-25 20:11:00,2024-05-25,4,6,Mobile,mobile_app,mobile_push,CMP02_email,Conversion,Mobile,80,0,174,0.76,0.87,0.65,0.59,0.2,8.22
TP751,C036,CMP04,2024-06-02 11:47:00,2024-06-02,5,6,Mobile,mobile_app,mobile_push,CMP04_display,Retention,Tablet,408,7,53,0.34,0.33,0.54,0.56,0.56,2.58
TP206,C036,CMP19,2024-06-05 22:00:00,2024-06-05,6,6,Email,email,email,CMP19_social_media,Awareness,Tablet,99,3,77,0.72,0.3,0.89,0.36,0.08,2.93
TP2295,C037,CMP06,2024-03-06 20:50:00,2024-03-06,1,6,Email,email,email,CMP06_display,Retention,Desktop,99,1,191,0.29,-0.03,0.37,0.49,0.37,1.21
TP366,C037,CMP12,2024-03-17 01:12:00,2024-03-17,2,6,Web,website,web_referral,CMP12_influencer,Retention,Desktop,489,10,69,0.96,-0.93,0.7,0.43,0.57,3.02
TP760,C037,CMP14,2024-03-19 22:08:00,2024-03-19,3,6,Mobile,mobile_app,mobile_push,CMP14_email,Retention,Desktop,548,4,114,0.53,0.13,0.46,0.6,0.58,6.65
TP2584,C037,CMP09,2024-04-16 07:06:00,2024-04-16,4,6,Mobile,mobile_app,mobile_push,CMP09_social_media,Retention,Desktop,446,0,184,0.56,0.36,0.23,0.25,0.29,4.68
TP465,C037,CMP08,2024-05-09 10:28:00,2024-05-09,5,6,Mobile,mobile_app,mobile_push,CMP08_search,Retention,Tablet,584,10,121,0.36,-0.84,0.33,0.05,0.07,0.56
TP2193,C037,CMP03,2024-05-31 11:17:00,2024-05-31,6,6,Mobile,mobile_app,mobile_push,CMP03_influencer,Consideration,Mobile,312,5,178,0.3,-0.71,0.05,0.29,0.11,8.0
TP430,C038,CMP04,2024-03-17 07:39:00,2024-03-17,1,6,Email,email,email,CMP04_display,Retention,Desktop,427,3,20,0.15,-0.29,0.92,0.51,0.64,9.47
TP1376,C038,CMP16,2024-04-23 15:17:00,2024-04-23,2,6,Email,email,email,CMP16_social_media,Conversion,Tablet,926,6,42,0.44,0.8,0.57,0.49,0.69,1.51
TP2185,C038,CMP03,2024-04-26 01:22:00,2024-04-26,3,6,Web,website,web_referral,CMP03_influencer,Retention,Tablet,480,3,191,0.17,-0.85,0.09,0.75,0.46,5.68
TP1467,C038,CMP08,2024-04-30 09:12:00,2024-04-30,4,6,In-Store,offline_store,offline,CMP08_search,Awareness,Tablet,82,10,30,0.07,0.23,0.41,0.8,0.41,6.3
TP1518,C038,CMP11,2024-06-07 17:29:00,2024-06-07,5,6,Web,website,web_referral,CMP11_display,Consideration,Mobile,884,0,136,0.06,-0.96,0.2,0.57,0.42,2.07
TP1346,C038,CMP11,2024-06-13 01:58:00,2024-06-13,6,6,Email,email,email,CMP11_display,Retention,Mobile,1037,9,70,0.1,-0.58,0.58,0.93,0.79,7.35
TP873,C039,CMP05,2024-03-04 00:42:00,2024-03-04,1,13,Email,email,email,CMP05_email,Consideration,Mobile,610,7,27,0.77,0.24,0.34,0.73,0.26,9.32
TP2255,C039,CMP13,2024-03-23 00:07:00,2024-03-23,2,13,Social,social_media,paid_social,CMP13_social_media,Conversion,Mobile,479,6,113,0.29,0.18,0.96,0.75,0.02,1.81
TP654,C039,CMP13,2024-03-26 09:40:00,2024-03-26,3,13,In-Store,offline_store,offline,CMP13_social_media,Awareness,Mobile,544,2,102,0.63,0.37,0.94,0.05,0.85,1.68
TP810,C039,CMP01,2024-03-31 06:08:00,2024-03-31,4,13,Web,website,web_referral,CMP01_email,Consideration,Desktop,1055,1,133,0.06,0.29,0.8,0.72,0.36,6.36
TP1236,C039,CMP17,2024-04-10 07:02:00,2024-04-10,5,13,Email,email,email,CMP17_display,Consideration,Desktop,134,6,76,0.87,-0.72,0.98,0.23,0.68,3.38
TP513,C039,CMP09,2024-04-17 05:05:00,2024-04-17,6,13,Web,website,web_referral,CMP09_social_media,Retention,Mobile,178,9,73,0.75,0.25,0.92,0.07,0.43,7.06
TP1448,C039,CMP07,2024-05-03 15:39:00,2024-05-03,7,13,Social,social_media,paid_social,CMP07_email,Retention,Mobile,263,10,46,0.48,0.26,0.11,0.63,0.39,6.2
TP339,C039,CMP04,2024-05-16 20:57:00,2024-05-16,8,13,In-Store,offline_store,offline,CMP04_display,Retention,Desktop,64,6,31,0.76,0.22,0.2,0.95,0.01,7.5
TP2040,C039,CMP19,2024-05-19 03:37:00,2024-05-19,9,13,Social,social_media,paid_social,CMP19_social_media,Consideration,Desktop,291,3,88,0.09,-0.5,0.43,0.85,0.98,3.61
TP2351,C039,CMP08,2024-06-04 09:36:00,2024-06-04,10,13,In-Store,offline_store,offline,CMP08_search,Retention,Tablet,411,4,48,0.8,-0.16,0.89,0.26,0.83,5.35
TP2009,C039,CMP16,2024-06-15 18:42:00,2024-06-15,11,13,Web,website,web_referral,CMP16_social_media,Conversion,Desktop,473,6,80,0.13,-0.13,0.02,0.74,0.17,1.25
TP1909,C039,CMP17,2024-06-22 21:13:00,2024-06-22,12,13,Social,social_media,paid_social,CMP17_display,Consideration,Desktop,518,8,42,0.81,0.84,0.8,0.87,0.74,6.53
TP1052,C039,CMP17,2024-06-29 00:26:00,2024-06-29,13,13,Mobile,mobile_app,mobile_push,CMP17_display,Consideration,Desktop,116,8,16,0.55,0.53,0.17,0.13,0.93,6.14
TP2213,C040,CMP19,2024-03-10 02:57:00,2024-03-10,1,6,Social,social_media,paid_social,CMP19_social_media,Conversion,Tablet,664,9,48,0.59,0.71,0.82,0.69,0.56,0.82
TP2211,C040,CMP11,2024-03-22 09:17:00,2024-03-22,2,6,Email,email,email,CMP11_display,Awareness,Tablet,685,2,39,0.09,-0.58,0.92,0.71,0.62,9.9
TP1792,C040,CMP19,2024-04-03 03:29:00,2024-04-03,3,6,Mobile,mobile_app,mobile_push,CMP19_social_media,Conversion,Tablet,255,5,167,0.24,-0.75,0.97,0.66,0.81,6.43
TP2176,C040,CMP10,2024-04-17 17:16:00,2024-04-17,4,6,Mobile,mobile_app,mobile_push,CMP10_email,Conversion,Mobile,1187,0,39,0.5,-0.24,0.62,0.86,0.81,7.89
TP2202,C040,CMP17,2024-04-19 20:57:00,2024-04-19,5,6,In-Store,offline_store,offline,CMP17_display,Consideration,Mobile,393,8,91,0.84,0.92,0.49,0.84,0.02,8.8
TP1302,C040,CMP13,2024-05-02 02:53:00,2024-05-02,6,6,In-Store,offline_store,offline,CMP13_social_media,Consideration,Desktop,286,8,148,0.36,0.12,0.89,0.48,0.83,6.01
TP126,C041,CMP05,2024-03-26 02:57:00,2024-03-26,1,6,Web,website,web_referral,CMP05_email,Awareness,Tablet,963,9,106,0.15,0.98,0.25,0.8,0.68,3.63
TP2527,C041,CMP08,2024-04-08 16:17:00,2024-04-08,2,6,In-Store,offline_store,offline,CMP08_search,Conversion,Tablet,1124,9,56,0.11,-0.77,0.25,0.52,0.91,2.04
TP1817,C041,CMP04,2024-04-13 23:37:00,2024-04-13,3,6,Mobile,mobile_app,mobile_push,CMP04_display,Consideration,Desktop,547,9,120,0.17,-0.12,0.46,0.95,0.78,3.45
TP959,C041,CMP03,2024-05-20 11:22:00,2024-05-20,4,6,Mobile,mobile_app,mobile_push,CMP03_influencer,Consideration,Mobile,305,7,94,0.2,0.79,0.2,0.9,0.7,7.87
TP2472,C041,CMP10,2024-05-30 07:38:00,2024-05-30,5,6,Email,email,email,CMP10_email,Consideration,Desktop,479,3,174,0.2,-0.49,0.8,0.59,0.63,2.02
TP151,C041,CMP09,2024-06-22 01:56:00,2024-06-22,6,6,Social,social_media,paid_social,CMP09_social_media,Conversion,Tablet,200,8,188,0.88,0.47,0.11,0.6,0.48,1.19
TP187,C042,CMP05,2024-04-02 06:39:00,2024-04-02,1,7,Web,website,web_referral,CMP05_email,Conversion,Mobile,1067,10,23,0.18,-0.33,0.18,0.64,0.56,4.61
TP1907,C042,CMP13,2024-04-03 07:09:00,2024-04-03,2,7,Web,website,web_referral,CMP13_social_media,Conversion,Mobile,404,0,144,0.49,-0.68,0.69,0.8,0.12,4.08
TP1421,C042,CMP08,2024-04-06 12:09:00,2024-04-06,3,7,Mobile,mobile_app,mobile_push,CMP08_search,Conversion,Mobile,302,7,117,0.77,0.39,0.04,0.13,0.95,7.45
TP813,C042,CMP11,2024-04-21 01:31:00,2024-04-21,4,7,Social,social_media,paid_social,CMP11_display,Consideration,Tablet,759,3,191,0.69,-0.26,0.42,0.78,0.43,6.75
TP1815,C042,CMP14,2024-05-28 00:32:00,2024-05-28,5,7,Web,website,web_referral,CMP14_email,Retention,Tablet,838,2,4,0.92,-0.64,0.85,0.87,0.18,6.77
TP1266,C042,CMP05,2024-06-03 21:19:00,2024-06-03,6,7,Email,email,email,CMP05_email,Conversion,Mobile,826,1,130,0.37,-0.27,0.18,0.22,0.49,6.4
TP1456,C042,CMP10,2024-06-24 21:57:00,2024-06-24,7,7,Email,email,email,CMP10_email,Retention,Tablet,525,2,60,0.65,-0.64,0.15,0.2,0.8,5.05
TP706,C043,CMP17,2024-03-16 13:15:00,2024-03-16,1,2,Mobile,mobile_app,mobile_push,CMP17_display,Awareness,Desktop,307,1,167,0.06,-0.97,0.03,0.27,0.95,9.65
TP1126,C043,CMP19,2024-04-04 14:39:00,2024-04-04,2,2,Web,website,web_referral,CMP19_social_media,Awareness,Tablet,113,10,110,0.16,0.65,0.79,0.65,0.55,5.22
TP1923,C044,CMP02,2024-03-12 22:14:00,2024-03-12,1,5,In-Store,offline_store,offline,CMP02_email,Awareness,Tablet,242,3,3,0.85,-0.69,0.93,0.21,0.01,7.53
TP223,C044,CMP02,2024-03-31 16:47:00,2024-03-31,2,5,In-Store,offline_store,offline,CMP02_email,Conversion,Desktop,212,7,170,0.78,0.57,0.78,0.62,0.7,2.0
TP707,C044,CMP01,2024-04-28 20:48:00,2024-04-28,3,5,Mobile,mobile_app,mobile_push,CMP01_email,Consideration,Tablet,395,10,156,0.2,0.78,0.78,0.81,0.83,3.45
TP098,C044,CMP18,2024-06-07 13:21:00,2024-06-07,4,5,Web,website,web_referral,CMP18_influencer,Consideration,Tablet,897,7,135,0.21,0.21,0.01,0.38,0.12,2.25
TP903,C044,CMP06,2024-06-18 03:16:00,2024-06-18,5,5,Mobile,mobile_app,mobile_push,CMP06_display,Awareness,Tablet,460,2,103,0.32,-0.48,0.82,0.61,0.0,8.64
TP216,C045,CMP15,2024-03-25 19:17:00,2024-03-25,1,3,Social,social_media,paid_social,CMP15_display,Consideration,Desktop,129,0,142,0.63,-0.83,0.68,0.94,0.04,8.04
TP2231,C045,CMP15,2024-04-08 07:48:00,2024-04-08,2,3,Mobile,mobile_app,mobile_push,CMP15_display,Awareness,Mobile,347,6,110,0.83,0.01,0.28,0.43,0.51,7.2
TP2243,C045,CMP19,2024-05-05 14:01:00,2024-05-05,3,3,Web,website,web_referral,CMP19_social_media,Retention,Mobile,1146,2,146,0.19,0.15,0.51,0.18,0.93,9.38
TP1850,C046,CMP15,2024-04-14 22:50:00,2024-04-14,1,7,Web,website,web_referral,CMP15_display,Conversion,Desktop,1176,5,69,0.89,-0.05,0.92,0.41,0.61,4.89
TP973,C046,CMP14,2024-04-20 20:03:00,2024-04-20,2,7,Social,social_media,paid_social,CMP14_email,Consideration,Mobile,182,9,51,0.43,-0.15,0.15,0.2,0.12,2.18
TP2268,C046,CMP11,2024-05-16 21:20:00,2024-05-16,3,7,Email,email,email,CMP11_display,Conversion,Tablet,152,8,38,0.99,-0.56,0.17,0.5,0.06,1.21
TP459,C046,CMP16,2024-05-20 20:43:00,2024-05-20,4,7,Mobile,mobile_app,mobile_push,CMP16_social_media,Conversion,Tablet,914,1,96,0.51,0.66,0.46,0.37,0.62,2.06
TP1170,C046,CMP09,2024-05-28 17:05:00,2024-05-28,5,7,Web,website,web_referral,CMP09_social_media,Retention,Desktop,192,3,59,0.06,-0.35,0.57,0.34,0.28,1.36
TP2476,C046,CMP04,2024-05-30 21:31:00,2024-05-30,6,7,In-Store,offline_store,offline,CMP04_display,Conversion,Mobile,155,7,136,0.19,-0.69,0.13,0.2,0.49,3.18
TP2425,C046,CMP19,2024-06-24 12:55:00,2024-06-24,7,7,Social,social_media,paid_social,CMP19_social_media,Retention,Desktop,116,7,190,0.27,-0.23,0.13,0.88,0.77,5.39
TP922,C047,CMP05,2024-03-04 19:54:00,2024-03-04,1,8,Mobile,mobile_app,mobile_push,CMP05_email,Awareness,Mobile,876,7,75,0.26,-0.08,0.12,0.58,0.98,7.1
TP642,C047,CMP04,2024-03-20 19:20:00,2024-03-20,2,8,In-Store,offline_store,offline,CMP04_display,Consideration,Tablet,1058,8,181,0.99,-0.5,0.21,0.06,0.93,5.11
TP1958,C047,CMP16,2024-03-29 17:39:00,2024-03-29,3,8,Web,website,web_referral,CMP16_social_media,Conversion,Tablet,547,4,107,1.0,-0.98,0.55,0.94,0.55,5.28
TP578,C047,CMP12,2024-03-30 14:19:00,2024-03-30,4,8,In-Store,offline_store,offline,CMP12_influencer,Consideration,Desktop,903,10,26,0.08,-0.44,0.49,0.49,0.99,4.46
TP1180,C047,CMP09,2024-04-04 22:09:00,2024-04-04,5,8,Social,social_media,paid_social,CMP09_social_media,Awareness,Mobile,1031,5,185,0.78,-0.96,0.67,0.85,0.53,3.2
TP1498,C047,CMP18,2024-04-13 12:26:00,2024-04-13,6,8,In-Store,offline_store,offline,CMP18_influencer,Awareness,Mobile,1034,0,70,0.95,0.07,0.58,0.65,0.65,8.44
TP2130,C047,CMP04,2024-04-17 21:53:00,2024-04-17,7,8,Web,website,web_referral,CMP04_display,Retention,Tablet,940,7,66,0.65,0.52,0.9,0.39,0.02,2.93
TP1341,C047,CMP04,2024-05-09 07:03:00,2024-05-09,8,8,In-Store,offline_store,offline,CMP04_display,Retention,Tablet,78,6,164,0.35,-0.71,0.54,0.98,0.6,9.65
TP1188,C048,CMP08,2024-04-15 21:12:00,2024-04-15,1,3,Email,email,email,CMP08_search,Retention,Tablet,842,6,45,0.0,-0.82,0.91,0.65,0.24,9.1
TP159,C048,CMP12,2024-04-26 14:53:00,2024-04-26,2,3,In-Store,offline_store,offline,CMP12_influencer,Retention,Tablet,392,0,156,0.52,-0.59,0.26,0.99,0.95,2.39
TP615,C048,CMP18,2024-05-19 14:48:00,2024-05-19,3,3,Mobile,mobile_app,mobile_push,CMP18_influencer,Retention,Tablet,596,6,187,0.05,-0.02,0.26,0.33,0.03,2.97
TP039,C049,CMP11,2024-03-08 11:33:00,2024-03-08,1,4,In-Store,offline_store,offline,CMP11_display,Retention,Desktop,857,9,84,0.24,-0.76,0.48,0.91,0.57,3.24
TP1640,C049,CMP09,2024-03-28 17:18:00,2024-03-28,2,4,Web,website,web_referral,CMP09_social_media,Consideration,Mobile,1187,1,173,0.38,0.32,0.25,0.92,0.28,5.78
TP1627,C049,CMP08,2024-05-02 03:26:00,2024-05-02,3,4,Mobile,mobile_app,mobile_push,CMP08_search,Awareness,Mobile,393,9,148,0.95,-0.99,0.04,0.83,0.75,4.53
TP453,C049,CMP09,2024-06-01 12:30:00,2024-06-01,4,4,Mobile,mobile_app,mobile_push,CMP09_social_media,Awareness,Tablet,1065,7,145,0.7,0.52,0.35,0.32,0.3,7.43
TP2618,C050,CMP13,2024-05-31 09:18:00,2024-05-31,1,3,In-Store,offline_store,offline,CMP13_social_media,Consideration,Mobile,168,0,98,0.91,-0.81,0.18,0.64,0.22,7.43
TP085,C050,CMP02,2024-06-05 10:17:00,2024-06-05,2,3,Email,email,email,CMP02_email,Retention,Tablet,1072,4,33,0.95,0.17,0.8,0.93,0.5,9.63
TP2413,C050,CMP12,2024-06-21 07:32:00,2024-06-21,3,3,Social,social_media,paid_social,CMP12_influencer,Conversion,Tablet,457,2,104,0.8,-0.14,0.04,0.71,0.28,2.37
TP1106,C051,CMP08,2024-03-02 23:49:00,2024-03-02,1,8,Web,website,web_referral,CMP08_search,Awareness,Mobile,1096,4,106,0.22,-0.28,0.31,0.48,0.56,6.88
TP1039,C051,CMP11,2024-04-02 20:38:00,2024-04-02,2,8,Web,website,web_referral,CMP11_display,Consideration,Tablet,434,7,13,0.85,0.14,0.71,0.51,0.23,4.51
TP051,C051,CMP11,2024-04-13 11:46:00,2024-04-13,3,8,Social,social_media,paid_social,CMP11_display,Retention,Tablet,234,2,93,0.5,0.68,0.28,0.76,0.8,2.61
TP1154,C051,CMP04,2024-04-20 10:59:00,2024-04-20,4,8,Social,social_media,paid_social,CMP04_display,Conversion,Tablet,421,7,16,0.34,-0.97,0.4,0.93,0.52,8.21
TP1713,C051,CMP19,2024-05-03 14:21:00,2024-05-03,5,8,Email,email,email,CMP19_social_media,Consideration,Desktop,169,2,71,0.43,-0.28,0.01,0.03,0.61,0.81
TP545,C051,CMP14,2024-05-14 23:59:00,2024-05-14,6,8,Web,website,web_referral,CMP14_email,Retention,Desktop,719,3,66,0.35,-0.11,0.3,0.96,0.7,7.87
TP433,C051,CMP13,2024-05-21 20:50:00,2024-05-21,7,8,Mobile,mobile_app,mobile_push,CMP13_social_media,Conversion,Tablet,879,7,90,0.45,0.82,0.06,0.47,0.44,3.84
TP1554,C051,CMP01,2024-06-08 19:46:00,2024-06-08,8,8,Web,website,web_referral,CMP01_email,Retention,Tablet,618,0,81,0.3,-0.47,0.49,0.39,0.01,7.74
TP195,C052,CMP14,2024-04-30 16:15:00,2024-04-30,1,4,Web,website,web_referral,CMP14_email,Retention,Mobile,225,4,6,0.71,0.13,0.49,0.35,0.18,1.53
TP2105,C052,CMP13,2024-06-11 21:48:00,2024-06-11,2,4,Mobile,mobile_app,mobile_push,CMP13_social_media,Retention,Tablet,1156,9,21,0.41,0.63,0.69,0.49,0.76,7.77
TP793,C052,CMP12,2024-06-20 06:27:00,2024-06-20,3,4,Mobile,mobile_app,mobile_push,CMP12_influencer,Conversion,Tablet,1012,0,54,1.0,0.34,0.37,0.34,0.68,8.07
TP267,C052,CMP05,2024-06-26 23:00:00,2024-06-26,4,4,In-Store,offline_store,offline,CMP05_email,Consideration,Tablet,405,9,58,0.67,0.77,0.97,0.15,0.55,6.52
TP291,C053,CMP07,2024-03-20 18:47:00,2024-03-20,1,8,Mobile,mobile_app,mobile_push,CMP07_email,Consideration,Desktop,536,4,114,0.03,0.86,0.37,0.53,0.68,2.07
TP1771,C053,CMP18,2024-03-20 21:13:00,2024-03-20,2,8,Email,email,email,CMP18_influencer,Retention,Mobile,981,9,35,0.98,-0.16,0.34,0.75,0.48,7.63
TP118,C053,CMP14,2024-03-22 03:10:00,2024-03-22,3,8,Social,social_media,paid_social,CMP14_email,Consideration,Mobile,50,1,35,0.2,-0.46,0.75,0.64,0.61,0.8
TP071,C053,CMP05,2024-03-25 18:04:00,2024-03-25,4,8,Email,email,email,CMP05_email,Awareness,Tablet,407,8,156,0.49,-0.56,0.87,0.21,0.44,3.48
TP1028,C053,CMP04,2024-05-01 19:41:00,2024-05-01,5,8,Web,website,web_referral,CMP04_display,Consideration,Tablet,625,5,18,0.52,0.75,0.49,0.24,0.34,3.71
TP566,C053,CMP15,2024-05-22 03:59:00,2024-05-22,6,8,Social,social_media,paid_social,CMP15_display,Conversion,Desktop,1075,0,132,0.75,0.37,0.74,0.99,0.68,4.9
TP806,C053,CMP18,2024-05-29 07:05:00,2024-05-29,7,8,Web,website,web_referral,CMP18_influencer,Consideration,Mobile,1095,0,95,0.8,0.46,0.93,0.48,0.78,7.68
TP1121,C053,CMP09,2024-06-28 03:25:00,2024-06-28,8,8,Email,email,email,CMP09_social_media,Consideration,Desktop,834,4,170,0.04,-0.74,0.08,0.46,0.52,4.26
TP377,C054,CMP09,2024-03-13 10:24:00,2024-03-13,1,9,Email,email,email,CMP09_social_media,Consideration,Tablet,206,3,47,0.92,-0.29,0.82,0.45,0.26,5.29
TP930,C054,CMP11,2024-04-06 13:48:00,2024-04-06,2,9,Social,social_media,paid_social,CMP11_display,Consideration,Mobile,91,10,43,0.6,0.45,0.92,0.06,0.53,5.27
TP090,C054,CMP18,2024-04-07 01:48:00,2024-04-07,3,9,Social,social_media,paid_social,CMP18_influencer,Retention,Tablet,891,7,117,0.61,0.53,0.67,0.41,0.56,1.73
TP560,C054,CMP16,2024-04-25 09:01:00,2024-04-25,4,9,Email,email,email,CMP16_social_media,Conversion,Desktop,495,9,38,0.71,0.46,0.46,0.28,0.3,2.36
TP282,C054,CMP09,2024-04-26 04:33:00,2024-04-26,5,9,Social,social_media,paid_social,CMP09_social_media,Consideration,Mobile,777,5,112,0.27,0.76,0.87,0.72,0.16,8.5
TP1708,C054,CMP16,2024-05-15 02:16:00,2024-05-15,6,9,Social,social_media,paid_social,CMP16_social_media,Retention,Mobile,607,1,96,0.63,-0.63,0.39,0.06,0.21,3.88
TP1063,C054,CMP15,2024-05-19 03:26:00,2024-05-19,7,9,Web,website,web_referral,CMP15_display,Retention,Tablet,726,1,10,0.5,0.73,0.8,0.73,0.43,5.1
TP489,C054,CMP13,2024-05-23 07:23:00,2024-05-23,8,9,Mobile,mobile_app,mobile_push,CMP13_social_media,Conversion,Desktop,479,8,44,0.67,-0.85,0.61,0.57,0.2,9.88
TP2129,C054,CMP08,2024-05-25 04:19:00,2024-05-25,9,9,Email,email,email,CMP08_search,Retention,Desktop,801,1,30,0.21,0.29,0.2,0.93,0.96,7.42
TP1692,C055,CMP13,2024-03-04 22:01:00,2024-03-04,1,6,Web,website,web_referral,CMP13_social_media,Conversion,Desktop,228,6,110,0.03,0.65,0.83,0.8,0.24,9.88
TP1874,C055,CMP17,2024-03-29 18:03:00,2024-03-29,2,6,In-Store,offline_store,offline,CMP17_display,Conversion,Tablet,60,0,61,0.9,0.44,0.59,0.11,0.73,9.66
TP2567,C055,CMP06,2024-04-08 03:34:00,2024-04-08,3,6,Web,website,web_referral,CMP06_display,Conversion,Mobile,1061,3,3,0.82,-0.49,0.89,0.34,0.24,3.35
TP1680,C055,CMP05,2024-04-27 11:43:00,2024-04-27,4,6,Web,website,web_referral,CMP05_email,Conversion,Desktop,397,2,3,0.36,-0.55,0.32,0.44,0.58,4.45
TP1575,C055,CMP17,2024-05-03 07:58:00,2024-05-03,5,6,Web,website,web_referral,CMP17_display,Consideration,Mobile,582,1,18,0.75,-0.6,0.8,0.19,0.36,5.6
TP053,C055,CMP01,2024-06-18 04:57:00,2024-06-18,6,6,Email,email,email,CMP01_email,Awareness,Tablet,760,5,33,0.84,-0.26,0.38,0.42,0.45,6.91
TP2210,C056,CMP17,2024-04-13 15:53:00,2024-04-13,1,3,Social,social_media,paid_social,CMP17_display,Awareness,Desktop,616,0,130,0.33,0.6,0.9,0.24,0.96,8.25
TP1184,C056,CMP02,2024-05-09 07:35:00,2024-05-09,2,3,Web,website,web_referral,CMP02_email,Awareness,Tablet,63,1,70,0.2,0.78,0.63,0.22,0.44,9.3
TP1202,C056,CMP18,2024-06-23 17:32:00,2024-06-23,3,3,Social,social_media,paid_social,CMP18_influencer,Conversion,Desktop,79,2,41,0.31,0.16,0.54,0.35,0.35,6.2
TP1929,C057,CMP08,2024-03-05 18:20:00,2024-03-05,1,2,Email,email,email,CMP08_search,Conversion,Mobile,927,6,17,0.97,0.43,0.58,0.13,0.5,1.95
TP809,C057,CMP07,2024-06-15 12:08:00,2024-06-15,2,2,Social,social_media,paid_social,CMP07_email,Awareness,Tablet,721,8,41,0.26,0.21,0.01,0.32,0.81,8.44
TP490,C058,CMP18,2024-03-03 18:32:00,2024-03-03,1,8,Mobile,mobile_app,mobile_push,CMP18_influencer,Conversion,Mobile,1024,0,143,0.26,0.63,0.27,0.87,0.62,3.19
TP607,C058,CMP14,2024-04-08 20:00:00,2024-04-08,2,8,Mobile,mobile_app,mobile_push,CMP14_email,Awareness,Tablet,1027,0,180,0.14,0.55,0.69,0.96,0.44,5.15
TP902,C058,CMP04,2024-04-25 16:59:00,2024-04-25,3,8,Web,website,web_referral,CMP04_display,Retention,Mobile,786,0,150,0.92,0.21,0.8,0.37,0.35,1.57
TP553,C058,CMP11,2024-04-27 21:38:00,2024-04-27,4,8,Email,email,email,CMP11_display,Retention,Mobile,616,6,42,0.98,-0.97,0.69,0.44,0.97,2.21
TP595,C058,CMP19,2024-04-29 16:32:00,2024-04-29,5,8,Mobile,mobile_app,mobile_push,CMP19_social_media,Conversion,Mobile,1100,7,133,0.06,0.06,0.86,0.51,0.8,9.75
TP881,C058,CMP18,2024-05-09 12:21:00,2024-05-09,6,8,In-Store,offline_store,offline,CMP18_influencer,Retention,Mobile,1135,6,89,0.88,0.95,0.61,0.97,0.54,0.79
TP2385,C058,CMP06,2024-05-22 05:31:00,2024-05-22,7,8,Social,social_media,paid_social,CMP06_display,Retention,Tablet,129,8,178,0.89,0.7,0.34,0.99,0.2,2.82
TP2339,C058,CMP17,2024-06-04 01:31:00,2024-06-04,8,8,In-Store,offline_store,offline,CMP17_display,Awareness,Mobile,324,1,46,0.1,-0.61,0.79,0.16,0.57,1.31
TP2107,C059,CMP03,2024-04-17 18:41:00,2024-04-17,1,7,Web,website,web_referral,CMP03_influencer,Conversion,Mobile,1118,9,132,0.43,0.51,0.84,0.32,0.58,7.93
TP1953,C059,CMP18,2024-05-07 04:59:00,2024-05-07,2,7,Social,social_media,paid_social,CMP18_influencer,Consideration,Mobile,1175,7,98,0.21,-0.3,0.92,0.95,0.28,1.73
TP041,C059,CMP03,2024-05-08 12:08:00,2024-05-08,3,7,Web,website,web_referral,CMP03_influencer,Consideration,Desktop,700,3,145,0.85,0.84,0.9,0.64,0.68,6.34
TP1781,C059,CMP09,2024-05-09 15:23:00,2024-05-09,4,7,Social,social_media,paid_social,CMP09_social_media,Consideration,Mobile,546,10,151,0.39,0.92,0.44,0.86,0.23,3.88
TP2226,C059,CMP19,2024-05-15 08:03:00,2024-05-15,5,7,Web,website,web_referral,CMP19_social_media,Consideration,Desktop,781,5,183,0.26,0.47,0.17,0.97,0.4,3.53
TP2588,C059,CMP19,2024-06-22 14:22:00,2024-06-22,6,7,Web,website,web_referral,CMP19_social_media,Consideration,Mobile,983,0,8,0.95,0.25,0.58,0.52,0.93,6.16
TP2225,C059,CMP15,2024-06-28 10:12:00,2024-06-28,7,7,Email,email,email,CMP15_display,Awareness,Desktop,319,8,30,0.49,-0.55,0.34,0.11,0.13,5.55
TP567,C060,CMP18,2024-04-09 12:03:00,2024-04-09,1,5,Web,website,web_referral,CMP18_influencer,Consideration,Mobile,609,2,176,0.19,-0.98,0.18,0.2,0.73,5.53
TP2403,C060,CMP08,2024-05-17 18:11:00,2024-05-17,2,5,Mobile,mobile_app,mobile_push,CMP08_search,Conversion,Mobile,232,10,130,0.11,-0.12,0.5,0.59,0.95,7.95
TP1399,C060,CMP05,2024-05-20 14:29:00,2024-05-20,3,5,In-Store,offline_store,offline,CMP05_email,Consideration,Mobile,306,4,173,0.11,1.0,0.8,0.53,0.14,0.53
TP2292,C060,CMP16,2024-05-25 08:16:00,2024-05-25,4,5,Web,website,web_referral,CMP16_social_media,Retention,Tablet,1192,6,59,0.94,0.37,0.15,0.51,0.39,6.44
TP358,C060,CMP12,2024-06-01 10:55:00,2024-06-01,5,5,Email,email,email,CMP12_influencer,Consideration,Mobile,499,6,42,0.59,0.42,0.51,0.16,0.51,7.94
TP1189,C061,CMP02,2024-03-21 00:58:00,2024-03-21,1,5,Email,email,email,CMP02_email,Retention,Tablet,753,4,154,0.91,-0.72,0.76,0.77,0.08,0.52
TP1152,C061,CMP18,2024-04-07 15:54:00,2024-04-07,2,5,Email,email,email,CMP18_influencer,Retention,Tablet,480,8,169,0.85,-0.5,0.61,0.72,0.36,2.97
TP1904,C061,CMP12,2024-04-17 11:08:00,2024-04-17,3,5,Social,social_media,paid_social,CMP12_influencer,Awareness,Tablet,1104,8,37,0.22,-0.68,0.44,0.63,0.85,2.91
TP2089,C061,CMP16,2024-04-22 09:31:00,2024-04-22,4,5,Social,social_media,paid_social,CMP16_social_media,Conversion,Tablet,933,7,63,0.64,-0.34,0.28,0.92,0.79,1.63
TP2138,C061,CMP13,2024-05-25 21:15:00,2024-05-25,5,5,In-Store,offline_store,offline,CMP13_social_media,Retention,Desktop,954,7,191,0.12,-0.39,0.15,0.78,0.5,9.25
TP2100,C062,CMP10,2024-03-07 07:15:00,2024-03-07,1,7,In-Store,offline_store,offline,CMP10_email,Consideration,Mobile,289,6,163,0.1,0.46,0.69,0.64,0.42,5.42
TP2144,C062,CMP01,2024-03-21 03:00:00,2024-03-21,2,7,Web,website,web_referral,CMP01_email,Awareness,Mobile,147,2,141,0.03,-0.84,0.08,0.77,0.84,2.01
TP772,C062,CMP13,2024-03-23 03:13:00,2024-03-23,3,7,Web,website,web_referral,CMP13_social_media,Awareness,Desktop,869,0,76,0.42,-0.83,0.68,0.52,0.86,2.69
TP161,C062,CMP15,2024-03-31 04:23:00,2024-03-31,4,7,Social,social_media,paid_social,CMP15_display,Conversion,Mobile,684,4,3,0.4,0.85,0.56,0.63,0.78,6.3
TP1320,C062,CMP19,2024-03-31 21:09:00,2024-03-31,5,7,Web,website,web_referral,CMP19_social_media,Consideration,Mobile,714,3,125,0.4,-0.6,0.91,0.43,0.64,7.02
TP1417,C062,CMP04,2024-05-19 07:23:00,2024-05-19,6,7,Social,social_media,paid_social,CMP04_display,Retention,Desktop,395,0,156,0.88,0.09,0.6,0.82,0.3,9.92
TP217,C062,CMP03,2024-06-18 17:36:00,2024-06-18,7,7,In-Store,offline_store,offline,CMP03_influencer,Conversion,Mobile,1165,0,144,0.01,-0.55,0.65,0.85,0.01,3.06
TP1435,C063,CMP10,2024-03-06 19:14:00,2024-03-06,1,9,Web,website,web_referral,CMP10_email,Conversion,Desktop,527,5,106,0.92,-0.98,0.71,0.03,0.26,2.63
TP1637,C063,CMP12,2024-03-21 05:42:00,2024-03-21,2,9,Mobile,mobile_app,mobile_push,CMP12_influencer,Retention,Mobile,503,6,200,0.34,-0.05,0.82,0.46,0.45,3.3
TP548,C063,CMP15,2024-03-24 21:25:00,2024-03-24,3,9,Social,social_media,paid_social,CMP15_display,Awareness,Tablet,248,7,116,0.8,-0.65,0.13,0.46,0.17,3.95
TP1620,C063,CMP04,2024-04-07 15:51:00,2024-04-07,4,9,Email,email,email,CMP04_display,Awareness,Tablet,517,4,47,0.6,-0.52,0.13,0.33,0.84,8.97
TP139,C063,CMP11,2024-05-08 08:20:00,2024-05-08,5,9,Web,website,web_referral,CMP11_display,Conversion,Desktop,786,0,16,0.47,0.23,0.22,0.93,0.26,6.02
TP1002,C063,CMP14,2024-05-19 15:45:00,2024-05-19,6,9,Web,website,web_referral,CMP14_email,Awareness,Mobile,346,2,67,0.71,0.68,0.56,0.52,0.02,9.04
TP2111,C063,CMP14,2024-06-02 16:20:00,2024-06-02,7,9,In-Store,offline_store,offline,CMP14_email,Conversion,Mobile,1120,2,174,0.99,-0.49,0.42,0.78,0.28,7.83
TP1591,C063,CMP15,2024-06-16 18:14:00,2024-06-16,8,9,Email,email,email,CMP15_display,Conversion,Desktop,596,10,194,0.41,0.2,0.67,0.66,0.75,3.55
TP191,C063,CMP15,2024-06-28 04:33:00,2024-06-28,9,9,Social,social_media,paid_social,CMP15_display,Conversion,Desktop,957,5,134,0.76,-0.46,0.87,0.64,0.18,5.01
TP2447,C064,CMP11,2024-05-07 23:19:00,2024-05-07,1,2,Mobile,mobile_app,mobile_push,CMP11_display,Awareness,Mobile,512,3,46,0.34,-0.54,0.58,0.61,0.7,2.67
TP1851,C064,CMP09,2024-05-25 04:30:00,2024-05-25,2,2,Email,email,email,CMP09_social_media,Conversion,Tablet,260,3,71,0.81,0.69,0.76,0.41,1.0,4.48
TP130,C065,CMP06,2024-04-07 22:20:00,2024-04-07,1,4,Email,email,email,CMP06_display,Conversion,Mobile,79,0,65,0.81,-0.34,0.91,0.93,0.91,7.59
TP994,C065,CMP19,2024-04-15 16:21:00,2024-04-15,2,4,Mobile,mobile_app,mobile_push,CMP19_social_media,Retention,Desktop,948,6,122,0.84,0.86,0.05,0.71,0.14,9.14
TP702,C065,CMP19,2024-04-16 15:15:00,2024-04-16,3,4,Email,email,email,CMP19_social_media,Consideration,Tablet,94,1,48,0.93,0.74,0.51,0.67,0.79,6.11
TP2061,C065,CMP06,2024-04-28 12:26:00,2024-04-28,4,4,Mobile,mobile_app,mobile_push,CMP06_display,Retention,Tablet,947,3,77,0.66,0.53,0.7,0.84,0.54,6.96
TP1079,C066,CMP09,2024-04-02 14:17:00,2024-04-02,1,3,Social,social_media,paid_social,CMP09_social_media,Conversion,Desktop,226,6,126,0.69,-0.71,0.09,0.88,0.41,1.36
TP214,C066,CMP16,2024-04-05 15:23:00,2024-04-05,2,3,In-Store,offline_store,offline,CMP16_social_media,Consideration,Desktop,453,5,6,0.4,0.77,0.72,0.56,0.58,9.47
TP2628,C066,CMP08,2024-05-17 21:22:00,2024-05-17,3,3,Social,social_media,paid_social,CMP08_search,Conversion,Mobile,867,2,190,0.61,-0.88,0.52,0.52,0.49,9.89
TP1251,C067,CMP03,2024-03-09 11:14:00,2024-03-09,1,3,In-Store,offline_store,offline,CMP03_influencer,Awareness,Desktop,246,7,10,0.54,0.7,0.14,0.47,0.84,5.69
TP1452,C067,CMP13,2024-03-31 11:18:00,2024-03-31,2,3,Social,social_media,paid_social,CMP13_social_media,Retention,Tablet,886,0,137,0.81,0.17,0.04,0.95,0.62,5.29
TP1712,C067,CMP18,2024-04-06 12:26:00,2024-04-06,3,3,In-Store,offline_store,offline,CMP18_influencer,Consideration,Desktop,1199,0,183,0.72,0.19,0.63,0.39,0.76,6.17
TP408,C068,CMP02,2024-03-20 04:22:00,2024-03-20,1,3,Email,email,email,CMP02_email,Awareness,Tablet,554,10,179,0.97,-0.03,0.71,0.9,0.32,6.76
TP1249,C068,CMP18,2024-04-14 21:34:00,2024-04-14,2,3,Web,website,web_referral,CMP18_influencer,Retention,Mobile,993,4,136,0.88,0.74,0.38,0.11,0.18,2.15
TP2157,C068,CMP07,2024-05-31 09:08:00,2024-05-31,3,3,Email,email,email,CMP07_email,Consideration,Tablet,205,6,81,0.27,0.34,0.51,0.57,0.68,2.28
TP1512,C069,CMP15,2024-03-04 01:27:00,2024-03-04,1,7,Email,email,email,CMP15_display,Consideration,Desktop,722,5,182,0.98,-0.31,0.31,0.45,0.48,7.08
TP641,C069,CMP01,2024-03-11 20:42:00,2024-03-11,2,7,Mobile,mobile_app,mobile_push,CMP01_email,Retention,Desktop,1022,10,192,0.4,-0.77,0.84,0.62,0.01,5.0
TP626,C069,CMP03,2024-03-20 15:08:00,2024-03-20,3,7,In-Store,offline_store,offline,CMP03_influencer,Retention,Desktop,158,10,168,0.38,-0.03,0.32,0.26,0.58,2.5
TP798,C069,CMP03,2024-05-07 14:08:00,2024-05-07,4,7,In-Store,offline_store,offline,CMP03_influencer,Awareness,Mobile,386,0,72,0.75,0.42,0.55,0.82,0.19,6.4
TP1118,C069,CMP17,2024-05-16 12:31:00,2024-05-16,5,7,Mobile,mobile_app,mobile_push,CMP17_display,Consideration,Tablet,1126,5,160,0.54,-0.44,0.04,0.72,0.17,9.31
TP1879,C069,CMP06,2024-05-18 11:48:00,2024-05-18,6,7,Email,email,email,CMP06_display,Consideration,Mobile,843,3,61,0.53,0.8,0.62,0.66,0.12,1.63
TP1381,C069,CMP10,2024-06-06 08:11:00,2024-06-06,7,7,Web,website,web_referral,CMP10_email,Conversion,Desktop,1150,4,2,0.74,0.89,0.79,0.69,0.39,1.61
TP1286,C070,CMP19,2024-06-10 15:01:00,2024-06-10,1,2,Web,website,web_referral,CMP19_social_media,Awareness,Desktop,195,9,104,0.26,0.7,0.25,0.01,0.24,7.6
TP861,C070,CMP07,2024-06-21 13:55:00,2024-06-21,2,2,Mobile,mobile_app,mobile_push,CMP07_email,Awareness,Tablet,238,1,143,0.06,-1.0,0.79,0.72,0.6,7.52
TP2108,C072,CMP10,2024-03-03 02:27:00,2024-03-03,1,6,Web,website,web_referral,CMP10_email,Consideration,Desktop,1170,5,58,0.7,0.74,0.15,0.71,0.39,1.6
TP2445,C072,CMP02,2024-04-04 01:52:00,2024-04-04,2,6,Email,email,email,CMP02_email,Consideration,Tablet,319,7,189,0.95,0.18,0.44,0.16,0.03,1.75
TP2402,C072,CMP07,2024-04-05 08:46:00,2024-04-05,3,6,In-Store,offline_store,offline,CMP07_email,Conversion,Desktop,737,6,27,0.21,-0.35,0.05,0.9,0.27,2.05
TP006,C072,CMP15,2024-04-16 06:28:00,2024-04-16,4,6,Mobile,mobile_app,mobile_push,CMP15_display,Awareness,Mobile,872,4,83,0.21,0.06,0.7,0.47,0.99,1.82
TP2450,C072,CMP11,2024-04-17 02:31:00,2024-04-17,5,6,Email,email,email,CMP11_display,Retention,Mobile,723,3,146,0.19,-0.65,0.52,0.29,0.82,0.54
TP1051,C072,CMP03,2024-06-03 04:44:00,2024-06-03,6,6,In-Store,offline_store,offline,CMP03_influencer,Retention,Mobile,579,0,44,0.74,-0.88,0.31,0.46,0.56,3.09
TP1898,C073,CMP13,2024-03-09 19:41:00,2024-03-09,1,4,Mobile,mobile_app,mobile_push,CMP13_social_media,Awareness,Tablet,165,6,93,0.35,0.24,0.96,0.4,0.86,6.73
TP2523,C073,CMP05,2024-05-06 01:32:00,2024-05-06,2,4,Web,website,web_referral,CMP05_email,Conversion,Tablet,1056,4,19,0.95,0.16,0.75,0.94,0.1,1.56
TP2080,C073,CMP08,2024-05-14 07:54:00,2024-05-14,3,4,Web,website,web_referral,CMP08_search,Consideration,Mobile,452,5,178,0.8,0.95,0.74,0.56,0.72,2.52
TP1177,C073,CMP14,2024-05-26 21:28:00,2024-05-26,4,4,In-Store,offline_store,offline,CMP14_email,Consideration,Mobile,1176,6,24,0.34,-0.44,0.82,0.68,0.63,3.02
TP829,C074,CMP10,2024-03-19 20:26:00,2024-03-19,1,2,Social,social_media,paid_social,CMP10_email,Consideration,Tablet,973,5,42,0.58,0.81,0.53,0.7,0.47,1.88
TP2286,C074,CMP03,2024-06-25 19:51:00,2024-06-25,2,2,Social,social_media,paid_social,CMP03_influencer,Conversion,Tablet,461,7,115,0.19,0.33,0.89,0.2,0.96,8.76
TP1311,C075,CMP08,2024-03-11 16:25:00,2024-03-11,1,7,Mobile,mobile_app,mobile_push,CMP08_search,Consideration,Tablet,1171,5,8,0.24,0.51,0.74,0.81,0.65,6.22
TP1595,C075,CMP11,2024-03-17 20:59:00,2024-03-17,2,7,In-Store,offline_store,offline,CMP11_display,Conversion,Desktop,285,10,128,0.6,-0.32,0.59,0.2,0.27,4.48
TP1080,C075,CMP01,2024-04-26 06:15:00,2024-04-26,3,7,Social,social_media,paid_social,CMP01_email,Consideration,Mobile,555,1,96,0.04,0.87,0.95,0.29,0.32,0.95
TP734,C075,CMP13,2024-06-09 22:11:00,2024-06-09,4,7,Mobile,mobile_app,mobile_push,CMP13_social_media,Conversion,Tablet,187,1,110,0.55,0.5,0.44,0.17,0.92,6.43
TP1810,C075,CMP09,2024-06-11 10:57:00,2024-06-11,5,7,Web,website,web_referral,CMP09_social_media,Conversion,Desktop,1059,9,48,0.84,0.78,0.84,0.69,0.69,3.84
TP382,C075,CMP18,2024-06-22 21:07:00,2024-06-22,6,7,Social,social_media,paid_social,CMP18_influencer,Awareness,Tablet,208,6,154,0.26,0.18,0.5,0.12,0.54,3.3
TP2356,C075,CMP12,2024-06-26 15:46:00,2024-06-26,7,7,Email,email,email,CMP12_influencer,Consideration,Desktop,738,1,6,0.5,0.99,0.44,0.79,0.1,4.5
TP1392,C076,CMP17,2024-03-04 07:58:00,2024-03-04,1,6,Web,website,web_referral,CMP17_display,Conversion,Mobile,1173,5,59,0.3,-0.11,0.68,0.91,0.88,2.97
TP1825,C076,CMP04,2024-03-21 22:11:00,2024-03-21,2,6,Social,social_media,paid_social,CMP04_display,Consideration,Mobile,935,7,8,0.01,-0.09,0.24,0.22,0.8,9.31
TP2474,C076,CMP01,2024-04-03 15:40:00,2024-04-03,3,6,In-Store,offline_store,offline,CMP01_email,Retention,Desktop,851,9,148,0.9,-0.54,0.18,0.44,0.7,9.74
TP631,C076,CMP05,2024-05-13 01:42:00,2024-05-13,4,6,Web,website,web_referral,CMP05_email,Conversion,Mobile,675,0,95,0.69,-1.0,0.51,0.29,0.74,7.9
TP786,C076,CMP15,2024-05-21 14:37:00,2024-05-21,5,6,Social,social_media,paid_social,CMP15_display,Awareness,Mobile,452,9,177,0.09,-0.09,0.86,0.33,0.65,4.46
TP827,C076,CMP16,2024-05-31 23:12:00,2024-05-31,6,6,Mobile,mobile_app,mobile_push,CMP16_social_media,Retention,Desktop,802,8,6,0.15,-0.33,0.49,0.16,0.68,2.5
TP2497,C077,CMP13,2024-03-13 15:21:00,2024-03-13,1,2,Email,email,email,CMP13_social_media,Retention,Mobile,38,8,24,0.5,0.33,0.46,0.65,0.06,5.19
TP2261,C077,CMP07,2024-03-21 08:09:00,2024-03-21,2,2,Email,email,email,CMP07_email,Retention,Mobile,505,3,42,0.51,0.23,0.72,0.06,0.22,3.71
TP1173,C078,CMP19,2024-03-13 22:42:00,2024-03-13,1,6,In-Store,offline_store,offline,CMP19_social_media,Awareness,Tablet,612,8,39,0.98,0.2,0.82,0.32,0.54,9.53
TP1035,C078,CMP17,2024-03-24 08:12:00,2024-03-24,2,6,Mobile,mobile_app,mobile_push,CMP17_display,Awareness,Mobile,322,2,198,0.59,-0.27,0.57,0.8,0.53,5.3
TP1415,C078,CMP14,2024-04-19 04:17:00,2024-04-19,3,6,Social,social_media,paid_social,CMP14_email,Awareness,Mobile,877,10,41,0.52,-0.43,0.43,0.62,0.73,6.24
TP1722,C078,CMP11,2024-05-27 20:01:00,2024-05-27,4,6,Email,email,email,CMP11_display,Conversion,Mobile,254,6,183,0.69,-0.52,0.28,0.09,0.88,4.52
TP1208,C078,CMP12,2024-06-14 21:52:00,2024-06-14,5,6,In-Store,offline_store,offline,CMP12_influencer,Conversion,Desktop,1195,3,172,0.12,-0.05,0.77,0.37,0.04,3.7
TP1664,C078,CMP06,2024-06-15 02:50:00,2024-06-15,6,6,Social,social_media,paid_social,CMP06_display,Conversion,Desktop,160,8,128,0.02,0.56,0.03,0.07,0.2,0.61
TP2410,C079,CMP01,2024-03-22 11:16:00,2024-03-22,1,2,In-Store,offline_store,offline,CMP01_email,Retention,Desktop,450,5,130,0.7,0.56,0.01,0.19,0.99,9.13
TP2335,C079,CMP12,2024-06-13 03:52:00,2024-06-13,2,2,In-Store,offline_store,offline,CMP12_influencer,Awareness,Tablet,695,6,9,0.71,-0.41,0.91,0.81,0.59,1.14
TP1935,C080,CMP08,2024-05-07 01:55:00,2024-05-07,1,3,Mobile,mobile_app,mobile_push,CMP08_search,Conversion,Tablet,909,0,29,0.73,0.83,0.67,0.12,0.18,9.02
TP2479,C080,CMP08,2024-06-05 18:42:00,2024-06-05,2,3,Social,social_media,paid_social,CMP08_search,Consideration,Tablet,594,9,32,0.68,-0.55,0.01,0.7,0.5,6.92
TP910,C080,CMP16,2024-06-27 19:37:00,2024-06-27,3,3,Mobile,mobile_app,mobile_push,CMP16_social_media,Conversion,Tablet,1001,10,90,0.6,0.16,0.19,0.86,0.41,0.91
TP1777,C081,CMP01,2024-04-13 19:52:00,2024-04-13,1,7,Email,email,email,CMP01_email,Awareness,Mobile,347,4,44,0.06,-0.66,0.11,0.55,0.4,2.83
TP083,C081,CMP18,2024-05-18 12:27:00,2024-05-18,2,7,Email,email,email,CMP18_influencer,Awareness,Mobile,1082,2,71,0.26,0.26,0.8,0.64,0.15,4.17
TP142,C081,CMP06,2024-05-27 00:38:00,2024-05-27,3,7,Mobile,mobile_app,mobile_push,CMP06_display,Awareness,Tablet,734,4,42,0.89,0.4,0.88,0.54,0.52,8.05
TP2200,C081,CMP16,2024-06-01 00:41:00,2024-06-01,4,7,Mobile,mobile_app,mobile_push,CMP16_social_media,Retention,Desktop,883,2,22,0.08,0.95,0.21,0.33,0.47,1.34
TP276,C081,CMP05,2024-06-14 21:44:00,2024-06-14,5,7,Social,social_media,paid_social,CMP05_email,Retention,Desktop,946,0,112,0.65,-0.08,0.39,0.04,0.42,3.24
TP1941,C081,CMP16,2024-06-17 22:49:00,2024-06-17,6,7,Web,website,web_referral,CMP16_social_media,Consideration,Mobile,759,5,145,1.0,-0.07,0.85,0.71,0.79,4.53
TP1107,C081,CMP11,2024-06-25 21:42:00,2024-06-25,7,7,In-Store,offline_store,offline,CMP11_display,Retention,Desktop,1184,6,143,0.82,0.77,0.85,0.32,0.69,3.53
TP2257,C082,CMP17,2024-03-10 14:52:00,2024-03-10,1,5,Social,social_media,paid_social,CMP17_display,Retention,Tablet,472,0,124,0.19,0.94,0.02,0.12,0.86,7.39
TP977,C082,CMP17,2024-03-18 00:34:00,2024-03-18,2,5,Mobile,mobile_app,mobile_push,CMP17_display,Retention,Tablet,233,4,93,0.4,-0.64,0.21,0.06,0.91,9.43
TP1982,C082,CMP01,2024-04-17 02:00:00,2024-04-17,3,5,In-Store,offline_store,offline,CMP01_email,Retention,Desktop,569,10,135,0.2,-0.77,0.87,0.21,0.75,3.07
TP1750,C082,CMP16,2024-06-03 06:58:00,2024-06-03,4,5,Email,email,email,CMP16_social_media,Retention,Mobile,46,9,51,0.36,-0.66,0.17,0.05,0.04,7.47
TP2579,C082,CMP17,2024-06-20 04:51:00,2024-06-20,5,5,In-Store,offline_store,offline,CMP17_display,Consideration,Mobile,398,7,185,0.41,0.05,0.0,0.09,0.32,4.1
TP1032,C083,CMP14,2024-04-20 15:23:00,2024-04-20,1,2,Email,email,email,CMP14_email,Consideration,Desktop,1043,1,167,0.03,-0.25,0.15,0.84,0.73,9.76
TP1265,C083,CMP10,2024-06-05 06:11:00,2024-06-05,2,2,Mobile,mobile_app,mobile_push,CMP10_email,Awareness,Mobile,798,9,59,0.73,-0.54,0.02,0.27,0.17,0.66
TP2542,C084,CMP02,2024-04-24 04:43:00,2024-04-24,1,7,Web,website,web_referral,CMP02_email,Retention,Tablet,859,6,182,0.33,-0.71,0.3,0.52,0.96,5.56
TP1630,C084,CMP08,2024-04-26 23:51:00,2024-04-26,2,7,In-Store,offline_store,offline,CMP08_search,Awareness,Mobile,321,1,49,0.7,0.44,0.87,0.09,0.8,6.5
TP773,C084,CMP06,2024-05-02 20:41:00,2024-05-02,3,7,Mobile,mobile_app,mobile_push,CMP06_display,Retention,Mobile,253,8,152,0.76,0.32,0.08,0.14,0.37,6.08
TP2535,C084,CMP19,2024-05-03 23:40:00,2024-05-03,4,7,Social,social_media,paid_social,CMP19_social_media,Awareness,Desktop,1174,9,92,0.2,-0.87,0.09,0.48,0.56,8.91
TP2378,C084,CMP04,2024-06-09 04:56:00,2024-06-09,5,7,In-Store,offline_store,offline,CMP04_display,Consideration,Desktop,175,9,146,0.17,-0.44,0.33,0.28,0.74,7.79
TP2362,C084,CMP17,2024-06-14 21:52:00,2024-06-14,6,7,Mobile,mobile_app,mobile_push,CMP17_display,Awareness,Desktop,671,0,3,0.8,0.88,0.55,0.01,0.43,2.78
TP1366,C084,CMP17,2024-06-15 11:13:00,2024-06-15,7,7,Web,website,web_referral,CMP17_display,Awareness,Mobile,1127,3,137,0.82,-0.33,0.98,0.44,0.72,8.32
TP1742,C085,CMP04,2024-05-06 03:37:00,2024-05-06,1,2,Mobile,mobile_app,mobile_push,CMP04_display,Conversion,Tablet,628,10,70,0.57,-0.8,0.8,0.37,0.72,9.84
TP1034,C085,CMP16,2024-06-06 00:49:00,2024-06-06,2,2,Mobile,mobile_app,mobile_push,CMP16_social_media,Retention,Tablet,311,2,175,0.5,-0.3,0.32,0.99,0.77,8.59
TP1476,C086,CMP12,2024-03-05 11:00:00,2024-03-05,1,6,In-Store,offline_store,offline,CMP12_influencer,Awareness,Desktop,76,1,114,0.48,-0.59,0.5,0.33,0.13,0.57
TP2481,C086,CMP18,2024-03-30 12:07:00,2024-03-30,2,6,Social,social_media,paid_social,CMP18_influencer,Conversion,Tablet,1120,1,147,0.86,0.28,0.3,0.12,0.39,9.33
TP636,C086,CMP08,2024-05-11 15:49:00,2024-05-11,3,6,Email,email,email,CMP08_search,Consideration,Mobile,194,4,103,0.73,-0.83,0.13,0.15,0.33,6.85
TP212,C086,CMP14,2024-06-03 09:31:00,2024-06-03,4,6,Web,website,web_referral,CMP14_email,Retention,Desktop,863,9,150,0.3,-0.87,0.65,0.62,0.26,5.58
TP1967,C086,CMP06,2024-06-05 03:44:00,2024-06-05,5,6,Email,email,email,CMP06_display,Awareness,Tablet,493,0,154,0.31,0.11,0.97,0.3,0.58,2.77
TP1240,C086,CMP08,2024-06-29 19:05:00,2024-06-29,6,6,Email,email,email,CMP08_search,Conversion,Tablet,1138,5,16,0.33,-0.55,0.73,0.48,0.67,4.74
TP1826,C087,CMP02,2024-04-26 01:12:00,2024-04-26,1,3,Web,website,web_referral,CMP02_email,Consideration,Desktop,742,5,114,0.79,0.0,0.16,0.22,0.19,2.61
TP2559,C087,CMP07,2024-05-12 08:12:00,2024-05-12,2,3,Social,social_media,paid_social,CMP07_email,Conversion,Mobile,1091,8,57,0.78,0.99,0.99,0.02,0.92,4.15
TP1691,C087,CMP12,2024-05-22 09:46:00,2024-05-22,3,3,In-Store,offline_store,offline,CMP12_influencer,Retention,Desktop,848,7,73,0.95,0.52,0.86,0.59,0.02,1.95
TP015,C088,CMP14,2024-03-02 18:40:00,2024-03-02,1,3,Social,social_media,paid_social,CMP14_email,Retention,Desktop,926,1,4,0.04,0.71,0.74,0.3,0.61,8.86
TP1721,C088,CMP17,2024-05-28 03:16:00,2024-05-28,2,3,In-Store,offline_store,offline,CMP17_display,Consideration,Mobile,610,3,39,0.52,-0.08,0.63,0.06,0.95,2.34
TP2471,C088,CMP09,2024-06-02 09:25:00,2024-06-02,3,3,Web,website,web_referral,CMP09_social_media,Retention,Tablet,1041,7,90,0.07,0.76,0.26,0.54,0.13,8.21
TP2155,C089,CMP10,2024-03-09 17:44:00,2024-03-09,1,6,Web,website,web_referral,CMP10_email,Awareness,Tablet,592,7,114,0.04,-0.22,0.67,0.0,0.95,1.06
TP1419,C089,CMP11,2024-03-11 05:58:00,2024-03-11,2,6,Mobile,mobile_app,mobile_push,CMP11_display,Awareness,Mobile,57,10,178,0.86,0.07,0.14,0.82,0.55,3.56
TP616,C089,CMP02,2024-03-28 22:47:00,2024-03-28,3,6,Mobile,mobile_app,mobile_push,CMP02_email,Retention,Desktop,1182,4,149,0.88,-0.78,0.92,0.34,0.72,5.15
TP1950,C089,CMP07,2024-05-16 10:09:00,2024-05-16,4,6,In-Store,offline_store,offline,CMP07_email,Retention,Tablet,1159,3,94,0.56,-0.74,0.25,0.42,0.43,2.33
TP065,C089,CMP06,2024-06-08 07:51:00,2024-06-08,5,6,Web,website,web_referral,CMP06_display,Awareness,Tablet,38,2,114,0.46,-0.42,0.86,0.62,0.45,9.8
TP1422,C089,CMP03,2024-06-09 13:16:00,2024-06-09,6,6,Social,social_media,paid_social,CMP03_influencer,Consideration,Mobile,855,6,178,0.31,-0.28,0.37,0.69,0.59,9.35
TP2505,C090,CMP08,2024-03-07 02:46:00,2024-03-07,1,7,Social,social_media,paid_social,CMP08_search,Awareness,Desktop,728,2,72,0.26,-0.13,0.42,0.68,0.86,5.12
TP2190,C090,CMP17,2024-03-09 06:47:00,2024-03-09,2,7,Mobile,mobile_app,mobile_push,CMP17_display,Retention,Mobile,111,3,92,0.17,-0.43,0.21,0.03,0.74,2.99
TP725,C090,CMP09,2024-03-22 02:37:00,2024-03-22,3,7,Email,email,email,CMP09_social_media,Retention,Desktop,693,5,100,0.13,0.77,0.93,0.46,0.39,8.6
TP1343,C090,CMP11,2024-04-08 22:03:00,2024-04-08,4,7,In-Store,offline_store,offline,CMP11_display,Consideration,Tablet,408,6,99,0.77,-0.93,0.51,0.18,0.29,1.29
TP1594,C090,CMP12,2024-04-28 05:28:00,2024-04-28,5,7,Social,social_media,paid_social,CMP12_influencer,Conversion,Tablet,158,5,156,0.52,-0.94,0.21,0.51,0.42,8.75
TP720,C090,CMP06,2024-05-11 13:08:00,2024-05-11,6,7,Web,website,web_referral,CMP06_display,Conversion,Tablet,946,6,115,0.43,0.89,0.96,0.46,0.1,7.49
TP951,C090,CMP12,2024-05-14 00:13:00,2024-05-14,7,7,Mobile,mobile_app,mobile_push,CMP12_influencer,Consideration,Tablet,1176,8,15,0.26,-0.47,0.47,0.51,0.14,8.69
TP869,C091,CMP10,2024-05-10 03:49:00,2024-05-10,1,1,Social,social_media,paid_social,CMP10_email,Retention,Desktop,583,7,101,0.59,-0.89,0.22,0.26,0.35,4.12
TP2482,C092,CMP15,2024-04-07 16:43:00,2024-04-07,1,9,In-Store,offline_store,offline,CMP15_display,Retention,Desktop,1119,4,24,0.34,-0.85,0.66,0.78,0.54,6.37
TP074,C092,CMP06,2024-04-09 18:49:00,2024-04-09,2,9,Web,website,web_referral,CMP06_display,Retention,Tablet,422,6,18,0.83,0.26,0.28,0.57,0.33,9.27
TP1550,C092,CMP09,2024-05-16 21:10:00,2024-05-16,3,9,Email,email,email,CMP09_social_media,Conversion,Desktop,62,0,16,0.9,0.53,0.76,0.87,0.36,5.53
TP1159,C092,CMP19,2024-05-24 18:27:00,2024-05-24,4,9,Mobile,mobile_app,mobile_push,CMP19_social_media,Awareness,Mobile,974,9,147,0.45,-0.56,0.44,0.35,0.83,4.18
TP1715,C092,CMP18,2024-06-09 01:43:00,2024-06-09,5,9,Mobile,mobile_app,mobile_push,CMP18_influencer,Awareness,Mobile,50,10,50,0.31,-0.73,0.76,0.99,0.73,8.39
TP2223,C092,CMP14,2024-06-17 22:45:00,2024-06-17,6,9,Email,email,email,CMP14_email,Awareness,Tablet,1131,4,185,0.44,-0.19,0.77,0.82,0.0,9.47
TP2371,C092,CMP03,2024-06-23 17:27:00,2024-06-23,7,9,In-Store,offline_store,offline,CMP03_influencer,Awareness,Mobile,650,3,188,0.26,-0.15,0.79,0.74,0.25,7.14
TP594,C092,CMP12,2024-06-27 01:08:00,2024-06-27,8,9,Web,website,web_referral,CMP12_influencer,Awareness,Desktop,996,2,156,0.04,-0.64,0.95,0.79,0.42,3.89
TP538,C092,CMP01,2024-06-28 00:18:00,2024-06-28,9,9,Social,social_media,paid_social,CMP01_email,Retention,Desktop,370,1,1,0.37,-1.0,0.26,0.06,0.12,7.71
TP1149,C093,CMP17,2024-04-19 18:00:00,2024-04-19,1,4,In-Store,offline_store,offline,CMP17_display,Retention,Tablet,807,2,36,0.03,0.91,0.93,0.8,0.91,4.15
TP722,C093,CMP14,2024-04-24 07:15:00,2024-04-24,2,4,Mobile,mobile_app,mobile_push,CMP14_email,Retention,Mobile,988,0,154,0.47,-0.73,0.36,0.51,0.6,7.3
TP2407,C093,CMP02,2024-04-25 22:16:00,2024-04-25,3,4,In-Store,offline_store,offline,CMP02_email,Conversion,Desktop,456,8,112,0.77,-0.78,0.41,0.2,0.93,6.25
TP2595,C093,CMP15,2024-05-24 04:07:00,2024-05-24,4,4,Email,email,email,CMP15_display,Conversion,Tablet,409,5,133,0.98,-0.37,0.58,0.93,0.85,2.83
TP1378,C094,CMP11,2024-03-11 06:40:00,2024-03-11,1,3,Social,social_media,paid_social,CMP11_display,Conversion,Tablet,188,4,79,0.31,0.42,0.73,0.05,0.34,2.57
TP1317,C094,CMP17,2024-03-13 03:34:00,2024-03-13,2,3,Mobile,mobile_app,mobile_push,CMP17_display,Consideration,Tablet,740,1,95,0.95,-0.96,0.36,0.57,0.39,5.27
TP644,C094,CMP03,2024-06-06 08:45:00,2024-06-06,3,3,Mobile,mobile_app,mobile_push,CMP03_influencer,Retention,Tablet,1134,8,104,0.51,-0.07,0.85,0.05,0.69,6.33
TP1504,C095,CMP06,2024-03-14 15:42:00,2024-03-14,1,8,Social,social_media,paid_social,CMP06_display,Awareness,Desktop,137,2,83,0.98,0.02,0.78,0.78,0.39,2.68
TP1294,C095,CMP12,2024-03-30 02:58:00,2024-03-30,2,8,Web,website,web_referral,CMP12_influencer,Conversion,Mobile,754,3,18,0.26,-0.26,0.78,0.38,0.58,3.61
TP1050,C095,CMP04,2024-05-03 07:16:00,2024-05-03,3,8,Email,email,email,CMP04_display,Consideration,Desktop,831,0,182,0.3,-0.47,0.55,0.03,0.62,1.86
TP1379,C095,CMP03,2024-05-07 12:58:00,2024-05-07,4,8,Web,website,web_referral,CMP03_influencer,Conversion,Mobile,815,5,18,0.9,-0.56,0.34,0.91,0.63,6.31
TP1135,C095,CMP12,2024-05-19 03:32:00,2024-05-19,5,8,Web,website,web_referral,CMP12_influencer,Awareness,Tablet,637,6,39,0.76,0.59,0.85,0.18,0.97,9.41
TP711,C095,CMP11,2024-05-21 22:13:00,2024-05-21,6,8,Mobile,mobile_app,mobile_push,CMP11_display,Conversion,Desktop,758,2,113,0.83,-0.86,0.55,0.29,0.87,8.79
TP2458,C095,CMP04,2024-06-09 07:38:00,2024-06-09,7,8,Social,social_media,paid_social,CMP04_display,Retention,Desktop,1026,9,183,1.0,0.94,0.98,0.58,0.85,7.94
TP471,C095,CMP07,2024-06-23 05:17:00,2024-06-23,8,8,In-Store,offline_store,offline,CMP07_email,Consideration,Tablet,908,10,147,0.54,0.63,0.1,0.13,0.72,6.87
TP196,C096,CMP18,2024-03-07 15:34:00,2024-03-07,1,8,Social,social_media,paid_social,CMP18_influencer,Consideration,Desktop,174,7,32,0.57,0.37,0.14,0.09,0.66,4.0
TP673,C096,CMP03,2024-03-14 01:48:00,2024-03-14,2,8,Social,social_media,paid_social,CMP03_influencer,Consideration,Mobile,937,8,75,0.17,-0.54,0.18,0.75,0.93,3.68
TP259,C096,CMP07,2024-03-28 13:43:00,2024-03-28,3,8,Web,website,web_referral,CMP07_email,Retention,Mobile,397,10,81,0.18,0.01,1.0,0.81,0.83,0.84
TP755,C096,CMP03,2024-05-01 02:51:00,2024-05-01,4,8,Mobile,mobile_app,mobile_push,CMP03_influencer,Retention,Tablet,1137,2,68,0.67,0.66,0.55,0.83,0.01,5.98
TP1720,C096,CMP02,2024-05-31 04:47:00,2024-05-31,5,8,Email,email,email,CMP02_email,Retention,Mobile,159,7,35,0.68,0.01,0.9,0.88,0.97,8.09
TP612,C096,CMP11,2024-06-06 06:09:00,2024-06-06,6,8,In-Store,offline_store,offline,CMP11_display,Retention,Tablet,618,2,191,0.2,0.18,0.96,0.34,0.33,4.68
TP2037,C096,CMP19,2024-06-13 03:35:00,2024-06-13,7,8,In-Store,offline_store,offline,CMP19_social_media,Awareness,Tablet,482,0,158,0.05,-0.61,0.87,0.63,0.53,2.5
TP2621,C096,CMP05,2024-06-14 20:00:00,2024-06-14,8,8,In-Store,offline_store,offline,CMP05_email,Conversion,Mobile,538,2,178,0.64,-0.1,0.77,0.75,0.48,7.87
TP1469,C097,CMP12,2024-03-20 17:35:00,2024-03-20,1,4,Email,email,email,CMP12_influencer,Awareness,Desktop,91,6,10,0.17,-0.12,0.96,0.96,0.88,7.62
TP441,C097,CMP19,2024-04-18 03:20:00,2024-04-18,2,4,Mobile,mobile_app,mobile_push,CMP19_social_media,Consideration,Mobile,509,7,186,0.14,-0.45,0.99,0.91,0.68,2.13
TP1714,C097,CMP06,2024-06-02 10:39:00,2024-06-02,3,4,Email,email,email,CMP06_display,Conversion,Mobile,692,4,85,0.89,0.53,0.71,0.9,0.94,4.43
TP315,C097,CMP07,2024-06-16 22:07:00,2024-06-16,4,4,Mobile,mobile_app,mobile_push,CMP07_email,Retention,Desktop,1115,1,104,0.16,-0.74,0.14,0.61,0.65,5.51
TP1807,C098,CMP18,2024-03-03 22:17:00,2024-03-03,1,8,Social,social_media,paid_social,CMP18_influencer,Conversion,Mobile,934,3,135,0.21,-0.4,0.03,0.81,1.0,1.8
TP1873,C098,CMP10,2024-03-17 02:00:00,2024-03-17,2,8,Web,website,web_referral,CMP10_email,Consideration,Desktop,993,1,96,0.08,-0.62,0.93,0.19,0.36,7.1
TP1089,C098,CMP19,2024-04-10 02:34:00,2024-04-10,3,8,Social,social_media,paid_social,CMP19_social_media,Awareness,Desktop,1110,6,167,0.85,0.4,0.8,0.76,0.79,8.01
TP2000,C098,CMP09,2024-05-08 09:40:00,2024-05-08,4,8,Social,social_media,paid_social,CMP09_social_media,Awareness,Desktop,93,2,21,0.56,0.78,0.01,0.18,0.03,9.99
TP309,C098,CMP03,2024-05-14 15:01:00,2024-05-14,5,8,Web,website,web_referral,CMP03_influencer,Retention,Mobile,233,6,82,0.23,0.85,0.8,0.9,0.05,5.19
TP2160,C098,CMP15,2024-05-20 13:06:00,2024-05-20,6,8,Email,email,email,CMP15_display,Conversion,Tablet,1153,10,30,0.31,0.29,0.18,0.67,0.05,4.72
TP1010,C098,CMP14,2024-06-06 00:55:00,2024-06-06,7,8,Mobile,mobile_app,mobile_push,CMP14_email,Consideration,Tablet,148,9,75,0.73,-0.45,0.74,0.86,0.67,8.54
TP1837,C098,CMP10,2024-06-20 04:24:00,2024-06-20,8,8,In-Store,offline_store,offline,CMP10_email,Consideration,Desktop,1062,10,28,0.15,-0.02,0.15,0.82,0.73,7.32
TP472,C099,CMP18,2024-03-10 10:32:00,2024-03-10,1,11,Email,email,email,CMP18_influencer,Conversion,Desktop,864,10,182,0.02,0.53,0.57,0.01,0.15,6.77
TP2348,C099,CMP13,2024-03-13 03:49:00,2024-03-13,2,11,In-Store,offline_store,offline,CMP13_social_media,Conversion,Mobile,267,8,186,0.05,0.12,0.88,0.75,0.32,3.05
TP2134,C099,CMP15,2024-03-13 14:43:00,2024-03-13,3,11,In-Store,offline_store,offline,CMP15_display,Consideration,Tablet,353,8,106,0.0,-0.99,0.38,0.94,0.77,1.43
TP370,C099,CMP04,2024-03-20 09:11:00,2024-03-20,4,11,Email,email,email,CMP04_display,Consideration,Mobile,1086,9,29,0.3,-0.19,0.06,0.78,0.18,2.11
TP352,C099,CMP16,2024-04-25 21:03:00,2024-04-25,5,11,Social,social_media,paid_social,CMP16_social_media,Conversion,Tablet,666,10,59,0.94,0.42,0.55,0.48,0.6,3.75
TP1012,C099,CMP19,2024-04-30 06:23:00,2024-04-30,6,11,Social,social_media,paid_social,CMP19_social_media,Conversion,Mobile,946,3,20,0.35,0.49,0.35,0.78,0.73,6.7
TP462,C099,CMP04,2024-05-05 08:10:00,2024-05-05,7,11,In-Store,offline_store,offline,CMP04_display,Consideration,Desktop,968,6,64,0.93,-0.81,0.41,0.88,0.32,9.15
TP164,C099,CMP17,2024-05-23 15:49:00,2024-05-23,8,11,Email,email,email,CMP17_display,Awareness,Mobile,575,4,40,0.15,-0.85,0.09,0.52,0.29,5.56
TP393,C099,CMP06,2024-05-29 11:59:00,2024-05-29,9,11,Mobile,mobile_app,mobile_push,CMP06_display,Awareness,Desktop,101,8,103,0.06,0.04,0.82,0.83,0.92,3.27
TP799,C099,CMP05,2024-06-11 09:27:00,2024-06-11,10,11,Web,website,web_referral,CMP05_email,Retention,Mobile,198,6,179,0.7,-0.16,0.37,0.56,0.18,7.7
TP749,C099,CMP04,2024-06-13 12:43:00,2024-06-13,11,11,Web,website,web_referral,CMP04_display,Awareness,Desktop,443,2,66,0.55,0.89,0.74,0.07,0.86,8.71
TP017,C100,CMP05,2024-03-16 03:11:00,2024-03-16,1,4,Mobile,mobile_app,mobile_push,CMP05_email,Awareness,Desktop,147,3,60,0.54,-0.52,0.41,0.88,0.35,4.38
TP665,C100,CMP19,2024-05-04 08:09:00,2024-05-04,2,4,In-Store,offline_store,offline,CMP19_social_media,Awareness,Desktop,731,9,102,0.36,0.81,0.09,0.11,0.74,8.19
TP781,C100,CMP04,2024-05-25 14:09:00,2024-05-25,3,4,In-Store,offline_store,offline,CMP04_display,Retention,Mobile,1168,10,199,0.22,0.94,0.05,0.66,0.12,8.78
TP655,C100,CMP09,2024-06-08 22:46:00,2024-06-08,4,4,Email,email,email,CMP09_social_media,Consideration,Desktop,784,7,194,0.43,0.7,0.95,0.21,0.78,6.68
TP563,C101,CMP08,2024-03-09 21:33:00,2024-03-09,1,8,Social,social_media,paid_social,CMP08_search,Retention,Desktop,1026,4,136,0.81,0.76,0.23,0.95,0.46,3.76
TP699,C101,CMP12,2024-03-14 15:19:00,2024-03-14,2,8,Web,website,web_referral,CMP12_influencer,Awareness,Desktop,261,6,35,0.44,-0.15,0.07,0.0,0.2,1.39
TP1268,C101,CMP06,2024-04-05 02:00:00,2024-04-05,3,8,In-Store,offline_store,offline,CMP06_display,Consideration,Tablet,194,1,138,0.04,-0.53,0.55,0.59,0.73,7.81
TP172,C101,CMP14,2024-04-05 16:04:00,2024-04-05,4,8,Mobile,mobile_app,mobile_push,CMP14_email,Consideration,Desktop,1076,8,94,0.47,0.2,0.56,0.1,0.06,1.51
TP1564,C101,CMP18,2024-04-26 02:23:00,2024-04-26,5,8,In-Store,offline_store,offline,CMP18_influencer,Awareness,Tablet,141,1,145,0.97,-0.18,0.31,0.97,0.6,3.77
TP1922,C101,CMP14,2024-05-10 01:47:00,2024-05-10,6,8,In-Store,offline_store,offline,CMP14_email,Conversion,Mobile,1025,6,121,0.5,-0.08,0.62,0.86,0.83,6.4
TP1369,C101,CMP19,2024-06-23 03:01:00,2024-06-23,7,8,Web,website,web_referral,CMP19_social_media,Awareness,Tablet,614,4,172,0.65,-0.47,0.86,0.02,0.89,3.18
TP273,C101,CMP01,2024-06-24 09:27:00,2024-06-24,8,8,Email,email,email,CMP01_email,Conversion,Tablet,1194,0,118,0.33,0.84,0.41,0.38,0.68,8.37
TP2465,C102,CMP18,2024-05-14 21:03:00,2024-05-14,1,2,Social,social_media,paid_social,CMP18_influencer,Conversion,Tablet,404,10,19,0.64,0.44,0.01,0.32,0.7,6.53
TP1918,C102,CMP03,2024-06-26 12:43:00,2024-06-26,2,2,Mobile,mobile_app,mobile_push,CMP03_influencer,Consideration,Desktop,142,7,46,0.73,0.6,0.3,0.5,0.71,2.05
TP571,C103,CMP04,2024-03-06 18:47:00,2024-03-06,1,6,Mobile,mobile_app,mobile_push,CMP04_display,Awareness,Desktop,1091,0,5,0.89,0.09,0.37,0.24,0.02,0.87
TP2501,C103,CMP06,2024-04-06 21:05:00,2024-04-06,2,6,Email,email,email,CMP06_display,Awareness,Desktop,690,7,84,0.1,-0.39,0.89,0.42,0.21,8.94
TP1082,C103,CMP06,2024-04-10 06:13:00,2024-04-10,3,6,Email,email,email,CMP06_display,Consideration,Mobile,437,1,42,0.49,0.26,0.52,0.73,0.66,6.09
TP001,C103,CMP12,2024-05-07 03:51:00,2024-05-07,4,6,Web,website,web_referral,CMP12_influencer,Retention,Tablet,429,8,31,0.58,-0.17,0.82,0.86,0.05,9.26
TP009,C103,CMP08,2024-06-03 13:48:00,2024-06-03,5,6,In-Store,offline_store,offline,CMP08_search,Awareness,Tablet,410,10,42,0.68,0.47,0.01,0.86,0.1,7.56
TP1991,C103,CMP08,2024-06-28 11:51:00,2024-06-28,6,6,Web,website,web_referral,CMP08_search,Consideration,Tablet,543,7,88,0.99,-0.99,0.49,0.91,0.02,6.77
TP1427,C104,CMP13,2024-03-12 16:47:00,2024-03-12,1,8,Web,website,web_referral,CMP13_social_media,Awareness,Tablet,48,2,195,0.39,-0.22,0.31,0.38,0.9,4.07
TP387,C104,CMP05,2024-03-23 09:48:00,2024-03-23,2,8,Social,social_media,paid_social,CMP05_email,Awareness,Mobile,227,2,27,0.49,0.18,0.6,0.75,0.83,5.15
TP1529,C104,CMP05,2024-03-24 18:18:00,2024-03-24,3,8,Social,social_media,paid_social,CMP05_email,Consideration,Mobile,531,2,62,0.7,0.45,0.45,0.26,0.6,6.78
TP1535,C104,CMP16,2024-04-14 13:38:00,2024-04-14,4,8,Social,social_media,paid_social,CMP16_social_media,Conversion,Tablet,959,2,28,0.96,0.76,0.43,0.62,0.73,0.8
TP1445,C104,CMP08,2024-05-02 02:51:00,2024-05-02,5,8,In-Store,offline_store,offline,CMP08_search,Conversion,Desktop,231,10,154,0.22,0.66,0.64,0.47,0.54,4.95
TP507,C104,CMP10,2024-05-15 10:54:00,2024-05-15,6,8,Mobile,mobile_app,mobile_push,CMP10_email,Conversion,Desktop,932,5,13,0.8,0.26,0.81,0.11,0.99,8.72
TP1906,C104,CMP15,2024-05-24 03:25:00,2024-05-24,7,8,In-Store,offline_store,offline,CMP15_display,Retention,Mobile,413,4,193,0.89,0.64,0.16,0.57,0.74,5.37
TP1446,C104,CMP14,2024-05-26 17:57:00,2024-05-26,8,8,Email,email,email,CMP14_email,Awareness,Tablet,149,6,107,0.97,0.35,0.57,0.42,0.16,6.46
TP2162,C105,CMP03,2024-04-09 03:19:00,2024-04-09,1,4,In-Store,offline_store,offline,CMP03_influencer,Conversion,Desktop,560,5,30,0.54,0.18,0.86,0.02,0.43,4.62
TP1011,C105,CMP09,2024-05-08 23:02:00,2024-05-08,2,4,Social,social_media,paid_social,CMP09_social_media,Conversion,Mobile,379,1,102,0.09,0.95,0.77,0.94,0.2,8.63
TP728,C105,CMP10,2024-05-21 02:09:00,2024-05-21,3,4,Social,social_media,paid_social,CMP10_email,Retention,Tablet,756,4,136,0.16,0.33,0.35,0.9,0.59,5.36
TP2622,C105,CMP06,2024-06-26 15:57:00,2024-06-26,4,4,Web,website,web_referral,CMP06_display,Retention,Tablet,679,3,132,0.39,0.72,0.66,0.92,0.73,9.09
TP091,C106,CMP12,2024-03-06 13:49:00,2024-03-06,1,5,In-Store,offline_store,offline,CMP12_influencer,Awareness,Tablet,639,5,164,0.33,0.32,0.45,0.58,0.39,8.53
TP1105,C106,CMP17,2024-04-18 08:51:00,2024-04-18,2,5,Email,email,email,CMP17_display,Retention,Desktop,1080,7,96,0.37,0.56,0.13,0.89,0.69,3.78
TP1548,C106,CMP02,2024-04-20 04:12:00,2024-04-20,3,5,Web,website,web_referral,CMP02_email,Awareness,Tablet,1067,7,46,0.17,-0.13,0.99,0.2,0.8,9.46
TP587,C106,CMP17,2024-06-11 09:00:00,2024-06-11,4,5,Email,email,email,CMP17_display,Awareness,Tablet,611,1,103,0.81,0.08,0.2,0.46,0.49,1.86
TP2511,C106,CMP17,2024-06-23 16:15:00,2024-06-23,5,5,In-Store,offline_store,offline,CMP17_display,Conversion,Desktop,283,6,53,0.99,0.55,0.76,0.98,0.91,9.68
TP2118,C107,CMP06,2024-03-16 05:05:00,2024-03-16,1,3,In-Store,offline_store,offline,CMP06_display,Awareness,Mobile,843,8,31,0.82,-0.64,0.35,0.6,0.87,2.43
TP1186,C107,CMP03,2024-04-16 07:06:00,2024-04-16,2,3,Web,website,web_referral,CMP03_influencer,Conversion,Mobile,614,0,124,0.75,1.0,0.65,0.2,0.21,3.43
TP005,C107,CMP08,2024-06-08 11:38:00,2024-06-08,3,3,Email,email,email,CMP08_search,Awareness,Tablet,788,10,44,0.07,-0.38,0.37,0.29,1.0,8.22
TP569,C108,CMP17,2024-03-18 11:41:00,2024-03-18,1,5,Mobile,mobile_app,mobile_push,CMP17_display,Awareness,Mobile,551,6,38,0.85,0.63,0.83,0.88,0.9,9.09
TP2023,C108,CMP02,2024-05-30 07:59:00,2024-05-30,2,5,Web,website,web_referral,CMP02_email,Awareness,Tablet,935,4,167,0.26,0.52,0.67,0.77,0.24,7.23
TP1914,C108,CMP18,2024-06-07 06:14:00,2024-06-07,3,5,In-Store,offline_store,offline,CMP18_influencer,Conversion,Tablet,562,2,93,0.57,-0.17,0.98,0.95,0.17,1.66
TP222,C108,CMP18,2024-06-07 10:10:00,2024-06-07,4,5,In-Store,offline_store,offline,CMP18_influencer,Conversion,Mobile,1140,6,94,0.57,0.91,0.17,0.87,0.13,2.16
TP1997,C108,CMP09,2024-06-25 13:49:00,2024-06-25,5,5,Mobile,mobile_app,mobile_push,CMP09_social_media,Retention,Mobile,942,10,150,0.43,0.86,0.13,0.17,0.6,8.86
TP811,C109,CMP17,2024-03-13 02:34:00,2024-03-13,1,3,Web,website,web_referral,CMP17_display,Retention,Desktop,1191,3,66,0.34,0.05,0.97,0.16,0.66,2.18
TP1806,C109,CMP15,2024-03-14 20:07:00,2024-03-14,2,3,Email,email,email,CMP15_display,Consideration,Tablet,1142,4,161,0.29,-0.02,0.51,0.73,0.46,4.13
TP1253,C109,CMP13,2024-06-14 00:50:00,2024-06-14,3,3,Social,social_media,paid_social,CMP13_social_media,Consideration,Desktop,382,2,132,0.47,0.19,0.63,0.66,0.33,6.28
TP1567,C110,CMP12,2024-06-03 07:48:00,2024-06-03,1,1,Social,social_media,paid_social,CMP12_influencer,Consideration,Mobile,421,8,138,0.18,0.48,0.27,0.79,0.04,7.4
TP1219,C111,CMP01,2024-03-02 23:46:00,2024-03-02,1,9,Mobile,mobile_app,mobile_push,CMP01_email,Retention,Mobile,925,0,4,0.74,0.75,0.76,0.12,0.82,3.31
TP1260,C111,CMP06,2024-03-11 02:14:00,2024-03-11,2,9,Web,website,web_referral,CMP06_display,Retention,Tablet,337,0,51,0.05,-0.67,0.54,0.0,0.41,4.62
TP1257,C111,CMP10,2024-03-25 22:22:00,2024-03-25,3,9,Social,social_media,paid_social,CMP10_email,Retention,Mobile,354,4,171,0.26,-0.17,0.42,0.14,0.24,1.11
TP1534,C111,CMP15,2024-04-23 09:54:00,2024-04-23,4,9,Social,social_media,paid_social,CMP15_display,Retention,Tablet,828,10,55,0.39,0.95,0.46,0.3,0.64,7.28
TP1130,C111,CMP13,2024-05-04 09:27:00,2024-05-04,5,9,Web,website,web_referral,CMP13_social_media,Consideration,Mobile,762,2,174,0.3,0.57,0.32,0.92,0.97,2.88
TP1459,C111,CMP08,2024-05-12 03:47:00,2024-05-12,6,9,Social,social_media,paid_social,CMP08_search,Retention,Tablet,1113,2,100,0.55,-0.58,0.17,0.81,0.95,0.66
TP1255,C111,CMP14,2024-05-16 11:00:00,2024-05-16,7,9,Mobile,mobile_app,mobile_push,CMP14_email,Consideration,Tablet,704,4,105,0.08,0.17,0.92,0.4,0.49,3.87
TP1875,C111,CMP04,2024-05-26 15:11:00,2024-05-26,8,9,Social,social_media,paid_social,CMP04_display,Awareness,Desktop,643,2,141,0.91,-0.08,0.33,0.77,0.89,1.64
TP2537,C111,CMP11,2024-06-08 11:03:00,2024-06-08,9,9,Mobile,mobile_app,mobile_push,CMP11_display,Consideration,Tablet,536,6,66,0.67,-0.57,0.79,0.8,0.74,5.98
TP391,C112,CMP17,2024-03-08 05:37:00,2024-03-08,1,5,Mobile,mobile_app,mobile_push,CMP17_display,Awareness,Tablet,1138,10,131,0.53,0.21,0.56,0.12,0.38,2.85
TP1071,C112,CMP07,2024-04-02 00:11:00,2024-04-02,2,5,In-Store,offline_store,offline,CMP07_email,Consideration,Tablet,533,9,79,0.28,0.15,0.27,0.92,0.64,1.24
TP1744,C112,CMP10,2024-04-08 14:29:00,2024-04-08,3,5,Web,website,web_referral,CMP10_email,Awareness,Desktop,629,9,130,0.42,0.59,0.64,0.4,0.47,3.35
TP357,C112,CMP08,2024-05-19 06:21:00,2024-05-19,4,5,Mobile,mobile_app,mobile_push,CMP08_search,Retention,Tablet,1067,6,21,0.89,0.26,0.24,0.06,0.33,2.73
TP1287,C112,CMP03,2024-06-03 06:29:00,2024-06-03,5,5,Email,email,email,CMP03_influencer,Retention,Desktop,904,7,126,0.07,-0.57,0.93,0.85,0.23,3.11
TP2270,C113,CMP09,2024-04-16 11:29:00,2024-04-16,1,10,Mobile,mobile_app,mobile_push,CMP09_social_media,Consideration,Desktop,989,1,198,0.7,-0.54,0.05,0.84,0.06,2.76
TP1339,C113,CMP12,2024-04-26 11:12:00,2024-04-26,2,10,In-Store,offline_store,offline,CMP12_influencer,Consideration,Mobile,290,7,139,0.6,-0.8,0.82,0.28,0.85,7.26
TP383,C113,CMP06,2024-05-20 19:26:00,2024-05-20,3,10,Web,website,web_referral,CMP06_display,Retention,Mobile,424,9,155,0.32,-0.41,0.87,0.84,0.97,9.94
TP274,C113,CMP17,2024-05-21 13:17:00,2024-05-21,4,10,Mobile,mobile_app,mobile_push,CMP17_display,Conversion,Desktop,61,5,38,0.03,0.73,0.98,0.33,0.79,1.09
TP263,C113,CMP04,2024-05-21 23:36:00,2024-05-21,5,10,Web,website,web_referral,CMP04_display,Consideration,Mobile,42,6,167,0.66,0.6,0.67,0.76,0.85,8.1
TP272,C113,CMP02,2024-05-25 09:34:00,2024-05-25,6,10,In-Store,offline_store,offline,CMP02_email,Conversion,Desktop,923,5,178,0.41,-0.49,0.49,0.58,0.18,7.47
TP1867,C113,CMP10,2024-05-25 12:06:00,2024-05-25,7,10,Web,website,web_referral,CMP10_email,Retention,Desktop,401,3,8,0.87,0.32,0.23,0.57,0.29,6.75
TP278,C113,CMP03,2024-05-30 03:04:00,2024-05-30,8,10,Web,website,web_referral,CMP03_influencer,Awareness,Tablet,177,1,152,0.27,0.76,0.64,0.39,0.44,5.15
TP1195,C113,CMP01,2024-06-05 15:23:00,2024-06-05,9,10,In-Store,offline_store,offline,CMP01_email,Conversion,Mobile,104,2,45,0.07,-0.07,0.94,0.78,0.66,9.26
TP1670,C113,CMP18,2024-06-18 02:42:00,2024-06-18,10,10,Mobile,mobile_app,mobile_push,CMP18_influencer,Awareness,Desktop,761,0,112,0.69,-0.78,0.09,0.55,0.86,3.44
TP732,C114,CMP11,2024-04-26 23:28:00,2024-04-26,1,4,Email,email,email,CMP11_display,Conversion,Desktop,1017,8,55,0.22,-0.79,0.08,0.71,0.19,8.63
TP1671,C114,CMP05,2024-05-06 18:09:00,2024-05-06,2,4,In-Store,offline_store,offline,CMP05_email,Conversion,Tablet,363,0,170,0.45,-0.42,0.34,0.76,0.9,5.59
TP2201,C114,CMP13,2024-05-23 09:04:00,2024-05-23,3,4,Web,website,web_referral,CMP13_social_media,Consideration,Tablet,146,0,116,0.53,-0.97,0.55,0.92,0.45,6.4
TP495,C114,CMP03,2024-05-29 12:26:00,2024-05-29,4,4,Mobile,mobile_app,mobile_push,CMP03_influencer,Consideration,Mobile,1027,0,11,0.86,-0.87,0.89,1.0,0.8,8.12
TP2207,C115,CMP12,2024-05-04 14:49:00,2024-05-04,1,4,Email,email,email,CMP12_influencer,Consideration,Desktop,855,9,111,0.08,0.21,0.95,0.66,0.49,4.52
TP727,C115,CMP05,2024-05-21 14:40:00,2024-05-21,2,4,Mobile,mobile_app,mobile_push,CMP05_email,Awareness,Tablet,616,6,73,0.86,-0.23,0.6,0.84,0.95,5.41
TP1788,C115,CMP09,2024-06-17 06:54:00,2024-06-17,3,4,In-Store,offline_store,offline,CMP09_social_media,Consideration,Desktop,154,0,6,0.06,-0.72,0.36,0.25,0.33,5.3
TP1505,C115,CMP16,2024-06-24 08:09:00,2024-06-24,4,4,Email,email,email,CMP16_social_media,Retention,Desktop,905,1,17,0.95,-0.66,0.96,0.58,0.21,8.4
TP381,C116,CMP04,2024-04-08 04:54:00,2024-04-08,1,4,Web,website,web_referral,CMP04_display,Consideration,Mobile,636,5,11,0.77,-0.7,0.99,0.19,0.02,4.09
TP475,C116,CMP07,2024-05-06 17:40:00,2024-05-06,2,4,Mobile,mobile_app,mobile_push,CMP07_email,Awareness,Desktop,167,2,82,0.99,-0.96,0.1,0.25,0.8,2.38
TP239,C116,CMP07,2024-05-06 20:38:00,2024-05-06,3,4,Mobile,mobile_app,mobile_push,CMP07_email,Retention,Tablet,868,2,31,0.67,-0.13,0.73,0.64,0.85,9.17
TP2498,C116,CMP02,2024-05-23 12:19:00,2024-05-23,4,4,Web,website,web_referral,CMP02_email,Retention,Mobile,449,3,61,0.06,-0.29,0.49,0.89,0.44,6.75
TP1827,C117,CMP10,2024-03-04 19:49:00,2024-03-04,1,7,Email,email,email,CMP10_email,Conversion,Desktop,185,0,181,0.81,0.92,0.67,0.46,0.35,7.32
TP600,C117,CMP17,2024-03-08 03:47:00,2024-03-08,2,7,Social,social_media,paid_social,CMP17_display,Retention,Tablet,932,1,185,0.11,0.81,0.25,0.59,0.95,8.34
TP1587,C117,CMP14,2024-03-27 00:51:00,2024-03-27,3,7,Web,website,web_referral,CMP14_email,Conversion,Tablet,680,5,112,0.46,-0.61,0.1,0.27,0.09,6.42
TP2442,C117,CMP04,2024-04-12 01:14:00,2024-04-12,4,7,Social,social_media,paid_social,CMP04_display,Retention,Tablet,1070,2,181,0.76,-0.81,0.88,0.03,0.08,2.87
TP900,C117,CMP11,2024-04-29 10:28:00,2024-04-29,5,7,In-Store,offline_store,offline,CMP11_display,Awareness,Tablet,117,5,24,0.18,0.59,0.42,1.0,0.41,1.68
TP2625,C117,CMP14,2024-05-16 00:24:00,2024-05-16,6,7,Mobile,mobile_app,mobile_push,CMP14_email,Awareness,Mobile,572,6,60,0.4,0.87,0.81,0.27,0.15,6.16
TP1972,C117,CMP01,2024-05-17 18:13:00,2024-05-17,7,7,Social,social_media,paid_social,CMP01_email,Retention,Desktop,888,2,40,0.22,-0.18,0.03,0.39,0.11,0.67
TP1333,C118,CMP06,2024-03-17 00:57:00,2024-03-17,1,6,In-Store,offline_store,offline,CMP06_display,Consideration,Mobile,143,4,144,0.31,-0.71,0.06,0.35,0.5,7.14
TP1315,C118,CMP08,2024-03-31 01:56:00,2024-03-31,2,6,Email,email,email,CMP08_search,Consideration,Desktop,712,6,152,0.72,-0.14,0.79,0.77,0.56,8.77
TP1057,C118,CMP15,2024-04-24 11:10:00,2024-04-24,3,6,Mobile,mobile_app,mobile_push,CMP15_display,Consideration,Mobile,315,2,123,0.28,-0.52,0.74,0.79,0.68,2.47
TP614,C118,CMP13,2024-05-16 00:04:00,2024-05-16,4,6,In-Store,offline_store,offline,CMP13_social_media,Retention,Mobile,596,4,156,0.11,0.36,0.47,0.28,0.71,1.81
TP1483,C118,CMP18,2024-05-26 02:54:00,2024-05-26,5,6,Web,website,web_referral,CMP18_influencer,Awareness,Tablet,1048,9,60,0.99,-0.44,0.51,0.76,0.67,8.32
TP1634,C118,CMP02,2024-06-13 15:40:00,2024-06-13,6,6,Social,social_media,paid_social,CMP02_email,Consideration,Desktop,490,6,28,0.46,-0.19,0.64,0.21,0.87,5.47
TP1232,C119,CMP03,2024-03-06 11:09:00,2024-03-06,1,4,Web,website,web_referral,CMP03_influencer,Awareness,Desktop,565,2,185,0.92,0.61,0.94,0.77,0.55,2.91
TP991,C119,CMP04,2024-03-29 14:54:00,2024-03-29,2,4,Email,email,email,CMP04_display,Conversion,Mobile,732,0,85,0.4,-0.69,0.25,0.8,0.86,6.35
TP1761,C119,CMP01,2024-04-04 20:34:00,2024-04-04,3,4,Social,social_media,paid_social,CMP01_email,Consideration,Desktop,1159,6,53,0.28,-0.56,0.33,0.56,0.1,4.6
TP2573,C119,CMP10,2024-05-24 10:51:00,2024-05-24,4,4,Web,website,web_referral,CMP10_email,Conversion,Desktop,451,10,173,0.12,-0.72,0.14,0.37,0.56,7.58
TP591,C120,CMP08,2024-03-22 08:22:00,2024-03-22,1,6,Web,website,web_referral,CMP08_search,Retention,Mobile,787,6,154,0.24,-0.9,0.91,0.45,0.63,6.74
TP1724,C120,CMP16,2024-03-30 11:43:00,2024-03-30,2,6,Social,social_media,paid_social,CMP16_social_media,Retention,Tablet,1012,7,133,0.37,0.9,0.23,0.56,0.59,5.26
TP1780,C120,CMP11,2024-04-08 23:21:00,2024-04-08,3,6,Mobile,mobile_app,mobile_push,CMP11_display,Conversion,Tablet,922,5,138,0.13,0.32,0.65,0.33,0.2,4.15
TP2152,C120,CMP16,2024-04-29 05:42:00,2024-04-29,4,6,Social,social_media,paid_social,CMP16_social_media,Retention,Mobile,567,8,36,0.95,0.82,0.8,0.63,0.95,9.54
TP2315,C120,CMP11,2024-06-07 11:02:00,2024-06-07,5,6,Web,website,web_referral,CMP11_display,Awareness,Tablet,855,2,30,0.58,-0.54,0.89,0.42,0.96,2.6
TP378,C120,CMP01,2024-06-23 02:46:00,2024-06-23,6,6,Web,website,web_referral,CMP01_email,Retention,Mobile,590,0,159,0.11,0.98,0.84,1.0,0.26,9.09
TP238,C121,CMP04,2024-03-11 11:11:00,2024-03-11,1,2,In-Store,offline_store,offline,CMP04_display,Consideration,Desktop,871,1,64,0.53,-0.15,0.9,0.84,0.58,6.18
TP1181,C121,CMP07,2024-05-22 04:06:00,2024-05-22,2,2,In-Store,offline_store,offline,CMP07_email,Conversion,Mobile,793,2,44,0.75,0.25,0.93,0.5,0.27,2.0
TP608,C122,CMP08,2024-03-15 03:59:00,2024-03-15,1,9,Email,email,email,CMP08_search,Awareness,Desktop,67,3,15,0.02,-0.79,0.19,0.02,0.4,2.0
TP843,C122,CMP07,2024-03-15 07:37:00,2024-03-15,2,9,Email,email,email,CMP07_email,Retention,Mobile,633,1,186,0.01,0.79,0.09,0.17,0.61,5.72
TP1849,C122,CMP04,2024-03-22 22:39:00,2024-03-22,3,9,Mobile,mobile_app,mobile_push,CMP04_display,Awareness,Tablet,1070,5,105,0.9,0.68,0.46,0.61,0.67,9.48
TP818,C122,CMP02,2024-03-28 20:53:00,2024-03-28,4,9,Mobile,mobile_app,mobile_push,CMP02_email,Conversion,Mobile,1180,7,59,0.48,0.71,0.52,0.85,0.23,5.34
TP2565,C122,CMP04,2024-05-13 11:16:00,2024-05-13,5,9,Web,website,web_referral,CMP04_display,Consideration,Tablet,784,0,60,0.77,-0.17,0.08,0.3,0.09,1.88
TP1153,C122,CMP02,2024-05-14 16:54:00,2024-05-14,6,9,Social,social_media,paid_social,CMP02_email,Conversion,Desktop,196,7,28,0.77,0.82,0.84,0.9,0.06,8.66
TP2507,C122,CMP08,2024-05-19 14:23:00,2024-05-19,7,9,In-Store,offline_store,offline,CMP08_search,Conversion,Desktop,1171,8,129,0.3,0.62,0.06,0.25,0.49,4.13
TP010,C122,CMP04,2024-06-09 01:51:00,2024-06-09,8,9,In-Store,offline_store,offline,CMP04_display,Retention,Mobile,538,0,108,0.53,0.06,0.41,0.68,0.33,0.79
TP948,C122,CMP16,2024-06-17 21:39:00,2024-06-17,9,9,Email,email,email,CMP16_social_media,Conversion,Mobile,1200,0,101,0.68,-0.65,0.53,0.93,0.48,9.96
TP2519,C123,CMP16,2024-03-13 22:56:00,2024-03-13,1,4,In-Store,offline_store,offline,CMP16_social_media,Conversion,Tablet,445,5,176,0.71,-0.72,0.12,0.65,0.51,6.04
TP302,C123,CMP13,2024-03-27 07:09:00,2024-03-27,2,4,Social,social_media,paid_social,CMP13_social_media,Awareness,Desktop,770,7,143,0.86,-0.77,0.07,0.49,0.15,5.28
TP2165,C123,CMP01,2024-05-08 16:38:00,2024-05-08,3,4,Email,email,email,CMP01_email,Consideration,Tablet,769,8,99,0.6,-0.88,0.49,0.38,0.88,3.4
TP1480,C123,CMP18,2024-05-26 09:58:00,2024-05-26,4,4,Mobile,mobile_app,mobile_push,CMP18_influencer,Retention,Desktop,1172,0,100,0.92,0.5,0.28,0.99,0.64,2.89
TP586,C124,CMP15,2024-03-28 02:56:00,2024-03-28,1,3,Email,email,email,CMP15_display,Consideration,Mobile,613,1,38,0.61,0.65,0.94,0.46,0.33,2.58
TP2183,C124,CMP19,2024-05-31 12:11:00,2024-05-31,2,3,Mobile,mobile_app,mobile_push,CMP19_social_media,Conversion,Tablet,48,6,8,0.33,-0.68,0.9,0.12,0.38,3.49
TP317,C124,CMP13,2024-06-05 14:05:00,2024-06-05,3,3,Mobile,mobile_app,mobile_push,CMP13_social_media,Retention,Mobile,815,2,1,0.09,-0.09,0.48,0.61,0.07,3.7
TP1431,C125,CMP02,2024-03-07 12:34:00,2024-03-07,1,3,Email,email,email,CMP02_email,Awareness,Tablet,771,0,34,0.66,-0.98,0.18,0.79,0.22,0.93
TP2639,C125,CMP08,2024-06-03 12:25:00,2024-06-03,2,3,Mobile,mobile_app,mobile_push,CMP08_search,Retention,Mobile,861,7,96,0.44,0.13,0.12,0.64,0.66,1.75
TP550,C125,CMP07,2024-06-18 00:48:00,2024-06-18,3,3,Social,social_media,paid_social,CMP07_email,Awareness,Desktop,1176,4,47,0.39,0.11,0.91,0.03,0.01,2.7
TP1242,C126,CMP16,2024-03-17 23:27:00,2024-03-17,1,6,Web,website,web_referral,CMP16_social_media,Awareness,Desktop,738,2,189,0.12,-0.86,0.82,0.51,0.4,7.79
TP289,C126,CMP03,2024-03-28 04:02:00,2024-03-28,2,6,Web,website,web_referral,CMP03_influencer,Consideration,Desktop,215,5,18,0.74,-0.96,0.98,0.32,0.46,5.59
TP874,C126,CMP08,2024-04-19 13:21:00,2024-04-19,3,6,In-Store,offline_store,offline,CMP08_search,Retention,Desktop,209,9,36,0.01,0.74,0.07,0.78,0.52,2.48
TP613,C126,CMP11,2024-04-23 19:00:00,2024-04-23,4,6,Mobile,mobile_app,mobile_push,CMP11_display,Awareness,Tablet,528,2,122,0.93,-0.65,0.82,0.28,0.17,8.84
TP880,C126,CMP08,2024-05-09 00:53:00,2024-05-09,5,6,Social,social_media,paid_social,CMP08_search,Awareness,Mobile,873,2,6,0.62,-0.83,0.5,0.57,0.45,2.21
TP1124,C126,CMP11,2024-05-26 07:02:00,2024-05-26,6,6,Web,website,web_referral,CMP11_display,Retention,Mobile,1031,8,153,0.33,-0.7,0.92,0.12,0.37,2.86
TP2551,C127,CMP08,2024-03-17 08:56:00,2024-03-17,1,5,In-Store,offline_store,offline,CMP08_search,Consideration,Mobile,1111,0,73,0.07,0.45,0.12,0.47,0.4,9.99
TP501,C127,CMP18,2024-04-12 16:39:00,2024-04-12,2,5,Social,social_media,paid_social,CMP18_influencer,Consideration,Desktop,692,10,21,0.96,-0.06,0.94,0.84,0.26,8.73
TP603,C127,CMP15,2024-04-20 07:37:00,2024-04-20,3,5,Social,social_media,paid_social,CMP15_display,Conversion,Desktop,90,9,37,0.62,0.09,0.84,0.1,0.99,4.3
TP1547,C127,CMP04,2024-04-27 03:39:00,2024-04-27,4,5,Web,website,web_referral,CMP04_display,Retention,Desktop,275,1,14,0.24,-0.53,0.63,0.44,0.1,0.88
TP1201,C127,CMP11,2024-06-29 06:48:00,2024-06-29,5,5,Mobile,mobile_app,mobile_push,CMP11_display,Conversion,Desktop,1096,1,182,0.74,0.55,0.66,0.78,0.09,2.71
TP484,C128,CMP07,2024-03-26 22:38:00,2024-03-26,1,7,Social,social_media,paid_social,CMP07_email,Retention,Tablet,823,6,106,0.93,0.06,0.41,0.41,0.88,6.38
TP338,C128,CMP12,2024-04-29 16:28:00,2024-04-29,2,7,In-Store,offline_store,offline,CMP12_influencer,Conversion,Mobile,340,3,198,0.78,0.95,0.3,0.58,0.32,3.51
TP1604,C128,CMP10,2024-05-01 22:20:00,2024-05-01,3,7,Social,social_media,paid_social,CMP10_email,Consideration,Tablet,116,6,103,0.49,-0.5,0.3,0.46,0.57,2.73
TP1784,C128,CMP01,2024-05-14 12:05:00,2024-05-14,4,7,Mobile,mobile_app,mobile_push,CMP01_email,Awareness,Desktop,776,4,143,0.28,-0.77,0.57,0.18,0.7,4.17
TP1813,C128,CMP16,2024-06-03 12:13:00,2024-06-03,5,7,Social,social_media,paid_social,CMP16_social_media,Awareness,Desktop,1048,5,144,0.23,-0.52,0.85,0.19,0.89,5.81
TP228,C128,CMP07,2024-06-22 10:25:00,2024-06-22,6,7,Mobile,mobile_app,mobile_push,CMP07_email,Consideration,Desktop,484,8,67,0.26,0.32,0.52,0.99,0.55,8.18
TP419,C128,CMP14,2024-06-26 02:58:00,2024-06-26,7,7,Email,email,email,CMP14_email,Awareness,Desktop,197,7,87,0.27,0.73,0.18,0.85,0.04,7.62
TP606,C129,CMP08,2024-04-08 17:00:00,2024-04-08,1,4,Mobile,mobile_app,mobile_push,CMP08_search,Conversion,Desktop,162,10,150,0.32,0.01,0.65,0.84,0.69,2.37
TP135,C129,CMP13,2024-04-09 19:02:00,2024-04-09,2,4,Mobile,mobile_app,mobile_push,CMP13_social_media,Consideration,Mobile,225,2,185,0.87,0.78,0.36,0.16,0.37,3.69
TP1902,C129,CMP17,2024-05-04 07:20:00,2024-05-04,3,4,In-Store,offline_store,offline,CMP17_display,Conversion,Desktop,734,1,76,0.39,-0.79,0.85,0.83,0.81,2.85
TP342,C129,CMP15,2024-06-29 12:00:00,2024-06-29,4,4,Social,social_media,paid_social,CMP15_display,Conversion,Mobile,1045,8,115,0.12,0.06,0.34,0.58,0.65,4.38
TP1852,C130,CMP05,2024-03-13 19:32:00,2024-03-13,1,6,Social,social_media,paid_social,CMP05_email,Conversion,Tablet,979,0,150,0.82,-0.05,0.34,0.18,0.97,0.62
TP2359,C130,CMP11,2024-03-16 00:47:00,2024-03-16,2,6,In-Store,offline_store,offline,CMP11_display,Retention,Desktop,584,4,42,0.51,0.27,0.8,0.33,0.67,7.61
TP280,C130,CMP11,2024-03-30 07:38:00,2024-03-30,3,6,Social,social_media,paid_social,CMP11_display,Awareness,Mobile,96,5,34,0.66,-0.41,0.93,0.65,0.92,7.5
TP1365,C130,CMP17,2024-04-29 00:51:00,2024-04-29,4,6,In-Store,offline_store,offline,CMP17_display,Retention,Mobile,184,5,150,0.21,0.78,0.76,0.53,0.11,6.64
TP1502,C130,CMP19,2024-06-16 07:06:00,2024-06-16,5,6,Web,website,web_referral,CMP19_social_media,Conversion,Mobile,1123,8,105,0.84,-0.04,0.27,0.86,0.02,6.62
TP290,C130,CMP10,2024-06-16 14:41:00,2024-06-16,6,6,In-Store,offline_store,offline,CMP10_email,Consideration,Desktop,198,9,70,0.46,0.69,0.66,0.62,0.6,5.48
TP020,C131,CMP13,2024-03-05 16:57:00,2024-03-05,1,8,Social,social_media,paid_social,CMP13_social_media,Conversion,Desktop,652,2,5,0.86,0.06,0.96,0.51,0.77,8.8
TP1682,C131,CMP06,2024-03-25 03:51:00,2024-03-25,2,8,Social,social_media,paid_social,CMP06_display,Awareness,Desktop,992,3,116,0.76,0.81,0.48,0.52,0.17,6.62
TP2001,C131,CMP17,2024-04-02 12:34:00,2024-04-02,3,8,Web,website,web_referral,CMP17_display,Conversion,Desktop,319,5,37,0.0,-0.31,0.62,0.29,0.74,6.58
TP056,C131,CMP15,2024-04-03 04:29:00,2024-04-03,4,8,Web,website,web_referral,CMP15_display,Consideration,Desktop,174,1,103,0.82,0.76,0.74,0.89,0.78,3.74
TP175,C131,CMP02,2024-04-18 17:06:00,2024-04-18,5,8,Web,website,web_referral,CMP02_email,Awareness,Desktop,934,1,172,0.77,0.75,0.04,0.29,0.93,3.29
TP1911,C131,CMP15,2024-05-20 20:17:00,2024-05-20,6,8,Mobile,mobile_app,mobile_push,CMP15_display,Retention,Tablet,661,1,48,0.04,-0.5,0.44,0.02,0.39,4.32
TP374,C131,CMP02,2024-05-24 12:30:00,2024-05-24,7,8,In-Store,offline_store,offline,CMP02_email,Retention,Desktop,457,10,160,0.69,-0.51,0.21,0.84,0.92,9.98
TP2589,C131,CMP12,2024-06-14 02:36:00,2024-06-14,8,8,Social,social_media,paid_social,CMP12_influencer,Conversion,Tablet,943,10,80,0.83,0.92,0.95,0.82,0.93,4.74
TP1418,C132,CMP06,2024-05-16 23:15:00,2024-05-16,1,3,Web,website,web_referral,CMP06_display,Consideration,Tablet,492,8,77,0.34,-0.16,0.81,0.53,0.08,2.97
TP859,C132,CMP03,2024-05-25 23:28:00,2024-05-25,2,3,Social,social_media,paid_social,CMP03_influencer,Awareness,Tablet,77,3,25,0.65,0.28,0.16,0.4,0.41,6.31
TP1676,C132,CMP06,2024-06-21 01:55:00,2024-06-21,3,3,Web,website,web_referral,CMP06_display,Retention,Tablet,853,7,138,0.9,0.28,0.21,0.3,0.13,8.13
TP1330,C133,CMP09,2024-03-03 17:23:00,2024-03-03,1,7,In-Store,offline_store,offline,CMP09_social_media,Retention,Tablet,1170,1,106,0.19,-0.62,0.31,0.77,0.62,4.37
TP1543,C133,CMP13,2024-03-08 10:15:00,2024-03-08,2,7,Social,social_media,paid_social,CMP13_social_media,Conversion,Desktop,1033,6,176,0.92,0.21,0.6,0.21,0.17,8.76
TP1022,C133,CMP11,2024-03-26 00:03:00,2024-03-26,3,7,Email,email,email,CMP11_display,Consideration,Desktop,874,10,65,0.51,-0.18,0.5,0.35,0.17,6.08
TP1166,C133,CMP15,2024-05-04 03:56:00,2024-05-04,4,7,Social,social_media,paid_social,CMP15_display,Consideration,Tablet,898,3,70,0.89,-0.88,0.01,0.59,0.55,3.93
TP1108,C133,CMP01,2024-05-16 07:58:00,2024-05-16,5,7,In-Store,offline_store,offline,CMP01_email,Awareness,Tablet,627,2,166,0.85,-0.97,0.23,0.9,0.31,0.89
TP2241,C133,CMP18,2024-05-20 03:44:00,2024-05-20,6,7,Mobile,mobile_app,mobile_push,CMP18_influencer,Consideration,Tablet,512,0,138,0.2,-0.14,0.86,0.6,0.35,6.02
TP819,C133,CMP06,2024-06-06 14:13:00,2024-06-06,7,7,Web,website,web_referral,CMP06_display,Conversion,Desktop,1068,4,184,0.67,-0.25,0.6,0.1,0.15,5.79
TP901,C134,CMP05,2024-04-19 01:08:00,2024-04-19,1,7,Social,social_media,paid_social,CMP05_email,Consideration,Tablet,484,3,170,0.67,0.88,0.24,0.45,0.64,1.78
TP1451,C134,CMP09,2024-04-25 11:47:00,2024-04-25,2,7,Social,social_media,paid_social,CMP09_social_media,Awareness,Tablet,1011,8,93,0.92,-0.15,0.22,0.52,0.57,4.28
TP2333,C134,CMP05,2024-04-27 19:44:00,2024-04-27,3,7,In-Store,offline_store,offline,CMP05_email,Retention,Desktop,587,9,44,0.21,0.24,0.62,0.26,0.76,1.77
TP1834,C134,CMP09,2024-06-03 16:24:00,2024-06-03,4,7,Social,social_media,paid_social,CMP09_social_media,Awareness,Tablet,839,9,140,0.38,0.38,0.71,0.19,0.55,8.06
TP1519,C134,CMP17,2024-06-06 09:10:00,2024-06-06,5,7,In-Store,offline_store,offline,CMP17_display,Consideration,Tablet,1056,6,149,0.09,-0.73,0.34,0.74,0.6,2.25
TP219,C134,CMP16,2024-06-07 07:19:00,2024-06-07,6,7,In-Store,offline_store,offline,CMP16_social_media,Retention,Tablet,707,7,137,0.74,-0.03,0.89,0.91,0.86,1.43
TP1314,C134,CMP07,2024-06-17 01:23:00,2024-06-17,7,7,Social,social_media,paid_social,CMP07_email,Consideration,Desktop,426,10,121,0.03,-0.53,0.5,0.83,0.04,0.55
TP059,C135,CMP05,2024-03-03 23:52:00,2024-03-03,1,3,Web,website,web_referral,CMP05_email,Conversion,Mobile,216,9,142,0.17,-0.23,0.03,0.67,0.4,5.08
TP416,C135,CMP04,2024-06-22 06:57:00,2024-06-22,2,3,Web,website,web_referral,CMP04_display,Retention,Mobile,964,8,189,0.12,0.83,0.94,0.04,0.34,6.31
TP153,C135,CMP13,2024-06-29 02:32:00,2024-06-29,3,3,Web,website,web_referral,CMP13_social_media,Retention,Tablet,694,10,103,0.57,-0.06,0.28,0.18,0.78,7.81
TP850,C136,CMP09,2024-04-21 06:23:00,2024-04-21,1,4,Email,email,email,CMP09_social_media,Awareness,Mobile,592,1,139,0.54,0.36,0.57,0.24,0.6,1.52
TP137,C136,CMP13,2024-05-05 23:45:00,2024-05-05,2,4,Social,social_media,paid_social,CMP13_social_media,Retention,Desktop,829,9,115,0.49,-0.44,0.27,0.91,0.08,6.95
TP952,C136,CMP11,2024-05-19 10:32:00,2024-05-19,3,4,Email,email,email,CMP11_display,Consideration,Mobile,723,10,83,0.2,-0.33,0.13,0.09,0.56,2.71
TP1495,C136,CMP12,2024-05-27 10:16:00,2024-05-27,4,4,Social,social_media,paid_social,CMP12_influencer,Awareness,Desktop,80,10,116,0.74,-0.53,0.99,0.03,0.58,9.32
TP2168,C137,CMP10,2024-04-09 04:58:00,2024-04-09,1,6,In-Store,offline_store,offline,CMP10_email,Awareness,Desktop,71,10,39,0.61,-0.68,0.81,0.25,0.88,8.33
TP1297,C137,CMP07,2024-04-10 09:12:00,2024-04-10,2,6,In-Store,offline_store,offline,CMP07_email,Consideration,Mobile,332,9,125,0.15,-0.91,0.12,0.34,0.14,4.13
TP1390,C137,CMP18,2024-04-25 14:24:00,2024-04-25,3,6,Mobile,mobile_app,mobile_push,CMP18_influencer,Conversion,Tablet,888,4,13,0.52,0.42,0.02,0.72,0.7,4.98
TP247,C137,CMP09,2024-05-08 03:27:00,2024-05-08,4,6,Mobile,mobile_app,mobile_push,CMP09_social_media,Consideration,Tablet,364,7,83,0.22,0.71,0.97,0.93,0.63,3.94
TP1974,C137,CMP16,2024-06-07 09:16:00,2024-06-07,5,6,Web,website,web_referral,CMP16_social_media,Awareness,Desktop,337,3,134,0.63,-0.46,0.17,0.65,0.77,1.93
TP1583,C137,CMP06,2024-06-13 13:57:00,2024-06-13,6,6,Mobile,mobile_app,mobile_push,CMP06_display,Retention,Tablet,1084,7,85,0.72,0.39,0.98,0.21,0.32,7.86
TP1360,C138,CMP16,2024-05-07 21:21:00,2024-05-07,1,2,In-Store,offline_store,offline,CMP16_social_media,Awareness,Mobile,585,2,166,0.78,-0.55,0.09,0.19,0.94,5.15
TP1111,C138,CMP10,2024-06-03 08:58:00,2024-06-03,2,2,Email,email,email,CMP10_email,Conversion,Mobile,50,2,88,0.73,-0.67,0.56,0.29,0.89,2.17
TP140,C139,CMP04,2024-03-11 04:34:00,2024-03-11,1,2,Mobile,mobile_app,mobile_push,CMP04_display,Retention,Mobile,484,5,21,0.25,-0.17,0.08,0.6,0.46,9.17
TP1349,C139,CMP17,2024-05-26 01:10:00,2024-05-26,2,2,Social,social_media,paid_social,CMP17_display,Consideration,Tablet,753,5,96,0.06,0.6,0.9,0.02,0.48,1.71
TP2086,C140,CMP14,2024-03-24 23:59:00,2024-03-24,1,3,Web,website,web_referral,CMP14_email,Retention,Desktop,701,9,71,0.92,0.5,0.94,0.83,0.91,9.43
TP364,C140,CMP01,2024-04-24 22:35:00,2024-04-24,2,3,Mobile,mobile_app,mobile_push,CMP01_email,Retention,Mobile,337,3,133,0.4,0.16,0.14,0.43,0.71,6.06
TP1340,C140,CMP06,2024-05-31 00:50:00,2024-05-31,3,3,Web,website,web_referral,CMP06_display,Consideration,Tablet,593,4,34,0.91,0.94,0.18,0.98,0.25,7.48
TP837,C141,CMP08,2024-03-02 16:05:00,2024-03-02,1,5,Email,email,email,CMP08_search,Awareness,Desktop,1092,4,182,0.52,0.56,0.84,0.26,0.29,7.67
TP1528,C141,CMP17,2024-03-07 12:05:00,2024-03-07,2,5,In-Store,offline_store,offline,CMP17_display,Consideration,Tablet,765,2,90,0.36,-0.1,0.58,0.82,0.9,9.79
TP2034,C141,CMP02,2024-03-26 07:04:00,2024-03-26,3,5,Mobile,mobile_app,mobile_push,CMP02_email,Conversion,Mobile,208,1,84,0.27,-0.04,0.29,0.77,0.19,2.8
TP1644,C141,CMP15,2024-04-03 08:40:00,2024-04-03,4,5,Social,social_media,paid_social,CMP15_display,Retention,Desktop,954,6,177,0.73,-0.06,0.23,0.24,0.12,4.47
TP877,C141,CMP15,2024-04-25 14:25:00,2024-04-25,5,5,Web,website,web_referral,CMP15_display,Retention,Tablet,577,7,143,0.21,0.95,0.2,0.48,0.76,6.82
TP1344,C142,CMP01,2024-04-21 03:46:00,2024-04-21,1,3,In-Store,offline_store,offline,CMP01_email,Awareness,Tablet,253,3,19,0.18,0.25,0.58,0.55,0.24,9.19
TP2066,C142,CMP18,2024-05-19 05:50:00,2024-05-19,2,3,Social,social_media,paid_social,CMP18_influencer,Consideration,Mobile,102,5,121,0.48,-0.03,0.23,0.08,0.91,4.42
TP533,C142,CMP05,2024-05-27 01:39:00,2024-05-27,3,3,Email,email,email,CMP05_email,Conversion,Mobile,473,6,14,0.13,0.91,0.25,0.07,0.78,9.67
TP537,C143,CMP11,2024-03-11 00:33:00,2024-03-11,1,6,Mobile,mobile_app,mobile_push,CMP11_display,Retention,Tablet,1040,8,115,0.48,0.03,0.69,0.93,0.76,7.59
TP1952,C143,CMP03,2024-03-20 16:16:00,2024-03-20,2,6,In-Store,offline_store,offline,CMP03_influencer,Consideration,Desktop,506,0,144,0.57,-0.74,0.43,0.25,0.85,8.35
TP203,C143,CMP15,2024-05-05 08:27:00,2024-05-05,3,6,Social,social_media,paid_social,CMP15_display,Conversion,Desktop,314,3,189,0.9,-0.92,0.38,0.86,0.48,9.23
TP2509,C143,CMP08,2024-05-17 05:13:00,2024-05-17,4,6,Social,social_media,paid_social,CMP08_search,Consideration,Mobile,980,10,153,0.74,0.08,0.64,0.95,0.21,3.53
TP1436,C143,CMP16,2024-05-27 20:06:00,2024-05-27,5,6,Web,website,web_referral,CMP16_social_media,Awareness,Tablet,273,2,184,0.5,0.79,0.48,0.1,0.98,7.55
TP926,C143,CMP18,2024-06-17 10:29:00,2024-06-17,6,6,Social,social_media,paid_social,CMP18_influencer,Awareness,Tablet,705,3,192,0.29,0.12,0.3,0.33,0.53,4.83
TP355,C144,CMP08,2024-03-31 05:42:00,2024-03-31,1,8,In-Store,offline_store,offline,CMP08_search,Retention,Desktop,132,8,153,0.39,-0.23,0.33,0.03,0.42,5.49
TP808,C144,CMP10,2024-04-01 21:41:00,2024-04-01,2,8,Web,website,web_referral,CMP10_email,Consideration,Tablet,572,5,181,0.44,-0.52,0.34,0.25,0.16,1.11
TP1659,C144,CMP11,2024-04-22 00:01:00,2024-04-22,3,8,Web,website,web_referral,CMP11_display,Retention,Mobile,377,5,96,0.75,-0.56,0.7,0.81,0.49,9.64
TP583,C144,CMP02,2024-05-16 17:58:00,2024-05-16,4,8,Web,website,web_referral,CMP02_email,Consideration,Desktop,791,7,150,0.41,-0.24,0.44,0.29,0.41,4.61
TP796,C144,CMP18,2024-05-18 20:51:00,2024-05-18,5,8,Mobile,mobile_app,mobile_push,CMP18_influencer,Consideration,Mobile,533,4,161,0.2,0.45,0.11,0.92,0.98,9.33
TP314,C144,CMP09,2024-06-05 09:33:00,2024-06-05,6,8,In-Store,offline_store,offline,CMP09_social_media,Conversion,Mobile,333,2,1,0.54,0.57,0.74,0.61,0.52,5.9
TP633,C144,CMP08,2024-06-22 01:29:00,2024-06-22,7,8,Mobile,mobile_app,mobile_push,CMP08_search,Awareness,Desktop,563,6,159,0.43,-0.42,0.22,0.4,0.05,5.16
TP933,C144,CMP12,2024-06-29 03:18:00,2024-06-29,8,8,Social,social_media,paid_social,CMP12_influencer,Conversion,Desktop,1176,6,116,0.15,1.0,0.71,0.71,0.11,8.46
TP2145,C145,CMP03,2024-03-04 03:25:00,2024-03-04,1,8,Web,website,web_referral,CMP03_influencer,Consideration,Desktop,452,9,107,0.34,-0.77,0.39,0.13,0.72,4.93
TP2406,C145,CMP18,2024-03-16 19:31:00,2024-03-16,2,8,Mobile,mobile_app,mobile_push,CMP18_influencer,Consideration,Mobile,437,7,60,0.23,0.36,0.14,0.29,0.76,9.65
TP964,C145,CMP09,2024-03-17 06:25:00,2024-03-17,3,8,Web,website,web_referral,CMP09_social_media,Awareness,Desktop,1079,1,68,0.4,0.02,0.51,0.18,0.37,7.26
TP1439,C145,CMP02,2024-03-18 02:16:00,2024-03-18,4,8,Web,website,web_referral,CMP02_email,Conversion,Tablet,544,5,121,0.52,0.04,0.69,0.61,0.23,8.04
TP855,C145,CMP08,2024-04-26 16:51:00,2024-04-26,5,8,Social,social_media,paid_social,CMP08_search,Retention,Tablet,268,5,22,0.31,0.32,0.1,0.02,0.73,6.94
TP590,C145,CMP09,2024-06-07 04:40:00,2024-06-07,6,8,Social,social_media,paid_social,CMP09_social_media,Conversion,Tablet,1028,1,31,0.73,-0.35,0.11,0.74,0.31,5.91
TP1245,C145,CMP01,2024-06-15 17:46:00,2024-06-15,7,8,Mobile,mobile_app,mobile_push,CMP01_email,Conversion,Tablet,523,10,77,0.77,0.9,0.27,0.49,0.84,3.36
TP1033,C145,CMP09,2024-06-22 13:02:00,2024-06-22,8,8,Social,social_media,paid_social,CMP09_social_media,Awareness,Desktop,379,6,38,0.28,0.87,0.6,0.84,0.51,7.75
TP2071,C146,CMP04,2024-03-29 04:04:00,2024-03-29,1,5,In-Store,offline_store,offline,CMP04_display,Conversion,Desktop,677,1,70,0.95,-0.36,0.71,0.52,0.69,2.33
TP995,C146,CMP14,2024-05-17 16:56:00,2024-05-17,2,5,Email,email,email,CMP14_email,Conversion,Tablet,914,5,137,0.82,-0.4,0.84,1.0,0.53,7.09
TP1254,C146,CMP04,2024-05-22 22:22:00,2024-05-22,3,5,Social,social_media,paid_social,CMP04_display,Awareness,Tablet,721,5,43,0.13,0.84,0.78,0.35,0.56,7.53
TP825,C146,CMP05,2024-06-04 20:55:00,2024-06-04,4,5,Mobile,mobile_app,mobile_push,CMP05_email,Consideration,Desktop,522,10,171,0.75,0.8,0.9,0.74,0.03,6.75
TP1812,C146,CMP19,2024-06-19 09:46:00,2024-06-19,5,5,Email,email,email,CMP19_social_media,Conversion,Mobile,191,8,79,0.77,-0.45,0.73,0.95,0.81,8.91
TP2566,C147,CMP18,2024-03-07 21:39:00,2024-03-07,1,10,Web,website,web_referral,CMP18_influencer,Retention,Tablet,547,4,164,0.58,-0.69,0.11,0.82,0.93,1.49
TP330,C147,CMP02,2024-03-08 06:42:00,2024-03-08,2,10,Email,email,email,CMP02_email,Conversion,Tablet,251,10,42,0.48,0.04,0.68,0.18,0.86,2.96
TP918,C147,CMP03,2024-03-31 08:58:00,2024-03-31,3,10,Web,website,web_referral,CMP03_influencer,Consideration,Desktop,809,1,6,0.69,0.48,0.51,0.5,0.76,0.67
TP671,C147,CMP04,2024-04-10 02:28:00,2024-04-10,4,10,In-Store,offline_store,offline,CMP04_display,Consideration,Mobile,750,8,75,0.8,-0.18,0.7,0.54,0.7,1.67
TP589,C147,CMP18,2024-04-29 14:14:00,2024-04-29,5,10,Social,social_media,paid_social,CMP18_influencer,Consideration,Mobile,140,3,52,0.79,0.3,0.94,0.51,0.45,6.88
TP449,C147,CMP18,2024-05-22 09:36:00,2024-05-22,6,10,In-Store,offline_store,offline,CMP18_influencer,Awareness,Desktop,515,9,14,0.6,0.43,0.37,0.68,0.36,2.59
TP371,C147,CMP01,2024-06-09 08:22:00,2024-06-09,7,10,Web,website,web_referral,CMP01_email,Conversion,Mobile,97,3,146,0.24,0.32,0.29,0.12,0.66,6.86
TP2220,C147,CMP09,2024-06-17 09:01:00,2024-06-17,8,10,Mobile,mobile_app,mobile_push,CMP09_social_media,Awareness,Tablet,651,4,9,0.68,-0.43,0.57,0.62,0.76,4.99
TP2380,C147,CMP10,2024-06-24 06:40:00,2024-06-24,9,10,Web,website,web_referral,CMP10_email,Retention,Mobile,1007,3,1,0.39,0.89,0.54,0.16,0.29,7.03
TP1743,C147,CMP05,2024-06-28 21:47:00,2024-06-28,10,10,Social,social_media,paid_social,CMP05_email,Conversion,Desktop,782,0,160,0.34,0.89,0.76,0.11,0.62,7.37
TP323,C148,CMP06,2024-03-09 23:22:00,2024-03-09,1,8,Social,social_media,paid_social,CMP06_display,Consideration,Tablet,756,2,50,0.69,0.95,0.17,0.41,0.17,7.92
TP331,C148,CMP12,2024-04-04 16:45:00,2024-04-04,2,8,Social,social_media,paid_social,CMP12_influencer,Consideration,Mobile,1019,8,178,0.1,-0.06,0.08,0.27,0.82,6.77
TP1513,C148,CMP11,2024-04-07 08:27:00,2024-04-07,3,8,Social,social_media,paid_social,CMP11_display,Consideration,Desktop,1199,2,144,0.04,-0.15,0.45,0.03,0.37,2.77
TP882,C148,CMP10,2024-04-25 21:36:00,2024-04-25,4,8,Mobile,mobile_app,mobile_push,CMP10_email,Consideration,Tablet,1038,8,180,0.25,0.41,0.16,0.38,0.46,3.68
TP2109,C148,CMP06,2024-05-02 16:30:00,2024-05-02,5,8,Social,social_media,paid_social,CMP06_display,Conversion,Desktop,1135,0,1,0.43,-0.22,0.64,0.87,0.73,1.11
TP2483,C148,CMP17,2024-05-04 02:45:00,2024-05-04,6,8,Email,email,email,CMP17_display,Conversion,Mobile,941,5,24,0.11,0.15,0.71,0.26,0.98,2.53
TP1633,C148,CMP02,2024-05-08 04:10:00,2024-05-08,7,8,Web,website,web_referral,CMP02_email,Awareness,Desktop,220,6,53,0.72,0.29,0.98,0.98,1.0,1.59
TP1885,C148,CMP09,2024-05-17 16:56:00,2024-05-17,8,8,Social,social_media,paid_social,CMP09_social_media,Awareness,Mobile,615,7,48,0.83,-0.09,0.22,0.24,0.4,3.54
TP909,C149,CMP14,2024-04-02 15:10:00,2024-04-02,1,4,Social,social_media,paid_social,CMP14_email,Awareness,Tablet,95,3,84,0.03,-0.86,0.65,0.96,0.87,6.53
TP1862,C149,CMP07,2024-04-07 21:42:00,2024-04-07,2,4,Social,social_media,paid_social,CMP07_email,Conversion,Mobile,111,8,174,0.46,0.95,0.7,0.09,0.75,1.65
TP1940,C149,CMP12,2024-05-09 04:56:00,2024-05-09,3,4,Mobile,mobile_app,mobile_push,CMP12_influencer,Consideration,Mobile,1142,7,124,0.67,0.55,0.07,0.14,0.32,0.84
TP1579,C149,CMP10,2024-05-16 08:23:00,2024-05-16,4,4,In-Store,offline_store,offline,CMP10_email,Conversion,Tablet,115,2,91,0.79,0.09,0.13,0.91,0.41,3.91
TP1283,C150,CMP13,2024-03-02 03:18:00,2024-03-02,1,5,Email,email,email,CMP13_social_media,Consideration,Desktop,302,2,98,0.66,0.7,0.82,0.35,0.8,7.29
TP1622,C150,CMP19,2024-03-12 11:47:00,2024-03-12,2,5,Mobile,mobile_app,mobile_push,CMP19_social_media,Retention,Desktop,608,4,96,0.3,0.52,0.77,0.24,0.14,7.37
TP2583,C150,CMP02,2024-03-23 16:37:00,2024-03-23,3,5,Mobile,mobile_app,mobile_push,CMP02_email,Conversion,Desktop,1005,0,186,0.39,0.4,0.23,0.41,0.27,3.45
TP551,C150,CMP19,2024-05-14 18:34:00,2024-05-14,4,5,Mobile,mobile_app,mobile_push,CMP19_social_media,Awareness,Tablet,273,1,90,0.85,-0.46,0.36,0.05,0.47,2.61
TP021,C150,CMP09,2024-06-14 09:42:00,2024-06-14,5,5,Social,social_media,paid_social,CMP09_social_media,Awareness,Mobile,1156,10,106,0.94,0.06,0.64,0.83,0.97,1.21
TP757,C151,CMP04,2024-03-01 16:24:00,2024-03-01,1,6,In-Store,offline_store,offline,CMP04_display,Awareness,Desktop,70,1,62,0.63,-0.95,0.79,0.13,0.35,8.13
TP807,C151,CMP04,2024-03-30 06:22:00,2024-03-30,2,6,Social,social_media,paid_social,CMP04_display,Consideration,Mobile,895,10,11,0.67,0.25,0.69,0.24,0.47,2.06
TP1132,C151,CMP08,2024-04-05 10:14:00,2024-04-05,3,6,In-Store,offline_store,offline,CMP08_search,Awareness,Desktop,358,2,86,0.28,-0.03,0.37,0.66,0.27,8.17
TP1741,C151,CMP10,2024-05-17 21:09:00,2024-05-17,4,6,Mobile,mobile_app,mobile_push,CMP10_email,Consideration,Mobile,1053,3,3,0.18,0.89,0.77,0.28,0.3,4.09
TP348,C151,CMP16,2024-05-28 10:53:00,2024-05-28,5,6,Mobile,mobile_app,mobile_push,CMP16_social_media,Conversion,Mobile,1095,8,172,0.09,-0.42,0.83,0.48,0.14,2.59
TP499,C151,CMP02,2024-06-07 15:13:00,2024-06-07,6,6,Mobile,mobile_app,mobile_push,CMP02_email,Conversion,Mobile,708,1,200,0.79,-0.51,0.87,0.16,0.27,6.88
TP1995,C152,CMP06,2024-03-14 23:47:00,2024-03-14,1,10,Social,social_media,paid_social,CMP06_display,Awareness,Tablet,206,1,112,0.07,-0.03,0.81,0.96,0.13,0.63
TP1611,C152,CMP01,2024-04-04 16:42:00,2024-04-04,2,10,Email,email,email,CMP01_email,Retention,Tablet,476,1,197,0.53,0.53,0.45,0.5,0.2,5.37
TP1295,C152,CMP12,2024-04-12 06:48:00,2024-04-12,3,10,Social,social_media,paid_social,CMP12_influencer,Awareness,Desktop,405,8,196,0.73,0.96,0.14,0.33,0.69,7.8
TP1876,C152,CMP16,2024-04-22 20:44:00,2024-04-22,4,10,In-Store,offline_store,offline,CMP16_social_media,Awareness,Mobile,128,10,89,0.94,-0.11,0.21,0.64,0.18,4.29
TP689,C152,CMP16,2024-05-23 03:10:00,2024-05-23,5,10,Web,website,web_referral,CMP16_social_media,Retention,Desktop,822,9,9,0.8,0.35,0.59,0.57,0.7,0.99
TP254,C152,CMP05,2024-05-25 13:02:00,2024-05-25,6,10,Social,social_media,paid_social,CMP05_email,Retention,Desktop,1187,9,1,0.17,0.14,0.08,0.17,0.01,7.9
TP2617,C152,CMP13,2024-05-29 11:29:00,2024-05-29,7,10,Social,social_media,paid_social,CMP13_social_media,Conversion,Mobile,691,10,139,0.71,-0.11,0.04,0.67,0.61,1.54
TP756,C152,CMP01,2024-06-04 16:13:00,2024-06-04,8,10,Email,email,email,CMP01_email,Awareness,Tablet,221,1,191,0.01,-0.68,0.0,0.64,0.19,1.88
TP376,C152,CMP02,2024-06-15 21:04:00,2024-06-15,9,10,Social,social_media,paid_social,CMP02_email,Awareness,Tablet,245,0,42,0.52,0.45,0.36,0.04,0.52,3.86
TP019,C152,CMP06,2024-06-27 11:34:00,2024-06-27,10,10,In-Store,offline_store,offline,CMP06_display,Awareness,Tablet,103,10,167,0.7,0.81,0.02,0.7,0.12,6.49
TP2074,C153,CMP17,2024-04-12 03:55:00,2024-04-12,1,7,Social,social_media,paid_social,CMP17_display,Conversion,Desktop,172,9,54,0.48,-0.82,0.27,0.81,0.05,2.85
TP2427,C153,CMP16,2024-04-22 03:53:00,2024-04-22,2,7,Mobile,mobile_app,mobile_push,CMP16_social_media,Conversion,Tablet,255,4,89,0.92,-0.97,0.12,0.39,0.48,4.99
TP2103,C153,CMP19,2024-04-22 04:30:00,2024-04-22,3,7,Mobile,mobile_app,mobile_push,CMP19_social_media,Consideration,Tablet,234,4,129,0.57,0.71,0.44,0.93,0.95,3.99
TP1438,C153,CMP02,2024-05-08 03:21:00,2024-05-08,4,7,Email,email,email,CMP02_email,Consideration,Desktop,606,9,110,0.28,-0.88,0.65,0.75,0.48,8.31
TP394,C153,CMP18,2024-05-15 22:16:00,2024-05-15,5,7,Social,social_media,paid_social,CMP18_influencer,Awareness,Mobile,252,2,44,0.68,0.37,0.23,0.75,0.79,1.9
TP546,C153,CMP04,2024-06-03 22:12:00,2024-06-03,6,7,Mobile,mobile_app,mobile_push,CMP04_display,Awareness,Mobile,842,9,143,0.77,0.06,0.76,0.75,1.0,8.77
TP1822,C153,CMP03,2024-06-16 06:51:00,2024-06-16,7,7,Mobile,mobile_app,mobile_push,CMP03_influencer,Awareness,Mobile,1063,5,70,0.12,0.57,0.06,0.06,0.37,6.0
TP1623,C154,CMP09,2024-03-15 12:42:00,2024-03-15,1,8,Social,social_media,paid_social,CMP09_social_media,Awareness,Tablet,979,9,170,0.13,-0.33,0.29,0.01,0.96,3.96
TP1588,C154,CMP10,2024-04-03 03:23:00,2024-04-03,2,8,In-Store,offline_store,offline,CMP10_email,Awareness,Tablet,585,9,108,0.3,0.96,0.52,0.47,0.99,8.84
TP1053,C154,CMP02,2024-04-14 03:21:00,2024-04-14,3,8,Mobile,mobile_app,mobile_push,CMP02_email,Awareness,Mobile,862,3,134,0.33,0.77,0.8,0.58,0.35,7.65
TP2499,C154,CMP05,2024-05-05 02:46:00,2024-05-05,4,8,In-Store,offline_store,offline,CMP05_email,Retention,Tablet,58,10,55,0.28,0.15,0.54,0.18,0.8,0.65
TP632,C154,CMP15,2024-05-13 21:05:00,2024-05-13,5,8,In-Store,offline_store,offline,CMP15_display,Consideration,Tablet,718,2,160,0.57,-0.25,0.4,0.71,0.68,7.87
TP1212,C154,CMP12,2024-05-23 17:30:00,2024-05-23,6,8,Mobile,mobile_app,mobile_push,CMP12_influencer,Retention,Mobile,444,7,10,0.1,0.91,0.61,0.06,0.6,6.8
TP1803,C154,CMP14,2024-06-02 06:58:00,2024-06-02,7,8,Web,website,web_referral,CMP14_email,Retention,Mobile,596,9,78,0.41,-0.49,0.93,0.92,0.12,1.57
TP1896,C154,CMP09,2024-06-20 06:49:00,2024-06-20,8,8,Social,social_media,paid_social,CMP09_social_media,Retention,Tablet,1131,0,62,0.17,-0.83,0.77,0.82,0.43,1.55
TP2237,C155,CMP08,2024-03-21 14:50:00,2024-03-21,1,4,Social,social_media,paid_social,CMP08_search,Conversion,Mobile,945,2,104,0.91,-0.44,0.78,0.03,0.12,9.56
TP502,C155,CMP08,2024-04-18 20:56:00,2024-04-18,2,4,In-Store,offline_store,offline,CMP08_search,Retention,Desktop,297,0,21,0.99,0.33,0.63,0.11,0.78,4.23
TP1148,C155,CMP15,2024-04-30 12:50:00,2024-04-30,3,4,In-Store,offline_store,offline,CMP15_display,Retention,Mobile,764,2,189,0.92,0.42,0.97,0.52,0.92,5.14
TP2269,C155,CMP16,2024-06-08 23:01:00,2024-06-08,4,4,Social,social_media,paid_social,CMP16_social_media,Awareness,Desktop,903,8,97,0.07,0.54,0.38,0.16,0.35,1.59
TP1624,C156,CMP11,2024-04-18 20:14:00,2024-04-18,1,2,Web,website,web_referral,CMP11_display,Conversion,Tablet,435,5,31,0.25,0.28,0.54,0.47,0.73,5.21
TP945,C156,CMP15,2024-05-27 02:29:00,2024-05-27,2,2,In-Store,offline_store,offline,CMP15_display,Awareness,Mobile,826,2,108,0.3,-0.45,0.45,0.78,0.41,9.29
TP1494,C157,CMP02,2024-04-30 03:07:00,2024-04-30,1,6,Social,social_media,paid_social,CMP02_email,Retention,Tablet,777,0,187,0.05,-0.47,0.31,0.49,0.5,5.25
TP1460,C157,CMP18,2024-05-13 18:55:00,2024-05-13,2,6,Email,email,email,CMP18_influencer,Conversion,Desktop,1020,5,180,0.78,0.34,0.79,0.65,0.93,5.66
TP127,C157,CMP09,2024-05-17 15:00:00,2024-05-17,3,6,Web,website,web_referral,CMP09_social_media,Conversion,Desktop,880,6,90,0.76,-0.11,0.92,0.09,0.49,4.02
TP2355,C157,CMP02,2024-05-18 09:20:00,2024-05-18,4,6,Social,social_media,paid_social,CMP02_email,Conversion,Tablet,849,10,5,0.12,0.15,0.33,0.32,0.52,2.35
TP1497,C157,CMP04,2024-05-29 10:47:00,2024-05-29,5,6,Web,website,web_referral,CMP04_display,Retention,Tablet,1087,7,58,0.22,-0.47,0.52,0.49,0.86,6.49
TP1466,C157,CMP13,2024-06-23 10:11:00,2024-06-23,6,6,In-Store,offline_store,offline,CMP13_social_media,Conversion,Tablet,875,0,192,0.33,-0.69,0.31,0.35,0.77,1.92
TP2254,C158,CMP07,2024-03-07 20:36:00,2024-03-07,1,7,Social,social_media,paid_social,CMP07_email,Conversion,Desktop,416,5,190,0.75,0.39,0.97,0.78,0.51,2.73
TP1653,C158,CMP11,2024-03-26 22:29:00,2024-03-26,2,7,Web,website,web_referral,CMP11_display,Awareness,Mobile,1055,8,76,0.56,0.14,0.5,0.55,0.58,1.43
TP457,C158,CMP19,2024-03-29 01:15:00,2024-03-29,3,7,Social,social_media,paid_social,CMP19_social_media,Consideration,Mobile,244,5,58,0.61,0.11,0.99,0.45,0.19,6.21
TP1779,C158,CMP10,2024-04-01 15:02:00,2024-04-01,4,7,In-Store,offline_store,offline,CMP10_email,Retention,Desktop,266,1,56,0.57,0.09,0.99,0.11,0.68,1.18
TP429,C158,CMP02,2024-04-03 03:36:00,2024-04-03,5,7,Mobile,mobile_app,mobile_push,CMP02_email,Awareness,Tablet,1183,9,196,0.04,0.6,0.98,0.57,0.81,5.35
TP2068,C158,CMP03,2024-04-07 07:14:00,2024-04-07,6,7,Social,social_media,paid_social,CMP03_influencer,Retention,Mobile,751,2,2,0.1,0.23,0.45,0.94,0.2,6.73
TP588,C158,CMP08,2024-04-11 20:08:00,2024-04-11,7,7,Web,website,web_referral,CMP08_search,Awareness,Desktop,1188,3,70,0.59,-0.05,0.99,0.03,0.44,5.85
TP2605,C159,CMP12,2024-03-13 08:01:00,2024-03-13,1,3,Social,social_media,paid_social,CMP12_influencer,Consideration,Desktop,202,6,14,0.22,0.35,0.56,0.94,0.91,6.92
TP1994,C159,CMP02,2024-03-15 06:35:00,2024-03-15,2,3,Mobile,mobile_app,mobile_push,CMP02_email,Consideration,Desktop,303,9,103,0.1,0.41,0.71,0.11,0.24,9.66
TP1486,C159,CMP06,2024-03-24 07:08:00,2024-03-24,3,3,Mobile,mobile_app,mobile_push,CMP06_display,Awareness,Mobile,467,8,188,0.52,0.86,0.73,0.87,0.54,1.6
TP2148,C160,CMP18,2024-03-04 04:44:00,2024-03-04,1,10,Social,social_media,paid_social,CMP18_influencer,Conversion,Mobile,560,1,161,0.98,0.67,0.49,0.72,0.62,4.35
TP905,C160,CMP19,2024-03-20 17:02:00,2024-03-20,2,10,Social,social_media,paid_social,CMP19_social_media,Awareness,Mobile,271,8,86,0.51,-0.67,0.47,0.7,0.8,6.61
TP2251,C160,CMP17,2024-03-23 05:01:00,2024-03-23,3,10,Mobile,mobile_app,mobile_push,CMP17_display,Awareness,Tablet,1196,4,151,0.52,-0.28,0.99,0.25,0.54,1.86
TP367,C160,CMP06,2024-03-31 17:27:00,2024-03-31,4,10,Web,website,web_referral,CMP06_display,Retention,Tablet,376,6,80,0.12,-0.99,0.69,0.27,0.29,5.25
TP1150,C160,CMP15,2024-04-09 21:47:00,2024-04-09,5,10,Social,social_media,paid_social,CMP15_display,Retention,Tablet,780,4,85,0.0,0.25,0.83,0.32,0.05,6.48
TP686,C160,CMP14,2024-04-13 07:37:00,2024-04-13,6,10,Email,email,email,CMP14_email,Conversion,Mobile,103,8,43,0.15,0.77,0.36,0.38,0.56,6.34
TP294,C160,CMP11,2024-04-30 06:45:00,2024-04-30,7,10,Mobile,mobile_app,mobile_push,CMP11_display,Awareness,Mobile,369,10,105,0.2,0.33,0.81,0.66,0.7,8.18
TP258,C160,CMP04,2024-05-20 06:29:00,2024-05-20,8,10,In-Store,offline_store,offline,CMP04_display,Conversion,Mobile,508,0,105,0.55,0.24,0.68,0.33,0.67,3.89
TP208,C160,CMP04,2024-06-06 14:14:00,2024-06-06,9,10,Social,social_media,paid_social,CMP04_display,Retention,Desktop,331,0,127,0.54,-0.37,0.17,0.04,0.8,1.08
TP2477,C160,CMP01,2024-06-29 16:26:00,2024-06-29,10,10,In-Store,offline_store,offline,CMP01_email,Retention,Mobile,791,6,96,0.03,-0.27,0.69,0.28,0.66,6.26
TP032,C161,CMP05,2024-03-14 02:50:00,2024-03-14,1,9,Social,social_media,paid_social,CMP05_email,Conversion,Tablet,634,9,136,0.12,-0.15,0.95,0.32,0.29,5.28
TP1617,C161,CMP04,2024-03-20 04:37:00,2024-03-20,2,9,Email,email,email,CMP04_display,Retention,Mobile,1079,4,71,0.1,0.18,0.39,0.77,0.13,0.9
TP481,C161,CMP06,2024-04-05 05:51:00,2024-04-05,3,9,Mobile,mobile_app,mobile_push,CMP06_display,Conversion,Mobile,473,0,5,0.27,-0.75,0.1,0.01,0.18,4.95
TP1354,C161,CMP15,2024-04-11 22:58:00,2024-04-11,4,9,Social,social_media,paid_social,CMP15_display,Retention,Mobile,335,2,63,0.67,0.46,0.37,0.0,0.76,3.27
TP1740,C161,CMP05,2024-05-03 21:16:00,2024-05-03,5,9,Social,social_media,paid_social,CMP05_email,Conversion,Tablet,918,10,179,0.16,0.91,0.76,0.31,0.65,2.52
TP2019,C161,CMP19,2024-05-25 02:46:00,2024-05-25,6,9,Social,social_media,paid_social,CMP19_social_media,Conversion,Mobile,871,6,20,0.62,0.74,0.92,0.43,0.58,5.01
TP2484,C161,CMP14,2024-05-29 07:42:00,2024-05-29,7,9,Web,website,web_referral,CMP14_email,Conversion,Mobile,891,1,184,0.5,0.64,0.28,0.96,0.63,7.39
TP407,C161,CMP02,2024-05-31 05:58:00,2024-05-31,8,9,Email,email,email,CMP02_email,Awareness,Desktop,989,2,136,0.13,-0.86,0.67,0.06,0.51,9.39
TP379,C161,CMP11,2024-06-11 06:37:00,2024-06-11,9,9,Mobile,mobile_app,mobile_push,CMP11_display,Conversion,Desktop,910,7,190,0.07,0.43,0.86,0.81,0.88,1.38
TP1688,C162,CMP03,2024-03-10 02:37:00,2024-03-10,1,4,Social,social_media,paid_social,CMP03_influencer,Consideration,Mobile,158,8,86,0.75,-0.18,0.49,0.73,0.72,3.05
TP099,C162,CMP01,2024-04-20 22:47:00,2024-04-20,2,4,Web,website,web_referral,CMP01_email,Consideration,Tablet,811,9,120,0.58,-0.05,0.33,0.52,0.43,3.21
TP2389,C162,CMP08,2024-05-27 01:29:00,2024-05-27,3,4,Social,social_media,paid_social,CMP08_search,Conversion,Mobile,444,6,86,0.17,0.59,0.13,0.74,0.25,6.68
TP1055,C162,CMP08,2024-06-07 04:31:00,2024-06-07,4,4,Mobile,mobile_app,mobile_push,CMP08_search,Conversion,Desktop,992,10,115,0.22,-0.07,0.37,0.01,0.8,8.77
TP2280,C163,CMP19,2024-03-13 14:49:00,2024-03-13,1,6,Mobile,mobile_app,mobile_push,CMP19_social_media,Awareness,Desktop,972,9,62,0.47,-0.7,0.15,0.34,0.3,7.73
TP820,C163,CMP14,2024-03-19 10:14:00,2024-03-19,2,6,Web,website,web_referral,CMP14_email,Retention,Mobile,255,3,180,0.5,0.42,0.73,0.74,0.34,8.89
TP692,C163,CMP18,2024-04-17 05:41:00,2024-04-17,3,6,Web,website,web_referral,CMP18_influencer,Retention,Mobile,1180,2,125,0.69,-0.14,0.35,0.8,0.87,6.65
TP402,C163,CMP07,2024-05-01 04:17:00,2024-05-01,4,6,Web,website,web_referral,CMP07_email,Conversion,Desktop,217,7,104,0.76,-0.2,0.77,0.81,0.82,8.88
TP2391,C163,CMP05,2024-06-10 21:04:00,2024-06-10,5,6,Email,email,email,CMP05_email,Consideration,Desktop,1003,7,42,0.12,0.39,0.2,0.17,0.05,2.5
TP144,C163,CMP04,2024-06-23 10:22:00,2024-06-23,6,6,Email,email,email,CMP04_display,Retention,Mobile,1180,9,32,0.95,-0.62,0.26,0.53,0.78,6.49
TP950,C164,CMP05,2024-03-02 17:49:00,2024-03-02,1,5,Mobile,mobile_app,mobile_push,CMP05_email,Awareness,Tablet,326,8,76,0.67,0.93,0.1,0.28,0.59,8.61
TP2323,C164,CMP16,2024-03-11 07:54:00,2024-03-11,2,5,Mobile,mobile_app,mobile_push,CMP16_social_media,Retention,Tablet,353,3,121,0.77,0.48,0.67,0.74,0.62,8.86
TP916,C164,CMP06,2024-04-20 21:09:00,2024-04-20,3,5,Social,social_media,paid_social,CMP06_display,Awareness,Tablet,1015,7,188,0.95,0.21,0.08,0.78,0.22,2.94
TP741,C164,CMP03,2024-05-20 05:35:00,2024-05-20,4,5,Social,social_media,paid_social,CMP03_influencer,Consideration,Tablet,519,10,129,0.06,-0.07,0.65,0.17,0.26,2.52
TP1866,C164,CMP16,2024-06-13 11:35:00,2024-06-13,5,5,Email,email,email,CMP16_social_media,Retention,Mobile,981,8,41,0.53,-0.26,0.58,0.28,0.28,3.63
TP1029,C165,CMP08,2024-03-12 00:41:00,2024-03-12,1,6,Web,website,web_referral,CMP08_search,Awareness,Mobile,714,3,175,0.87,-0.8,0.51,0.09,0.06,3.31
TP1821,C165,CMP01,2024-04-03 23:31:00,2024-04-03,2,6,Web,website,web_referral,CMP01_email,Conversion,Desktop,114,10,96,0.88,-0.83,0.85,0.2,0.17,8.35
TP847,C165,CMP08,2024-04-10 18:29:00,2024-04-10,3,6,Mobile,mobile_app,mobile_push,CMP08_search,Conversion,Tablet,689,4,22,0.5,0.67,0.37,0.01,0.42,9.24
TP1411,C165,CMP02,2024-04-25 11:32:00,2024-04-25,4,6,Social,social_media,paid_social,CMP02_email,Awareness,Mobile,430,6,197,0.58,-0.8,0.47,0.82,0.06,1.25
TP1729,C165,CMP10,2024-05-11 19:07:00,2024-05-11,5,6,Email,email,email,CMP10_email,Consideration,Desktop,1156,10,163,0.97,0.86,0.62,0.69,0.24,2.48
TP249,C165,CMP10,2024-06-29 18:34:00,2024-06-29,6,6,In-Store,offline_store,offline,CMP10_email,Awareness,Tablet,717,5,89,0.85,0.73,0.18,0.42,0.96,4.6
TP2459,C166,CMP17,2024-04-24 03:49:00,2024-04-24,1,5,In-Store,offline_store,offline,CMP17_display,Retention,Mobile,926,1,38,0.74,-0.53,0.41,0.38,0.65,2.43
TP1099,C166,CMP13,2024-04-30 22:26:00,2024-04-30,2,5,Web,website,web_referral,CMP13_social_media,Conversion,Desktop,38,8,11,0.03,0.6,0.97,0.09,0.56,2.98
TP2437,C166,CMP03,2024-05-05 23:37:00,2024-05-05,3,5,In-Store,offline_store,offline,CMP03_influencer,Retention,Tablet,207,7,119,0.27,-0.4,0.35,0.92,0.18,3.47
TP1673,C166,CMP11,2024-06-19 23:12:00,2024-06-19,4,5,Email,email,email,CMP11_display,Awareness,Desktop,234,6,119,0.53,0.69,0.94,0.13,0.97,4.72
TP2503,C166,CMP04,2024-06-23 22:38:00,2024-06-23,5,5,Mobile,mobile_app,mobile_push,CMP04_display,Awareness,Tablet,479,2,186,0.85,0.51,0.71,0.04,0.56,5.6
TP868,C167,CMP12,2024-03-24 13:47:00,2024-03-24,1,2,Social,social_media,paid_social,CMP12_influencer,Retention,Tablet,784,5,178,0.86,-0.96,0.85,0.95,0.13,2.37
TP062,C167,CMP12,2024-05-15 16:35:00,2024-05-15,2,2,Mobile,mobile_app,mobile_push,CMP12_influencer,Consideration,Desktop,630,0,53,0.79,0.34,0.22,0.11,0.78,1.5
TP1364,C168,CMP17,2024-03-03 19:09:00,2024-03-03,1,5,Web,website,web_referral,CMP17_display,Conversion,Mobile,815,0,12,0.95,0.6,0.13,0.88,0.85,1.08
TP1836,C168,CMP05,2024-03-13 18:43:00,2024-03-13,2,5,Web,website,web_referral,CMP05_email,Conversion,Tablet,571,10,153,0.75,0.6,0.25,0.61,0.65,2.25
TP2222,C168,CMP11,2024-03-18 16:37:00,2024-03-18,3,5,Mobile,mobile_app,mobile_push,CMP11_display,Conversion,Desktop,1009,1,134,0.35,0.83,0.25,0.56,0.23,7.61
TP838,C168,CMP06,2024-03-26 07:34:00,2024-03-26,4,5,Mobile,mobile_app,mobile_push,CMP06_display,Conversion,Desktop,191,6,184,0.01,0.85,0.08,0.55,0.98,6.4
TP704,C168,CMP13,2024-04-12 07:51:00,2024-04-12,5,5,Email,email,email,CMP13_social_media,Consideration,Mobile,644,2,101,0.75,-0.26,0.7,0.95,0.76,2.1
TP405,C169,CMP15,2024-03-31 10:09:00,2024-03-31,1,2,Social,social_media,paid_social,CMP15_display,Awareness,Desktop,1178,0,138,0.81,-0.69,0.55,0.2,0.6,3.99
TP2228,C169,CMP08,2024-04-03 06:40:00,2024-04-03,2,2,Email,email,email,CMP08_search,Retention,Desktop,835,3,126,0.91,0.93,0.23,0.3,0.16,5.79
TP2234,C170,CMP19,2024-03-27 00:33:00,2024-03-27,1,9,Web,website,web_referral,CMP19_social_media,Awareness,Desktop,1020,6,187,0.24,-0.11,0.47,0.72,0.85,3.07
TP839,C170,CMP10,2024-03-27 17:53:00,2024-03-27,2,9,Social,social_media,paid_social,CMP10_email,Awareness,Desktop,150,0,94,0.52,0.43,0.48,0.56,0.75,6.08
TP557,C170,CMP10,2024-04-16 09:29:00,2024-04-16,3,9,Email,email,email,CMP10_email,Conversion,Tablet,944,7,85,0.31,-0.42,0.74,0.08,0.51,6.01
TP2173,C170,CMP14,2024-04-19 00:37:00,2024-04-19,4,9,Mobile,mobile_app,mobile_push,CMP14_email,Conversion,Desktop,1164,4,166,0.75,-0.45,0.97,0.27,0.2,3.79
TP515,C170,CMP02,2024-05-04 13:35:00,2024-05-04,5,9,Mobile,mobile_app,mobile_push,CMP02_email,Conversion,Mobile,487,4,86,0.21,-0.89,0.43,0.22,0.77,2.6
TP1160,C170,CMP15,2024-05-11 13:23:00,2024-05-11,6,9,In-Store,offline_store,offline,CMP15_display,Consideration,Mobile,58,0,185,0.68,0.58,0.22,0.34,0.25,1.46
TP042,C170,CMP14,2024-06-14 00:02:00,2024-06-14,7,9,Mobile,mobile_app,mobile_push,CMP14_email,Consideration,Desktop,857,0,103,0.73,-0.84,0.52,0.3,0.07,2.72
TP215,C170,CMP14,2024-06-17 21:26:00,2024-06-17,8,9,In-Store,offline_store,offline,CMP14_email,Retention,Desktop,242,3,189,0.37,0.65,0.67,0.71,0.98,2.55
TP2028,C170,CMP09,2024-06-24 22:28:00,2024-06-24,9,9,Mobile,mobile_app,mobile_push,CMP09_social_media,Awareness,Tablet,417,6,27,0.86,-0.05,0.33,0.96,0.35,5.28
TP1537,C171,CMP14,2024-03-07 04:52:00,2024-03-07,1,3,Web,website,web_referral,CMP14_email,Conversion,Mobile,1073,1,47,0.72,0.45,0.36,1.0,0.85,9.44
TP204,C171,CMP04,2024-04-22 05:02:00,2024-04-22,2,3,In-Store,offline_store,offline,CMP04_display,Retention,Mobile,513,2,177,0.95,-0.47,0.42,0.29,0.65,6.99
TP2003,C171,CMP12,2024-06-10 23:34:00,2024-06-10,3,3,Web,website,web_referral,CMP12_influencer,Retention,Desktop,93,6,102,0.38,0.42,0.71,0.58,0.48,8.81
TP292,C172,CMP09,2024-03-11 07:02:00,2024-03-11,1,6,Email,email,email,CMP09_social_media,Consideration,Tablet,550,10,34,0.92,-0.52,0.76,0.94,0.38,6.42
TP253,C172,CMP17,2024-04-12 01:05:00,2024-04-12,2,6,Social,social_media,paid_social,CMP17_display,Retention,Tablet,1068,5,46,0.18,-0.23,0.93,0.94,0.42,1.93
TP1915,C172,CMP17,2024-04-22 23:27:00,2024-04-22,3,6,Web,website,web_referral,CMP17_display,Awareness,Desktop,551,8,192,0.98,0.76,0.59,0.49,0.3,2.53
TP455,C172,CMP09,2024-04-26 10:33:00,2024-04-26,4,6,Mobile,mobile_app,mobile_push,CMP09_social_media,Awareness,Tablet,571,7,96,0.24,-0.47,0.16,0.75,0.76,7.81
TP1361,C172,CMP09,2024-05-16 15:51:00,2024-05-16,5,6,In-Store,offline_store,offline,CMP09_social_media,Consideration,Desktop,96,3,190,0.49,0.18,0.21,0.1,0.16,4.29
TP165,C172,CMP17,2024-06-24 11:12:00,2024-06-24,6,6,Mobile,mobile_app,mobile_push,CMP17_display,Awareness,Desktop,333,7,194,0.58,0.2,0.8,0.13,0.13,9.55
TP1843,C173,CMP19,2024-03-06 05:49:00,2024-03-06,1,9,In-Store,offline_store,offline,CMP19_social_media,Conversion,Mobile,617,6,54,0.05,0.4,0.12,0.11,0.14,5.78
TP2570,C173,CMP14,2024-03-18 20:47:00,2024-03-18,2,9,In-Store,offline_store,offline,CMP14_email,Retention,Mobile,141,8,23,0.12,0.9,0.52,0.46,0.63,2.52
TP906,C173,CMP09,2024-04-12 17:03:00,2024-04-12,3,9,Email,email,email,CMP09_social_media,Retention,Mobile,731,5,165,0.32,-0.96,0.78,0.47,0.94,5.4
TP904,C173,CMP14,2024-04-18 11:59:00,2024-04-18,4,9,Email,email,email,CMP14_email,Awareness,Mobile,940,9,60,0.9,0.67,0.46,0.68,0.4,2.49
TP527,C173,CMP17,2024-04-25 10:14:00,2024-04-25,5,9,Social,social_media,paid_social,CMP17_display,Consideration,Desktop,893,1,169,0.77,-0.61,0.17,0.69,0.77,3.28
TP876,C173,CMP15,2024-05-01 16:35:00,2024-05-01,6,9,In-Store,offline_store,offline,CMP15_display,Conversion,Desktop,972,8,169,0.17,-0.13,0.43,0.86,0.4,9.9
TP1040,C173,CMP14,2024-05-23 07:41:00,2024-05-23,7,9,Email,email,email,CMP14_email,Awareness,Desktop,1168,3,55,0.3,-0.09,0.25,0.3,0.21,7.55
TP1328,C173,CMP05,2024-06-16 17:50:00,2024-06-16,8,9,Mobile,mobile_app,mobile_push,CMP05_email,Retention,Mobile,152,1,182,0.55,-0.27,0.86,0.01,0.75,5.63
TP1501,C173,CMP13,2024-06-20 14:05:00,2024-06-20,9,9,Mobile,mobile_app,mobile_push,CMP13_social_media,Awareness,Desktop,769,0,137,0.26,0.24,0.51,0.48,0.42,0.91
TP836,C174,CMP15,2024-03-25 02:46:00,2024-03-25,1,4,In-Store,offline_store,offline,CMP15_display,Retention,Tablet,524,3,124,0.73,-0.39,0.6,0.1,0.5,9.98
TP2412,C174,CMP16,2024-04-01 12:20:00,2024-04-01,2,4,Social,social_media,paid_social,CMP16_social_media,Retention,Desktop,195,0,83,0.6,-0.64,0.49,0.36,0.83,8.25
TP493,C174,CMP04,2024-04-15 16:26:00,2024-04-15,3,4,Email,email,email,CMP04_display,Conversion,Tablet,239,2,139,0.04,0.26,0.32,0.16,0.09,1.69
TP2506,C174,CMP12,2024-06-05 01:41:00,2024-06-05,4,4,Web,website,web_referral,CMP12_influencer,Consideration,Desktop,395,3,74,0.89,0.38,0.11,0.59,0.47,5.88
TP2360,C175,CMP15,2024-03-02 23:14:00,2024-03-02,1,4,Social,social_media,paid_social,CMP15_display,Awareness,Desktop,692,6,81,0.14,-0.04,0.97,0.85,0.34,2.15
TP1666,C175,CMP09,2024-04-03 06:07:00,2024-04-03,2,4,In-Store,offline_store,offline,CMP09_social_media,Awareness,Desktop,921,0,133,0.05,-0.44,0.41,0.23,0.84,3.35
TP049,C175,CMP05,2024-04-24 22:08:00,2024-04-24,3,4,Social,social_media,paid_social,CMP05_email,Conversion,Tablet,81,4,17,0.25,-0.23,0.7,0.55,0.65,6.9
TP2320,C175,CMP09,2024-04-28 22:08:00,2024-04-28,4,4,Mobile,mobile_app,mobile_push,CMP09_social_media,Retention,Tablet,334,2,89,0.41,-0.67,0.38,0.26,0.07,1.78
TP512,C176,CMP09,2024-05-11 18:23:00,2024-05-11,1,5,Social,social_media,paid_social,CMP09_social_media,Awareness,Desktop,121,2,17,0.84,0.97,0.98,0.93,0.65,8.71
TP2189,C176,CMP10,2024-05-14 08:13:00,2024-05-14,2,5,Web,website,web_referral,CMP10_email,Conversion,Desktop,1145,5,68,0.73,0.86,0.63,0.49,0.28,2.99
TP1976,C176,CMP19,2024-06-17 20:35:00,2024-06-17,3,5,Social,social_media,paid_social,CMP19_social_media,Awareness,Tablet,150,8,129,0.19,-0.91,0.98,0.93,0.65,2.17
TP421,C176,CMP14,2024-06-21 11:43:00,2024-06-21,4,5,Web,website,web_referral,CMP14_email,Retention,Tablet,636,4,64,0.05,0.26,1.0,0.88,0.06,5.68
TP2195,C176,CMP15,2024-06-27 21:25:00,2024-06-27,5,5,Email,email,email,CMP15_display,Conversion,Mobile,189,5,61,0.49,0.36,0.91,0.27,0.48,1.48
TP2132,C177,CMP11,2024-03-06 01:13:00,2024-03-06,1,9,Web,website,web_referral,CMP11_display,Awareness,Tablet,213,2,14,0.29,0.93,0.99,0.69,0.92,4.12
TP748,C177,CMP05,2024-03-10 03:19:00,2024-03-10,2,9,Mobile,mobile_app,mobile_push,CMP05_email,Consideration,Tablet,845,8,176,0.04,0.33,0.25,0.89,0.84,2.79
TP1618,C177,CMP13,2024-03-30 23:42:00,2024-03-30,3,9,Mobile,mobile_app,mobile_push,CMP13_social_media,Retention,Desktop,602,9,74,0.67,0.24,0.14,0.98,0.5,4.82
TP1007,C177,CMP09,2024-04-03 16:27:00,2024-04-03,4,9,In-Store,offline_store,offline,CMP09_social_media,Conversion,Desktop,1034,0,39,0.14,0.96,0.68,0.08,0.56,6.14
TP2619,C177,CMP17,2024-05-08 04:40:00,2024-05-08,5,9,Mobile,mobile_app,mobile_push,CMP17_display,Retention,Tablet,447,6,91,0.89,-0.82,0.82,0.31,0.83,1.79
TP2063,C177,CMP06,2024-05-25 15:01:00,2024-05-25,6,9,Mobile,mobile_app,mobile_push,CMP06_display,Consideration,Mobile,382,3,51,0.25,-0.33,0.82,0.84,0.74,4.51
TP780,C177,CMP11,2024-05-27 10:58:00,2024-05-27,7,9,Web,website,web_referral,CMP11_display,Awareness,Mobile,204,2,102,0.26,-0.82,0.93,0.72,0.08,1.71
TP998,C177,CMP14,2024-06-21 11:54:00,2024-06-21,8,9,Mobile,mobile_app,mobile_push,CMP14_email,Consideration,Tablet,114,10,17,0.32,0.77,0.67,0.63,0.3,1.18
TP1632,C177,CMP09,2024-06-25 09:03:00,2024-06-25,9,9,Social,social_media,paid_social,CMP09_social_media,Consideration,Tablet,845,2,38,0.73,0.21,0.56,0.92,0.14,7.95
TP2532,C178,CMP17,2024-03-13 23:01:00,2024-03-13,1,6,Mobile,mobile_app,mobile_push,CMP17_display,Conversion,Desktop,868,6,185,0.3,0.14,0.33,0.62,0.1,2.5
TP1695,C178,CMP01,2024-03-28 16:27:00,2024-03-28,2,6,Mobile,mobile_app,mobile_push,CMP01_email,Conversion,Mobile,862,6,162,0.38,0.28,0.35,0.32,0.6,9.39
TP1356,C178,CMP04,2024-04-05 08:15:00,2024-04-05,3,6,In-Store,offline_store,offline,CMP04_display,Conversion,Mobile,983,5,188,0.76,0.01,0.29,0.01,0.7,8.85
TP955,C178,CMP01,2024-04-22 10:15:00,2024-04-22,4,6,In-Store,offline_store,offline,CMP01_email,Awareness,Mobile,563,0,46,0.4,0.69,0.27,0.65,0.43,4.55
TP691,C178,CMP02,2024-05-15 08:12:00,2024-05-15,5,6,In-Store,offline_store,offline,CMP02_email,Conversion,Desktop,954,6,114,0.03,-0.43,0.42,0.4,0.75,5.64
TP2142,C178,CMP04,2024-05-20 00:30:00,2024-05-20,6,6,In-Store,offline_store,offline,CMP04_display,Consideration,Tablet,312,5,96,0.48,0.43,0.09,0.6,0.23,7.57
TP697,C179,CMP19,2024-03-10 21:12:00,2024-03-10,1,6,In-Store,offline_store,offline,CMP19_social_media,Retention,Tablet,452,5,44,0.35,-0.4,0.08,0.42,0.07,6.01
TP190,C179,CMP04,2024-03-19 05:34:00,2024-03-19,2,6,Social,social_media,paid_social,CMP04_display,Consideration,Desktop,894,0,72,0.08,0.35,0.98,0.43,0.62,3.61
TP1609,C179,CMP06,2024-03-21 07:24:00,2024-03-21,3,6,Mobile,mobile_app,mobile_push,CMP06_display,Retention,Mobile,930,5,131,0.32,0.61,0.21,0.71,0.04,9.32
TP1430,C179,CMP16,2024-04-11 21:33:00,2024-04-11,4,6,Social,social_media,paid_social,CMP16_social_media,Awareness,Desktop,441,0,28,0.08,0.74,0.62,0.45,0.55,2.1
TP1454,C179,CMP19,2024-05-15 19:36:00,2024-05-15,5,6,Web,website,web_referral,CMP19_social_media,Consideration,Desktop,678,0,163,0.87,0.28,0.13,0.2,0.45,9.78
TP2470,C179,CMP09,2024-06-25 20:45:00,2024-06-25,6,6,Web,website,web_referral,CMP09_social_media,Awareness,Desktop,655,2,191,0.39,0.91,0.39,0.3,0.9,8.95
TP667,C180,CMP19,2024-03-10 14:10:00,2024-03-10,1,6,Mobile,mobile_app,mobile_push,CMP19_social_media,Awareness,Desktop,96,4,168,0.37,-0.71,0.44,0.55,0.96,3.0
TP1270,C180,CMP18,2024-04-09 00:19:00,2024-04-09,2,6,Social,social_media,paid_social,CMP18_influencer,Awareness,Mobile,610,6,143,0.57,0.08,0.28,0.81,0.53,1.82
TP1614,C180,CMP16,2024-04-30 13:03:00,2024-04-30,3,6,Mobile,mobile_app,mobile_push,CMP16_social_media,Retention,Mobile,495,1,87,0.18,-0.67,0.21,0.39,0.48,1.99
TP1198,C180,CMP05,2024-05-08 04:30:00,2024-05-08,4,6,Social,social_media,paid_social,CMP05_email,Awareness,Tablet,283,7,76,0.47,-0.69,0.73,0.64,0.05,8.0
TP262,C180,CMP19,2024-05-27 05:26:00,2024-05-27,5,6,In-Store,offline_store,offline,CMP19_social_media,Retention,Tablet,492,3,77,0.49,0.55,0.7,0.52,0.62,3.45
TP556,C180,CMP08,2024-06-14 13:11:00,2024-06-14,6,6,Social,social_media,paid_social,CMP08_search,Consideration,Mobile,219,7,41,0.3,0.05,0.57,0.78,0.53,2.1
TP470,C181,CMP06,2024-03-25 00:00:00,2024-03-25,1,5,In-Store,offline_store,offline,CMP06_display,Awareness,Tablet,402,6,146,0.5,-0.17,0.52,0.95,0.16,9.78
TP2233,C181,CMP01,2024-03-28 22:42:00,2024-03-28,2,5,Mobile,mobile_app,mobile_push,CMP01_email,Retention,Tablet,827,5,84,0.85,0.15,0.35,0.24,0.19,5.91
TP1857,C181,CMP19,2024-05-03 17:41:00,2024-05-03,3,5,In-Store,offline_store,offline,CMP19_social_media,Consideration,Mobile,420,3,32,0.4,0.74,0.91,0.71,0.7,1.55
TP2419,C181,CMP15,2024-05-21 22:59:00,2024-05-21,4,5,In-Store,offline_store,offline,CMP15_display,Awareness,Desktop,271,10,51,0.69,-0.56,0.48,0.24,0.6,6.83
TP812,C181,CMP02,2024-06-05 20:30:00,2024-06-05,5,5,Social,social_media,paid_social,CMP02_email,Consideration,Mobile,933,1,141,0.46,0.04,0.98,0.72,0.32,8.16
TP1569,C182,CMP08,2024-04-28 20:29:00,2024-04-28,1,4,Email,email,email,CMP08_search,Conversion,Desktop,172,8,103,0.75,-0.05,0.65,0.4,0.98,6.26
TP1730,C182,CMP08,2024-05-12 06:13:00,2024-05-12,2,4,In-Store,offline_store,offline,CMP08_search,Consideration,Mobile,1194,10,74,0.29,0.15,0.39,0.98,0.95,9.89
TP867,C182,CMP11,2024-05-28 14:01:00,2024-05-28,3,4,Web,website,web_referral,CMP11_display,Retention,Mobile,944,6,97,0.08,0.74,0.98,0.06,0.87,9.07
TP1610,C182,CMP07,2024-06-11 14:52:00,2024-06-11,4,4,Social,social_media,paid_social,CMP07_email,Awareness,Mobile,617,5,112,0.7,-0.77,0.79,0.99,0.5,9.16
TP2575,C183,CMP14,2024-03-27 18:22:00,2024-03-27,1,4,Email,email,email,CMP14_email,Consideration,Tablet,241,6,114,0.06,0.29,0.08,0.52,0.08,0.58
TP2006,C183,CMP10,2024-05-01 09:34:00,2024-05-01,2,4,Email,email,email,CMP10_email,Retention,Desktop,1070,1,60,0.23,0.86,0.31,0.48,0.14,6.08
TP1133,C183,CMP12,2024-06-05 08:42:00,2024-06-05,3,4,Email,email,email,CMP12_influencer,Conversion,Desktop,455,1,176,0.76,0.61,0.14,0.44,0.39,9.77
TP763,C183,CMP12,2024-06-18 00:25:00,2024-06-18,4,4,Email,email,email,CMP12_influencer,Retention,Tablet,429,1,116,0.09,0.03,0.98,0.67,0.94,1.74
TP1112,C184,CMP11,2024-03-07 22:23:00,2024-03-07,1,4,In-Store,offline_store,offline,CMP11_display,Awareness,Desktop,1028,8,171,0.18,-0.33,0.64,0.39,0.1,2.44
TP1492,C184,CMP19,2024-05-08 13:52:00,2024-05-08,2,4,Email,email,email,CMP19_social_media,Consideration,Mobile,1155,9,114,0.65,0.42,0.16,0.38,0.35,4.72
TP1143,C184,CMP07,2024-05-16 13:54:00,2024-05-16,3,4,Mobile,mobile_app,mobile_push,CMP07_email,Consideration,Desktop,342,0,198,0.77,-0.08,0.92,0.98,0.58,5.49
TP301,C184,CMP07,2024-06-27 14:15:00,2024-06-27,4,4,Email,email,email,CMP07_email,Conversion,Mobile,565,8,136,1.0,-0.1,0.76,0.72,0.12,2.61
TP637,C185,CMP01,2024-03-13 14:52:00,2024-03-13,1,2,In-Store,offline_store,offline,CMP01_email,Consideration,Mobile,956,9,58,0.08,0.48,0.39,0.15,0.13,2.85
TP2049,C185,CMP07,2024-05-08 05:37:00,2024-05-08,2,2,In-Store,offline_store,offline,CMP07_email,Awareness,Desktop,716,2,71,0.25,0.02,0.14,0.55,0.11,3.37
TP2208,C186,CMP18,2024-03-01 10:54:00,2024-03-01,1,5,Email,email,email,CMP18_influencer,Awareness,Desktop,532,5,161,0.98,0.48,0.51,0.1,0.75,8.63
TP953,C186,CMP15,2024-03-07 15:45:00,2024-03-07,2,5,In-Store,offline_store,offline,CMP15_display,Consideration,Desktop,428,7,48,0.53,-0.34,0.05,0.94,0.78,1.4
TP2637,C186,CMP06,2024-05-05 13:40:00,2024-05-05,3,5,In-Store,offline_store,offline,CMP06_display,Awareness,Desktop,1093,6,60,0.91,-0.94,0.16,0.33,0.56,2.37
TP547,C186,CMP11,2024-05-19 23:12:00,2024-05-19,4,5,In-Store,offline_store,offline,CMP11_display,Consideration,Mobile,1173,9,72,0.39,0.09,0.41,0.14,0.76,4.83
TP814,C186,CMP09,2024-06-29 02:14:00,2024-06-29,5,5,Web,website,web_referral,CMP09_social_media,Consideration,Tablet,360,1,153,0.65,-0.75,0.07,0.59,0.54,3.67
TP1868,C187,CMP10,2024-03-08 12:42:00,2024-03-08,1,7,Mobile,mobile_app,mobile_push,CMP10_email,Conversion,Mobile,293,4,160,0.26,-0.02,0.46,0.16,0.48,6.09
TP778,C187,CMP11,2024-03-13 01:59:00,2024-03-13,2,7,Email,email,email,CMP11_display,Retention,Mobile,126,7,106,0.8,-0.8,0.59,0.15,0.04,7.7
TP277,C187,CMP15,2024-04-22 07:03:00,2024-04-22,3,7,Web,website,web_referral,CMP15_display,Consideration,Tablet,571,7,133,0.82,-0.36,0.79,0.69,0.97,1.21
TP210,C187,CMP19,2024-04-23 06:45:00,2024-04-23,4,7,Web,website,web_referral,CMP19_social_media,Retention,Tablet,973,7,191,0.86,0.46,0.78,0.27,0.17,9.71
TP2087,C187,CMP05,2024-04-29 18:49:00,2024-04-29,5,7,Web,website,web_referral,CMP05_email,Conversion,Mobile,261,3,69,0.57,0.76,0.93,0.07,0.94,4.21
TP318,C187,CMP17,2024-06-16 07:44:00,2024-06-16,6,7,Mobile,mobile_app,mobile_push,CMP17_display,Conversion,Mobile,1161,0,125,0.94,0.8,0.37,0.87,0.1,9.13
TP1214,C187,CMP09,2024-06-25 14:00:00,2024-06-25,7,7,In-Store,offline_store,offline,CMP09_social_media,Consideration,Tablet,787,5,191,0.52,0.83,0.43,0.44,0.71,6.82
TP2239,C188,CMP10,2024-03-03 02:18:00,2024-03-03,1,8,Mobile,mobile_app,mobile_push,CMP10_email,Awareness,Mobile,1059,1,2,0.45,-0.13,0.92,0.71,0.73,1.12
TP1749,C188,CMP08,2024-03-17 14:20:00,2024-03-17,2,8,Email,email,email,CMP08_search,Consideration,Mobile,898,9,14,0.98,-0.57,0.65,0.01,0.08,5.79
TP044,C188,CMP10,2024-03-29 02:25:00,2024-03-29,3,8,In-Store,offline_store,offline,CMP10_email,Consideration,Mobile,409,3,193,0.87,-0.2,0.01,0.87,0.77,7.02
TP123,C188,CMP16,2024-04-18 18:01:00,2024-04-18,4,8,In-Store,offline_store,offline,CMP16_social_media,Conversion,Mobile,981,2,123,0.86,0.79,0.1,0.82,0.08,3.68
TP473,C188,CMP05,2024-05-04 12:36:00,2024-05-04,5,8,Mobile,mobile_app,mobile_push,CMP05_email,Conversion,Tablet,900,6,82,0.25,0.57,0.71,0.14,0.68,9.23
TP1998,C188,CMP05,2024-05-06 21:18:00,2024-05-06,6,8,In-Store,offline_store,offline,CMP05_email,Conversion,Mobile,308,9,105,0.11,-0.34,0.54,0.82,0.97,0.74
TP2276,C188,CMP19,2024-05-29 17:31:00,2024-05-29,7,8,Social,social_media,paid_social,CMP19_social_media,Awareness,Mobile,629,10,7,0.25,-0.82,0.91,0.31,0.64,4.91
TP2553,C188,CMP12,2024-06-11 17:11:00,2024-06-11,8,8,In-Store,offline_store,offline,CMP12_influencer,Conversion,Tablet,746,7,2,0.04,-0.82,0.15,0.2,0.23,5.9
TP007,C189,CMP01,2024-04-23 20:16:00,2024-04-23,1,3,Web,website,web_referral,CMP01_email,Retention,Tablet,739,10,41,0.34,-0.71,0.44,0.53,0.35,6.71
TP622,C189,CMP13,2024-05-12 09:07:00,2024-05-12,2,3,Social,social_media,paid_social,CMP13_social_media,Retention,Desktop,322,9,135,0.68,0.42,0.17,0.22,0.1,4.93
TP1638,C189,CMP04,2024-06-25 17:43:00,2024-06-25,3,3,Web,website,web_referral,CMP04_display,Consideration,Desktop,687,0,139,0.47,-0.97,0.64,0.81,0.78,6.21
TP232,C190,CMP13,2024-03-23 18:10:00,2024-03-23,1,7,Mobile,mobile_app,mobile_push,CMP13_social_media,Consideration,Tablet,87,9,67,0.23,0.44,0.61,0.97,0.51,3.99
TP893,C190,CMP08,2024-04-10 16:47:00,2024-04-10,2,7,In-Store,offline_store,offline,CMP08_search,Consideration,Desktop,344,1,57,0.1,0.33,0.75,0.23,0.54,9.87
TP1848,C190,CMP19,2024-04-26 02:45:00,2024-04-26,3,7,Social,social_media,paid_social,CMP19_social_media,Conversion,Tablet,75,4,122,0.86,-0.55,0.4,0.25,0.86,2.71
TP758,C190,CMP06,2024-04-28 07:04:00,2024-04-28,4,7,Mobile,mobile_app,mobile_push,CMP06_display,Consideration,Tablet,165,1,81,0.55,0.97,0.69,0.62,0.86,3.42
TP549,C190,CMP19,2024-05-05 15:37:00,2024-05-05,5,7,Social,social_media,paid_social,CMP19_social_media,Retention,Desktop,935,3,121,0.98,0.54,0.74,0.06,0.63,9.84
TP047,C190,CMP09,2024-05-07 18:12:00,2024-05-07,6,7,Web,website,web_referral,CMP09_social_media,Consideration,Tablet,592,10,157,0.95,0.65,0.43,0.92,0.35,0.9
TP111,C190,CMP17,2024-05-12 19:11:00,2024-05-12,7,7,Email,email,email,CMP17_display,Consideration,Mobile,647,9,63,0.15,0.21,0.04,0.56,0.69,4.19
TP2236,C191,CMP10,2024-03-26 23:38:00,2024-03-26,1,4,Mobile,mobile_app,mobile_push,CMP10_email,Retention,Tablet,710,4,168,0.69,0.67,0.16,0.38,0.25,1.41
TP894,C191,CMP06,2024-05-11 16:46:00,2024-05-11,2,4,Mobile,mobile_app,mobile_push,CMP06_display,Awareness,Desktop,323,1,9,0.36,0.55,0.88,0.71,0.33,3.87
TP476,C191,CMP14,2024-05-17 16:54:00,2024-05-17,3,4,Web,website,web_referral,CMP14_email,Conversion,Desktop,977,0,12,0.3,-0.66,0.85,0.82,0.92,8.2
TP095,C191,CMP18,2024-06-27 05:13:00,2024-06-27,4,4,In-Store,offline_store,offline,CMP18_influencer,Consideration,Tablet,638,10,6,0.09,0.71,0.65,0.01,0.81,3.84
TP624,C192,CMP05,2024-04-19 04:05:00,2024-04-19,1,9,Mobile,mobile_app,mobile_push,CMP05_email,Conversion,Desktop,1120,2,101,0.96,-0.75,0.15,0.78,0.18,2.19
TP2305,C192,CMP13,2024-05-03 04:05:00,2024-05-03,2,9,Mobile,mobile_app,mobile_push,CMP13_social_media,Retention,Desktop,57,9,138,0.44,0.26,0.7,0.08,0.91,3.03
TP746,C192,CMP17,2024-05-07 00:23:00,2024-05-07,3,9,Email,email,email,CMP17_display,Conversion,Tablet,482,10,150,0.58,-0.07,0.78,0.42,0.27,8.91
TP452,C192,CMP19,2024-05-10 10:30:00,2024-05-10,4,9,Mobile,mobile_app,mobile_push,CMP19_social_media,Retention,Desktop,1033,8,162,0.74,0.01,0.52,0.65,0.24,8.26
TP029,C192,CMP02,2024-05-18 03:17:00,2024-05-18,5,9,Web,website,web_referral,CMP02_email,Consideration,Desktop,267,8,54,0.9,0.21,0.48,0.95,0.79,1.27
TP1084,C192,CMP18,2024-05-28 05:21:00,2024-05-28,6,9,Web,website,web_referral,CMP18_influencer,Awareness,Tablet,199,1,87,0.84,0.01,0.08,0.91,0.75,5.3
TP1230,C192,CMP10,2024-06-03 15:41:00,2024-06-03,7,9,Mobile,mobile_app,mobile_push,CMP10_email,Awareness,Desktop,686,10,81,0.79,-0.51,0.31,0.7,0.15,8.73
TP961,C192,CMP15,2024-06-15 03:58:00,2024-06-15,8,9,In-Store,offline_store,offline,CMP15_display,Awareness,Desktop,955,5,88,0.74,-0.92,0.53,0.13,0.36,9.19
TP2319,C192,CMP17,2024-06-29 20:08:00,2024-06-29,9,9,In-Store,offline_store,offline,CMP17_display,Consideration,Tablet,1032,9,106,0.6,0.53,0.82,0.12,0.39,9.9
TP2076,C193,CMP09,2024-03-03 15:42:00,2024-03-03,1,3,Email,email,email,CMP09_social_media,Consideration,Tablet,73,0,134,0.42,-0.9,0.89,0.31,0.93,3.69
TP1855,C193,CMP05,2024-04-06 03:33:00,2024-04-06,2,3,Mobile,mobile_app,mobile_push,CMP05_email,Retention,Mobile,622,3,117,0.09,0.9,0.57,0.43,0.37,6.1
TP2312,C193,CMP14,2024-05-17 12:40:00,2024-05-17,3,3,Mobile,mobile_app,mobile_push,CMP14_email,Awareness,Tablet,1045,1,108,0.2,-0.49,0.59,0.99,0.45,0.81
TP2502,C194,CMP02,2024-03-14 03:21:00,2024-03-14,1,5,In-Store,offline_store,offline,CMP02_email,Awareness,Tablet,605,2,168,0.51,0.71,0.16,0.39,0.27,7.71
TP400,C194,CMP03,2024-04-04 01:37:00,2024-04-04,2,5,Social,social_media,paid_social,CMP03_influencer,Retention,Tablet,998,8,29,0.18,-0.72,0.72,0.96,0.91,6.92
TP1322,C194,CMP11,2024-05-13 22:02:00,2024-05-13,3,5,In-Store,offline_store,offline,CMP11_display,Conversion,Desktop,215,4,25,0.73,0.39,0.9,0.18,0.49,6.46
TP1668,C194,CMP18,2024-06-14 21:28:00,2024-06-14,4,5,Email,email,email,CMP18_influencer,Retention,Mobile,931,2,139,0.72,0.87,0.29,0.15,0.21,4.25
TP844,C194,CMP04,2024-06-22 18:55:00,2024-06-22,5,5,Web,website,web_referral,CMP04_display,Awareness,Mobile,1182,8,64,0.2,0.8,0.75,0.05,0.8,1.17
TP1759,C195,CMP02,2024-03-19 14:07:00,2024-03-19,1,6,Web,website,web_referral,CMP02_email,Conversion,Tablet,36,5,121,0.4,-0.22,0.85,0.97,0.08,8.53
TP1147,C195,CMP13,2024-05-09 01:44:00,2024-05-09,2,6,In-Store,offline_store,offline,CMP13_social_media,Consideration,Tablet,118,1,188,0.74,-0.93,0.73,0.38,0.54,3.3
TP1145,C195,CMP08,2024-05-13 15:30:00,2024-05-13,3,6,Social,social_media,paid_social,CMP08_search,Conversion,Mobile,1199,3,181,0.05,0.63,0.85,0.27,0.67,4.88
TP2366,C195,CMP19,2024-05-19 18:14:00,2024-05-19,4,6,Web,website,web_referral,CMP19_social_media,Consideration,Mobile,972,5,49,0.19,-0.44,0.44,0.46,0.21,4.55
TP2169,C195,CMP13,2024-05-21 21:47:00,2024-05-21,5,6,Mobile,mobile_app,mobile_push,CMP13_social_media,Consideration,Mobile,914,8,37,0.51,0.68,0.84,0.09,0.73,5.65
TP417,C195,CMP14,2024-06-21 21:22:00,2024-06-21,6,6,Social,social_media,paid_social,CMP14_email,Consideration,Tablet,930,5,62,0.32,-0.18,0.98,0.53,0.01,8.34
TP1475,C196,CMP09,2024-03-09 21:46:00,2024-03-09,1,4,Email,email,email,CMP09_social_media,Awareness,Mobile,881,1,118,0.61,0.34,0.46,0.57,0.95,0.62
TP2298,C196,CMP08,2024-03-14 12:28:00,2024-03-14,2,4,Email,email,email,CMP08_search,Consideration,Mobile,1113,5,55,0.8,0.16,0.78,0.63,0.62,7.99
TP730,C196,CMP03,2024-05-04 10:48:00,2024-05-04,3,4,Email,email,email,CMP03_influencer,Conversion,Tablet,80,1,23,0.51,-0.08,0.85,0.98,0.85,8.37
TP572,C196,CMP14,2024-06-19 06:15:00,2024-06-19,4,4,Web,website,web_referral,CMP14_email,Conversion,Tablet,1032,3,120,0.91,0.81,0.64,0.74,0.26,6.32
TP980,C197,CMP03,2024-03-03 02:36:00,2024-03-03,1,3,Mobile,mobile_app,mobile_push,CMP03_influencer,Awareness,Mobile,979,4,26,0.46,0.17,0.06,0.66,0.48,2.14
TP1754,C197,CMP13,2024-03-05 08:45:00,2024-03-05,2,3,Social,social_media,paid_social,CMP13_social_media,Conversion,Tablet,81,6,10,0.08,0.84,0.1,0.09,0.2,8.22
TP1020,C197,CMP01,2024-05-08 00:56:00,2024-05-08,3,3,Web,website,web_referral,CMP01_email,Retention,Mobile,248,9,139,0.74,-0.52,0.4,0.03,0.36,2.48
TP2093,C198,CMP18,2024-03-08 14:25:00,2024-03-08,1,8,Email,email,email,CMP18_influencer,Conversion,Mobile,268,6,122,0.36,-0.27,0.76,0.93,0.59,4.47
TP295,C198,CMP07,2024-04-03 09:18:00,2024-04-03,2,8,Email,email,email,CMP07_email,Consideration,Tablet,1159,5,93,0.56,0.16,0.83,0.59,0.69,7.06
TP1615,C198,CMP16,2024-04-22 19:33:00,2024-04-22,3,8,Web,website,web_referral,CMP16_social_media,Awareness,Tablet,963,5,126,0.61,-0.96,0.89,0.92,0.63,5.46
TP1450,C198,CMP17,2024-04-26 07:52:00,2024-04-26,4,8,Web,website,web_referral,CMP17_display,Consideration,Mobile,741,5,31,0.02,0.18,0.47,0.78,0.76,2.92
TP1946,C198,CMP02,2024-04-28 07:54:00,2024-04-28,5,8,Email,email,email,CMP02_email,Retention,Mobile,128,9,112,0.14,-0.63,0.84,0.23,0.27,6.14
TP310,C198,CMP09,2024-05-15 21:05:00,2024-05-15,6,8,Email,email,email,CMP09_social_media,Consideration,Desktop,1018,3,142,0.47,0.71,0.1,0.64,0.23,3.96
TP244,C198,CMP15,2024-05-25 20:59:00,2024-05-25,7,8,Social,social_media,paid_social,CMP15_display,Awareness,Desktop,1029,10,47,0.73,0.1,0.54,0.03,0.73,7.98
TP1285,C198,CMP13,2024-06-28 05:02:00,2024-06-28,8,8,Email,email,email,CMP13_social_media,Retention,Tablet,51,3,162,0.37,-0.65,0.73,0.33,0.56,2.59
TP333,C199,CMP06,2024-04-06 07:33:00,2024-04-06,1,4,Web,website,web_referral,CMP06_display,Consideration,Tablet,967,4,41,0.06,0.75,0.33,0.88,0.05,0.69
TP2414,C199,CMP11,2024-04-26 02:15:00,2024-04-26,2,4,In-Store,offline_store,offline,CMP11_display,Conversion,Tablet,426,1,88,0.6,0.52,0.73,0.09,0.82,0.76
TP2104,C199,CMP04,2024-05-26 23:21:00,2024-05-26,3,4,Social,social_media,paid_social,CMP04_display,Consideration,Tablet,444,9,165,0.9,0.14,0.08,0.19,0.73,5.31
TP1962,C199,CMP12,2024-06-10 02:39:00,2024-06-10,4,4,Social,social_media,paid_social,CMP12_influencer,Consideration,Mobile,37,2,84,0.93,-0.75,0.81,0.83,0.89,9.81
TP1520,C200,CMP04,2024-03-27 23:34:00,2024-03-27,1,2,In-Store,offline_store,offline,CMP04_display,Conversion,Tablet,971,3,48,0.66,-0.27,0.53,0.61,0.62,0.89
TP1947,C200,CMP19,2024-06-16 14:01:00,2024-06-16,2,2,In-Store,offline_store,offline,CMP19_social_media,Retention,Mobile,901,8,52,0.66,-0.13,0.76,0.55,0.78,4.0
TP154,C201,CMP11,2024-03-01 18:04:00,2024-03-01,1,6,Social,social_media,paid_social,CMP11_display,Consideration,Mobile,621,8,77,1.0,-1.0,0.17,0.4,0.25,1.6
TP1797,C201,CMP13,2024-04-06 16:21:00,2024-04-06,2,6,Social,social_media,paid_social,CMP13_social_media,Awareness,Desktop,785,1,181,0.43,-0.47,0.57,0.84,0.78,8.77
TP965,C201,CMP01,2024-05-07 22:44:00,2024-05-07,3,6,Web,website,web_referral,CMP01_email,Retention,Tablet,794,10,55,0.98,-0.1,0.2,0.22,0.84,2.65
TP316,C201,CMP04,2024-06-09 21:59:00,2024-06-09,4,6,Email,email,email,CMP04_display,Awareness,Desktop,599,9,65,0.5,0.32,0.97,0.48,0.9,5.04
TP1899,C201,CMP06,2024-06-17 17:15:00,2024-06-17,5,6,Web,website,web_referral,CMP06_display,Retention,Mobile,426,5,116,0.93,0.91,0.69,0.9,0.36,9.83
TP1895,C201,CMP02,2024-06-28 05:06:00,2024-06-28,6,6,Social,social_media,paid_social,CMP02_email,Awareness,Mobile,930,1,135,0.87,-0.24,0.05,0.51,0.04,4.2
TP1235,C202,CMP11,2024-03-08 10:06:00,2024-03-08,1,8,Mobile,mobile_app,mobile_push,CMP11_display,Conversion,Tablet,1012,3,180,0.45,-0.25,0.68,0.48,0.47,5.55
TP870,C202,CMP08,2024-03-24 04:37:00,2024-03-24,2,8,Social,social_media,paid_social,CMP08_search,Awareness,Desktop,432,8,38,0.08,0.84,0.06,0.83,0.05,1.78
TP2485,C202,CMP14,2024-04-28 13:07:00,2024-04-28,3,8,In-Store,offline_store,offline,CMP14_email,Awareness,Tablet,646,1,120,0.03,0.53,0.19,0.96,0.15,3.36
TP100,C202,CMP08,2024-05-10 07:49:00,2024-05-10,4,8,Email,email,email,CMP08_search,Retention,Desktop,191,0,61,0.15,-0.44,0.17,0.07,0.38,9.2
TP1030,C202,CMP02,2024-05-12 02:59:00,2024-05-12,5,8,Email,email,email,CMP02_email,Retention,Tablet,1186,10,159,0.63,0.05,0.6,0.77,0.96,3.8
TP1584,C202,CMP02,2024-05-15 03:51:00,2024-05-15,6,8,Web,website,web_referral,CMP02_email,Retention,Tablet,136,6,19,0.9,0.01,0.64,0.87,0.75,9.09
TP2591,C202,CMP17,2024-05-25 20:28:00,2024-05-25,7,8,Web,website,web_referral,CMP17_display,Retention,Mobile,762,2,162,0.33,-0.78,0.76,0.99,0.52,7.61
TP1778,C202,CMP13,2024-06-19 03:06:00,2024-06-19,8,8,Mobile,mobile_app,mobile_push,CMP13_social_media,Consideration,Tablet,563,2,80,0.85,-0.68,0.42,0.41,0.24,5.23
TP1324,C203,CMP15,2024-03-29 08:51:00,2024-03-29,1,3,Web,website,web_referral,CMP15_display,Consideration,Tablet,244,3,105,0.58,-0.01,0.29,0.73,0.67,3.74
TP913,C203,CMP13,2024-05-27 23:08:00,2024-05-27,2,3,In-Store,offline_store,offline,CMP13_social_media,Awareness,Tablet,810,6,120,0.08,-0.77,0.03,0.62,0.29,0.98
TP300,C203,CMP10,2024-06-16 18:38:00,2024-06-16,3,3,Mobile,mobile_app,mobile_push,CMP10_email,Awareness,Desktop,545,7,103,0.57,0.57,0.66,0.85,0.76,8.03
TP2322,C204,CMP15,2024-03-15 01:10:00,2024-03-15,1,3,Mobile,mobile_app,mobile_push,CMP15_display,Consideration,Desktop,138,7,46,0.91,0.57,1.0,0.63,0.55,3.46
TP2529,C204,CMP14,2024-05-31 01:32:00,2024-05-31,2,3,Web,website,web_referral,CMP14_email,Retention,Mobile,87,0,174,0.66,0.6,0.3,0.85,0.7,7.63
TP648,C204,CMP10,2024-06-11 16:18:00,2024-06-11,3,3,Mobile,mobile_app,mobile_push,CMP10_email,Awareness,Tablet,1021,2,34,0.13,0.69,0.87,0.31,0.57,4.59
TP1123,C205,CMP13,2024-03-05 12:00:00,2024-03-05,1,3,Mobile,mobile_app,mobile_push,CMP13_social_media,Consideration,Desktop,1125,0,41,0.61,-0.91,0.42,0.83,0.36,6.05
TP2448,C205,CMP16,2024-04-08 21:38:00,2024-04-08,2,3,Web,website,web_referral,CMP16_social_media,Consideration,Mobile,263,8,92,0.68,-0.45,0.53,0.39,0.53,8.08
TP1041,C205,CMP18,2024-06-09 08:24:00,2024-06-09,3,3,Mobile,mobile_app,mobile_push,CMP18_influencer,Conversion,Mobile,730,6,88,0.64,-0.49,0.11,0.21,0.87,4.39
TP082,C206,CMP10,2024-03-26 04:21:00,2024-03-26,1,4,Web,website,web_referral,CMP10_email,Retention,Mobile,1012,4,176,0.2,0.84,0.16,0.64,0.39,7.05
TP2260,C206,CMP17,2024-05-06 01:05:00,2024-05-06,2,4,Web,website,web_referral,CMP17_display,Awareness,Mobile,856,7,172,0.75,0.41,0.71,0.78,0.14,2.24
TP790,C206,CMP16,2024-05-13 21:19:00,2024-05-13,3,4,Web,website,web_referral,CMP16_social_media,Retention,Desktop,662,1,130,0.55,0.75,0.52,0.45,0.34,8.49
TP2429,C206,CMP06,2024-06-29 14:29:00,2024-06-29,4,4,In-Store,offline_store,offline,CMP06_display,Consideration,Desktop,547,2,76,0.31,-0.48,0.07,0.57,0.38,2.1
TP184,C207,CMP05,2024-03-20 18:52:00,2024-03-20,1,4,Mobile,mobile_app,mobile_push,CMP05_email,Retention,Mobile,358,10,16,0.51,0.7,0.7,0.43,0.41,8.64
TP2598,C207,CMP17,2024-04-14 11:18:00,2024-04-14,2,4,In-Store,offline_store,offline,CMP17_display,Conversion,Tablet,287,4,117,0.88,-0.08,0.62,0.74,0.71,9.88
TP1075,C207,CMP03,2024-05-22 21:07:00,2024-05-22,3,4,Mobile,mobile_app,mobile_push,CMP03_influencer,Conversion,Desktop,796,7,182,0.09,0.98,0.58,0.44,0.19,7.15
TP1199,C207,CMP17,2024-05-31 17:43:00,2024-05-31,4,4,Mobile,mobile_app,mobile_push,CMP17_display,Awareness,Desktop,1071,6,40,0.75,0.74,0.95,0.06,0.84,8.46
TP114,C208,CMP08,2024-03-01 17:11:00,2024-03-01,1,5,In-Store,offline_store,offline,CMP08_search,Awareness,Mobile,191,10,109,0.99,0.34,0.69,0.55,0.73,5.99
TP2543,C208,CMP18,2024-03-13 19:13:00,2024-03-13,2,5,Web,website,web_referral,CMP18_influencer,Consideration,Tablet,1025,8,47,0.47,-0.41,0.83,0.59,0.51,6.15
TP403,C208,CMP14,2024-03-16 07:24:00,2024-03-16,3,5,Email,email,email,CMP14_email,Awareness,Mobile,33,0,110,0.89,0.02,0.49,0.54,0.24,5.89
TP2400,C208,CMP14,2024-04-27 08:25:00,2024-04-27,4,5,Web,website,web_referral,CMP14_email,Conversion,Mobile,330,5,177,0.99,-0.53,0.31,0.56,0.07,6.84
TP373,C208,CMP13,2024-05-30 12:54:00,2024-05-30,5,5,Email,email,email,CMP13_social_media,Consideration,Desktop,221,2,53,0.28,-0.5,0.18,0.17,0.44,6.42
TP2449,C209,CMP19,2024-03-17 18:53:00,2024-03-17,1,3,Web,website,web_referral,CMP19_social_media,Awareness,Mobile,437,4,164,0.81,-0.92,0.84,0.09,0.12,9.35
TP1786,C209,CMP02,2024-04-20 11:55:00,2024-04-20,2,3,Social,social_media,paid_social,CMP02_email,Consideration,Desktop,477,8,43,0.36,0.27,0.02,0.93,0.54,9.05
TP1789,C209,CMP04,2024-05-16 20:39:00,2024-05-16,3,3,Social,social_media,paid_social,CMP04_display,Consideration,Mobile,1118,10,161,0.28,-0.92,0.14,0.06,0.07,6.22
TP1599,C210,CMP16,2024-04-11 06:04:00,2024-04-11,1,4,Social,social_media,paid_social,CMP16_social_media,Consideration,Mobile,892,9,144,0.94,0.08,0.29,0.93,0.87,5.69
TP2316,C210,CMP11,2024-05-07 05:11:00,2024-05-07,2,4,Web,website,web_referral,CMP11_display,Conversion,Desktop,845,4,191,0.6,0.41,0.54,0.75,0.28,2.38
TP1531,C210,CMP07,2024-06-20 03:37:00,2024-06-20,3,4,Web,website,web_referral,CMP07_email,Conversion,Tablet,160,7,132,0.09,-0.93,0.35,0.55,0.81,1.89
TP2018,C210,CMP12,2024-06-20 17:12:00,2024-06-20,4,4,Email,email,email,CMP12_influencer,Awareness,Tablet,422,5,31,0.4,-0.12,0.9,0.69,0.74,2.93
TP1650,C211,CMP10,2024-05-04 08:16:00,2024-05-04,1,2,In-Store,offline_store,offline,CMP10_email,Consideration,Tablet,463,1,21,0.73,0.75,0.91,0.26,0.58,7.94
TP2582,C211,CMP10,2024-05-27 20:51:00,2024-05-27,2,2,Email,email,email,CMP10_email,Retention,Tablet,54,3,78,0.89,-0.17,0.32,0.43,0.44,2.69
TP967,C212,CMP03,2024-05-22 20:51:00,2024-05-22,1,3,Mobile,mobile_app,mobile_push,CMP03_influencer,Retention,Tablet,753,7,177,0.67,-0.9,0.68,0.61,0.31,8.1
TP1336,C212,CMP19,2024-06-03 02:00:00,2024-06-03,2,3,Email,email,email,CMP19_social_media,Retention,Tablet,1006,8,157,0.67,-0.81,0.93,0.09,0.14,7.9
TP1247,C212,CMP17,2024-06-21 08:26:00,2024-06-21,3,3,Email,email,email,CMP17_display,Retention,Mobile,996,2,21,0.15,0.72,0.08,0.62,0.64,2.28
TP2604,C213,CMP09,2024-05-13 04:26:00,2024-05-13,1,4,Social,social_media,paid_social,CMP09_social_media,Retention,Tablet,979,4,50,0.63,-0.15,0.26,0.47,0.13,7.8
TP1410,C213,CMP03,2024-06-01 20:09:00,2024-06-01,2,4,Social,social_media,paid_social,CMP03_influencer,Consideration,Tablet,1129,8,184,0.19,0.23,0.28,0.46,0.67,3.9
TP912,C213,CMP13,2024-06-02 01:00:00,2024-06-02,3,4,Social,social_media,paid_social,CMP13_social_media,Conversion,Desktop,417,9,181,0.75,-0.94,0.38,0.36,0.84,0.75
TP113,C213,CMP15,2024-06-29 03:04:00,2024-06-29,4,4,Social,social_media,paid_social,CMP15_display,Consideration,Tablet,291,6,101,0.57,-0.55,0.94,0.51,0.08,1.13
TP1559,C214,CMP02,2024-03-14 00:15:00,2024-03-14,1,6,Social,social_media,paid_social,CMP02_email,Conversion,Tablet,433,4,89,0.77,-0.2,0.05,0.57,0.43,4.47
TP1182,C214,CMP03,2024-04-15 02:44:00,2024-04-15,2,6,Social,social_media,paid_social,CMP03_influencer,Retention,Tablet,278,0,36,0.58,0.04,0.08,0.06,0.99,3.09
TP167,C214,CMP12,2024-05-28 13:31:00,2024-05-28,3,6,In-Store,offline_store,offline,CMP12_influencer,Awareness,Tablet,268,0,114,0.19,-0.71,0.34,0.93,0.17,9.6
TP1203,C214,CMP04,2024-05-28 23:30:00,2024-05-28,4,6,Mobile,mobile_app,mobile_push,CMP04_display,Awareness,Mobile,544,3,120,0.56,0.72,0.48,0.81,0.89,3.01
TP2441,C214,CMP19,2024-06-22 10:09:00,2024-06-22,5,6,Email,email,email,CMP19_social_media,Awareness,Mobile,1118,5,176,0.3,-0.94,0.6,0.64,0.78,9.13
TP2469,C214,CMP05,2024-06-26 23:37:00,2024-06-26,6,6,In-Store,offline_store,offline,CMP05_email,Retention,Mobile,298,0,145,0.66,0.88,0.61,0.14,0.32,2.89
TP1646,C215,CMP17,2024-03-03 18:27:00,2024-03-03,1,11,Mobile,mobile_app,mobile_push,CMP17_display,Conversion,Mobile,1006,4,45,0.69,0.98,0.24,0.5,0.93,2.83
TP821,C215,CMP06,2024-03-06 19:08:00,2024-03-06,2,11,Mobile,mobile_app,mobile_push,CMP06_display,Consideration,Desktop,1013,4,66,0.91,0.62,0.05,0.47,0.8,0.65
TP542,C215,CMP17,2024-03-22 19:17:00,2024-03-22,3,11,Web,website,web_referral,CMP17_display,Awareness,Desktop,68,3,187,0.15,0.26,0.56,0.6,0.56,4.46
TP1808,C215,CMP13,2024-04-04 12:11:00,2024-04-04,4,11,In-Store,offline_store,offline,CMP13_social_media,Awareness,Mobile,70,3,4,0.59,0.16,0.12,0.39,0.85,5.35
TP1980,C215,CMP07,2024-04-06 14:50:00,2024-04-06,5,11,Web,website,web_referral,CMP07_email,Awareness,Mobile,1167,10,162,0.22,0.25,0.12,0.8,0.49,5.04
TP1783,C215,CMP05,2024-04-07 09:15:00,2024-04-07,6,11,Mobile,mobile_app,mobile_push,CMP05_email,Retention,Mobile,683,6,180,0.64,0.53,0.21,0.58,0.89,8.68
TP2131,C215,CMP18,2024-04-17 15:45:00,2024-04-17,7,11,Email,email,email,CMP18_influencer,Retention,Tablet,1181,2,136,0.14,-0.54,0.53,0.93,0.16,2.1
TP109,C215,CMP18,2024-04-17 16:18:00,2024-04-17,8,11,Email,email,email,CMP18_influencer,Awareness,Desktop,1042,5,102,0.28,0.67,0.43,0.73,0.12,8.14
TP012,C215,CMP10,2024-04-28 00:34:00,2024-04-28,9,11,Web,website,web_referral,CMP10_email,Conversion,Tablet,505,1,48,0.45,-0.04,0.85,0.53,0.58,5.79
TP718,C215,CMP15,2024-05-27 18:01:00,2024-05-27,10,11,In-Store,offline_store,offline,CMP15_display,Awareness,Mobile,1063,7,121,0.56,0.77,0.19,0.36,0.42,3.73
TP1942,C215,CMP11,2024-06-01 11:38:00,2024-06-01,11,11,Mobile,mobile_app,mobile_push,CMP11_display,Consideration,Desktop,1050,5,120,0.14,-0.59,0.65,0.29,0.79,9.89
TP2146,C216,CMP14,2024-03-04 16:08:00,2024-03-04,1,6,Web,website,web_referral,CMP14_email,Consideration,Mobile,585,0,17,0.82,-0.25,0.32,0.96,0.72,3.49
TP1490,C216,CMP01,2024-03-21 03:39:00,2024-03-21,2,6,In-Store,offline_store,offline,CMP01_email,Conversion,Mobile,489,10,179,0.45,0.42,0.86,0.48,0.66,2.42
TP2219,C216,CMP02,2024-03-22 23:39:00,2024-03-22,3,6,Social,social_media,paid_social,CMP02_email,Retention,Desktop,721,6,42,0.34,-0.59,0.05,0.24,0.01,0.77
TP1936,C216,CMP13,2024-05-09 02:38:00,2024-05-09,4,6,Mobile,mobile_app,mobile_push,CMP13_social_media,Conversion,Tablet,1046,9,179,0.96,-0.01,0.86,0.56,0.96,4.51
TP1209,C216,CMP02,2024-06-07 11:34:00,2024-06-07,5,6,Web,website,web_referral,CMP02_email,Consideration,Mobile,932,3,57,0.06,-0.83,0.68,0.45,0.82,5.16
TP162,C216,CMP19,2024-06-12 21:32:00,2024-06-12,6,6,Email,email,email,CMP19_social_media,Awareness,Mobile,327,7,154,0.94,-0.71,0.74,0.7,0.76,7.04
TP738,C217,CMP19,2024-03-02 22:22:00,2024-03-02,1,8,Email,email,email,CMP19_social_media,Conversion,Desktop,663,8,162,0.95,0.92,0.76,0.46,0.53,6.4
TP121,C217,CMP01,2024-03-15 09:40:00,2024-03-15,2,8,Mobile,mobile_app,mobile_push,CMP01_email,Awareness,Tablet,1169,4,173,0.86,0.98,0.07,0.93,0.59,9.92
TP1903,C217,CMP17,2024-03-22 17:01:00,2024-03-22,3,8,Email,email,email,CMP17_display,Retention,Tablet,1011,1,163,0.19,-0.3,0.81,0.24,0.35,9.84
TP775,C217,CMP09,2024-05-02 00:48:00,2024-05-02,4,8,Email,email,email,CMP09_social_media,Retention,Mobile,635,7,158,0.65,0.32,0.98,0.54,0.07,1.64
TP857,C217,CMP01,2024-05-18 13:12:00,2024-05-18,5,8,Mobile,mobile_app,mobile_push,CMP01_email,Retention,Desktop,412,7,145,0.57,0.98,0.7,0.51,0.82,1.19
TP766,C217,CMP03,2024-05-19 13:28:00,2024-05-19,6,8,In-Store,offline_store,offline,CMP03_influencer,Consideration,Mobile,103,2,65,0.51,0.03,0.59,0.62,0.93,6.36
TP2463,C217,CMP11,2024-05-20 18:43:00,2024-05-20,7,8,Mobile,mobile_app,mobile_push,CMP11_display,Awareness,Desktop,497,8,133,0.52,0.02,0.85,0.98,0.61,1.34
TP1003,C217,CMP19,2024-06-05 12:51:00,2024-06-05,8,8,Social,social_media,paid_social,CMP19_social_media,Conversion,Tablet,1164,1,85,0.27,-0.49,0.37,0.62,0.86,2.12
TP097,C218,CMP08,2024-03-26 06:11:00,2024-03-26,1,7,Email,email,email,CMP08_search,Retention,Desktop,319,6,23,0.86,0.31,0.38,0.85,0.51,6.53
TP2121,C218,CMP17,2024-04-01 16:12:00,2024-04-01,2,7,In-Store,offline_store,offline,CMP17_display,Retention,Mobile,100,6,154,0.78,-0.34,0.31,0.09,0.62,2.93
TP1174,C218,CMP11,2024-04-29 06:16:00,2024-04-29,3,7,Mobile,mobile_app,mobile_push,CMP11_display,Awareness,Mobile,428,6,77,0.2,0.13,0.07,0.69,0.25,4.03
TP650,C218,CMP07,2024-05-02 10:15:00,2024-05-02,4,7,Web,website,web_referral,CMP07_email,Retention,Desktop,654,6,25,0.16,-0.93,0.23,0.14,0.09,6.69
TP293,C218,CMP17,2024-05-26 06:22:00,2024-05-26,5,7,Email,email,email,CMP17_display,Consideration,Tablet,190,8,51,0.43,0.69,0.51,0.43,0.79,4.67
TP178,C218,CMP03,2024-05-29 17:28:00,2024-05-29,6,7,Email,email,email,CMP03_influencer,Retention,Mobile,982,9,91,0.1,-0.2,0.55,0.68,0.39,9.3
TP1527,C218,CMP10,2024-06-16 18:45:00,2024-06-16,7,7,Email,email,email,CMP10_email,Consideration,Tablet,202,4,132,0.66,-0.03,0.1,0.06,0.47,5.81
TP1835,C219,CMP06,2024-04-30 11:48:00,2024-04-30,1,2,Social,social_media,paid_social,CMP06_display,Retention,Desktop,991,1,94,0.21,-0.99,0.14,0.84,0.84,2.51
TP2304,C219,CMP02,2024-05-14 02:43:00,2024-05-14,2,2,Email,email,email,CMP02_email,Retention,Mobile,501,6,88,0.59,0.99,0.69,0.17,0.33,8.14
TP879,C220,CMP14,2024-03-09 10:10:00,2024-03-09,1,8,Web,website,web_referral,CMP14_email,Awareness,Tablet,92,1,127,0.71,-0.47,0.98,0.75,0.21,6.09
TP640,C220,CMP03,2024-03-19 14:37:00,2024-03-19,2,8,In-Store,offline_store,offline,CMP03_influencer,Consideration,Tablet,709,6,30,0.06,-0.97,0.28,0.33,0.46,6.54
TP1310,C220,CMP18,2024-03-30 17:41:00,2024-03-30,3,8,Mobile,mobile_app,mobile_push,CMP18_influencer,Consideration,Mobile,1102,5,163,0.68,0.38,0.9,0.67,0.2,5.7
TP281,C220,CMP10,2024-05-02 14:25:00,2024-05-02,4,8,In-Store,offline_store,offline,CMP10_email,Consideration,Desktop,599,5,39,0.55,-0.07,0.26,0.85,0.41,7.54
TP969,C220,CMP15,2024-05-06 16:43:00,2024-05-06,5,8,Social,social_media,paid_social,CMP15_display,Awareness,Tablet,767,9,179,0.5,-0.34,0.62,0.78,0.89,9.21
TP2612,C220,CMP18,2024-05-20 03:12:00,2024-05-20,6,8,In-Store,offline_store,offline,CMP18_influencer,Retention,Desktop,978,4,71,0.86,0.73,0.55,0.14,0.25,8.04
TP957,C220,CMP02,2024-05-29 05:42:00,2024-05-29,7,8,Email,email,email,CMP02_email,Conversion,Desktop,159,5,7,0.97,0.61,0.61,0.32,0.53,5.24
TP456,C220,CMP14,2024-06-11 03:10:00,2024-06-11,8,8,In-Store,offline_store,offline,CMP14_email,Conversion,Tablet,125,3,195,0.19,-0.39,0.65,0.45,1.0,9.5
TP2572,C221,CMP06,2024-03-08 19:47:00,2024-03-08,1,2,In-Store,offline_store,offline,CMP06_display,Retention,Desktop,302,5,158,0.98,0.8,0.1,0.98,0.93,6.38
TP822,C221,CMP02,2024-06-09 19:33:00,2024-06-09,2,2,In-Store,offline_store,offline,CMP02_email,Consideration,Mobile,894,5,68,0.61,-0.58,0.28,0.9,0.27,1.14
TP2294,C222,CMP08,2024-03-13 17:36:00,2024-03-13,1,7,In-Store,offline_store,offline,CMP08_search,Retention,Desktop,876,8,69,0.05,0.7,0.06,0.13,0.17,3.04
TP1067,C222,CMP19,2024-03-22 08:08:00,2024-03-22,2,7,In-Store,offline_store,offline,CMP19_social_media,Awareness,Mobile,124,1,183,0.59,-0.07,0.28,0.12,0.28,4.74
TP2428,C222,CMP03,2024-04-03 17:01:00,2024-04-03,3,7,Email,email,email,CMP03_influencer,Consideration,Desktop,374,10,92,0.36,-0.84,0.35,0.59,0.16,4.18
TP198,C222,CMP11,2024-04-04 16:20:00,2024-04-04,4,7,Web,website,web_referral,CMP11_display,Consideration,Desktop,245,0,38,0.63,-0.06,0.87,0.65,0.16,4.47
TP658,C222,CMP12,2024-05-16 02:40:00,2024-05-16,5,7,Email,email,email,CMP12_influencer,Awareness,Desktop,591,6,133,0.13,0.07,0.55,0.46,0.47,9.14
TP1672,C222,CMP09,2024-05-30 14:10:00,2024-05-30,6,7,Social,social_media,paid_social,CMP09_social_media,Retention,Mobile,1073,0,87,0.81,0.74,0.97,0.28,0.63,9.96
TP1768,C222,CMP07,2024-06-12 05:43:00,2024-06-12,7,7,Social,social_media,paid_social,CMP07_email,Awareness,Desktop,538,7,98,0.01,0.85,0.2,0.61,0.32,1.06
TP668,C223,CMP05,2024-03-14 05:11:00,2024-03-14,1,9,Email,email,email,CMP05_email,Retention,Desktop,46,10,37,0.21,0.52,0.26,0.56,0.09,1.84
TP2274,C223,CMP19,2024-03-14 19:59:00,2024-03-14,2,9,Email,email,email,CMP19_social_media,Awareness,Mobile,997,0,44,0.13,-0.23,0.74,0.91,0.19,5.66
TP2525,C223,CMP17,2024-03-19 22:14:00,2024-03-19,3,9,In-Store,offline_store,offline,CMP17_display,Awareness,Desktop,108,5,70,0.71,0.17,0.21,0.48,0.74,7.89
TP1306,C223,CMP04,2024-04-10 01:33:00,2024-04-10,4,9,Mobile,mobile_app,mobile_push,CMP04_display,Retention,Desktop,856,9,81,0.9,-0.51,0.38,0.11,0.29,8.22
TP817,C223,CMP17,2024-04-21 18:32:00,2024-04-21,5,9,Email,email,email,CMP17_display,Retention,Mobile,537,2,69,0.34,0.18,0.1,0.41,0.44,8.43
TP1983,C223,CMP13,2024-05-12 08:53:00,2024-05-12,6,9,Social,social_media,paid_social,CMP13_social_media,Consideration,Desktop,31,0,75,0.05,-0.26,0.05,0.74,0.88,4.48
TP791,C223,CMP07,2024-05-18 06:57:00,2024-05-18,7,9,Mobile,mobile_app,mobile_push,CMP07_email,Consideration,Tablet,53,7,97,0.74,-0.94,0.19,0.71,0.47,5.12
TP1733,C223,CMP01,2024-05-24 14:27:00,2024-05-24,8,9,In-Store,offline_store,offline,CMP01_email,Awareness,Tablet,228,8,60,0.42,-0.22,0.46,0.43,0.6,7.01
TP488,C223,CMP18,2024-06-18 15:55:00,2024-06-18,9,9,Mobile,mobile_app,mobile_push,CMP18_influencer,Conversion,Mobile,448,9,96,0.62,0.35,0.23,0.23,0.05,5.15
TP759,C224,CMP09,2024-03-05 08:34:00,2024-03-05,1,9,Web,website,web_referral,CMP09_social_media,Retention,Tablet,135,4,71,0.81,0.92,0.33,0.82,0.79,7.83
TP996,C224,CMP17,2024-03-14 11:15:00,2024-03-14,2,9,Email,email,email,CMP17_display,Retention,Mobile,365,9,95,0.99,0.74,0.8,0.7,0.1,4.13
TP2288,C224,CMP14,2024-03-14 21:15:00,2024-03-14,3,9,Mobile,mobile_app,mobile_push,CMP14_email,Awareness,Desktop,476,8,67,0.23,-0.91,0.16,0.91,0.66,6.56
TP939,C224,CMP16,2024-03-17 07:37:00,2024-03-17,4,9,Email,email,email,CMP16_social_media,Retention,Mobile,1054,1,51,0.7,-0.93,0.43,0.97,0.58,8.99
TP1643,C224,CMP11,2024-05-02 22:22:00,2024-05-02,5,9,Web,website,web_referral,CMP11_display,Consideration,Desktop,165,9,89,0.75,-0.38,0.72,0.02,0.8,6.22
TP285,C224,CMP02,2024-05-17 20:49:00,2024-05-17,6,9,Social,social_media,paid_social,CMP02_email,Conversion,Desktop,428,2,49,0.9,0.47,0.84,0.47,0.76,2.97
TP2266,C224,CMP03,2024-05-25 18:18:00,2024-05-25,7,9,In-Store,offline_store,offline,CMP03_influencer,Consideration,Desktop,345,1,22,0.53,-0.45,0.91,0.29,0.45,0.9
TP1785,C224,CMP17,2024-05-27 00:52:00,2024-05-27,8,9,In-Store,offline_store,offline,CMP17_display,Awareness,Tablet,870,3,55,0.87,0.78,0.5,0.36,0.32,9.83
TP2204,C224,CMP02,2024-06-21 11:20:00,2024-06-21,9,9,In-Store,offline_store,offline,CMP02_email,Retention,Mobile,213,5,104,0.11,0.82,0.27,0.66,0.2,5.36
TP233,C225,CMP07,2024-03-28 23:01:00,2024-03-28,1,6,Mobile,mobile_app,mobile_push,CMP07_email,Awareness,Mobile,571,2,55,0.56,-0.28,0.48,0.05,0.51,3.0
TP2491,C225,CMP15,2024-04-05 01:57:00,2024-04-05,2,6,Social,social_media,paid_social,CMP15_display,Awareness,Mobile,720,8,82,0.56,0.47,0.34,0.79,0.9,7.85
TP1337,C225,CMP16,2024-05-11 11:58:00,2024-05-11,3,6,Social,social_media,paid_social,CMP16_social_media,Retention,Tablet,730,7,15,0.67,0.88,0.4,0.4,0.37,3.33
TP250,C225,CMP10,2024-06-09 20:57:00,2024-06-09,4,6,Web,website,web_referral,CMP10_email,Consideration,Tablet,604,0,186,0.2,-0.81,0.47,0.43,0.86,0.65
TP286,C225,CMP03,2024-06-10 03:41:00,2024-06-10,5,6,Social,social_media,paid_social,CMP03_influencer,Awareness,Desktop,1181,5,34,0.95,-0.92,0.49,0.46,0.18,4.94
TP1440,C225,CMP13,2024-06-22 17:55:00,2024-06-22,6,6,Mobile,mobile_app,mobile_push,CMP13_social_media,Conversion,Desktop,236,1,107,0.35,-0.69,0.77,0.73,0.57,9.74
TP1086,C226,CMP12,2024-03-16 11:16:00,2024-03-16,1,9,In-Store,offline_store,offline,CMP12_influencer,Awareness,Tablet,476,8,50,0.15,0.5,0.01,0.32,0.4,5.69
TP2171,C226,CMP05,2024-04-06 13:37:00,2024-04-06,2,9,In-Store,offline_store,offline,CMP05_email,Conversion,Tablet,431,7,89,0.46,-0.81,0.72,0.25,0.95,4.52
TP2119,C226,CMP11,2024-04-14 06:04:00,2024-04-14,3,9,Social,social_media,paid_social,CMP11_display,Awareness,Desktop,432,1,100,0.36,0.94,0.57,0.12,0.91,6.05
TP2181,C226,CMP09,2024-04-16 06:26:00,2024-04-16,4,9,Web,website,web_referral,CMP09_social_media,Retention,Mobile,1101,5,131,0.41,0.92,0.5,0.94,0.49,1.4
TP438,C226,CMP06,2024-04-18 16:11:00,2024-04-18,5,9,Email,email,email,CMP06_display,Awareness,Desktop,800,5,152,0.04,0.21,0.26,0.57,0.57,2.62
TP2344,C226,CMP05,2024-05-12 23:03:00,2024-05-12,6,9,Web,website,web_referral,CMP05_email,Retention,Mobile,954,1,99,0.83,-0.58,0.57,0.39,0.65,6.94
TP1770,C226,CMP17,2024-06-18 07:23:00,2024-06-18,7,9,Email,email,email,CMP17_display,Awareness,Desktop,411,7,199,0.73,-0.88,0.23,0.43,0.12,3.84
TP2102,C226,CMP06,2024-06-22 06:20:00,2024-06-22,8,9,Web,website,web_referral,CMP06_display,Conversion,Mobile,203,3,167,0.37,-0.38,0.98,0.38,0.29,1.08
TP1273,C226,CMP13,2024-06-28 14:05:00,2024-06-28,9,9,Email,email,email,CMP13_social_media,Conversion,Desktop,373,6,17,0.42,-0.75,1.0,0.81,0.6,2.74
TP1871,C227,CMP17,2024-03-12 13:50:00,2024-03-12,1,11,Web,website,web_referral,CMP17_display,Awareness,Tablet,255,9,105,0.09,-0.47,0.33,0.47,0.16,9.34
TP1887,C227,CMP08,2024-03-13 13:26:00,2024-03-13,2,11,Mobile,mobile_app,mobile_push,CMP08_search,Awareness,Desktop,961,8,185,0.47,-0.84,0.27,0.36,0.52,2.7
TP390,C227,CMP15,2024-03-19 23:55:00,2024-03-19,3,11,In-Store,offline_store,offline,CMP15_display,Retention,Tablet,698,1,148,0.38,-0.89,0.18,0.25,0.38,2.62
TP2325,C227,CMP08,2024-03-20 06:34:00,2024-03-20,4,11,Email,email,email,CMP08_search,Retention,Desktop,511,5,99,0.11,0.88,0.8,0.95,0.97,3.86
TP2149,C227,CMP01,2024-03-23 15:21:00,2024-03-23,5,11,Email,email,email,CMP01_email,Consideration,Mobile,120,0,16,0.94,-0.97,0.19,0.36,0.87,9.54
TP747,C227,CMP10,2024-04-05 18:40:00,2024-04-05,6,11,Email,email,email,CMP10_email,Retention,Desktop,376,5,68,0.22,-0.4,0.87,0.16,0.18,6.55
TP2038,C227,CMP10,2024-04-17 23:16:00,2024-04-17,7,11,Mobile,mobile_app,mobile_push,CMP10_email,Consideration,Mobile,126,1,158,0.86,0.41,0.34,0.72,0.7,7.49
TP917,C227,CMP05,2024-04-30 11:45:00,2024-04-30,8,11,Web,website,web_referral,CMP05_email,Consideration,Tablet,396,3,188,0.33,-0.58,0.45,0.25,0.65,4.98
TP171,C227,CMP08,2024-05-16 17:14:00,2024-05-16,9,11,Social,social_media,paid_social,CMP08_search,Consideration,Desktop,755,4,162,0.84,-0.85,0.42,0.33,0.5,3.73
TP2027,C227,CMP10,2024-05-22 07:37:00,2024-05-22,10,11,Mobile,mobile_app,mobile_push,CMP10_email,Retention,Tablet,57,2,182,0.97,0.91,0.09,0.41,0.45,5.62
TP1227,C227,CMP01,2024-06-20 22:12:00,2024-06-20,11,11,In-Store,offline_store,offline,CMP01_email,Conversion,Mobile,1084,10,92,0.2,0.78,0.31,0.06,0.1,5.49
TP2627,C228,CMP07,2024-03-23 19:29:00,2024-03-23,1,5,Web,website,web_referral,CMP07_email,Retention,Mobile,700,10,81,0.21,0.09,0.3,0.38,0.1,5.22
TP960,C228,CMP08,2024-04-23 21:04:00,2024-04-23,2,5,In-Store,offline_store,offline,CMP08_search,Consideration,Mobile,941,4,82,0.82,-0.63,0.13,0.08,0.78,9.46
TP2435,C228,CMP11,2024-05-22 12:17:00,2024-05-22,3,5,Email,email,email,CMP11_display,Conversion,Desktop,1038,1,139,0.9,0.74,0.96,0.9,0.94,1.45
TP1256,C228,CMP11,2024-06-23 23:15:00,2024-06-23,4,5,Web,website,web_referral,CMP11_display,Retention,Desktop,660,0,63,0.19,0.43,0.64,0.84,0.96,4.93
TP1488,C228,CMP12,2024-06-25 18:52:00,2024-06-25,5,5,Mobile,mobile_app,mobile_push,CMP12_influencer,Consideration,Mobile,997,10,97,0.66,0.68,0.51,0.07,0.87,5.9
TP1076,C229,CMP12,2024-03-03 04:54:00,2024-03-03,1,8,Social,social_media,paid_social,CMP12_influencer,Consideration,Desktop,1017,3,124,0.95,-0.65,0.97,0.96,0.38,8.31
TP1303,C229,CMP15,2024-03-08 08:29:00,2024-03-08,2,8,Email,email,email,CMP15_display,Awareness,Tablet,428,7,139,0.01,0.33,0.88,0.41,0.08,7.2
TP1279,C229,CMP05,2024-03-17 16:55:00,2024-03-17,3,8,In-Store,offline_store,offline,CMP05_email,Conversion,Tablet,1180,10,32,0.97,0.85,0.33,0.88,0.9,2.77
TP1913,C229,CMP04,2024-05-01 13:22:00,2024-05-01,4,8,Mobile,mobile_app,mobile_push,CMP04_display,Retention,Desktop,1095,8,84,0.68,-0.48,0.98,0.59,0.99,6.1
TP598,C229,CMP03,2024-05-01 13:35:00,2024-05-01,5,8,Social,social_media,paid_social,CMP03_influencer,Conversion,Tablet,551,2,18,0.09,0.17,0.46,0.07,0.2,9.45
TP915,C229,CMP04,2024-05-28 14:29:00,2024-05-28,6,8,Mobile,mobile_app,mobile_push,CMP04_display,Awareness,Desktop,45,2,143,0.7,0.51,0.21,0.53,0.57,8.4
TP1711,C229,CMP05,2024-06-05 21:43:00,2024-06-05,7,8,Email,email,email,CMP05_email,Consideration,Mobile,878,6,85,0.14,0.03,0.12,0.61,0.81,5.39
TP1405,C229,CMP08,2024-06-27 05:00:00,2024-06-27,8,8,In-Store,offline_store,offline,CMP08_search,Consideration,Desktop,1150,9,109,0.64,0.74,0.98,0.02,0.65,3.64
TP834,C230,CMP07,2024-04-13 12:58:00,2024-04-13,1,2,In-Store,offline_store,offline,CMP07_email,Retention,Mobile,894,10,157,0.93,-0.04,0.37,0.09,0.08,4.61
TP431,C230,CMP15,2024-04-23 11:20:00,2024-04-23,2,2,Social,social_media,paid_social,CMP15_display,Consideration,Desktop,323,9,54,0.7,0.87,0.8,0.47,0.43,9.38
TP150,C231,CMP13,2024-03-20 05:19:00,2024-03-20,1,6,Email,email,email,CMP13_social_media,Awareness,Mobile,392,9,182,0.02,0.77,0.13,0.11,0.2,9.11
TP201,C231,CMP16,2024-04-10 05:23:00,2024-04-10,2,6,Mobile,mobile_app,mobile_push,CMP16_social_media,Awareness,Desktop,963,8,151,0.19,-0.28,0.04,0.88,0.51,7.03
TP1463,C231,CMP14,2024-04-14 23:08:00,2024-04-14,3,6,Web,website,web_referral,CMP14_email,Consideration,Tablet,675,0,152,0.16,0.92,0.99,0.55,0.84,0.89
TP1239,C231,CMP05,2024-04-21 21:03:00,2024-04-21,4,6,Mobile,mobile_app,mobile_push,CMP05_email,Conversion,Tablet,533,0,125,0.16,-0.7,0.55,0.4,0.79,6.79
TP193,C231,CMP16,2024-05-13 23:20:00,2024-05-13,5,6,Web,website,web_referral,CMP16_social_media,Consideration,Tablet,799,4,116,0.34,-0.32,0.86,0.32,0.39,9.01
TP231,C231,CMP07,2024-05-25 17:37:00,2024-05-25,6,6,Mobile,mobile_app,mobile_push,CMP07_email,Consideration,Desktop,756,3,177,0.61,-0.51,0.14,0.76,0.39,0.88
TP1870,C232,CMP09,2024-05-13 10:30:00,2024-05-13,1,1,In-Store,offline_store,offline,CMP09_social_media,Conversion,Desktop,336,1,46,0.02,0.52,0.67,0.1,0.99,2.86
TP1252,C233,CMP11,2024-03-21 19:34:00,2024-03-21,1,11,Email,email,email,CMP11_display,Conversion,Desktop,652,5,185,0.09,0.73,0.41,0.07,0.79,3.75
TP2271,C233,CMP01,2024-03-27 06:19:00,2024-03-27,2,11,Social,social_media,paid_social,CMP01_email,Retention,Desktop,243,2,192,0.44,0.78,0.16,0.88,0.3,4.73
TP2493,C233,CMP08,2024-04-03 18:16:00,2024-04-03,3,11,Social,social_media,paid_social,CMP08_search,Awareness,Tablet,1071,2,144,0.76,-0.91,0.65,0.9,0.5,7.59
TP464,C233,CMP07,2024-05-10 06:18:00,2024-05-10,4,11,Email,email,email,CMP07_email,Conversion,Desktop,971,6,9,0.97,0.53,0.26,0.79,0.88,6.93
TP241,C233,CMP12,2024-05-14 06:24:00,2024-05-14,5,11,Web,website,web_referral,CMP12_influencer,Retention,Mobile,226,10,191,0.99,0.98,0.39,0.98,0.99,1.07
TP1167,C233,CMP09,2024-05-15 08:35:00,2024-05-15,6,11,Mobile,mobile_app,mobile_push,CMP09_social_media,Conversion,Tablet,553,6,150,0.07,-0.92,0.7,0.38,0.75,7.2
TP923,C233,CMP03,2024-05-28 10:47:00,2024-05-28,7,11,Email,email,email,CMP03_influencer,Retention,Desktop,451,7,130,0.32,0.25,0.56,0.38,0.24,7.96
TP784,C233,CMP07,2024-06-03 11:09:00,2024-06-03,8,11,Email,email,email,CMP07_email,Consideration,Desktop,92,4,30,0.89,0.94,0.79,0.31,0.04,3.13
TP369,C233,CMP14,2024-06-12 14:32:00,2024-06-12,9,11,In-Store,offline_store,offline,CMP14_email,Conversion,Desktop,696,9,101,0.93,0.37,0.7,0.16,0.79,1.7
TP261,C233,CMP18,2024-06-18 05:50:00,2024-06-18,10,11,Social,social_media,paid_social,CMP18_influencer,Awareness,Mobile,407,4,45,0.12,-0.59,0.97,0.86,0.73,3.58
TP2287,C233,CMP11,2024-06-28 10:26:00,2024-06-28,11,11,Web,website,web_referral,CMP11_display,Awareness,Desktop,538,1,54,0.53,-0.39,0.93,0.85,0.98,9.7
TP1757,C234,CMP04,2024-04-21 19:25:00,2024-04-21,1,2,Social,social_media,paid_social,CMP04_display,Consideration,Tablet,1165,3,186,0.26,-0.01,0.15,0.47,0.37,8.29
TP252,C234,CMP16,2024-06-23 16:16:00,2024-06-23,2,2,Web,website,web_referral,CMP16_social_media,Consideration,Mobile,1137,2,189,0.13,-0.33,0.18,0.5,0.09,5.3
TP823,C235,CMP01,2024-04-07 17:27:00,2024-04-07,1,4,Mobile,mobile_app,mobile_push,CMP01_email,Consideration,Mobile,1158,5,12,0.04,0.8,0.36,0.36,0.05,2.04
TP1125,C235,CMP14,2024-05-06 06:35:00,2024-05-06,2,4,In-Store,offline_store,offline,CMP14_email,Conversion,Tablet,904,5,139,0.57,-0.79,0.93,0.22,0.08,8.04
TP1800,C235,CMP07,2024-05-17 13:07:00,2024-05-17,3,4,Mobile,mobile_app,mobile_push,CMP07_email,Retention,Desktop,1036,10,10,0.35,0.85,0.53,0.14,0.71,9.7
TP2242,C235,CMP02,2024-06-12 18:36:00,2024-06-12,4,4,Web,website,web_referral,CMP02_email,Retention,Mobile,161,7,50,0.69,0.98,0.35,0.82,0.84,2.71
TP2052,C236,CMP04,2024-04-02 20:26:00,2024-04-02,1,8,Social,social_media,paid_social,CMP04_display,Consideration,Desktop,88,8,10,0.54,0.43,0.96,0.65,0.65,5.63
TP2369,C236,CMP06,2024-04-29 00:52:00,2024-04-29,2,8,In-Store,offline_store,offline,CMP06_display,Conversion,Desktop,301,1,42,0.98,-0.76,0.77,0.18,0.96,0.82
TP037,C236,CMP13,2024-05-07 22:13:00,2024-05-07,3,8,Social,social_media,paid_social,CMP13_social_media,Awareness,Desktop,402,3,136,0.97,0.17,0.6,0.22,0.73,8.02
TP2433,C236,CMP04,2024-05-14 09:22:00,2024-05-14,4,8,Social,social_media,paid_social,CMP04_display,Consideration,Desktop,164,9,8,0.42,0.13,0.86,0.52,0.06,0.95
TP2048,C236,CMP04,2024-05-18 21:56:00,2024-05-18,5,8,In-Store,offline_store,offline,CMP04_display,Awareness,Tablet,530,0,101,0.74,-0.54,0.24,0.55,0.42,9.93
TP1384,C236,CMP02,2024-05-25 04:58:00,2024-05-25,6,8,In-Store,offline_store,offline,CMP02_email,Retention,Mobile,142,1,141,0.59,-0.64,0.27,0.73,0.34,7.01
TP1064,C236,CMP09,2024-05-31 10:15:00,2024-05-31,7,8,Email,email,email,CMP09_social_media,Awareness,Mobile,1053,7,81,0.45,0.85,1.0,0.42,0.6,5.43
TP1264,C236,CMP05,2024-06-15 19:37:00,2024-06-15,8,8,Social,social_media,paid_social,CMP05_email,Consideration,Tablet,389,4,34,0.63,0.93,0.5,0.9,0.36,4.51
TP1794,C237,CMP12,2024-03-18 04:18:00,2024-03-18,1,7,Mobile,mobile_app,mobile_push,CMP12_influencer,Conversion,Mobile,672,6,116,0.82,-0.8,0.41,0.54,0.17,5.07
TP202,C237,CMP15,2024-03-27 19:24:00,2024-03-27,2,7,Email,email,email,CMP15_display,Conversion,Desktop,604,2,177,0.05,-0.8,0.92,0.76,0.91,9.93
TP1420,C237,CMP03,2024-04-04 00:17:00,2024-04-04,3,7,Web,website,web_referral,CMP03_influencer,Conversion,Desktop,742,4,1,0.7,0.41,0.4,0.21,0.31,3.74
TP2216,C237,CMP15,2024-04-12 20:12:00,2024-04-12,4,7,In-Store,offline_store,offline,CMP15_display,Conversion,Desktop,1183,0,7,0.37,-0.87,0.86,0.71,0.31,2.3
TP115,C237,CMP17,2024-05-16 08:01:00,2024-05-16,5,7,Email,email,email,CMP17_display,Retention,Mobile,210,6,96,0.07,0.83,0.41,0.59,0.47,9.9
TP618,C237,CMP18,2024-06-21 01:12:00,2024-06-21,6,7,In-Store,offline_store,offline,CMP18_influencer,Retention,Tablet,412,7,197,0.42,0.35,0.52,0.63,0.19,1.41
TP1839,C237,CMP07,2024-06-21 22:13:00,2024-06-21,7,7,Mobile,mobile_app,mobile_push,CMP07_email,Conversion,Desktop,199,0,77,0.56,0.92,0.21,0.7,0.48,5.79
TP1221,C238,CMP02,2024-03-16 17:06:00,2024-03-16,1,4,Email,email,email,CMP02_email,Conversion,Tablet,1078,1,54,0.32,-0.51,0.31,0.47,0.44,5.57
TP2568,C238,CMP02,2024-04-20 14:35:00,2024-04-20,2,4,Email,email,email,CMP02_email,Awareness,Mobile,34,0,15,0.99,0.78,0.81,0.96,0.28,9.99
TP428,C238,CMP08,2024-05-09 08:46:00,2024-05-09,3,4,Web,website,web_referral,CMP08_search,Conversion,Mobile,535,2,191,0.31,-0.68,0.17,0.14,0.68,5.72
TP645,C238,CMP10,2024-06-23 09:54:00,2024-06-23,4,4,Web,website,web_referral,CMP10_email,Conversion,Desktop,884,2,165,0.18,0.84,0.19,0.29,0.82,1.26
TP1183,C239,CMP06,2024-03-13 09:01:00,2024-03-13,1,8,In-Store,offline_store,offline,CMP06_display,Conversion,Desktop,550,10,99,0.83,-0.35,0.49,0.19,0.16,1.46
TP1884,C239,CMP17,2024-04-02 05:55:00,2024-04-02,2,8,Mobile,mobile_app,mobile_push,CMP17_display,Conversion,Mobile,951,0,172,0.78,0.84,0.3,0.02,0.68,1.88
TP826,C239,CMP02,2024-04-28 05:13:00,2024-04-28,3,8,Web,website,web_referral,CMP02_email,Awareness,Desktop,348,5,73,0.72,-0.67,0.26,0.2,0.88,6.52
TP1710,C239,CMP11,2024-05-25 05:56:00,2024-05-25,4,8,Mobile,mobile_app,mobile_push,CMP11_display,Retention,Desktop,588,1,61,0.14,-0.93,0.71,0.64,0.65,2.5
TP610,C239,CMP07,2024-05-26 08:33:00,2024-05-26,5,8,Web,website,web_referral,CMP07_email,Conversion,Tablet,503,5,51,0.91,-0.47,0.34,0.86,0.41,8.3
TP2053,C239,CMP19,2024-05-30 07:55:00,2024-05-30,6,8,Mobile,mobile_app,mobile_push,CMP19_social_media,Consideration,Tablet,760,4,97,0.26,0.52,0.01,0.19,0.29,4.87
TP1223,C239,CMP07,2024-06-02 09:40:00,2024-06-02,7,8,Email,email,email,CMP07_email,Consideration,Mobile,98,6,91,0.95,0.38,0.38,0.91,0.73,7.32
TP997,C239,CMP08,2024-06-05 12:37:00,2024-06-05,8,8,Web,website,web_referral,CMP08_search,Retention,Desktop,79,9,25,0.28,0.01,0.14,0.13,0.45,2.77
TP970,C240,CMP06,2024-04-01 09:39:00,2024-04-01,1,3,Email,email,email,CMP06_display,Awareness,Tablet,787,1,187,0.8,0.26,0.98,0.56,0.15,0.9
TP1127,C240,CMP11,2024-05-06 06:17:00,2024-05-06,2,3,Mobile,mobile_app,mobile_push,CMP11_display,Conversion,Mobile,769,3,41,0.78,-0.91,0.1,0.75,0.42,0.57
TP313,C240,CMP06,2024-06-19 01:28:00,2024-06-19,3,3,Social,social_media,paid_social,CMP06_display,Retention,Mobile,770,2,89,0.24,0.58,0.94,0.69,0.79,5.6
TP194,C241,CMP06,2024-03-11 15:25:00,2024-03-11,1,3,In-Store,offline_store,offline,CMP06_display,Conversion,Mobile,922,1,150,0.51,-0.09,0.35,0.75,0.74,5.19
TP2137,C241,CMP11,2024-04-05 07:39:00,2024-04-05,2,3,Mobile,mobile_app,mobile_push,CMP11_display,Retention,Desktop,651,6,75,0.22,0.62,0.37,0.58,0.0,8.97
TP2123,C241,CMP05,2024-04-28 20:27:00,2024-04-28,3,3,Web,website,web_referral,CMP05_email,Retention,Mobile,770,5,108,0.88,-0.82,0.99,0.71,0.28,3.49
TP987,C242,CMP02,2024-03-21 04:42:00,2024-03-21,1,6,In-Store,offline_store,offline,CMP02_email,Conversion,Desktop,962,3,12,0.0,-0.35,0.79,0.32,0.52,5.82
TP068,C242,CMP14,2024-03-30 07:33:00,2024-03-30,2,6,Web,website,web_referral,CMP14_email,Consideration,Tablet,562,7,188,0.63,-0.99,0.68,0.17,0.42,6.73
TP716,C242,CMP04,2024-04-25 21:43:00,2024-04-25,3,6,Email,email,email,CMP04_display,Retention,Mobile,122,2,26,0.43,0.38,0.56,0.28,0.98,9.03
TP2302,C242,CMP13,2024-04-26 05:15:00,2024-04-26,4,6,Web,website,web_referral,CMP13_social_media,Retention,Desktop,590,10,104,0.23,0.43,0.88,0.78,0.55,5.18
TP2488,C242,CMP16,2024-05-19 12:19:00,2024-05-19,5,6,In-Store,offline_store,offline,CMP16_social_media,Consideration,Mobile,215,7,41,0.67,0.54,0.84,0.65,0.04,0.61
TP878,C242,CMP16,2024-06-20 20:12:00,2024-06-20,6,6,Social,social_media,paid_social,CMP16_social_media,Awareness,Mobile,1179,1,31,0.76,-0.54,0.65,0.4,0.45,1.15
TP2592,C243,CMP15,2024-03-02 08:48:00,2024-03-02,1,7,Social,social_media,paid_social,CMP15_display,Conversion,Tablet,728,8,46,0.49,-0.95,0.97,0.64,0.12,3.99
TP2635,C243,CMP02,2024-03-11 23:02:00,2024-03-11,2,7,Mobile,mobile_app,mobile_push,CMP02_email,Consideration,Tablet,1156,1,41,0.04,-0.11,0.83,0.79,0.67,8.7
TP1300,C243,CMP01,2024-03-27 07:31:00,2024-03-27,3,7,Web,website,web_referral,CMP01_email,Retention,Desktop,946,2,75,0.07,0.99,0.65,0.26,0.11,3.74
TP211,C243,CMP02,2024-03-31 23:58:00,2024-03-31,4,7,Mobile,mobile_app,mobile_push,CMP02_email,Retention,Tablet,721,2,7,0.3,-0.2,0.37,0.31,0.55,8.68
TP2114,C243,CMP14,2024-04-23 19:48:00,2024-04-23,5,7,Mobile,mobile_app,mobile_push,CMP14_email,Awareness,Tablet,619,10,51,0.26,0.47,0.85,0.46,0.63,0.79
TP1506,C243,CMP12,2024-05-20 11:05:00,2024-05-20,6,7,Social,social_media,paid_social,CMP12_influencer,Consideration,Desktop,280,6,54,0.97,0.28,0.45,0.5,0.81,7.49
TP2564,C243,CMP05,2024-06-23 15:38:00,2024-06-23,7,7,Mobile,mobile_app,mobile_push,CMP05_email,Awareness,Desktop,985,2,87,0.88,-0.86,0.69,0.01,0.75,3.01
TP1888,C244,CMP15,2024-05-09 05:32:00,2024-05-09,1,3,Mobile,mobile_app,mobile_push,CMP15_display,Retention,Tablet,826,6,11,0.46,0.29,0.63,0.08,0.69,1.85
TP1592,C244,CMP06,2024-06-03 21:15:00,2024-06-03,2,3,In-Store,offline_store,offline,CMP06_display,Conversion,Desktop,615,4,179,0.94,-0.57,0.57,0.28,0.06,3.38
TP054,C244,CMP11,2024-06-14 11:09:00,2024-06-14,3,3,In-Store,offline_store,offline,CMP11_display,Consideration,Mobile,286,1,29,0.03,-0.39,0.26,0.74,0.01,5.24
TP2047,C245,CMP13,2024-04-02 20:15:00,2024-04-02,1,1,Social,social_media,paid_social,CMP13_social_media,Retention,Tablet,1015,0,51,0.33,-0.17,0.69,0.87,0.48,6.07
TP1798,C246,CMP07,2024-03-13 22:16:00,2024-03-13,1,5,In-Store,offline_store,offline,CMP07_email,Conversion,Mobile,195,1,34,0.6,-0.12,0.15,0.51,0.0,6.9
TP1877,C246,CMP15,2024-03-17 07:12:00,2024-03-17,2,5,Email,email,email,CMP15_display,Conversion,Desktop,840,9,168,0.96,0.21,0.25,0.16,0.71,2.63
TP663,C246,CMP11,2024-04-23 07:57:00,2024-04-23,3,5,Mobile,mobile_app,mobile_push,CMP11_display,Consideration,Desktop,470,1,172,0.19,0.25,0.13,0.13,0.49,5.04
TP2638,C246,CMP08,2024-05-21 18:43:00,2024-05-21,4,5,Mobile,mobile_app,mobile_push,CMP08_search,Retention,Mobile,264,8,109,0.54,-0.06,0.69,0.64,0.51,0.65
TP511,C246,CMP17,2024-05-27 14:25:00,2024-05-27,5,5,In-Store,offline_store,offline,CMP17_display,Awareness,Desktop,538,0,186,0.11,0.48,0.45,0.87,0.72,4.6
TP681,C247,CMP04,2024-03-09 20:11:00,2024-03-09,1,8,Mobile,mobile_app,mobile_push,CMP04_display,Conversion,Mobile,857,4,140,0.09,0.9,0.02,0.58,0.01,1.79
TP1701,C247,CMP11,2024-03-22 21:54:00,2024-03-22,2,8,Mobile,mobile_app,mobile_push,CMP11_display,Retention,Desktop,167,7,14,0.03,-0.95,0.72,0.0,0.49,8.48
TP629,C247,CMP12,2024-03-25 02:08:00,2024-03-25,3,8,Mobile,mobile_app,mobile_push,CMP12_influencer,Retention,Desktop,721,8,179,0.07,-0.8,0.63,0.7,0.39,6.02
TP2032,C247,CMP09,2024-04-17 04:04:00,2024-04-17,4,8,Web,website,web_referral,CMP09_social_media,Consideration,Mobile,1092,9,199,0.68,-0.35,0.26,0.22,0.34,2.24
TP516,C247,CMP16,2024-04-27 11:37:00,2024-04-27,5,8,Email,email,email,CMP16_social_media,Conversion,Tablet,594,2,180,0.56,0.13,0.8,0.93,0.54,4.37
TP1298,C247,CMP04,2024-05-18 21:04:00,2024-05-18,6,8,Web,website,web_referral,CMP04_display,Consideration,Mobile,434,9,127,0.25,0.15,0.43,0.47,0.75,0.79
TP1104,C247,CMP14,2024-05-26 21:35:00,2024-05-26,7,8,Web,website,web_referral,CMP14_email,Awareness,Mobile,819,10,188,0.03,0.55,0.93,0.23,0.05,2.71
TP297,C247,CMP19,2024-06-23 17:40:00,2024-06-23,8,8,Email,email,email,CMP19_social_media,Consideration,Mobile,852,10,142,0.21,-0.43,0.87,0.27,0.47,5.14
TP740,C249,CMP10,2024-03-13 18:51:00,2024-03-13,1,6,Email,email,email,CMP10_email,Conversion,Tablet,775,1,154,0.51,-0.79,0.08,0.72,0.68,0.65
TP1179,C249,CMP19,2024-04-17 04:57:00,2024-04-17,2,6,Mobile,mobile_app,mobile_push,CMP19_social_media,Conversion,Tablet,329,4,88,0.44,0.94,0.01,0.33,0.02,8.46
TP2245,C249,CMP01,2024-05-13 02:04:00,2024-05-13,3,6,Mobile,mobile_app,mobile_push,CMP01_email,Awareness,Mobile,323,10,16,0.65,0.36,0.39,0.2,0.41,3.1
TP1709,C249,CMP12,2024-05-31 08:09:00,2024-05-31,4,6,Mobile,mobile_app,mobile_push,CMP12_influencer,Consideration,Mobile,876,6,78,0.72,0.03,0.83,0.88,0.24,2.24
TP1098,C249,CMP16,2024-06-02 17:44:00,2024-06-02,5,6,Mobile,mobile_app,mobile_push,CMP16_social_media,Conversion,Tablet,71,0,184,0.51,-0.47,0.5,0.62,0.7,4.76
TP1131,C249,CMP01,2024-06-29 18:02:00,2024-06-29,6,6,Social,social_media,paid_social,CMP01_email,Awareness,Mobile,434,6,123,0.66,0.83,0.24,0.83,0.17,0.86
TP670,C250,CMP15,2024-04-04 01:10:00,2024-04-04,1,6,Web,website,web_referral,CMP15_display,Retention,Mobile,933,7,49,0.67,0.33,0.38,0.79,0.36,8.74
TP661,C250,CMP14,2024-04-28 08:47:00,2024-04-28,2,6,Email,email,email,CMP14_email,Conversion,Mobile,542,0,104,0.66,0.83,0.59,0.93,0.85,0.99
TP2624,C250,CMP13,2024-05-20 19:24:00,2024-05-20,3,6,Email,email,email,CMP13_social_media,Conversion,Tablet,1021,7,187,0.55,0.24,0.13,0.29,0.26,8.34
TP1054,C250,CMP01,2024-05-29 23:45:00,2024-05-29,4,6,Email,email,email,CMP01_email,Conversion,Tablet,416,0,14,0.09,0.64,0.04,0.92,0.18,3.11
TP1968,C250,CMP01,2024-06-16 10:41:00,2024-06-16,5,6,Email,email,email,CMP01_email,Conversion,Desktop,385,9,95,0.12,-0.45,0.43,0.42,0.97,5.35
TP1882,C250,CMP19,2024-06-21 19:08:00,2024-06-21,6,6,Social,social_media,paid_social,CMP19_social_media,Awareness,Tablet,117,2,190,0.77,-0.75,0.77,0.36,0.44,6.93
TP1608,C251,CMP05,2024-03-04 20:30:00,2024-03-04,1,7,In-Store,offline_store,offline,CMP05_email,Awareness,Mobile,261,10,49,0.71,-0.42,0.02,0.78,0.91,3.19
TP2031,C251,CMP06,2024-03-17 18:10:00,2024-03-17,2,7,Social,social_media,paid_social,CMP06_display,Consideration,Tablet,127,8,78,0.29,0.56,0.96,0.64,0.23,1.55
TP2187,C251,CMP09,2024-03-29 02:10:00,2024-03-29,3,7,Email,email,email,CMP09_social_media,Awareness,Desktop,1109,10,79,0.46,-0.03,0.51,0.83,0.02,8.95
TP2538,C251,CMP02,2024-04-26 23:19:00,2024-04-26,4,7,Web,website,web_referral,CMP02_email,Retention,Mobile,945,5,181,0.29,0.02,0.95,0.51,0.69,6.9
TP1068,C251,CMP06,2024-05-12 16:43:00,2024-05-12,5,7,Email,email,email,CMP06_display,Conversion,Mobile,698,7,71,0.57,-0.64,0.18,0.72,0.64,1.57
TP988,C251,CMP14,2024-06-03 20:25:00,2024-06-03,6,7,Email,email,email,CMP14_email,Consideration,Tablet,278,7,116,0.04,0.73,0.27,0.44,0.51,6.42
TP2324,C251,CMP04,2024-06-04 05:52:00,2024-06-04,7,7,Email,email,email,CMP04_display,Conversion,Mobile,487,8,149,0.7,-0.49,0.07,0.43,0.24,2.93
TP1085,C252,CMP17,2024-03-16 19:28:00,2024-03-16,1,7,In-Store,offline_store,offline,CMP17_display,Consideration,Tablet,188,4,5,0.8,-0.72,0.13,0.49,0.04,8.27
TP862,C252,CMP18,2024-03-18 10:15:00,2024-03-18,2,7,Mobile,mobile_app,mobile_push,CMP18_influencer,Consideration,Desktop,1172,8,13,0.85,0.95,0.77,0.54,0.99,7.27
TP354,C252,CMP19,2024-04-04 12:51:00,2024-04-04,3,7,Web,website,web_referral,CMP19_social_media,Consideration,Tablet,81,5,38,0.92,-0.79,0.8,0.96,0.41,5.41
TP324,C252,CMP08,2024-04-04 17:06:00,2024-04-04,4,7,Email,email,email,CMP08_search,Conversion,Desktop,831,0,140,0.89,-0.84,0.55,0.8,0.65,5.37
TP122,C252,CMP19,2024-04-12 15:09:00,2024-04-12,5,7,Social,social_media,paid_social,CMP19_social_media,Retention,Desktop,566,2,96,0.18,0.63,0.73,0.49,0.37,9.81
TP110,C252,CMP18,2024-05-06 17:38:00,2024-05-06,6,7,Web,website,web_referral,CMP18_influencer,Awareness,Mobile,504,8,173,0.72,0.36,0.39,0.16,0.35,6.1
TP914,C252,CMP02,2024-05-25 11:16:00,2024-05-25,7,7,Social,social_media,paid_social,CMP02_email,Awareness,Tablet,238,10,156,0.95,0.55,0.2,0.1,0.76,3.58
TP714,C253,CMP17,2024-03-15 19:41:00,2024-03-15,1,6,Email,email,email,CMP17_display,Retention,Desktop,404,5,94,0.86,-0.33,0.03,1.0,0.9,4.08
TP975,C253,CMP04,2024-05-06 09:46:00,2024-05-06,2,6,Web,website,web_referral,CMP04_display,Consideration,Tablet,456,7,139,0.44,0.34,0.56,0.25,0.28,4.26
TP1197,C253,CMP15,2024-05-16 14:11:00,2024-05-16,3,6,In-Store,offline_store,offline,CMP15_display,Awareness,Desktop,103,1,67,0.78,-0.47,0.59,0.23,0.44,4.25
TP833,C253,CMP19,2024-06-14 16:03:00,2024-06-14,4,6,Web,website,web_referral,CMP19_social_media,Awareness,Desktop,448,10,33,0.31,-0.68,0.71,0.14,0.07,3.56
TP477,C253,CMP07,2024-06-18 03:36:00,2024-06-18,5,6,Mobile,mobile_app,mobile_push,CMP07_email,Awareness,Desktop,486,9,4,0.9,0.48,0.04,0.38,0.56,2.04
TP036,C253,CMP04,2024-06-20 05:12:00,2024-06-20,6,6,Email,email,email,CMP04_display,Retention,Desktop,622,0,26,0.73,-0.64,0.35,0.85,0.85,7.05
TP657,C254,CMP10,2024-03-16 08:27:00,2024-03-16,1,5,Email,email,email,CMP10_email,Conversion,Mobile,39,3,120,0.97,-0.35,0.01,0.83,0.24,2.33
TP389,C254,CMP12,2024-03-16 16:15:00,2024-03-16,2,5,In-Store,offline_store,offline,CMP12_influencer,Conversion,Desktop,1137,6,62,0.82,0.12,0.21,0.4,0.34,3.03
TP1474,C254,CMP11,2024-04-14 06:41:00,2024-04-14,3,5,Mobile,mobile_app,mobile_push,CMP11_display,Retention,Mobile,757,1,169,0.06,0.77,0.14,0.82,0.62,8.7
TP1515,C254,CMP05,2024-05-25 18:00:00,2024-05-25,4,5,Mobile,mobile_app,mobile_push,CMP05_email,Awareness,Desktop,843,8,12,0.73,0.53,0.14,0.55,0.4,2.14
TP363,C254,CMP07,2024-06-06 12:12:00,2024-06-06,5,5,Web,website,web_referral,CMP07_email,Conversion,Desktop,418,3,187,0.34,-1.0,0.11,0.37,0.52,0.86
TP1072,C255,CMP04,2024-03-06 08:54:00,2024-03-06,1,4,Web,website,web_referral,CMP04_display,Retention,Tablet,304,1,86,0.26,0.19,0.33,0.31,0.33,9.97
TP304,C255,CMP04,2024-03-19 20:58:00,2024-03-19,2,4,In-Store,offline_store,offline,CMP04_display,Consideration,Desktop,617,8,187,0.05,-0.53,0.64,0.76,0.14,5.93
TP179,C255,CMP08,2024-03-23 20:13:00,2024-03-23,3,4,Social,social_media,paid_social,CMP08_search,Retention,Mobile,1161,1,59,0.14,-0.62,0.45,0.74,0.98,6.14
TP1706,C255,CMP04,2024-05-20 02:06:00,2024-05-20,4,4,In-Store,offline_store,offline,CMP04_display,Retention,Tablet,967,8,115,0.73,0.91,0.35,0.62,0.7,9.39
TP1767,C256,CMP17,2024-03-01 18:43:00,2024-03-01,1,3,Social,social_media,paid_social,CMP17_display,Retention,Mobile,144,2,173,0.16,-0.26,0.66,0.3,0.5,8.88
TP482,C256,CMP15,2024-03-21 12:53:00,2024-03-21,2,3,In-Store,offline_store,offline,CMP15_display,Conversion,Mobile,382,0,134,0.98,-0.72,0.51,0.93,0.48,6.47
TP979,C256,CMP09,2024-06-03 11:00:00,2024-06-03,3,3,Web,website,web_referral,CMP09_social_media,Awareness,Mobile,354,9,10,0.85,-0.15,0.63,0.05,0.2,3.26
TP176,C257,CMP14,2024-03-04 04:59:00,2024-03-04,1,7,Web,website,web_referral,CMP14_email,Retention,Tablet,1053,6,124,0.88,-0.77,0.43,0.74,0.23,5.25
TP1193,C257,CMP03,2024-03-28 05:05:00,2024-03-28,2,7,In-Store,offline_store,offline,CMP03_influencer,Awareness,Tablet,816,5,31,0.33,-0.43,0.34,0.54,0.29,0.53
TP674,C257,CMP05,2024-04-23 07:41:00,2024-04-23,3,7,In-Store,offline_store,offline,CMP05_email,Awareness,Desktop,1018,3,198,0.02,1.0,0.12,0.98,0.69,8.72
TP1562,C257,CMP07,2024-04-24 12:08:00,2024-04-24,4,7,Mobile,mobile_app,mobile_push,CMP07_email,Awareness,Desktop,983,6,103,0.5,0.8,0.98,0.87,0.8,9.93
TP2384,C257,CMP04,2024-05-31 17:56:00,2024-05-31,5,7,In-Store,offline_store,offline,CMP04_display,Conversion,Mobile,897,0,150,0.59,0.85,0.91,0.95,0.45,4.7
TP1642,C257,CMP18,2024-06-03 16:16:00,2024-06-03,6,7,Email,email,email,CMP18_influencer,Consideration,Mobile,57,2,50,0.61,0.57,0.05,0.44,0.95,6.01
TP1663,C257,CMP15,2024-06-25 00:59:00,2024-06-25,7,7,Web,website,web_referral,CMP15_display,Consideration,Desktop,427,5,82,0.77,0.58,0.78,0.39,0.85,1.2
TP682,C258,CMP13,2024-04-06 10:19:00,2024-04-06,1,3,Email,email,email,CMP13_social_media,Consideration,Mobile,353,5,32,0.4,0.29,0.39,0.77,0.38,4.9
TP2259,C258,CMP07,2024-04-22 06:57:00,2024-04-22,2,3,Mobile,mobile_app,mobile_push,CMP07_email,Consideration,Tablet,1098,1,90,0.07,0.13,0.69,0.35,0.32,7.48
TP023,C258,CMP14,2024-06-14 08:48:00,2024-06-14,3,3,Mobile,mobile_app,mobile_push,CMP14_email,Awareness,Mobile,615,4,14,0.15,0.27,0.48,0.76,0.56,1.59
TP322,C259,CMP08,2024-03-08 09:33:00,2024-03-08,1,7,In-Store,offline_store,offline,CMP08_search,Consideration,Tablet,297,1,138,0.18,-0.92,0.99,0.27,0.45,1.14
TP242,C259,CMP13,2024-03-21 09:42:00,2024-03-21,2,7,Social,social_media,paid_social,CMP13_social_media,Retention,Mobile,75,2,66,0.56,-0.61,0.7,0.15,0.09,5.58
TP1024,C259,CMP09,2024-04-02 00:07:00,2024-04-02,3,7,In-Store,offline_store,offline,CMP09_social_media,Consideration,Mobile,714,9,167,0.84,-0.66,0.36,0.02,0.99,3.41
TP1353,C259,CMP19,2024-05-18 09:14:00,2024-05-18,4,7,Social,social_media,paid_social,CMP19_social_media,Retention,Mobile,755,5,151,0.37,0.24,0.62,0.29,0.69,0.85
TP932,C259,CMP15,2024-05-19 20:25:00,2024-05-19,5,7,Email,email,email,CMP15_display,Consideration,Tablet,1184,5,98,0.76,-0.97,0.37,0.38,0.36,4.68
TP1058,C259,CMP08,2024-05-27 07:31:00,2024-05-27,6,7,In-Store,offline_store,offline,CMP08_search,Awareness,Tablet,727,5,58,0.14,-0.65,0.37,0.74,0.55,9.72
TP2124,C259,CMP09,2024-06-20 19:33:00,2024-06-20,7,7,Web,website,web_referral,CMP09_social_media,Consideration,Desktop,975,1,55,0.59,0.25,0.85,0.41,0.34,2.64
TP2106,C260,CMP14,2024-03-04 23:22:00,2024-03-04,1,3,Social,social_media,paid_social,CMP14_email,Conversion,Mobile,821,5,1,0.81,-0.02,0.5,0.57,0.13,5.26
TP092,C260,CMP06,2024-04-07 09:23:00,2024-04-07,2,3,In-Store,offline_store,offline,CMP06_display,Conversion,Tablet,537,9,102,0.51,-0.67,0.71,0.5,0.92,7.45
TP1042,C260,CMP05,2024-05-28 00:01:00,2024-05-28,3,3,Email,email,email,CMP05_email,Consideration,Mobile,1009,6,85,0.05,0.62,0.21,0.72,0.12,1.53
TP2178,C261,CMP16,2024-03-10 15:33:00,2024-03-10,1,6,In-Store,offline_store,offline,CMP16_social_media,Retention,Tablet,286,4,130,0.47,0.2,0.97,0.09,0.98,6.01
TP148,C261,CMP02,2024-04-27 04:51:00,2024-04-27,2,6,Web,website,web_referral,CMP02_email,Awareness,Desktop,308,8,114,0.12,-0.34,0.03,0.18,0.43,2.55
TP2128,C261,CMP06,2024-05-20 15:44:00,2024-05-20,3,6,In-Store,offline_store,offline,CMP06_display,Consideration,Mobile,422,7,166,0.31,-0.08,0.07,0.52,0.7,1.8
TP1764,C261,CMP03,2024-06-04 19:19:00,2024-06-04,4,6,Social,social_media,paid_social,CMP03_influencer,Retention,Desktop,507,6,154,0.83,-0.26,0.23,0.57,0.02,8.55
TP1358,C261,CMP13,2024-06-05 22:30:00,2024-06-05,5,6,Web,website,web_referral,CMP13_social_media,Awareness,Desktop,659,4,5,0.67,0.98,0.59,0.66,0.02,5.58
TP1496,C261,CMP04,2024-06-22 20:56:00,2024-06-22,6,6,In-Store,offline_store,offline,CMP04_display,Conversion,Desktop,338,5,189,0.36,-0.79,0.56,0.97,0.58,0.73
TP2522,C262,CMP19,2024-03-23 08:34:00,2024-03-23,1,7,Web,website,web_referral,CMP19_social_media,Consideration,Tablet,1174,4,75,0.12,-0.28,0.75,0.77,0.19,6.38
TP2379,C262,CMP07,2024-04-02 08:05:00,2024-04-02,2,7,In-Store,offline_store,offline,CMP07_email,Consideration,Tablet,888,2,34,0.63,-0.07,0.19,0.9,0.11,3.22
TP573,C262,CMP09,2024-05-08 15:00:00,2024-05-08,3,7,In-Store,offline_store,offline,CMP09_social_media,Consideration,Mobile,152,5,70,0.46,-0.64,0.77,0.31,0.99,1.35
TP1120,C262,CMP07,2024-05-11 10:17:00,2024-05-11,4,7,In-Store,offline_store,offline,CMP07_email,Retention,Desktop,998,8,46,0.52,-0.42,0.91,0.97,0.41,4.31
TP2218,C262,CMP04,2024-05-27 21:03:00,2024-05-27,5,7,Mobile,mobile_app,mobile_push,CMP04_display,Consideration,Tablet,387,6,185,0.43,-0.71,0.24,0.53,0.16,5.27
TP2126,C262,CMP02,2024-06-11 10:56:00,2024-06-11,6,7,Email,email,email,CMP02_email,Consideration,Mobile,274,9,44,0.57,0.61,0.51,0.15,0.7,9.17
TP2632,C262,CMP03,2024-06-27 03:16:00,2024-06-27,7,7,Email,email,email,CMP03_influencer,Awareness,Tablet,1078,0,19,0.06,0.87,0.66,0.56,0.06,6.02
TP1739,C263,CMP09,2024-03-02 11:36:00,2024-03-02,1,2,Email,email,email,CMP09_social_media,Awareness,Tablet,279,8,83,0.88,0.69,0.45,0.17,0.38,4.26
TP353,C263,CMP13,2024-03-30 11:55:00,2024-03-30,2,2,Social,social_media,paid_social,CMP13_social_media,Retention,Desktop,530,7,120,0.57,-0.64,0.98,0.66,0.58,0.58
TP1261,C264,CMP15,2024-03-01 06:00:00,2024-03-01,1,10,Email,email,email,CMP15_display,Awareness,Mobile,683,2,56,0.08,0.15,0.64,0.85,0.27,4.51
TP1678,C264,CMP15,2024-03-01 11:20:00,2024-03-01,2,10,Social,social_media,paid_social,CMP15_display,Consideration,Tablet,970,1,136,0.41,-0.64,0.5,0.02,0.82,2.12
TP435,C264,CMP13,2024-03-06 15:07:00,2024-03-06,3,10,Mobile,mobile_app,mobile_push,CMP13_social_media,Consideration,Mobile,914,6,151,0.68,0.15,0.27,0.73,0.62,1.41
TP079,C264,CMP19,2024-03-07 11:07:00,2024-03-07,4,10,Web,website,web_referral,CMP19_social_media,Conversion,Mobile,361,5,160,0.25,0.21,0.71,0.5,0.08,3.66
TP1717,C264,CMP04,2024-04-17 20:34:00,2024-04-17,5,10,In-Store,offline_store,offline,CMP04_display,Conversion,Mobile,1125,8,15,0.65,0.91,0.63,0.92,0.82,2.11
TP530,C264,CMP05,2024-04-26 17:49:00,2024-04-26,6,10,Mobile,mobile_app,mobile_push,CMP05_email,Awareness,Mobile,683,7,43,0.42,0.16,0.41,0.2,0.64,2.21
TP565,C264,CMP02,2024-05-12 19:52:00,2024-05-12,7,10,Web,website,web_referral,CMP02_email,Awareness,Tablet,85,8,87,0.51,0.11,0.72,0.36,0.96,4.63
TP1938,C264,CMP03,2024-05-19 01:23:00,2024-05-19,8,10,In-Store,offline_store,offline,CMP03_influencer,Conversion,Tablet,838,5,29,0.3,0.63,0.24,0.37,0.65,1.51
TP2530,C264,CMP07,2024-05-19 06:21:00,2024-05-19,9,10,Email,email,email,CMP07_email,Conversion,Tablet,653,8,80,0.88,0.0,0.48,0.32,0.7,5.88
TP721,C264,CMP15,2024-06-06 22:04:00,2024-06-06,10,10,Mobile,mobile_app,mobile_push,CMP15_display,Conversion,Tablet,124,2,36,0.18,-0.99,0.02,0.66,0.54,8.45
TP1372,C265,CMP05,2024-04-12 09:16:00,2024-04-12,1,3,Email,email,email,CMP05_email,Retention,Mobile,1101,6,55,0.69,0.54,0.63,0.89,0.17,1.61
TP069,C265,CMP02,2024-04-26 14:08:00,2024-04-26,2,3,Web,website,web_referral,CMP02_email,Retention,Desktop,1018,1,120,0.37,0.83,0.36,0.12,0.55,1.61
TP787,C265,CMP18,2024-06-11 16:05:00,2024-06-11,3,3,Web,website,web_referral,CMP18_influencer,Awareness,Mobile,1072,2,82,0.31,0.56,0.65,0.26,0.82,5.27
TP2055,C266,CMP10,2024-03-22 16:06:00,2024-03-22,1,3,Mobile,mobile_app,mobile_push,CMP10_email,Consideration,Desktop,265,7,183,0.57,-0.66,0.56,0.27,0.73,1.08
TP1960,C266,CMP01,2024-06-14 04:09:00,2024-06-14,2,3,In-Store,offline_store,offline,CMP01_email,Consideration,Tablet,488,8,73,0.37,0.43,0.59,0.84,0.67,5.31
TP1684,C266,CMP14,2024-06-17 01:34:00,2024-06-17,3,3,Social,social_media,paid_social,CMP14_email,Retention,Mobile,979,1,166,0.41,0.84,0.71,0.25,0.8,1.17
TP343,C267,CMP16,2024-03-20 14:45:00,2024-03-20,1,7,Email,email,email,CMP16_social_media,Awareness,Mobile,548,9,156,0.16,0.68,0.04,0.39,0.73,4.14
TP1403,C267,CMP13,2024-03-28 17:25:00,2024-03-28,2,7,In-Store,offline_store,offline,CMP13_social_media,Consideration,Desktop,56,0,144,0.92,0.7,0.45,0.54,0.47,0.89
TP2468,C267,CMP12,2024-03-31 10:55:00,2024-03-31,3,7,Mobile,mobile_app,mobile_push,CMP12_influencer,Conversion,Tablet,441,3,42,0.23,0.97,0.41,0.72,0.59,6.14
TP999,C267,CMP06,2024-04-20 05:38:00,2024-04-20,4,7,Mobile,mobile_app,mobile_push,CMP06_display,Conversion,Desktop,724,0,170,0.9,0.4,0.75,0.52,0.42,2.07
TP1560,C267,CMP09,2024-05-21 06:14:00,2024-05-21,5,7,Social,social_media,paid_social,CMP09_social_media,Retention,Mobile,279,6,130,0.43,-0.95,0.7,0.35,0.64,9.1
TP1863,C267,CMP16,2024-05-26 16:03:00,2024-05-26,6,7,In-Store,offline_store,offline,CMP16_social_media,Consideration,Mobile,835,8,169,0.48,-0.75,0.56,0.73,0.44,2.11
TP2161,C267,CMP19,2024-06-24 15:52:00,2024-06-24,7,7,Web,website,web_referral,CMP19_social_media,Consideration,Tablet,605,0,185,0.67,-0.43,0.22,0.73,0.35,3.43
TP700,C268,CMP06,2024-03-15 00:16:00,2024-03-15,1,7,Email,email,email,CMP06_display,Consideration,Tablet,988,2,151,0.19,-0.54,0.95,0.27,0.43,8.63
TP1838,C268,CMP08,2024-03-16 05:42:00,2024-03-16,2,7,Social,social_media,paid_social,CMP08_search,Awareness,Desktop,1016,10,171,0.8,0.04,0.75,0.72,0.79,5.73
TP268,C268,CMP15,2024-03-18 11:11:00,2024-03-18,3,7,In-Store,offline_store,offline,CMP15_display,Consideration,Desktop,1142,8,104,0.81,0.55,0.61,0.23,0.41,8.14
TP156,C268,CMP07,2024-04-17 18:34:00,2024-04-17,4,7,Social,social_media,paid_social,CMP07_email,Awareness,Desktop,1198,3,140,0.66,0.63,0.78,0.75,0.29,3.98
TP1951,C268,CMP14,2024-06-20 23:54:00,2024-06-20,5,7,Social,social_media,paid_social,CMP14_email,Retention,Desktop,1034,8,179,0.91,0.89,0.02,0.13,0.67,4.47
TP1061,C268,CMP14,2024-06-24 19:55:00,2024-06-24,6,7,Web,website,web_referral,CMP14_email,Retention,Tablet,684,7,120,0.7,0.55,0.2,0.09,0.5,7.19
TP761,C268,CMP12,2024-06-26 17:15:00,2024-06-26,7,7,Social,social_media,paid_social,CMP12_influencer,Retention,Desktop,843,0,173,0.35,0.99,0.45,1.0,0.7,3.01
TP2229,C269,CMP11,2024-03-05 14:49:00,2024-03-05,1,4,Social,social_media,paid_social,CMP11_display,Consideration,Mobile,201,2,84,0.32,-0.97,0.28,0.21,0.6,0.84
TP2151,C269,CMP06,2024-05-01 00:54:00,2024-05-01,2,4,Social,social_media,paid_social,CMP06_display,Awareness,Desktop,560,10,151,0.97,-0.15,0.36,0.52,0.12,5.18
TP2033,C269,CMP04,2024-05-03 13:49:00,2024-05-03,3,4,Social,social_media,paid_social,CMP04_display,Conversion,Desktop,1091,1,17,0.67,-0.14,0.54,0.52,0.03,1.42
TP584,C269,CMP11,2024-05-27 01:47:00,2024-05-27,4,4,Mobile,mobile_app,mobile_push,CMP11_display,Consideration,Mobile,349,9,71,0.52,-0.76,0.43,0.49,0.89,2.08
TP1406,C270,CMP05,2024-03-08 00:50:00,2024-03-08,1,4,Social,social_media,paid_social,CMP05_email,Consideration,Tablet,702,1,179,0.64,-0.56,0.39,0.73,0.09,9.17
TP2318,C270,CMP02,2024-03-17 15:08:00,2024-03-17,2,4,Web,website,web_referral,CMP02_email,Retention,Mobile,312,10,51,0.12,-0.76,0.1,0.32,0.84,6.35
TP1970,C270,CMP14,2024-04-18 04:33:00,2024-04-18,3,4,Mobile,mobile_app,mobile_push,CMP14_email,Conversion,Desktop,1003,4,67,0.43,0.3,0.83,0.88,0.11,4.87
TP103,C270,CMP15,2024-04-24 08:14:00,2024-04-24,4,4,Web,website,web_referral,CMP15_display,Consideration,Desktop,1150,8,134,0.14,0.52,0.79,0.06,0.4,5.06
TP046,C271,CMP12,2024-03-02 02:45:00,2024-03-02,1,6,Social,social_media,paid_social,CMP12_influencer,Retention,Desktop,643,5,116,0.93,-0.63,0.78,0.42,0.4,6.72
TP004,C271,CMP18,2024-03-22 01:20:00,2024-03-22,2,6,Email,email,email,CMP18_influencer,Awareness,Tablet,165,1,24,0.62,0.72,0.83,0.64,0.95,5.19
TP559,C271,CMP15,2024-03-26 18:00:00,2024-03-26,3,6,In-Store,offline_store,offline,CMP15_display,Conversion,Desktop,885,6,57,0.2,-0.97,0.47,0.36,0.02,4.89
TP2398,C271,CMP16,2024-03-28 17:15:00,2024-03-28,4,6,Social,social_media,paid_social,CMP16_social_media,Awareness,Mobile,622,10,130,0.57,0.87,0.63,0.73,0.2,4.45
TP106,C271,CMP01,2024-04-27 01:34:00,2024-04-27,5,6,Social,social_media,paid_social,CMP01_email,Conversion,Mobile,1170,4,45,0.01,-0.71,0.09,0.98,0.24,1.45
TP2352,C271,CMP08,2024-05-26 06:11:00,2024-05-26,6,6,Social,social_media,paid_social,CMP08_search,Conversion,Mobile,718,0,160,0.83,0.06,0.15,0.36,0.47,6.32
TP621,C272,CMP12,2024-05-03 16:46:00,2024-05-03,1,3,Social,social_media,paid_social,CMP12_influencer,Conversion,Mobile,855,5,196,0.04,-0.73,0.04,0.85,0.38,9.13
TP2050,C272,CMP17,2024-05-06 15:11:00,2024-05-06,2,3,Email,email,email,CMP17_display,Awareness,Desktop,1119,5,71,0.9,0.32,0.63,0.32,0.34,9.34
TP940,C272,CMP01,2024-05-24 08:12:00,2024-05-24,3,3,Social,social_media,paid_social,CMP01_email,Consideration,Tablet,752,3,60,0.99,0.6,0.38,0.64,0.43,6.68
TP1371,C273,CMP03,2024-03-14 15:53:00,2024-03-14,1,7,Web,website,web_referral,CMP03_influencer,Conversion,Tablet,208,9,27,0.74,0.66,0.33,0.71,0.6,1.84
TP2431,C273,CMP18,2024-03-26 19:41:00,2024-03-26,2,7,Email,email,email,CMP18_influencer,Consideration,Tablet,325,7,176,0.6,0.54,0.6,0.19,0.65,1.31
TP1992,C273,CMP10,2024-04-17 02:45:00,2024-04-17,3,7,In-Store,offline_store,offline,CMP10_email,Retention,Tablet,924,4,30,0.64,-0.61,0.11,0.66,0.57,3.88
TP506,C273,CMP10,2024-05-09 03:23:00,2024-05-09,4,7,Social,social_media,paid_social,CMP10_email,Consideration,Tablet,211,6,186,0.95,0.7,0.37,0.62,0.14,9.7
TP770,C273,CMP16,2024-05-13 02:22:00,2024-05-13,5,7,Web,website,web_referral,CMP16_social_media,Conversion,Tablet,1020,4,157,0.32,0.63,0.72,0.77,0.9,8.24
TP1115,C273,CMP05,2024-05-28 18:15:00,2024-05-28,6,7,Email,email,email,CMP05_email,Consideration,Mobile,294,7,142,0.03,-0.36,0.74,0.5,0.45,4.35
TP1238,C273,CMP06,2024-06-18 17:47:00,2024-06-18,7,7,Email,email,email,CMP06_display,Consideration,Tablet,556,1,101,0.82,0.48,0.07,0.66,0.26,8.02
TP2035,C274,CMP04,2024-03-07 15:54:00,2024-03-07,1,5,Web,website,web_referral,CMP04_display,Conversion,Desktop,921,5,138,0.23,0.85,0.92,0.06,0.34,3.0
TP1225,C274,CMP05,2024-04-09 18:42:00,2024-04-09,2,5,Email,email,email,CMP05_email,Consideration,Desktop,269,3,64,0.71,0.12,0.14,0.6,0.03,9.09
TP2397,C274,CMP18,2024-04-25 17:26:00,2024-04-25,3,5,Mobile,mobile_app,mobile_push,CMP18_influencer,Consideration,Mobile,192,2,108,0.52,0.64,0.08,0.14,0.46,1.21
TP2452,C274,CMP02,2024-05-03 13:38:00,2024-05-03,4,5,Email,email,email,CMP02_email,Consideration,Tablet,591,7,96,0.06,-0.0,0.54,0.66,0.92,4.68
TP063,C274,CMP15,2024-05-05 10:38:00,2024-05-05,5,5,In-Store,offline_store,offline,CMP15_display,Consideration,Mobile,991,10,88,0.25,-0.18,0.91,0.39,0.05,1.51
TP864,C275,CMP19,2024-03-10 08:58:00,2024-03-10,1,4,Social,social_media,paid_social,CMP19_social_media,Retention,Tablet,344,9,178,0.65,-0.32,0.82,0.46,0.24,9.11
TP1335,C275,CMP19,2024-04-02 04:46:00,2024-04-02,2,4,Web,website,web_referral,CMP19_social_media,Conversion,Mobile,705,3,174,0.61,-0.78,0.18,0.98,0.24,9.69
TP1921,C275,CMP01,2024-05-25 18:23:00,2024-05-25,3,4,In-Store,offline_store,offline,CMP01_email,Conversion,Desktop,347,2,77,0.62,-0.23,0.96,0.25,0.15,3.07
TP593,C275,CMP18,2024-06-16 08:05:00,2024-06-16,4,4,Mobile,mobile_app,mobile_push,CMP18_influencer,Conversion,Desktop,223,10,154,0.15,0.97,0.88,0.53,0.89,5.02
TP1284,C277,CMP02,2024-03-07 14:46:00,2024-03-07,1,7,In-Store,offline_store,offline,CMP02_email,Retention,Tablet,1056,3,144,0.46,-0.51,0.51,0.72,0.91,1.73
TP411,C277,CMP14,2024-03-20 18:13:00,2024-03-20,2,7,In-Store,offline_store,offline,CMP14_email,Awareness,Mobile,389,2,163,0.65,0.54,0.65,0.1,0.53,3.44
TP2451,C277,CMP14,2024-04-16 13:46:00,2024-04-16,3,7,Mobile,mobile_app,mobile_push,CMP14_email,Conversion,Mobile,1199,7,74,0.85,0.3,0.83,0.08,0.32,2.71
TP1156,C277,CMP04,2024-05-14 07:08:00,2024-05-14,4,7,Mobile,mobile_app,mobile_push,CMP04_display,Retention,Desktop,520,1,164,0.55,-0.68,0.14,0.94,0.68,7.82
TP739,C277,CMP19,2024-05-24 15:08:00,2024-05-24,5,7,Mobile,mobile_app,mobile_push,CMP19_social_media,Retention,Tablet,1149,6,187,0.14,-0.23,0.07,0.89,0.68,9.19
TP031,C277,CMP05,2024-06-11 15:10:00,2024-06-11,6,7,Web,website,web_referral,CMP05_email,Retention,Mobile,493,8,12,0.61,-0.38,0.44,0.57,0.5,8.71
TP439,C277,CMP11,2024-06-17 09:06:00,2024-06-17,7,7,Email,email,email,CMP11_display,Consideration,Mobile,537,8,13,0.08,0.64,0.85,0.75,0.49,6.57
TP627,C278,CMP19,2024-03-02 04:00:00,2024-03-02,1,3,Mobile,mobile_app,mobile_push,CMP19_social_media,Retention,Mobile,58,3,43,0.59,-0.3,0.92,0.49,0.63,1.29
TP1799,C278,CMP15,2024-03-09 23:43:00,2024-03-09,2,3,Mobile,mobile_app,mobile_push,CMP15_display,Retention,Desktop,798,10,169,0.01,0.69,0.12,0.13,0.88,0.92
TP2297,C278,CMP15,2024-03-25 10:43:00,2024-03-25,3,3,Mobile,mobile_app,mobile_push,CMP15_display,Retention,Tablet,1068,8,8,0.63,0.62,0.41,0.68,0.88,6.37
TP602,C279,CMP09,2024-05-25 11:15:00,2024-05-25,1,2,Mobile,mobile_app,mobile_push,CMP09_social_media,Awareness,Tablet,843,10,5,0.5,-0.58,0.81,0.07,0.26,5.83
TP765,C279,CMP07,2024-05-29 14:43:00,2024-05-29,2,2,In-Store,offline_store,offline,CMP07_email,Consideration,Desktop,418,6,127,0.89,0.19,0.9,0.81,0.1,2.0
TP494,C280,CMP17,2024-03-13 00:04:00,2024-03-13,1,7,Email,email,email,CMP17_display,Conversion,Tablet,917,6,73,0.48,0.19,0.65,0.77,0.65,3.87
TP1776,C280,CMP18,2024-04-13 00:32:00,2024-04-13,2,7,Social,social_media,paid_social,CMP18_influencer,Conversion,Tablet,747,4,96,0.18,0.26,0.34,0.39,0.67,3.19
TP2395,C280,CMP05,2024-05-02 15:22:00,2024-05-02,3,7,Email,email,email,CMP05_email,Consideration,Desktop,843,4,163,0.68,0.9,0.36,0.17,0.89,6.77
TP679,C280,CMP06,2024-05-25 16:35:00,2024-05-25,4,7,Web,website,web_referral,CMP06_display,Conversion,Mobile,378,8,96,0.58,-0.33,0.87,0.77,0.48,1.44
TP466,C280,CMP17,2024-06-15 06:01:00,2024-06-15,5,7,Mobile,mobile_app,mobile_push,CMP17_display,Retention,Desktop,513,9,32,0.14,-0.92,0.61,0.67,0.82,5.24
TP306,C280,CMP05,2024-06-20 09:18:00,2024-06-20,6,7,Web,website,web_referral,CMP05_email,Awareness,Tablet,972,7,148,0.63,-0.78,0.54,0.21,0.41,0.56
TP119,C280,CMP04,2024-06-27 13:28:00,2024-06-27,7,7,Web,website,web_referral,CMP04_display,Retention,Mobile,289,5,55,0.91,-0.95,0.43,0.05,0.89,0.7
TP2394,C281,CMP15,2024-03-31 19:38:00,2024-03-31,1,4,Web,website,web_referral,CMP15_display,Consideration,Desktop,602,9,117,0.9,-0.58,0.09,0.12,0.33,1.2
TP1795,C281,CMP19,2024-04-11 17:56:00,2024-04-11,2,4,Web,website,web_referral,CMP19_social_media,Retention,Tablet,322,0,31,0.38,0.25,0.54,0.49,0.65,8.91
TP486,C281,CMP01,2024-04-25 03:16:00,2024-04-25,3,4,Email,email,email,CMP01_email,Consideration,Desktop,707,10,110,0.58,0.18,0.86,0.93,0.56,8.45
TP1144,C281,CMP05,2024-04-29 13:53:00,2024-04-29,4,4,Social,social_media,paid_social,CMP05_email,Awareness,Mobile,337,10,81,0.99,0.32,0.2,0.81,0.25,1.73
TP1271,C282,CMP09,2024-03-14 03:04:00,2024-03-14,1,6,In-Store,offline_store,offline,CMP09_social_media,Consideration,Tablet,850,2,118,0.9,-0.62,0.37,0.48,0.73,2.61
TP1178,C282,CMP18,2024-03-22 00:28:00,2024-03-22,2,6,In-Store,offline_store,offline,CMP18_influencer,Conversion,Mobile,139,8,166,0.76,-0.59,0.61,0.87,0.77,5.27
TP1860,C282,CMP15,2024-04-22 16:20:00,2024-04-22,3,6,Social,social_media,paid_social,CMP15_display,Conversion,Mobile,776,8,1,0.65,0.15,0.03,0.6,0.02,2.16
TP1001,C282,CMP19,2024-05-08 05:30:00,2024-05-08,4,6,Mobile,mobile_app,mobile_push,CMP19_social_media,Retention,Desktop,1022,5,188,0.55,0.04,0.09,0.69,0.46,4.36
TP1509,C282,CMP17,2024-05-28 23:24:00,2024-05-28,5,6,Social,social_media,paid_social,CMP17_display,Conversion,Desktop,718,0,160,0.74,-0.64,0.89,0.99,0.89,2.83
TP1965,C282,CMP12,2024-06-21 09:43:00,2024-06-21,6,6,In-Store,offline_store,offline,CMP12_influencer,Consideration,Desktop,383,4,94,0.35,0.41,0.52,0.38,0.85,7.16
TP1511,C283,CMP10,2024-03-06 04:20:00,2024-03-06,1,6,Mobile,mobile_app,mobile_push,CMP10_email,Conversion,Desktop,131,2,49,0.71,0.65,0.28,0.33,0.37,1.63
TP236,C283,CMP10,2024-03-14 21:09:00,2024-03-14,2,6,Email,email,email,CMP10_email,Conversion,Mobile,431,6,66,0.58,-0.28,0.79,0.91,0.35,3.87
TP182,C283,CMP06,2024-03-23 10:16:00,2024-03-23,3,6,Mobile,mobile_app,mobile_push,CMP06_display,Awareness,Tablet,349,6,148,0.13,0.56,0.02,1.0,0.27,7.03
TP842,C283,CMP17,2024-04-10 04:50:00,2024-04-10,4,6,Email,email,email,CMP17_display,Awareness,Mobile,590,0,55,0.57,-0.93,0.44,0.85,0.28,2.65
TP1006,C283,CMP19,2024-04-28 17:51:00,2024-04-28,5,6,In-Store,offline_store,offline,CMP19_social_media,Conversion,Desktop,641,3,14,0.05,-0.12,0.03,0.72,0.85,1.37
TP436,C283,CMP14,2024-06-20 17:51:00,2024-06-20,6,6,Social,social_media,paid_social,CMP14_email,Retention,Desktop,1033,6,179,0.75,-0.36,0.77,0.92,0.94,3.38
TP213,C284,CMP04,2024-03-17 13:39:00,2024-03-17,1,5,Email,email,email,CMP04_display,Awareness,Tablet,746,9,85,0.48,-0.54,0.3,0.74,0.95,7.99
TP2197,C284,CMP13,2024-03-19 14:00:00,2024-03-19,2,5,Email,email,email,CMP13_social_media,Awareness,Desktop,497,7,3,0.25,0.63,0.94,0.03,0.01,2.03
TP442,C284,CMP19,2024-04-06 19:23:00,2024-04-06,3,5,Mobile,mobile_app,mobile_push,CMP19_social_media,Awareness,Desktop,892,6,110,0.49,-0.59,0.64,0.24,0.42,8.93
TP220,C284,CMP10,2024-04-23 09:21:00,2024-04-23,4,5,Email,email,email,CMP10_email,Conversion,Tablet,504,0,47,0.83,0.52,0.59,0.3,0.52,2.19
TP789,C284,CMP15,2024-05-17 11:54:00,2024-05-17,5,5,Email,email,email,CMP15_display,Consideration,Mobile,874,6,171,0.37,-0.81,0.87,0.5,0.98,6.55
TP2354,C285,CMP13,2024-03-04 09:35:00,2024-03-04,1,9,Mobile,mobile_app,mobile_push,CMP13_social_media,Retention,Tablet,684,6,81,0.19,0.06,0.69,0.05,0.71,1.23
TP1654,C285,CMP13,2024-03-10 07:43:00,2024-03-10,2,9,Social,social_media,paid_social,CMP13_social_media,Consideration,Desktop,391,10,164,0.37,0.24,0.42,0.02,0.49,0.5
TP2321,C285,CMP02,2024-03-12 22:40:00,2024-03-12,3,9,Social,social_media,paid_social,CMP02_email,Conversion,Mobile,723,5,127,0.9,-0.49,0.25,0.08,0.48,3.88
TP638,C285,CMP12,2024-04-13 07:09:00,2024-04-13,4,9,Email,email,email,CMP12_influencer,Retention,Tablet,962,7,86,0.8,0.35,0.41,0.82,0.11,6.3
TP708,C285,CMP18,2024-05-02 10:48:00,2024-05-02,5,9,In-Store,offline_store,offline,CMP18_influencer,Consideration,Desktop,545,8,64,0.45,-0.25,0.13,0.39,0.44,0.65
TP1109,C285,CMP07,2024-05-04 16:11:00,2024-05-04,6,9,Email,email,email,CMP07_email,Consideration,Desktop,965,7,1,0.21,-0.38,0.38,0.86,0.78,2.15
TP1748,C285,CMP02,2024-05-24 13:08:00,2024-05-24,7,9,Web,website,web_referral,CMP02_email,Consideration,Desktop,201,3,77,0.23,0.95,0.1,0.76,0.17,9.01
TP1619,C285,CMP07,2024-06-12 06:35:00,2024-06-12,8,9,In-Store,offline_store,offline,CMP07_email,Awareness,Desktop,540,9,197,0.07,-0.49,0.36,0.13,0.97,7.59
TP2345,C285,CMP10,2024-06-22 13:24:00,2024-06-22,9,9,In-Store,offline_store,offline,CMP10_email,Conversion,Desktop,140,5,81,0.31,-0.69,0.48,0.11,0.78,7.18
TP1408,C286,CMP01,2024-03-25 14:54:00,2024-03-25,1,7,Social,social_media,paid_social,CMP01_email,Conversion,Mobile,316,4,160,0.24,-0.63,0.14,0.83,0.16,7.57
TP769,C286,CMP16,2024-04-03 01:26:00,2024-04-03,2,7,In-Store,offline_store,offline,CMP16_social_media,Retention,Mobile,805,8,22,0.45,0.67,0.51,0.56,0.58,6.6
TP1658,C286,CMP15,2024-04-16 22:52:00,2024-04-16,3,7,Mobile,mobile_app,mobile_push,CMP15_display,Retention,Desktop,176,4,187,0.57,0.66,0.17,0.07,0.66,3.91
TP1091,C286,CMP01,2024-04-25 11:08:00,2024-04-25,4,7,In-Store,offline_store,offline,CMP01_email,Awareness,Tablet,77,4,185,0.44,0.1,0.48,0.25,0.77,4.63
TP225,C286,CMP13,2024-05-26 18:11:00,2024-05-26,5,7,Email,email,email,CMP13_social_media,Conversion,Desktop,194,10,23,0.95,0.12,0.15,0.93,0.54,8.43
TP986,C286,CMP06,2024-06-13 22:03:00,2024-06-13,6,7,Social,social_media,paid_social,CMP06_display,Retention,Mobile,400,10,187,0.58,-0.02,0.42,0.62,0.21,1.44
TP440,C286,CMP02,2024-06-18 22:00:00,2024-06-18,7,7,Email,email,email,CMP02_email,Awareness,Desktop,1119,2,157,0.66,-0.81,0.75,0.12,0.91,4.15
TP1833,C287,CMP05,2024-03-06 09:39:00,2024-03-06,1,2,In-Store,offline_store,offline,CMP05_email,Consideration,Desktop,1187,4,135,0.51,0.31,0.65,0.79,0.48,8.42
TP1551,C287,CMP09,2024-04-22 07:24:00,2024-04-22,2,2,Social,social_media,paid_social,CMP09_social_media,Consideration,Desktop,286,9,168,0.2,-0.37,0.18,0.26,0.46,5.49
TP2358,C288,CMP12,2024-03-18 11:56:00,2024-03-18,1,10,In-Store,offline_store,offline,CMP12_influencer,Awareness,Desktop,936,8,149,0.61,-0.15,0.38,0.95,0.05,5.55
TP1723,C288,CMP11,2024-03-31 11:32:00,2024-03-31,2,10,Email,email,email,CMP11_display,Awareness,Tablet,609,5,187,0.04,-0.11,0.18,0.82,0.21,5.16
TP1959,C288,CMP08,2024-04-29 09:57:00,2024-04-29,3,10,Web,website,web_referral,CMP08_search,Retention,Tablet,1151,2,171,0.65,0.44,0.84,0.58,0.08,3.37
TP1694,C288,CMP12,2024-05-19 09:18:00,2024-05-19,4,10,Social,social_media,paid_social,CMP12_influencer,Conversion,Tablet,398,9,130,0.87,0.53,0.41,0.78,0.18,4.44
TP541,C288,CMP03,2024-05-27 03:11:00,2024-05-27,5,10,Web,website,web_referral,CMP03_influencer,Conversion,Desktop,129,10,174,0.93,-0.42,0.37,0.34,0.3,4.73
TP1047,C288,CMP01,2024-06-02 19:02:00,2024-06-02,6,10,Social,social_media,paid_social,CMP01_email,Awareness,Mobile,552,8,188,0.06,-0.67,0.37,0.87,0.69,9.33
TP1429,C288,CMP06,2024-06-19 11:20:00,2024-06-19,7,10,Mobile,mobile_app,mobile_push,CMP06_display,Conversion,Tablet,340,10,138,0.76,0.05,0.02,0.02,0.72,7.73
TP2576,C288,CMP03,2024-06-23 17:50:00,2024-06-23,8,10,Mobile,mobile_app,mobile_push,CMP03_influencer,Awareness,Desktop,1131,8,186,0.78,-0.08,0.35,0.59,0.86,6.69
TP1683,C288,CMP18,2024-06-27 15:09:00,2024-06-27,9,10,Mobile,mobile_app,mobile_push,CMP18_influencer,Retention,Desktop,609,2,131,0.22,-0.73,0.72,0.7,0.1,5.86
TP496,C288,CMP17,2024-06-29 13:23:00,2024-06-29,10,10,Web,website,web_referral,CMP17_display,Consideration,Mobile,1022,8,194,0.49,-0.47,0.51,0.47,0.55,2.75
TP1473,C289,CMP02,2024-03-02 17:40:00,2024-03-02,1,11,In-Store,offline_store,offline,CMP02_email,Awareness,Mobile,688,0,146,0.99,-0.25,0.77,0.14,0.55,0.51
TP409,C289,CMP03,2024-03-09 15:53:00,2024-03-09,2,11,Email,email,email,CMP03_influencer,Conversion,Desktop,659,6,36,0.6,0.48,0.76,0.21,0.02,8.82
TP656,C289,CMP04,2024-03-13 01:01:00,2024-03-13,3,11,Mobile,mobile_app,mobile_push,CMP04_display,Conversion,Mobile,102,7,122,0.14,-0.36,0.36,0.2,0.99,9.63
TP2217,C289,CMP19,2024-03-18 21:59:00,2024-03-18,4,11,Social,social_media,paid_social,CMP19_social_media,Conversion,Tablet,793,3,109,0.32,-0.71,0.78,0.61,0.41,1.08
TP1281,C289,CMP09,2024-04-13 13:09:00,2024-04-13,5,11,Email,email,email,CMP09_social_media,Conversion,Desktop,968,0,102,0.46,0.77,0.54,0.03,0.36,1.69
TP992,C289,CMP08,2024-04-29 02:00:00,2024-04-29,6,11,Mobile,mobile_app,mobile_push,CMP08_search,Consideration,Mobile,1028,2,72,0.93,-0.3,0.19,0.14,0.08,6.63
TP2464,C289,CMP11,2024-05-07 15:56:00,2024-05-07,7,11,In-Store,offline_store,offline,CMP11_display,Retention,Tablet,598,8,98,0.77,-0.28,0.25,0.25,0.95,4.37
TP1881,C289,CMP01,2024-05-09 16:47:00,2024-05-09,8,11,Email,email,email,CMP01_email,Consideration,Tablet,1007,3,172,0.14,-0.27,0.23,0.06,0.2,7.59
TP1461,C289,CMP14,2024-06-03 16:08:00,2024-06-03,9,11,Social,social_media,paid_social,CMP14_email,Consideration,Mobile,648,3,48,0.08,0.83,0.29,0.78,0.87,6.44
TP146,C289,CMP19,2024-06-13 02:01:00,2024-06-13,10,11,Mobile,mobile_app,mobile_push,CMP19_social_media,Retention,Tablet,1187,4,38,0.51,-0.29,0.31,0.88,0.57,6.1
TP2492,C289,CMP12,2024-06-17 15:53:00,2024-06-17,11,11,Email,email,email,CMP12_influencer,Conversion,Desktop,266,3,192,0.13,-0.01,0.5,0.77,0.27,2.95
TP666,C290,CMP06,2024-04-24 03:34:00,2024-04-24,1,2,Email,email,email,CMP06_display,Retention,Mobile,620,10,2,0.19,-0.73,0.56,0.68,0.2,5.48
TP611,C290,CMP12,2024-06-18 15:32:00,2024-06-18,2,2,Social,social_media,paid_social,CMP12_influencer,Retention,Desktop,88,8,45,0.31,-0.66,0.99,0.14,0.68,7.19
TP1910,C291,CMP03,2024-04-09 22:14:00,2024-04-09,1,4,Social,social_media,paid_social,CMP03_influencer,Conversion,Desktop,910,5,61,0.67,1.0,0.82,0.97,0.37,3.96
TP1409,C291,CMP04,2024-05-03 10:18:00,2024-05-03,2,4,Email,email,email,CMP04_display,Conversion,Mobile,241,5,166,0.46,0.63,0.16,0.69,0.4,6.0
TP1590,C291,CMP03,2024-05-04 08:02:00,2024-05-04,3,4,Social,social_media,paid_social,CMP03_influencer,Consideration,Desktop,1117,7,107,0.91,-0.27,0.32,0.56,0.68,2.89
TP1719,C291,CMP19,2024-06-11 00:43:00,2024-06-11,4,4,In-Store,offline_store,offline,CMP19_social_media,Conversion,Mobile,191,2,34,0.55,0.69,0.79,0.13,0.26,3.03
TP1192,C292,CMP12,2024-04-21 08:34:00,2024-04-21,1,4,Social,social_media,paid_social,CMP12_influencer,Awareness,Mobile,249,3,153,0.73,0.73,0.03,0.21,0.21,5.33
TP1508,C292,CMP05,2024-04-22 05:58:00,2024-04-22,2,4,Web,website,web_referral,CMP05_email,Consideration,Tablet,1143,2,172,0.01,0.46,0.9,0.12,0.97,7.66
TP860,C292,CMP06,2024-05-12 09:03:00,2024-05-12,3,4,Mobile,mobile_app,mobile_push,CMP06_display,Awareness,Tablet,346,0,32,0.16,0.75,0.1,0.06,0.81,0.84
TP1858,C292,CMP14,2024-05-26 21:59:00,2024-05-26,4,4,Web,website,web_referral,CMP14_email,Consideration,Tablet,421,4,109,0.57,-0.22,0.56,0.9,0.12,3.84
TP2073,C293,CMP19,2024-03-02 05:45:00,2024-03-02,1,9,Social,social_media,paid_social,CMP19_social_media,Conversion,Mobile,900,7,23,0.31,0.16,0.25,0.33,0.95,1.13
TP1347,C293,CMP19,2024-03-07 16:15:00,2024-03-07,2,9,In-Store,offline_store,offline,CMP19_social_media,Retention,Mobile,686,5,115,0.27,0.29,0.45,0.82,0.19,1.08
TP1809,C293,CMP08,2024-04-16 17:04:00,2024-04-16,3,9,In-Store,offline_store,offline,CMP08_search,Retention,Desktop,1191,4,167,0.92,0.89,0.92,0.13,0.59,3.71
TP2002,C293,CMP17,2024-04-20 10:47:00,2024-04-20,4,9,Social,social_media,paid_social,CMP17_display,Retention,Desktop,47,10,27,0.11,0.69,0.85,0.99,0.24,4.44
TP2610,C293,CMP03,2024-04-25 21:45:00,2024-04-25,5,9,Social,social_media,paid_social,CMP03_influencer,Conversion,Mobile,430,3,84,0.39,-0.6,0.87,0.82,0.63,8.38
TP1545,C293,CMP05,2024-05-08 19:13:00,2024-05-08,6,9,In-Store,offline_store,offline,CMP05_email,Conversion,Tablet,43,4,28,0.71,-0.42,0.39,0.95,0.83,4.74
TP163,C293,CMP01,2024-05-11 23:49:00,2024-05-11,7,9,Web,website,web_referral,CMP01_email,Conversion,Tablet,523,8,54,0.34,0.45,0.0,0.66,0.95,7.18
TP2088,C293,CMP11,2024-06-19 01:13:00,2024-06-19,8,9,In-Store,offline_store,offline,CMP11_display,Conversion,Mobile,453,3,58,0.73,0.32,0.72,0.93,0.24,2.44
TP1765,C293,CMP03,2024-06-20 23:01:00,2024-06-20,9,9,Mobile,mobile_app,mobile_push,CMP03_influencer,Conversion,Tablet,660,4,102,0.96,-0.84,0.75,0.72,0.73,0.76
TP1596,C294,CMP04,2024-03-22 23:16:00,2024-03-22,1,6,Social,social_media,paid_social,CMP04_display,Conversion,Desktop,963,6,185,0.27,0.5,0.41,0.13,0.67,9.65
TP027,C294,CMP06,2024-03-25 14:05:00,2024-03-25,2,6,Mobile,mobile_app,mobile_push,CMP06_display,Retention,Mobile,359,2,62,0.68,0.76,0.79,0.44,0.81,6.21
TP1226,C294,CMP01,2024-04-06 01:41:00,2024-04-06,3,6,Mobile,mobile_app,mobile_push,CMP01_email,Consideration,Desktop,390,3,119,0.04,0.92,0.67,0.54,0.45,4.11
TP1484,C294,CMP08,2024-05-28 11:26:00,2024-05-28,4,6,Web,website,web_referral,CMP08_search,Awareness,Tablet,1112,10,137,0.02,0.97,0.34,0.87,0.15,3.94
TP1087,C294,CMP06,2024-06-09 12:07:00,2024-06-09,5,6,Web,website,web_referral,CMP06_display,Conversion,Desktop,1047,1,41,0.36,0.16,1.0,0.28,0.91,9.23
TP305,C294,CMP08,2024-06-19 13:32:00,2024-06-19,6,6,In-Store,offline_store,offline,CMP08_search,Awareness,Mobile,755,2,11,0.61,-0.8,0.12,0.93,0.01,4.53
TP2094,C295,CMP03,2024-03-12 10:50:00,2024-03-12,1,6,Email,email,email,CMP03_influencer,Conversion,Tablet,178,8,180,0.36,0.58,0.85,0.82,0.39,2.85
TP2633,C295,CMP03,2024-03-28 21:37:00,2024-03-28,2,6,Email,email,email,CMP03_influencer,Consideration,Desktop,351,9,57,0.59,0.22,0.08,0.25,0.78,7.4
TP269,C295,CMP17,2024-04-26 10:27:00,2024-04-26,3,6,Email,email,email,CMP17_display,Retention,Tablet,286,0,56,0.91,-0.85,0.01,0.55,0.95,9.66
TP1869,C295,CMP02,2024-05-12 23:15:00,2024-05-12,4,6,Social,social_media,paid_social,CMP02_email,Retention,Mobile,139,3,30,0.17,-0.54,0.01,0.37,0.71,1.92
TP2264,C295,CMP17,2024-05-17 09:44:00,2024-05-17,5,6,Social,social_media,paid_social,CMP17_display,Conversion,Tablet,1029,6,107,0.35,-0.78,0.17,0.38,0.62,3.07
TP1426,C295,CMP02,2024-05-19 04:28:00,2024-05-19,6,6,Social,social_media,paid_social,CMP02_email,Retention,Tablet,1141,0,107,0.92,0.49,0.06,0.13,0.73,9.91
TP112,C296,CMP08,2024-03-05 02:10:00,2024-03-05,1,6,Mobile,mobile_app,mobile_push,CMP08_search,Consideration,Desktop,670,8,29,0.24,-0.27,0.12,0.73,0.29,9.85
TP1424,C296,CMP13,2024-04-03 06:09:00,2024-04-03,2,6,In-Store,offline_store,offline,CMP13_social_media,Conversion,Tablet,231,0,59,0.41,0.12,0.57,0.24,0.53,9.49
TP1396,C296,CMP03,2024-04-12 13:15:00,2024-04-12,3,6,Social,social_media,paid_social,CMP03_influencer,Conversion,Desktop,373,0,74,0.85,0.48,0.6,0.61,0.47,3.08
TP1864,C296,CMP08,2024-06-01 14:00:00,2024-06-01,4,6,Email,email,email,CMP08_search,Awareness,Mobile,851,0,108,0.18,0.54,0.69,0.07,0.76,5.04
TP1557,C296,CMP13,2024-06-18 00:45:00,2024-06-18,5,6,Web,website,web_referral,CMP13_social_media,Conversion,Tablet,783,3,48,0.33,-0.06,0.16,0.52,0.31,9.67
TP1900,C296,CMP06,2024-06-26 16:21:00,2024-06-26,6,6,In-Store,offline_store,offline,CMP06_display,Awareness,Tablet,821,8,76,0.5,-0.96,0.63,0.72,0.19,5.09
TP1558,C297,CMP13,2024-03-14 07:47:00,2024-03-14,1,2,Email,email,email,CMP13_social_media,Retention,Tablet,1169,6,49,0.41,0.38,0.79,0.77,0.11,4.98
TP2552,C297,CMP08,2024-06-07 19:28:00,2024-06-07,2,2,Email,email,email,CMP08_search,Conversion,Mobile,1181,6,3,0.61,0.58,0.9,0.69,0.82,1.3
TP351,C298,CMP03,2024-04-25 07:00:00,2024-04-25,1,1,Social,social_media,paid_social,CMP03_influencer,Awareness,Mobile,510,3,128,0.53,-0.29,0.79,0.07,0.63,9.06
TP1510,C299,CMP01,2024-03-16 19:15:00,2024-03-16,1,2,In-Store,offline_store,offline,CMP01_email,Awareness,Mobile,436,9,163,0.27,1.0,0.23,0.85,0.98,6.92
TP510,C299,CMP09,2024-04-19 21:40:00,2024-04-19,2,2,Social,social_media,paid_social,CMP09_social_media,Awareness,Tablet,287,9,112,0.48,0.47,0.33,0.05,0.68,7.32
TP1243,C300,CMP12,2024-06-07 12:53:00,2024-06-07,1,3,Email,email,email,CMP12_influencer,Retention,Mobile,264,10,95,0.45,-0.57,0.47,0.17,0.12,7.58
TP1329,C300,CMP17,2024-06-14 20:45:00,2024-06-14,2,3,Web,website,web_referral,CMP17_display,Retention,Tablet,83,6,19,0.4,0.52,0.8,0.89,0.49,4.14
TP2578,C300,CMP16,2024-06-24 18:41:00,2024-06-24,3,3,Social,social_media,paid_social,CMP16_social_media,Conversion,Tablet,695,10,110,0.5,-0.33,0.76,0.41,0.36,5.42
TP858,C301,CMP10,2024-03-11 12:25:00,2024-03-11,1,7,Email,email,email,CMP10_email,Conversion,Desktop,811,2,38,0.37,-0.04,0.08,0.31,0.2,0.95
TP2563,C301,CMP04,2024-04-07 07:01:00,2024-04-07,2,7,Mobile,mobile_app,mobile_push,CMP04_display,Awareness,Desktop,776,1,136,0.68,-0.33,0.94,0.36,0.77,2.07
TP1175,C301,CMP13,2024-04-19 21:54:00,2024-04-19,3,7,Social,social_media,paid_social,CMP13_social_media,Consideration,Tablet,268,6,92,0.15,-0.7,0.7,0.22,0.15,3.4
TP2203,C301,CMP08,2024-05-18 19:07:00,2024-05-18,4,7,Web,website,web_referral,CMP08_search,Consideration,Tablet,495,8,144,0.12,0.66,0.51,0.69,0.71,7.12
TP129,C301,CMP18,2024-05-29 17:08:00,2024-05-29,5,7,Mobile,mobile_app,mobile_push,CMP18_influencer,Retention,Desktop,44,2,145,0.54,0.52,0.13,0.68,0.56,8.73
TP1999,C301,CMP18,2024-06-07 11:53:00,2024-06-07,6,7,Social,social_media,paid_social,CMP18_influencer,Consideration,Tablet,735,8,189,0.45,0.58,0.33,0.49,0.25,7.39
TP2462,C301,CMP14,2024-06-18 08:37:00,2024-06-18,7,7,Social,social_media,paid_social,CMP14_email,Consideration,Tablet,252,2,108,0.11,0.04,0.6,0.67,0.07,5.91
TP1524,C302,CMP19,2024-03-12 16:29:00,2024-03-12,1,7,In-Store,offline_store,offline,CMP19_social_media,Retention,Tablet,506,6,10,0.66,0.72,0.11,0.22,0.03,8.68
TP1725,C302,CMP02,2024-03-12 18:56:00,2024-03-12,2,7,In-Store,offline_store,offline,CMP02_email,Conversion,Mobile,1034,5,30,0.21,-0.58,0.02,0.39,0.54,5.41
TP2097,C302,CMP16,2024-03-27 08:54:00,2024-03-27,3,7,Web,website,web_referral,CMP16_social_media,Conversion,Desktop,943,1,114,0.87,0.03,0.39,0.47,0.28,1.19
TP469,C302,CMP04,2024-04-06 06:08:00,2024-04-06,4,7,Social,social_media,paid_social,CMP04_display,Awareness,Mobile,1127,2,105,0.63,0.04,0.68,0.5,0.23,4.14
TP1563,C302,CMP04,2024-04-25 23:14:00,2024-04-25,5,7,Social,social_media,paid_social,CMP04_display,Conversion,Desktop,307,3,121,0.35,0.71,0.67,0.21,0.82,5.73
TP712,C302,CMP13,2024-06-02 00:44:00,2024-06-02,6,7,Email,email,email,CMP13_social_media,Awareness,Tablet,425,3,112,0.28,-0.66,0.29,0.4,0.0,1.03
TP2041,C302,CMP16,2024-06-09 15:56:00,2024-06-09,7,7,In-Store,offline_store,offline,CMP16_social_media,Consideration,Tablet,322,1,74,0.24,-0.42,0.75,0.09,0.56,3.4
TP1073,C303,CMP12,2024-03-05 15:17:00,2024-03-05,1,9,Email,email,email,CMP12_influencer,Retention,Tablet,208,8,167,0.46,0.03,0.35,0.65,0.5,3.06
TP1522,C303,CMP09,2024-03-18 12:44:00,2024-03-18,2,9,Social,social_media,paid_social,CMP09_social_media,Retention,Tablet,206,6,28,0.03,0.2,0.63,0.17,0.65,9.82
TP1200,C303,CMP06,2024-03-27 02:25:00,2024-03-27,3,9,Web,website,web_referral,CMP06_display,Conversion,Mobile,1051,7,174,0.93,-0.78,0.85,0.77,0.76,5.04
TP908,C303,CMP11,2024-04-15 09:14:00,2024-04-15,4,9,Email,email,email,CMP11_display,Awareness,Tablet,770,8,167,0.03,0.15,0.87,0.82,0.92,2.36
TP1753,C303,CMP12,2024-04-22 15:25:00,2024-04-22,5,9,Mobile,mobile_app,mobile_push,CMP12_influencer,Conversion,Tablet,277,8,80,0.73,-0.05,0.15,1.0,0.73,7.1
TP2374,C303,CMP01,2024-05-10 13:46:00,2024-05-10,6,9,Mobile,mobile_app,mobile_push,CMP01_email,Awareness,Tablet,733,0,132,0.09,0.92,0.66,0.06,0.06,6.13
TP981,C303,CMP13,2024-05-22 00:35:00,2024-05-22,7,9,Web,website,web_referral,CMP13_social_media,Consideration,Tablet,980,8,48,0.59,-0.57,0.06,0.73,0.16,4.49
TP1932,C303,CMP05,2024-06-12 14:20:00,2024-06-12,8,9,In-Store,offline_store,offline,CMP05_email,Awareness,Mobile,470,2,40,0.45,-0.62,0.89,0.5,0.25,7.24
TP1487,C303,CMP05,2024-06-18 04:29:00,2024-06-18,9,9,In-Store,offline_store,offline,CMP05_email,Awareness,Tablet,455,4,156,0.26,-0.63,0.88,0.64,0.24,1.95
TP105,C304,CMP02,2024-03-13 01:50:00,2024-03-13,1,6,Email,email,email,CMP02_email,Conversion,Mobile,1023,1,37,0.88,0.5,0.71,0.87,0.94,9.0
TP412,C304,CMP18,2024-04-08 04:49:00,2024-04-08,2,6,In-Store,offline_store,offline,CMP18_influencer,Awareness,Desktop,547,2,36,0.57,-0.67,0.49,0.88,0.53,7.33
TP2227,C304,CMP15,2024-04-08 23:53:00,2024-04-08,3,6,Email,email,email,CMP15_display,Conversion,Desktop,52,9,84,0.06,0.35,0.93,0.84,0.37,5.19
TP372,C304,CMP18,2024-05-11 15:13:00,2024-05-11,4,6,Mobile,mobile_app,mobile_push,CMP18_influencer,Conversion,Mobile,216,10,134,0.04,0.91,0.69,0.62,0.91,4.06
TP448,C304,CMP11,2024-05-31 12:22:00,2024-05-31,5,6,Mobile,mobile_app,mobile_push,CMP11_display,Retention,Desktop,184,8,74,0.39,-0.31,0.02,1.0,0.31,3.12
TP362,C304,CMP08,2024-06-12 08:40:00,2024-06-12,6,6,Email,email,email,CMP08_search,Consideration,Mobile,97,6,10,0.09,-0.27,0.82,0.86,0.34,7.04
TP2514,C305,CMP11,2024-03-27 13:51:00,2024-03-27,1,8,In-Store,offline_store,offline,CMP11_display,Conversion,Tablet,1134,9,110,0.9,-0.18,0.66,0.63,0.11,0.91
TP2602,C305,CMP13,2024-04-05 18:05:00,2024-04-05,2,8,Social,social_media,paid_social,CMP13_social_media,Consideration,Mobile,94,7,49,0.85,-0.18,0.17,0.12,0.37,8.72
TP2082,C305,CMP17,2024-05-12 11:21:00,2024-05-12,3,8,Web,website,web_referral,CMP17_display,Awareness,Tablet,189,1,115,0.51,-0.8,0.34,0.62,0.81,3.63
TP924,C305,CMP09,2024-05-23 03:53:00,2024-05-23,4,8,Web,website,web_referral,CMP09_social_media,Consideration,Tablet,637,2,55,0.92,0.92,0.71,0.6,0.78,8.58
TP1655,C305,CMP08,2024-05-28 21:14:00,2024-05-28,5,8,Social,social_media,paid_social,CMP08_search,Consideration,Mobile,635,7,152,0.14,-0.86,0.97,0.82,0.45,6.17
TP1380,C305,CMP10,2024-05-29 03:50:00,2024-05-29,6,8,Web,website,web_referral,CMP10_email,Consideration,Mobile,1083,7,50,0.57,-0.4,0.9,0.95,0.95,2.54
TP1925,C305,CMP19,2024-06-10 12:49:00,2024-06-10,7,8,In-Store,offline_store,offline,CMP19_social_media,Retention,Desktop,153,9,176,0.89,0.72,0.3,0.36,0.22,5.08
TP555,C305,CMP05,2024-06-24 09:58:00,2024-06-24,8,8,Email,email,email,CMP05_email,Awareness,Desktop,1074,0,35,0.49,-0.24,0.2,0.31,0.71,3.28
TP519,C306,CMP18,2024-03-11 03:51:00,2024-03-11,1,4,Web,website,web_referral,CMP18_influencer,Consideration,Mobile,803,9,108,0.24,-0.69,0.27,0.78,0.51,6.37
TP1088,C306,CMP08,2024-04-25 04:11:00,2024-04-25,2,4,In-Store,offline_store,offline,CMP08_search,Retention,Mobile,1135,8,94,0.1,-0.76,0.79,0.94,0.69,5.11
TP2317,C306,CMP11,2024-05-22 09:00:00,2024-05-22,3,4,Social,social_media,paid_social,CMP11_display,Consideration,Desktop,308,3,129,0.59,-0.21,0.45,0.87,0.28,8.69
TP1060,C306,CMP12,2024-05-25 01:18:00,2024-05-25,4,4,In-Store,offline_store,offline,CMP12_influencer,Retention,Tablet,398,10,169,0.58,0.6,0.08,0.17,0.24,8.94
TP251,C307,CMP08,2024-03-18 00:07:00,2024-03-18,1,4,Web,website,web_referral,CMP08_search,Consideration,Mobile,325,5,119,0.97,0.31,0.68,0.16,0.07,1.29
TP1856,C307,CMP16,2024-04-11 21:04:00,2024-04-11,2,4,Web,website,web_referral,CMP16_social_media,Conversion,Mobile,888,3,196,0.65,-0.46,0.96,0.14,0.87,5.97
TP2577,C307,CMP12,2024-04-12 02:39:00,2024-04-12,3,4,In-Store,offline_store,offline,CMP12_influencer,Consideration,Tablet,811,5,58,0.95,0.9,0.25,0.96,0.2,6.49
TP058,C307,CMP12,2024-04-24 02:12:00,2024-04-24,4,4,Mobile,mobile_app,mobile_push,CMP12_influencer,Retention,Mobile,275,2,24,0.85,0.85,0.09,0.61,0.11,1.98
TP582,C308,CMP16,2024-03-04 12:24:00,2024-03-04,1,3,In-Store,offline_store,offline,CMP16_social_media,Awareness,Desktop,98,3,2,0.98,-0.11,0.22,0.57,0.51,9.31
TP1097,C308,CMP03,2024-05-06 22:38:00,2024-05-06,2,3,Web,website,web_referral,CMP03_influencer,Retention,Mobile,1056,1,136,0.66,-1.0,0.63,0.01,0.66,6.12
TP334,C308,CMP17,2024-06-04 14:43:00,2024-06-04,3,3,Email,email,email,CMP17_display,Awareness,Desktop,540,7,185,0.19,0.5,0.84,0.91,0.7,1.41
TP1840,C309,CMP07,2024-03-06 22:59:00,2024-03-06,1,6,Email,email,email,CMP07_email,Conversion,Desktop,319,9,175,0.83,-0.43,0.15,0.16,0.97,7.65
TP1444,C309,CMP03,2024-04-06 04:02:00,2024-04-06,2,6,Mobile,mobile_app,mobile_push,CMP03_influencer,Conversion,Desktop,747,3,71,0.66,-0.77,0.77,0.69,0.35,4.45
TP2574,C309,CMP08,2024-04-22 20:20:00,2024-04-22,3,6,Email,email,email,CMP08_search,Consideration,Tablet,294,1,17,0.43,0.02,0.72,0.12,0.86,7.64
TP1582,C309,CMP05,2024-05-10 07:36:00,2024-05-10,4,6,Web,website,web_referral,CMP05_email,Consideration,Mobile,221,1,55,0.84,-0.91,0.96,0.67,0.75,3.99
TP2408,C309,CMP08,2024-05-19 05:07:00,2024-05-19,5,6,Email,email,email,CMP08_search,Conversion,Desktop,959,7,86,0.14,-0.79,0.54,0.87,0.61,9.33
TP022,C309,CMP15,2024-05-20 04:44:00,2024-05-20,6,6,Web,website,web_referral,CMP15_display,Consideration,Desktop,900,0,6,0.54,0.8,0.83,0.74,0.49,5.8
TP093,C310,CMP13,2024-03-18 08:07:00,2024-03-18,1,6,In-Store,offline_store,offline,CMP13_social_media,Awareness,Mobile,495,10,156,0.13,-0.12,0.84,0.0,0.42,4.45
TP1872,C310,CMP11,2024-04-13 17:52:00,2024-04-13,2,6,Social,social_media,paid_social,CMP11_display,Awareness,Mobile,214,1,180,0.15,-0.32,0.66,0.21,0.34,2.26
TP2480,C310,CMP12,2024-05-08 00:19:00,2024-05-08,3,6,Mobile,mobile_app,mobile_push,CMP12_influencer,Awareness,Desktop,485,8,126,0.96,-0.51,0.69,0.08,0.3,5.68
TP1853,C310,CMP13,2024-05-19 22:23:00,2024-05-19,4,6,Social,social_media,paid_social,CMP13_social_media,Awareness,Tablet,666,2,187,0.57,0.11,0.15,0.79,0.81,0.98
TP2112,C310,CMP08,2024-06-08 20:22:00,2024-06-08,5,6,Mobile,mobile_app,mobile_push,CMP08_search,Conversion,Mobile,1008,3,175,0.61,0.83,0.56,0.06,0.9,7.71
TP401,C310,CMP16,2024-06-28 21:56:00,2024-06-28,6,6,Web,website,web_referral,CMP16_social_media,Conversion,Tablet,36,10,30,0.1,0.38,0.08,0.59,0.98,5.43
TP1930,C311,CMP19,2024-03-24 17:20:00,2024-03-24,1,6,In-Store,offline_store,offline,CMP19_social_media,Conversion,Tablet,1190,7,121,0.37,0.22,0.45,0.74,0.87,6.81
TP1734,C311,CMP11,2024-04-04 22:45:00,2024-04-04,2,6,In-Store,offline_store,offline,CMP11_display,Conversion,Desktop,539,6,24,0.42,-0.91,0.99,0.1,0.89,2.02
TP1016,C311,CMP04,2024-04-25 20:06:00,2024-04-25,3,6,Social,social_media,paid_social,CMP04_display,Awareness,Tablet,390,6,173,0.96,-0.72,0.96,0.23,0.97,5.5
TP2026,C311,CMP15,2024-06-23 19:37:00,2024-06-23,4,6,Mobile,mobile_app,mobile_push,CMP15_display,Awareness,Tablet,1068,2,109,0.72,-0.1,0.51,0.56,0.68,2.54
TP1296,C311,CMP11,2024-06-29 08:52:00,2024-06-29,5,6,Mobile,mobile_app,mobile_push,CMP11_display,Consideration,Mobile,759,7,113,0.02,0.72,0.25,0.12,0.29,2.15
TP580,C311,CMP02,2024-06-29 09:23:00,2024-06-29,6,6,Social,social_media,paid_social,CMP02_email,Retention,Mobile,690,7,2,0.64,0.73,0.24,0.38,0.89,6.11
TP1215,C312,CMP08,2024-03-03 04:21:00,2024-03-03,1,5,Social,social_media,paid_social,CMP08_search,Consideration,Tablet,1134,7,36,0.77,-0.96,0.96,0.09,0.47,3.08
TP985,C312,CMP01,2024-03-03 22:20:00,2024-03-03,2,5,Web,website,web_referral,CMP01_email,Retention,Mobile,464,4,100,0.82,-0.71,0.62,0.34,0.78,7.79
TP2586,C312,CMP16,2024-03-29 05:36:00,2024-03-29,3,5,Web,website,web_referral,CMP16_social_media,Conversion,Tablet,244,1,44,0.62,0.01,0.21,0.4,0.54,6.27
TP897,C312,CMP08,2024-05-28 00:24:00,2024-05-28,4,5,Email,email,email,CMP08_search,Conversion,Mobile,1047,6,114,0.84,0.95,0.03,0.73,0.47,9.03
TP1880,C312,CMP17,2024-06-29 14:33:00,2024-06-29,5,5,Social,social_media,paid_social,CMP17_display,Consideration,Desktop,1049,0,120,0.13,-0.07,0.44,0.88,0.64,6.67
TP525,C313,CMP17,2024-03-15 02:42:00,2024-03-15,1,7,Email,email,email,CMP17_display,Conversion,Mobile,1089,5,138,0.79,-0.13,0.24,0.21,0.35,5.16
TP1586,C313,CMP04,2024-04-09 20:28:00,2024-04-09,2,7,Web,website,web_referral,CMP04_display,Consideration,Mobile,305,5,103,0.39,0.38,0.16,0.93,0.1,9.67
TP1571,C313,CMP04,2024-04-16 15:50:00,2024-04-16,3,7,Web,website,web_referral,CMP04_display,Conversion,Tablet,210,7,165,0.83,0.15,0.24,0.53,0.4,9.53
TP1700,C313,CMP18,2024-04-19 18:03:00,2024-04-19,4,7,Social,social_media,paid_social,CMP18_influencer,Awareness,Tablet,267,3,68,0.65,0.55,0.9,0.46,0.53,9.21
TP2120,C313,CMP07,2024-04-25 06:33:00,2024-04-25,5,7,Web,website,web_referral,CMP07_email,Consideration,Tablet,221,8,62,0.37,-0.29,0.2,0.65,0.42,7.69
TP1832,C313,CMP13,2024-06-12 23:13:00,2024-06-12,6,7,Web,website,web_referral,CMP13_social_media,Consideration,Desktop,425,9,122,0.25,-0.13,0.15,0.69,0.91,4.39
TP1069,C313,CMP19,2024-06-29 12:07:00,2024-06-29,7,7,Social,social_media,paid_social,CMP19_social_media,Awareness,Tablet,70,6,18,0.75,0.77,0.71,0.63,0.59,6.57
TP731,C314,CMP13,2024-03-05 06:18:00,2024-03-05,1,5,Social,social_media,paid_social,CMP13_social_media,Retention,Mobile,1196,4,70,0.77,0.02,0.29,0.98,0.71,7.55
TP2546,C314,CMP15,2024-03-21 17:38:00,2024-03-21,2,5,Web,website,web_referral,CMP15_display,Conversion,Desktop,456,6,143,0.29,-0.38,0.06,0.53,0.6,6.07
TP552,C314,CMP19,2024-04-12 04:16:00,2024-04-12,3,5,Mobile,mobile_app,mobile_push,CMP19_social_media,Consideration,Mobile,915,3,40,0.99,0.87,0.59,0.76,0.53,7.3
TP034,C314,CMP08,2024-04-14 09:17:00,2024-04-14,4,5,Email,email,email,CMP08_search,Consideration,Desktop,314,6,144,0.45,0.56,0.98,0.74,0.84,7.51
TP2244,C314,CMP13,2024-05-14 12:22:00,2024-05-14,5,5,Web,website,web_referral,CMP13_social_media,Retention,Mobile,890,8,18,0.56,0.39,0.37,0.22,0.6,7.68
TP1005,C315,CMP10,2024-04-10 12:02:00,2024-04-10,1,4,Social,social_media,paid_social,CMP10_email,Awareness,Mobile,1186,9,72,0.67,0.27,0.56,0.51,0.98,9.62
TP1276,C315,CMP13,2024-05-19 23:22:00,2024-05-19,2,4,Web,website,web_referral,CMP13_social_media,Conversion,Tablet,158,4,81,0.26,-0.56,0.57,0.53,0.34,3.23
TP1979,C315,CMP15,2024-06-09 19:02:00,2024-06-09,3,4,Email,email,email,CMP15_display,Consideration,Tablet,125,8,102,0.03,0.93,0.9,0.59,0.13,8.25
TP256,C315,CMP18,2024-06-17 01:01:00,2024-06-17,4,4,Web,website,web_referral,CMP18_influencer,Conversion,Desktop,662,5,153,0.92,-0.24,0.98,0.89,0.93,1.43
TP1536,C316,CMP18,2024-03-29 19:05:00,2024-03-29,1,7,Email,email,email,CMP18_influencer,Awareness,Mobile,752,6,101,0.44,-0.64,0.64,0.79,0.06,8.6
TP2421,C316,CMP13,2024-03-30 12:15:00,2024-03-30,2,7,Email,email,email,CMP13_social_media,Consideration,Desktop,217,1,170,0.04,-0.35,0.02,0.18,0.91,9.99
TP523,C316,CMP08,2024-03-31 22:40:00,2024-03-31,3,7,In-Store,offline_store,offline,CMP08_search,Consideration,Mobile,424,5,3,0.72,0.2,0.27,0.61,0.05,7.5
TP066,C316,CMP12,2024-04-15 11:21:00,2024-04-15,4,7,Web,website,web_referral,CMP12_influencer,Consideration,Mobile,379,7,95,0.99,0.06,0.39,0.75,0.9,4.55
TP954,C316,CMP03,2024-04-16 13:27:00,2024-04-16,5,7,Email,email,email,CMP03_influencer,Consideration,Mobile,975,4,127,0.07,-0.04,0.69,0.98,0.01,9.77
TP2194,C316,CMP09,2024-04-29 04:22:00,2024-04-29,6,7,In-Store,offline_store,offline,CMP09_social_media,Awareness,Desktop,1026,7,151,0.42,-0.27,0.99,0.48,0.28,4.77
TP1407,C316,CMP09,2024-06-15 20:23:00,2024-06-15,7,7,Web,website,web_referral,CMP09_social_media,Awareness,Tablet,505,9,111,0.16,0.58,0.96,0.14,0.85,1.52
TP447,C317,CMP02,2024-05-02 03:35:00,2024-05-02,1,5,Web,website,web_referral,CMP02_email,Consideration,Tablet,969,9,159,0.09,0.83,0.88,0.97,0.56,1.51
TP885,C317,CMP02,2024-05-08 03:31:00,2024-05-08,2,5,In-Store,offline_store,offline,CMP02_email,Consideration,Desktop,78,5,100,0.43,-0.19,0.84,0.35,0.95,4.05
TP907,C317,CMP12,2024-05-20 17:36:00,2024-05-20,3,5,Mobile,mobile_app,mobile_push,CMP12_influencer,Retention,Desktop,931,1,116,0.9,0.82,0.77,0.33,0.28,5.67
TP2517,C317,CMP13,2024-05-20 17:51:00,2024-05-20,4,5,In-Store,offline_store,offline,CMP13_social_media,Conversion,Tablet,839,3,121,0.78,-0.18,0.95,0.29,0.33,1.4
TP1161,C317,CMP08,2024-06-20 11:36:00,2024-06-20,5,5,Web,website,web_referral,CMP08_search,Consideration,Mobile,1084,10,122,0.85,-0.34,0.28,0.22,0.08,4.24
TP1382,C318,CMP16,2024-03-02 05:04:00,2024-03-02,1,11,Mobile,mobile_app,mobile_push,CMP16_social_media,Conversion,Desktop,280,2,87,0.57,-0.47,0.43,0.26,0.49,5.68
TP2046,C318,CMP17,2024-03-13 13:17:00,2024-03-13,2,11,Web,website,web_referral,CMP17_display,Awareness,Desktop,354,1,163,0.32,0.8,0.38,0.04,0.1,3.77
TP1934,C318,CMP06,2024-04-26 22:21:00,2024-04-26,3,11,Web,website,web_referral,CMP06_display,Conversion,Mobile,687,1,73,0.8,0.84,0.97,0.33,0.23,3.59
TP248,C318,CMP15,2024-05-17 07:08:00,2024-05-17,4,11,Web,website,web_referral,CMP15_display,Conversion,Tablet,662,5,46,0.49,-0.07,0.75,0.99,0.41,4.06
TP601,C318,CMP12,2024-05-24 03:15:00,2024-05-24,5,11,Mobile,mobile_app,mobile_push,CMP12_influencer,Conversion,Tablet,160,4,97,0.83,-0.19,0.44,0.86,0.19,1.22
TP1292,C318,CMP17,2024-06-01 18:25:00,2024-06-01,6,11,Social,social_media,paid_social,CMP17_display,Retention,Desktop,866,4,64,0.33,0.96,0.31,0.8,0.56,3.54
TP2205,C318,CMP05,2024-06-02 11:25:00,2024-06-02,7,11,Web,website,web_referral,CMP05_email,Consideration,Mobile,689,1,3,0.08,-0.23,0.78,0.8,0.09,3.46
TP2534,C318,CMP10,2024-06-13 06:17:00,2024-06-13,8,11,In-Store,offline_store,offline,CMP10_email,Awareness,Tablet,359,2,72,0.03,0.59,0.32,0.05,0.99,7.82
TP1651,C318,CMP13,2024-06-26 00:02:00,2024-06-26,9,11,Web,website,web_referral,CMP13_social_media,Conversion,Tablet,538,1,199,0.83,-0.9,0.81,0.87,0.05,7.24
TP2536,C318,CMP14,2024-06-27 03:40:00,2024-06-27,10,11,Social,social_media,paid_social,CMP14_email,Consideration,Tablet,242,3,3,0.22,0.89,0.2,0.81,0.34,7.5
TP264,C318,CMP10,2024-06-28 23:37:00,2024-06-28,11,11,Web,website,web_referral,CMP10_email,Consideration,Tablet,565,3,66,0.58,-0.57,0.76,0.52,0.28,8.51
TP1675,C319,CMP18,2024-03-13 08:56:00,2024-03-13,1,8,Mobile,mobile_app,mobile_push,CMP18_influencer,Awareness,Mobile,384,5,81,0.33,-0.22,0.91,0.79,0.53,5.27
TP1573,C319,CMP03,2024-04-13 17:15:00,2024-04-13,2,8,Email,email,email,CMP03_influencer,Retention,Desktop,827,3,158,0.32,0.25,0.66,0.47,0.74,3.51
TP1187,C319,CMP16,2024-04-15 22:18:00,2024-04-15,3,8,In-Store,offline_store,offline,CMP16_social_media,Retention,Tablet,987,9,80,0.24,-0.66,0.05,0.56,0.81,2.85
TP2440,C319,CMP10,2024-04-30 13:04:00,2024-04-30,4,8,Mobile,mobile_app,mobile_push,CMP10_email,Awareness,Tablet,681,2,147,0.75,-0.2,0.37,0.56,0.44,9.2
TP1368,C319,CMP08,2024-05-07 06:09:00,2024-05-07,5,8,Social,social_media,paid_social,CMP08_search,Retention,Desktop,812,0,29,0.43,0.56,0.92,0.78,0.03,7.59
TP592,C319,CMP14,2024-05-10 23:22:00,2024-05-10,6,8,Social,social_media,paid_social,CMP14_email,Consideration,Tablet,312,5,36,0.44,-0.19,0.56,0.65,0.05,1.6
TP2096,C319,CMP11,2024-06-08 16:50:00,2024-06-08,7,8,Social,social_media,paid_social,CMP11_display,Conversion,Desktop,46,6,114,0.98,-0.49,0.52,0.03,0.87,1.76
TP2290,C319,CMP18,2024-06-18 09:23:00,2024-06-18,8,8,In-Store,offline_store,offline,CMP18_influencer,Retention,Mobile,904,6,138,0.72,-0.55,0.0,0.74,0.45,7.09
TP2454,C320,CMP05,2024-03-17 09:46:00,2024-03-17,1,7,Social,social_media,paid_social,CMP05_email,Retention,Tablet,461,3,140,0.16,-0.88,0.37,0.41,0.2,9.2
TP1345,C320,CMP15,2024-03-21 04:55:00,2024-03-21,2,7,In-Store,offline_store,offline,CMP15_display,Awareness,Tablet,1076,4,196,0.25,0.09,0.17,0.32,0.39,2.96
TP2392,C320,CMP06,2024-04-17 07:50:00,2024-04-17,3,7,Mobile,mobile_app,mobile_push,CMP06_display,Retention,Mobile,1174,8,194,0.28,-0.25,0.86,0.94,0.48,7.36
TP055,C320,CMP05,2024-04-25 10:24:00,2024-04-25,4,7,In-Store,offline_store,offline,CMP05_email,Consideration,Mobile,214,3,37,0.36,0.55,0.61,0.91,0.22,2.5
TP1397,C320,CMP01,2024-04-28 20:18:00,2024-04-28,5,7,Social,social_media,paid_social,CMP01_email,Consideration,Desktop,657,10,23,0.91,0.56,0.32,0.45,0.52,3.69
TP1272,C320,CMP17,2024-05-26 12:59:00,2024-05-26,6,7,Email,email,email,CMP17_display,Conversion,Tablet,153,6,128,0.88,-0.49,0.2,0.2,0.35,5.62
TP1400,C320,CMP01,2024-06-11 21:54:00,2024-06-11,7,7,Social,social_media,paid_social,CMP01_email,Awareness,Desktop,60,3,23,0.46,-0.86,0.09,0.99,0.68,7.08
TP529,C321,CMP19,2024-03-10 05:46:00,2024-03-10,1,4,Social,social_media,paid_social,CMP19_social_media,Retention,Tablet,286,10,42,0.7,-0.15,0.08,0.08,0.86,7.92
TP1699,C321,CMP13,2024-03-15 16:53:00,2024-03-15,2,4,Mobile,mobile_app,mobile_push,CMP13_social_media,Retention,Mobile,672,6,150,0.22,0.48,0.88,0.11,0.39,2.19
TP853,C321,CMP02,2024-04-07 08:35:00,2024-04-07,3,4,In-Store,offline_store,offline,CMP02_email,Awareness,Desktop,740,3,77,0.04,0.55,0.51,0.4,0.01,9.57
TP1367,C321,CMP01,2024-05-28 07:42:00,2024-05-28,4,4,In-Store,offline_store,offline,CMP01_email,Conversion,Tablet,1102,0,84,0.25,0.02,0.69,0.49,0.06,9.12
TP1477,C322,CMP17,2024-04-13 21:37:00,2024-04-13,1,3,Social,social_media,paid_social,CMP17_display,Consideration,Tablet,849,5,75,0.25,-0.36,0.3,0.85,0.81,6.31
TP540,C322,CMP19,2024-04-30 22:20:00,2024-04-30,2,3,Mobile,mobile_app,mobile_push,CMP19_social_media,Retention,Mobile,1021,6,65,0.5,0.99,0.09,0.33,0.49,9.54
TP1308,C322,CMP17,2024-05-07 22:56:00,2024-05-07,3,3,In-Store,offline_store,offline,CMP17_display,Conversion,Desktop,847,1,28,0.27,0.91,0.14,0.04,0.67,1.46
TP2209,C323,CMP01,2024-03-02 00:30:00,2024-03-02,1,6,Mobile,mobile_app,mobile_push,CMP01_email,Awareness,Mobile,824,6,42,0.36,-0.74,0.55,0.13,0.82,7.94
TP701,C323,CMP04,2024-03-24 12:58:00,2024-03-24,2,6,Mobile,mobile_app,mobile_push,CMP04_display,Consideration,Desktop,854,8,58,0.78,-0.14,0.49,0.67,0.93,7.81
TP2164,C323,CMP05,2024-04-14 05:27:00,2024-04-14,3,6,In-Store,offline_store,offline,CMP05_email,Retention,Mobile,682,9,10,0.18,0.52,0.45,0.62,0.23,9.67
TP491,C323,CMP05,2024-05-05 14:21:00,2024-05-05,4,6,Mobile,mobile_app,mobile_push,CMP05_email,Retention,Tablet,1168,3,90,0.41,0.29,0.87,0.99,0.48,5.52
TP1702,C323,CMP12,2024-06-09 06:33:00,2024-06-09,5,6,Email,email,email,CMP12_influencer,Retention,Desktop,1195,8,98,0.85,-0.01,0.18,0.76,0.79,3.41
TP483,C323,CMP10,2024-06-09 22:24:00,2024-06-09,6,6,Email,email,email,CMP10_email,Consideration,Mobile,1025,3,87,0.67,-0.63,0.72,0.75,0.13,6.94
TP2070,C324,CMP15,2024-04-02 10:26:00,2024-04-02,1,6,Web,website,web_referral,CMP15_display,Retention,Tablet,1085,3,154,0.57,-0.15,0.9,0.35,0.09,8.23
TP298,C324,CMP04,2024-04-17 12:41:00,2024-04-17,2,6,Email,email,email,CMP04_display,Awareness,Mobile,814,4,69,0.55,0.58,0.4,0.26,0.58,7.17
TP2303,C324,CMP18,2024-04-29 03:11:00,2024-04-29,3,6,In-Store,offline_store,offline,CMP18_influencer,Conversion,Desktop,1131,4,114,0.22,0.36,0.79,0.99,0.91,5.45
TP1542,C324,CMP09,2024-04-29 19:59:00,2024-04-29,4,6,Social,social_media,paid_social,CMP09_social_media,Retention,Tablet,209,2,108,0.39,0.36,0.52,0.28,0.05,3.98
TP1499,C324,CMP15,2024-05-19 22:25:00,2024-05-19,5,6,Mobile,mobile_app,mobile_push,CMP15_display,Consideration,Desktop,664,7,93,0.77,0.67,0.88,0.2,0.74,3.47
TP1334,C324,CMP17,2024-06-22 14:50:00,2024-06-22,6,6,In-Store,offline_store,offline,CMP17_display,Consideration,Desktop,884,0,104,0.16,0.77,0.75,0.91,0.99,1.69
TP664,C325,CMP16,2024-03-28 04:40:00,2024-03-28,1,3,Email,email,email,CMP16_social_media,Awareness,Desktop,1091,5,69,0.82,0.81,0.51,0.17,0.61,7.35
TP307,C325,CMP01,2024-03-30 21:02:00,2024-03-30,2,3,Email,email,email,CMP01_email,Retention,Tablet,1026,9,183,0.88,0.56,0.11,0.8,0.65,1.77
TP675,C325,CMP06,2024-04-27 17:29:00,2024-04-27,3,3,In-Store,offline_store,offline,CMP06_display,Retention,Tablet,502,6,34,0.23,-0.14,0.01,0.44,0.44,5.04
TP2282,C326,CMP02,2024-03-03 18:39:00,2024-03-03,1,6,Web,website,web_referral,CMP02_email,Awareness,Mobile,211,9,89,0.68,0.29,0.35,0.58,0.15,4.44
TP319,C326,CMP02,2024-03-19 00:42:00,2024-03-19,2,6,In-Store,offline_store,offline,CMP02_email,Conversion,Tablet,1016,3,60,0.64,0.39,0.13,0.95,0.46,4.78
TP558,C326,CMP06,2024-04-01 09:31:00,2024-04-01,3,6,Email,email,email,CMP06_display,Retention,Mobile,644,5,124,0.49,-0.36,0.2,0.64,0.99,4.05
TP1811,C326,CMP16,2024-04-28 10:58:00,2024-04-28,4,6,Web,website,web_referral,CMP16_social_media,Awareness,Tablet,271,8,74,0.18,0.54,0.38,0.41,0.6,6.63
TP1164,C326,CMP12,2024-05-05 19:43:00,2024-05-05,5,6,In-Store,offline_store,offline,CMP12_influencer,Consideration,Desktop,796,10,119,0.77,0.8,0.21,0.84,0.75,3.33
TP1331,C326,CMP14,2024-06-19 05:09:00,2024-06-19,6,6,Social,social_media,paid_social,CMP14_email,Consideration,Desktop,645,3,54,0.77,-0.37,0.51,0.1,0.47,4.61
TP1641,C327,CMP05,2024-03-03 08:35:00,2024-03-03,1,4,Email,email,email,CMP05_email,Awareness,Desktop,200,7,18,0.4,0.69,0.54,0.86,0.41,1.98
TP132,C327,CMP01,2024-03-27 09:58:00,2024-03-27,2,4,Mobile,mobile_app,mobile_push,CMP01_email,Conversion,Tablet,333,2,105,0.88,-0.23,0.13,0.38,0.89,7.78
TP856,C327,CMP12,2024-05-10 14:56:00,2024-05-10,3,4,Web,website,web_referral,CMP12_influencer,Conversion,Desktop,482,7,184,0.69,-0.77,0.8,0.84,0.54,2.4
TP209,C327,CMP13,2024-06-17 13:57:00,2024-06-17,4,4,Social,social_media,paid_social,CMP13_social_media,Retention,Desktop,284,7,86,0.99,0.16,0.5,0.73,0.45,7.22
TP1977,C328,CMP05,2024-03-07 13:04:00,2024-03-07,1,8,Mobile,mobile_app,mobile_push,CMP05_email,Conversion,Tablet,795,0,180,0.94,-0.43,0.65,0.23,0.45,4.25
TP155,C328,CMP01,2024-03-13 18:11:00,2024-03-13,2,8,Mobile,mobile_app,mobile_push,CMP01_email,Awareness,Mobile,960,2,175,0.95,-0.32,0.51,0.95,0.18,1.61
TP2531,C328,CMP12,2024-04-25 10:46:00,2024-04-25,3,8,Mobile,mobile_app,mobile_push,CMP12_influencer,Consideration,Mobile,77,7,109,0.07,0.41,0.21,0.51,0.41,6.06
TP2186,C328,CMP07,2024-04-27 19:44:00,2024-04-27,4,8,Email,email,email,CMP07_email,Consideration,Mobile,927,4,65,0.24,-0.03,0.15,0.31,0.48,9.87
TP1425,C328,CMP13,2024-05-23 06:55:00,2024-05-23,5,8,In-Store,offline_store,offline,CMP13_social_media,Retention,Tablet,479,8,196,0.02,0.85,0.06,0.91,0.54,8.85
TP1402,C328,CMP05,2024-06-01 00:03:00,2024-06-01,6,8,Web,website,web_referral,CMP05_email,Retention,Mobile,440,6,162,0.51,0.9,0.98,0.26,0.94,8.19
TP1546,C328,CMP13,2024-06-04 14:05:00,2024-06-04,7,8,Mobile,mobile_app,mobile_push,CMP13_social_media,Consideration,Desktop,888,4,79,0.85,0.57,0.05,0.18,0.12,0.92
TP1707,C328,CMP03,2024-06-16 07:19:00,2024-06-16,8,8,Mobile,mobile_app,mobile_push,CMP03_influencer,Conversion,Mobile,384,0,112,0.33,-0.15,0.35,0.7,0.62,8.63
TP2156,C329,CMP18,2024-04-16 02:23:00,2024-04-16,1,3,Web,website,web_referral,CMP18_influencer,Retention,Desktop,643,8,74,0.66,-0.13,0.12,0.94,0.82,9.55
TP061,C329,CMP17,2024-04-27 16:41:00,2024-04-27,2,3,Social,social_media,paid_social,CMP17_display,Consideration,Desktop,69,5,125,0.15,-0.64,0.73,0.51,0.64,5.03
TP1370,C329,CMP06,2024-05-29 20:49:00,2024-05-29,3,3,Social,social_media,paid_social,CMP06_display,Awareness,Desktop,737,4,109,0.16,-0.26,0.48,0.92,0.77,6.2
TP705,C330,CMP04,2024-03-03 11:19:00,2024-03-03,1,8,Mobile,mobile_app,mobile_push,CMP04_display,Awareness,Mobile,830,10,57,0.33,0.92,0.24,0.57,0.57,7.02
TP2117,C330,CMP09,2024-03-13 02:01:00,2024-03-13,2,8,In-Store,offline_store,offline,CMP09_social_media,Awareness,Tablet,92,7,154,0.37,0.29,0.55,0.43,0.22,7.66
TP1114,C330,CMP09,2024-03-30 08:05:00,2024-03-30,3,8,Web,website,web_referral,CMP09_social_media,Conversion,Tablet,1043,0,3,0.62,0.04,0.73,0.19,0.21,4.41
TP938,C330,CMP12,2024-04-12 04:01:00,2024-04-12,4,8,Email,email,email,CMP12_influencer,Awareness,Tablet,915,10,67,0.47,-0.72,0.44,0.88,0.78,2.36
TP1481,C330,CMP06,2024-05-21 12:57:00,2024-05-21,5,8,Social,social_media,paid_social,CMP06_display,Awareness,Desktop,764,9,100,0.11,-0.28,0.62,0.13,0.16,2.37
TP1516,C330,CMP01,2024-06-01 19:30:00,2024-06-01,6,8,In-Store,offline_store,offline,CMP01_email,Awareness,Desktop,1055,6,126,0.25,-0.24,0.7,0.93,0.12,7.4
TP1928,C330,CMP17,2024-06-29 12:53:00,2024-06-29,7,8,In-Store,offline_store,offline,CMP17_display,Retention,Tablet,1118,6,83,0.62,-0.0,0.89,0.89,0.66,2.33
TP1738,C330,CMP12,2024-06-29 14:18:00,2024-06-29,8,8,In-Store,offline_store,offline,CMP12_influencer,Awareness,Mobile,541,8,95,0.29,0.1,0.53,0.48,0.6,5.21
TP227,C331,CMP11,2024-04-06 14:28:00,2024-04-06,1,4,Web,website,web_referral,CMP11_display,Consideration,Desktop,119,0,129,0.92,-0.28,0.11,0.41,0.65,8.49
TP1290,C331,CMP13,2024-04-08 03:28:00,2024-04-08,2,4,Email,email,email,CMP13_social_media,Conversion,Desktop,787,8,68,0.71,0.5,0.63,0.07,0.63,2.32
TP013,C331,CMP12,2024-04-27 06:57:00,2024-04-27,3,4,Web,website,web_referral,CMP12_influencer,Retention,Tablet,983,6,113,0.01,-0.55,0.29,0.13,0.37,8.49
TP824,C331,CMP10,2024-06-27 18:08:00,2024-06-27,4,4,Social,social_media,paid_social,CMP10_email,Awareness,Tablet,774,4,68,0.11,-0.86,0.89,0.7,0.56,0.79
TP2172,C332,CMP04,2024-03-15 06:13:00,2024-03-15,1,3,Mobile,mobile_app,mobile_push,CMP04_display,Retention,Tablet,136,2,162,0.99,0.82,0.09,0.74,0.09,2.36
TP2601,C332,CMP18,2024-06-14 11:42:00,2024-06-14,2,3,Social,social_media,paid_social,CMP18_influencer,Conversion,Desktop,799,5,141,0.66,-0.06,0.14,0.61,0.56,5.06
TP1500,C332,CMP19,2024-06-25 00:30:00,2024-06-25,3,3,Web,website,web_referral,CMP19_social_media,Retention,Tablet,234,6,140,0.96,-0.44,0.24,0.3,0.32,1.75
TP1351,C333,CMP14,2024-05-05 22:40:00,2024-05-05,1,2,Email,email,email,CMP14_email,Conversion,Desktop,1035,9,150,0.51,0.02,0.48,0.68,0.3,5.56
TP2101,C333,CMP18,2024-05-06 12:09:00,2024-05-06,2,2,Email,email,email,CMP18_influencer,Consideration,Desktop,703,4,86,0.88,-0.1,0.75,0.5,0.07,2.18
TP1386,C334,CMP03,2024-03-22 09:15:00,2024-03-22,1,1,Email,email,email,CMP03_influencer,Consideration,Desktop,136,7,47,0.14,-0.32,0.11,0.17,0.85,3.03
TP2629,C335,CMP13,2024-03-11 05:10:00,2024-03-11,1,7,Email,email,email,CMP13_social_media,Consideration,Tablet,1067,10,84,0.76,-0.28,0.61,0.54,0.75,1.48
TP1323,C335,CMP13,2024-04-01 19:09:00,2024-04-01,2,7,Mobile,mobile_app,mobile_push,CMP13_social_media,Awareness,Mobile,725,3,100,0.3,-0.77,0.28,0.56,0.53,8.32
TP1313,C335,CMP05,2024-04-21 15:19:00,2024-04-21,3,7,Social,social_media,paid_social,CMP05_email,Retention,Tablet,1002,0,150,0.79,0.46,0.19,0.69,0.06,5.81
TP1971,C335,CMP05,2024-05-12 05:17:00,2024-05-12,4,7,Mobile,mobile_app,mobile_push,CMP05_email,Awareness,Tablet,95,1,56,0.26,0.82,0.11,0.88,0.52,1.28
TP1102,C335,CMP06,2024-06-06 22:36:00,2024-06-06,5,7,Social,social_media,paid_social,CMP06_display,Consideration,Mobile,686,9,99,0.75,0.22,0.67,0.54,0.77,8.09
TP2293,C335,CMP02,2024-06-10 07:57:00,2024-06-10,6,7,Email,email,email,CMP02_email,Retention,Tablet,698,7,187,0.23,0.95,0.44,0.92,0.34,2.82
TP1092,C335,CMP13,2024-06-13 17:49:00,2024-06-13,7,7,Web,website,web_referral,CMP13_social_media,Conversion,Mobile,405,7,165,0.32,-0.82,0.09,0.21,0.09,8.57
TP680,C336,CMP14,2024-03-17 13:50:00,2024-03-17,1,3,Mobile,mobile_app,mobile_push,CMP14_email,Awareness,Desktop,168,9,60,0.38,0.52,0.76,0.69,0.69,2.9
TP2221,C336,CMP10,2024-04-09 05:47:00,2024-04-09,2,3,Social,social_media,paid_social,CMP10_email,Conversion,Mobile,511,5,105,0.3,0.63,0.84,0.02,0.85,9.04
TP1134,C336,CMP19,2024-06-23 12:25:00,2024-06-23,3,3,Email,email,email,CMP19_social_media,Conversion,Tablet,799,3,63,0.12,0.41,0.75,0.46,0.17,1.23
TP1190,C337,CMP17,2024-03-19 00:03:00,2024-03-19,1,5,In-Store,offline_store,offline,CMP17_display,Consideration,Mobile,613,5,139,0.62,-0.46,0.94,0.78,0.04,6.21
TP719,C337,CMP15,2024-03-22 19:32:00,2024-03-22,2,5,Mobile,mobile_app,mobile_push,CMP15_display,Consideration,Mobile,943,7,50,0.99,0.1,0.24,0.02,0.16,3.2
TP1890,C337,CMP06,2024-03-23 09:50:00,2024-03-23,3,5,In-Store,offline_store,offline,CMP06_display,Conversion,Mobile,1042,3,189,0.95,-0.4,0.06,0.25,0.28,8.43
TP1629,C337,CMP04,2024-04-21 08:52:00,2024-04-21,4,5,Social,social_media,paid_social,CMP04_display,Conversion,Mobile,580,3,98,0.79,-0.3,0.35,0.06,0.73,9.28
TP2367,C337,CMP18,2024-04-27 13:51:00,2024-04-27,5,5,Mobile,mobile_app,mobile_push,CMP18_influencer,Awareness,Tablet,645,7,34,0.18,0.59,0.01,0.91,0.38,5.43
TP2455,C338,CMP19,2024-03-29 05:59:00,2024-03-29,1,6,Social,social_media,paid_social,CMP19_social_media,Retention,Desktop,526,0,115,0.98,0.78,0.17,0.93,0.48,8.97
TP1090,C338,CMP10,2024-04-02 21:49:00,2024-04-02,2,6,In-Store,offline_store,offline,CMP10_email,Retention,Tablet,141,6,57,0.32,0.41,0.73,0.35,0.93,4.37
TP116,C338,CMP12,2024-04-06 12:15:00,2024-04-06,3,6,Mobile,mobile_app,mobile_push,CMP12_influencer,Consideration,Tablet,754,7,153,0.4,-0.13,0.9,0.47,0.52,7.06
TP340,C338,CMP05,2024-05-24 04:09:00,2024-05-24,4,6,In-Store,offline_store,offline,CMP05_email,Retention,Desktop,246,5,151,0.79,-0.66,0.95,0.97,0.32,0.94
TP399,C338,CMP06,2024-06-16 10:51:00,2024-06-16,5,6,Web,website,web_referral,CMP06_display,Conversion,Tablet,483,3,193,0.69,0.96,0.21,0.1,0.36,9.39
TP2143,C338,CMP15,2024-06-22 09:25:00,2024-06-22,6,6,In-Store,offline_store,offline,CMP15_display,Conversion,Tablet,1113,2,40,0.91,0.27,0.46,0.04,0.17,9.35
TP794,C339,CMP14,2024-03-30 04:54:00,2024-03-30,1,4,Web,website,web_referral,CMP14_email,Conversion,Tablet,190,2,35,0.3,-0.16,0.62,0.5,0.21,4.31
TP1937,C339,CMP16,2024-04-11 22:05:00,2024-04-11,2,4,Social,social_media,paid_social,CMP16_social_media,Retention,Tablet,583,5,42,0.78,-0.73,0.53,0.37,0.47,6.11
TP1413,C339,CMP09,2024-04-30 09:30:00,2024-04-30,3,4,Mobile,mobile_app,mobile_push,CMP09_social_media,Consideration,Desktop,1087,4,86,0.52,0.16,0.34,0.76,0.41,0.75
TP849,C339,CMP14,2024-05-10 18:30:00,2024-05-10,4,4,Email,email,email,CMP14_email,Consideration,Mobile,1118,5,104,0.92,-0.47,0.59,0.23,0.07,0.6
TP2059,C340,CMP14,2024-03-24 20:42:00,2024-03-24,1,7,Mobile,mobile_app,mobile_push,CMP14_email,Conversion,Mobile,618,7,77,0.78,0.59,0.28,0.02,0.26,1.5
TP2434,C340,CMP15,2024-04-06 08:51:00,2024-04-06,2,7,Email,email,email,CMP15_display,Retention,Tablet,554,5,133,0.93,-0.21,0.57,0.41,0.85,4.12
TP388,C340,CMP10,2024-05-03 17:19:00,2024-05-03,3,7,Email,email,email,CMP10_email,Conversion,Tablet,998,8,187,0.13,-0.73,0.33,0.54,0.27,8.79
TP073,C340,CMP03,2024-05-22 22:26:00,2024-05-22,4,7,Social,social_media,paid_social,CMP03_influencer,Retention,Desktop,1078,2,26,0.61,0.71,0.04,0.2,0.22,6.01
TP1116,C340,CMP17,2024-05-24 01:09:00,2024-05-24,5,7,Social,social_media,paid_social,CMP17_display,Awareness,Mobile,213,10,130,0.4,0.5,0.99,0.74,0.35,9.68
TP224,C340,CMP17,2024-06-11 03:29:00,2024-06-11,6,7,Web,website,web_referral,CMP17_display,Consideration,Desktop,626,2,170,0.49,-0.61,0.51,0.81,0.66,5.78
TP688,C340,CMP05,2024-06-20 20:51:00,2024-06-20,7,7,Email,email,email,CMP05_email,Conversion,Tablet,45,9,107,0.22,0.58,0.07,0.85,0.1,5.05
TP1000,C341,CMP16,2024-04-02 00:28:00,2024-04-02,1,4,Web,website,web_referral,CMP16_social_media,Consideration,Mobile,33,3,29,0.23,0.42,0.05,0.92,0.55,9.93
TP1077,C341,CMP02,2024-04-09 18:17:00,2024-04-09,2,4,Email,email,email,CMP02_email,Consideration,Desktop,272,8,30,0.54,0.5,0.63,0.89,0.84,1.11
TP653,C341,CMP16,2024-05-28 18:30:00,2024-05-28,3,4,In-Store,offline_store,offline,CMP16_social_media,Awareness,Tablet,983,8,63,0.47,-0.34,0.02,0.85,0.89,7.84
TP1814,C341,CMP07,2024-06-21 12:41:00,2024-06-21,4,4,Mobile,mobile_app,mobile_push,CMP07_email,Awareness,Tablet,721,10,166,0.29,0.68,0.62,0.63,0.77,7.03
TP1004,C342,CMP03,2024-03-10 23:09:00,2024-03-10,1,9,Email,email,email,CMP03_influencer,Consideration,Mobile,792,1,57,0.94,0.81,0.7,0.44,0.09,4.54
TP544,C342,CMP08,2024-03-14 03:04:00,2024-03-14,2,9,Mobile,mobile_app,mobile_push,CMP08_search,Conversion,Mobile,179,3,135,0.91,0.21,0.65,0.03,0.23,6.77
TP854,C342,CMP03,2024-03-27 10:04:00,2024-03-27,3,9,Web,website,web_referral,CMP03_influencer,Retention,Tablet,41,10,18,0.26,-0.31,0.27,0.54,0.69,8.68
TP554,C342,CMP05,2024-04-11 10:02:00,2024-04-11,4,9,Social,social_media,paid_social,CMP05_email,Awareness,Mobile,547,2,179,0.43,0.45,0.83,0.84,0.74,4.29
TP498,C342,CMP04,2024-05-02 16:29:00,2024-05-02,5,9,Web,website,web_referral,CMP04_display,Retention,Tablet,656,1,58,0.2,-0.51,0.8,0.55,0.17,6.49
TP1774,C342,CMP04,2024-05-10 15:06:00,2024-05-10,6,9,Web,website,web_referral,CMP04_display,Retention,Desktop,1130,8,21,0.03,-0.44,0.51,0.94,0.78,2.66
TP1829,C342,CMP03,2024-05-17 07:11:00,2024-05-17,7,9,Web,website,web_referral,CMP03_influencer,Retention,Desktop,816,3,197,0.15,0.01,0.81,1.0,0.15,7.47
TP776,C342,CMP13,2024-05-29 16:38:00,2024-05-29,8,9,Web,website,web_referral,CMP13_social_media,Retention,Mobile,48,4,170,0.76,-0.71,0.63,0.62,0.49,6.72
TP1635,C342,CMP13,2024-06-26 03:01:00,2024-06-26,9,9,Email,email,email,CMP13_social_media,Awareness,Mobile,693,0,77,0.69,0.03,0.5,0.15,0.44,9.61
TP283,C343,CMP14,2024-03-07 07:27:00,2024-03-07,1,1,Mobile,mobile_app,mobile_push,CMP14_email,Retention,Tablet,472,7,88,0.8,0.81,0.64,0.67,0.09,4.09
TP2278,C344,CMP07,2024-03-01 23:48:00,2024-03-01,1,7,Email,email,email,CMP07_email,Conversion,Mobile,69,9,60,0.63,-0.73,0.7,0.38,0.3,2.51
TP2084,C344,CMP15,2024-03-27 06:18:00,2024-03-27,2,7,In-Store,offline_store,offline,CMP15_display,Awareness,Mobile,47,7,123,0.45,0.63,0.88,0.09,0.74,9.94
TP024,C344,CMP07,2024-04-02 03:35:00,2024-04-02,3,7,Mobile,mobile_app,mobile_push,CMP07_email,Awareness,Tablet,449,7,198,0.88,0.07,0.26,0.42,0.38,0.76
TP2098,C344,CMP18,2024-04-08 00:06:00,2024-04-08,4,7,In-Store,offline_store,offline,CMP18_influencer,Conversion,Tablet,255,0,124,0.32,0.99,0.48,0.09,0.79,8.36
TP2444,C344,CMP11,2024-05-10 19:33:00,2024-05-10,5,7,Web,website,web_referral,CMP11_display,Retention,Mobile,464,10,120,0.73,-0.89,0.76,0.11,0.42,0.79
TP1616,C344,CMP11,2024-05-15 00:23:00,2024-05-15,6,7,In-Store,offline_store,offline,CMP11_display,Retention,Mobile,157,5,26,0.05,0.33,0.89,0.35,0.06,3.42
TP134,C344,CMP16,2024-06-08 12:16:00,2024-06-08,7,7,Email,email,email,CMP16_social_media,Consideration,Mobile,334,8,84,0.59,-0.29,0.59,0.56,0.13,5.02
TP2232,C345,CMP01,2024-04-14 23:52:00,2024-04-14,1,3,Mobile,mobile_app,mobile_push,CMP01_email,Conversion,Desktop,937,10,27,0.17,0.81,0.16,0.82,0.97,7.84
TP038,C345,CMP15,2024-06-05 19:36:00,2024-06-05,2,3,Email,email,email,CMP15_display,Conversion,Desktop,940,8,45,0.57,0.23,0.86,0.97,0.96,3.18
TP131,C345,CMP09,2024-06-29 00:20:00,2024-06-29,3,3,Social,social_media,paid_social,CMP09_social_media,Conversion,Desktop,1028,9,82,0.65,0.01,0.45,0.9,0.22,6.64
TP328,C346,CMP03,2024-03-24 01:45:00,2024-03-24,1,9,Social,social_media,paid_social,CMP03_influencer,Conversion,Mobile,116,2,200,0.67,-0.49,0.11,0.0,0.81,4.23
TP597,C346,CMP17,2024-03-31 01:40:00,2024-03-31,2,9,Web,website,web_referral,CMP17_display,Consideration,Desktop,371,0,74,0.98,-0.76,0.64,0.83,0.47,3.33
TP1169,C346,CMP02,2024-04-11 13:21:00,2024-04-11,3,9,Email,email,email,CMP02_email,Retention,Tablet,139,6,80,0.09,0.77,0.48,0.68,0.14,9.24
TP186,C346,CMP16,2024-05-21 22:45:00,2024-05-21,4,9,In-Store,offline_store,offline,CMP16_social_media,Retention,Tablet,686,7,108,0.64,-0.45,0.28,0.39,0.61,4.95
TP356,C346,CMP05,2024-05-26 03:51:00,2024-05-26,5,9,Social,social_media,paid_social,CMP05_email,Consideration,Mobile,728,9,107,0.63,-0.08,0.43,0.68,0.15,1.64
TP1523,C346,CMP19,2024-05-27 18:22:00,2024-05-27,6,9,Web,website,web_referral,CMP19_social_media,Awareness,Desktop,902,5,80,0.97,-0.9,0.61,0.14,0.49,7.89
TP1566,C346,CMP06,2024-06-01 22:44:00,2024-06-01,7,9,Mobile,mobile_app,mobile_push,CMP06_display,Awareness,Desktop,717,1,159,0.23,0.27,0.64,0.83,0.05,0.82
TP871,C346,CMP09,2024-06-02 06:14:00,2024-06-02,8,9,In-Store,offline_store,offline,CMP09_social_media,Retention,Tablet,1160,7,1,0.8,-0.75,0.81,0.26,0.63,7.86
TP070,C346,CMP09,2024-06-23 19:39:00,2024-06-23,9,9,Mobile,mobile_app,mobile_push,CMP09_social_media,Retention,Desktop,387,6,73,0.73,-0.39,0.21,0.48,0.42,3.32
TP1602,C347,CMP08,2024-03-20 14:04:00,2024-03-20,1,3,In-Store,offline_store,offline,CMP08_search,Retention,Desktop,1086,2,191,0.01,-0.54,0.87,0.1,0.17,0.52
TP1093,C347,CMP17,2024-03-29 06:26:00,2024-03-29,2,3,Mobile,mobile_app,mobile_push,CMP17_display,Awareness,Mobile,857,6,135,0.31,-0.29,0.07,0.24,0.23,1.52
TP2214,C347,CMP14,2024-05-01 20:15:00,2024-05-01,3,3,Email,email,email,CMP14_email,Conversion,Desktop,873,0,27,0.49,-0.61,0.51,0.42,0.51,2.45
TP1049,C348,CMP09,2024-03-26 23:35:00,2024-03-26,1,5,Social,social_media,paid_social,CMP09_social_media,Consideration,Desktop,1136,4,59,0.99,-0.38,0.46,0.84,0.7,1.59
TP2533,C348,CMP17,2024-05-17 23:37:00,2024-05-17,2,5,In-Store,offline_store,offline,CMP17_display,Consideration,Desktop,194,8,35,0.69,-0.92,0.51,0.59,0.38,6.48
TP949,C348,CMP17,2024-05-25 17:22:00,2024-05-25,3,5,Social,social_media,paid_social,CMP17_display,Conversion,Tablet,990,7,200,1.0,-0.23,0.61,0.45,0.06,4.15
TP892,C348,CMP11,2024-05-31 00:36:00,2024-05-31,4,5,Mobile,mobile_app,mobile_push,CMP11_display,Consideration,Mobile,250,10,172,0.51,-0.72,0.8,0.9,0.58,6.27
TP229,C348,CMP12,2024-06-16 01:19:00,2024-06-16,5,5,Email,email,email,CMP12_influencer,Awareness,Mobile,267,1,71,0.1,-0.34,0.61,0.27,0.27,6.0
TP2416,C349,CMP03,2024-03-01 08:47:00,2024-03-01,1,11,In-Store,offline_store,offline,CMP03_influencer,Retention,Tablet,136,5,126,0.84,-0.78,0.77,0.81,0.35,3.52
TP628,C349,CMP07,2024-03-04 03:53:00,2024-03-04,2,11,In-Store,offline_store,offline,CMP07_email,Retention,Tablet,1172,4,73,0.14,0.58,0.66,0.53,0.01,6.9
TP2110,C349,CMP01,2024-03-10 16:21:00,2024-03-10,3,11,Email,email,email,CMP01_email,Conversion,Tablet,547,1,141,0.39,-0.97,0.46,0.54,0.16,2.01
TP467,C349,CMP05,2024-03-19 03:57:00,2024-03-19,4,11,Email,email,email,CMP05_email,Awareness,Desktop,800,3,11,0.4,-0.34,0.91,0.08,0.59,4.6
TP1697,C349,CMP16,2024-03-20 12:12:00,2024-03-20,5,11,Email,email,email,CMP16_social_media,Consideration,Tablet,378,10,165,0.74,-0.15,0.69,0.54,0.75,1.33
TP321,C349,CMP12,2024-04-01 04:16:00,2024-04-01,6,11,Mobile,mobile_app,mobile_push,CMP12_influencer,Consideration,Mobile,1101,4,91,1.0,-0.79,0.59,0.49,0.0,6.74
TP2206,C349,CMP06,2024-04-02 03:39:00,2024-04-02,7,11,Social,social_media,paid_social,CMP06_display,Retention,Desktop,104,7,52,0.85,-0.61,0.74,0.17,0.84,8.93
TP2014,C349,CMP07,2024-05-06 09:23:00,2024-05-06,8,11,Mobile,mobile_app,mobile_push,CMP07_email,Awareness,Mobile,628,9,102,0.44,-0.54,0.63,0.98,0.56,8.63
TP395,C349,CMP13,2024-05-18 08:38:00,2024-05-18,9,11,In-Store,offline_store,offline,CMP13_social_media,Consideration,Tablet,305,10,93,0.77,-0.91,0.55,0.7,0.98,9.95
TP003,C349,CMP13,2024-05-19 08:17:00,2024-05-19,10,11,Social,social_media,paid_social,CMP13_social_media,Consideration,Desktop,1071,8,37,0.49,-0.27,0.71,0.91,0.66,5.31
TP1401,C349,CMP15,2024-06-03 18:34:00,2024-06-03,11,11,In-Store,offline_store,offline,CMP15_display,Conversion,Desktop,276,0,101,0.0,0.96,0.48,0.07,0.3,6.11
TP2603,C350,CMP16,2024-03-25 08:19:00,2024-03-25,1,5,Web,website,web_referral,CMP16_social_media,Retention,Mobile,219,3,89,0.08,-0.29,0.22,0.07,0.83,3.88
TP1185,C350,CMP06,2024-03-25 11:59:00,2024-03-25,2,5,Email,email,email,CMP06_display,Consideration,Tablet,257,7,122,0.16,0.34,0.2,0.77,0.97,8.79
TP1293,C350,CMP14,2024-04-06 18:52:00,2024-04-06,3,5,In-Store,offline_store,offline,CMP14_email,Awareness,Mobile,692,3,71,0.67,-0.28,0.41,0.54,0.61,3.24
TP577,C350,CMP04,2024-04-30 00:01:00,2024-04-30,4,5,Web,website,web_referral,CMP04_display,Retention,Desktop,674,6,145,0.82,-0.92,0.04,0.07,0.98,9.45
TP1289,C350,CMP02,2024-06-01 23:51:00,2024-06-01,5,5,Web,website,web_referral,CMP02_email,Awareness,Desktop,463,7,161,0.31,-0.31,0.99,0.35,0.92,5.64
TP104,C351,CMP15,2024-04-21 01:24:00,2024-04-21,1,2,In-Store,offline_store,offline,CMP15_display,Retention,Mobile,596,2,24,0.05,0.48,0.64,0.17,0.87,1.38
TP1021,C351,CMP14,2024-05-08 05:33:00,2024-05-08,2,2,Email,email,email,CMP14_email,Consideration,Mobile,237,0,114,0.76,-0.76,0.09,0.6,0.27,7.33
TP2300,C352,CMP15,2024-03-05 07:45:00,2024-03-05,1,5,Email,email,email,CMP15_display,Conversion,Tablet,1055,0,129,0.47,-0.06,0.52,0.28,0.88,9.93
TP1146,C352,CMP14,2024-04-06 22:26:00,2024-04-06,2,5,Web,website,web_referral,CMP14_email,Retention,Tablet,720,3,107,0.27,-0.21,0.31,0.82,0.67,9.57
TP332,C352,CMP02,2024-04-07 07:53:00,2024-04-07,3,5,In-Store,offline_store,offline,CMP02_email,Conversion,Desktop,426,9,61,0.01,-0.39,0.45,0.36,0.24,1.48
TP2585,C352,CMP13,2024-05-05 12:22:00,2024-05-05,4,5,Email,email,email,CMP13_social_media,Awareness,Mobile,544,5,143,0.53,0.35,0.37,0.96,0.8,2.53
TP192,C352,CMP11,2024-05-23 03:09:00,2024-05-23,5,5,Mobile,mobile_app,mobile_push,CMP11_display,Conversion,Tablet,135,7,165,0.4,-0.99,0.13,0.99,0.74,7.21
TP1482,C353,CMP17,2024-03-18 02:57:00,2024-03-18,1,5,Email,email,email,CMP17_display,Consideration,Tablet,207,3,46,0.19,0.1,0.32,0.75,0.82,6.45
TP2599,C353,CMP09,2024-03-18 23:00:00,2024-03-18,2,5,Social,social_media,paid_social,CMP09_social_media,Consideration,Desktop,432,10,178,1.0,-0.51,0.84,0.23,0.87,1.32
TP2224,C353,CMP07,2024-03-30 20:09:00,2024-03-30,3,5,Web,website,web_referral,CMP07_email,Consideration,Desktop,1007,6,76,0.0,-0.74,0.41,0.18,0.89,2.65
TP2489,C353,CMP01,2024-04-20 04:54:00,2024-04-20,4,5,Email,email,email,CMP01_email,Retention,Desktop,313,10,87,0.51,-0.99,0.44,0.18,0.1,9.71
TP1433,C353,CMP17,2024-06-07 09:58:00,2024-06-07,5,5,Mobile,mobile_app,mobile_push,CMP17_display,Retention,Mobile,761,4,126,0.24,-0.41,0.43,0.74,0.49,7.9
TP539,C354,CMP13,2024-03-02 20:19:00,2024-03-02,1,5,Social,social_media,paid_social,CMP13_social_media,Consideration,Mobile,839,7,75,0.28,0.23,0.89,0.38,0.09,8.69
TP2275,C354,CMP12,2024-03-13 02:25:00,2024-03-13,2,5,Email,email,email,CMP12_influencer,Conversion,Mobile,759,1,76,0.86,0.4,0.9,0.28,0.9,1.36
TP1919,C354,CMP08,2024-04-16 08:33:00,2024-04-16,3,5,Social,social_media,paid_social,CMP08_search,Retention,Tablet,1165,9,113,0.34,-0.53,0.33,0.51,0.6,5.99
TP2212,C354,CMP10,2024-04-16 16:29:00,2024-04-16,4,5,Mobile,mobile_app,mobile_push,CMP10_email,Retention,Desktop,729,0,46,0.59,-0.02,0.65,0.89,0.07,7.61
TP2626,C354,CMP04,2024-05-11 04:05:00,2024-05-11,5,5,Web,website,web_referral,CMP04_display,Retention,Tablet,322,8,113,0.46,-0.67,0.64,0.14,0.77,8.93
TP767,C355,CMP14,2024-03-24 14:54:00,2024-03-24,1,5,In-Store,offline_store,offline,CMP14_email,Conversion,Desktop,1058,4,130,0.74,0.99,0.69,0.56,0.95,6.19
TP1773,C355,CMP18,2024-04-03 15:44:00,2024-04-03,2,5,Mobile,mobile_app,mobile_push,CMP18_influencer,Conversion,Tablet,304,9,114,0.58,0.19,0.5,0.48,0.46,9.57
TP579,C355,CMP08,2024-04-29 17:42:00,2024-04-29,3,5,Web,website,web_referral,CMP08_search,Consideration,Mobile,423,2,3,0.58,-0.41,0.51,0.7,0.43,4.88
TP1196,C355,CMP13,2024-05-08 08:41:00,2024-05-08,4,5,Mobile,mobile_app,mobile_push,CMP13_social_media,Retention,Tablet,165,6,115,0.64,0.29,0.88,0.75,0.49,0.66
TP518,C355,CMP10,2024-06-22 06:06:00,2024-06-22,5,5,Email,email,email,CMP10_email,Retention,Desktop,74,1,70,0.14,-0.43,0.04,0.68,0.22,7.47
TP2258,C356,CMP03,2024-03-24 14:41:00,2024-03-24,1,6,Web,website,web_referral,CMP03_influencer,Retention,Tablet,685,4,15,0.22,-0.14,0.04,0.3,0.28,3.2
TP1350,C356,CMP19,2024-04-03 00:25:00,2024-04-03,2,6,Web,website,web_referral,CMP19_social_media,Consideration,Desktop,582,8,75,0.87,0.75,0.48,1.0,0.94,7.11
TP1816,C356,CMP14,2024-05-01 14:15:00,2024-05-01,3,6,Mobile,mobile_app,mobile_push,CMP14_email,Awareness,Tablet,1008,5,4,0.91,0.21,0.24,0.4,0.37,5.74
TP2569,C356,CMP11,2024-05-03 08:12:00,2024-05-03,4,6,Web,website,web_referral,CMP11_display,Awareness,Mobile,723,9,102,0.3,0.94,0.33,0.39,0.39,1.4
TP2235,C356,CMP03,2024-05-20 04:37:00,2024-05-20,5,6,Mobile,mobile_app,mobile_push,CMP03_influencer,Awareness,Desktop,884,7,7,0.59,0.33,0.55,0.93,0.26,4.35
TP1540,C356,CMP09,2024-06-23 11:46:00,2024-06-23,6,6,Mobile,mobile_app,mobile_push,CMP09_social_media,Conversion,Mobile,342,0,195,0.99,0.44,0.5,0.56,0.46,0.65
TP743,C357,CMP19,2024-03-09 12:39:00,2024-03-09,1,5,Email,email,email,CMP19_social_media,Awareness,Desktop,556,4,133,0.09,-0.98,0.29,0.81,0.31,3.6
TP2376,C357,CMP14,2024-03-14 01:07:00,2024-03-14,2,5,Mobile,mobile_app,mobile_push,CMP14_email,Awareness,Tablet,920,6,142,0.44,0.05,0.45,0.1,0.56,1.34
TP958,C357,CMP02,2024-04-18 08:49:00,2024-04-18,3,5,Web,website,web_referral,CMP02_email,Awareness,Mobile,321,6,199,0.43,-0.77,0.65,0.87,0.24,6.38
TP2159,C357,CMP13,2024-04-23 22:46:00,2024-04-23,4,5,Mobile,mobile_app,mobile_push,CMP13_social_media,Conversion,Mobile,452,8,141,0.58,-0.22,0.84,0.64,0.67,2.17
TP659,C357,CMP17,2024-05-16 20:31:00,2024-05-16,5,5,Web,website,web_referral,CMP17_display,Retention,Mobile,151,3,11,0.11,0.31,0.91,0.37,0.45,6.26
TP942,C358,CMP02,2024-03-02 09:43:00,2024-03-02,1,2,In-Store,offline_store,offline,CMP02_email,Conversion,Desktop,694,10,104,0.79,-0.38,0.83,0.61,0.12,6.41
TP1023,C358,CMP03,2024-04-08 21:25:00,2024-04-08,2,2,Email,email,email,CMP03_influencer,Retention,Mobile,114,7,146,0.81,-0.07,0.19,0.1,0.44,6.32
TP243,C359,CMP10,2024-03-15 18:47:00,2024-03-15,1,7,In-Store,offline_store,offline,CMP10_email,Conversion,Desktop,559,4,159,0.82,0.54,0.6,0.4,0.21,0.51
TP2058,C359,CMP13,2024-03-25 09:51:00,2024-03-25,2,7,In-Store,offline_store,offline,CMP13_social_media,Conversion,Desktop,1004,2,6,0.47,-0.46,1.0,0.72,0.03,4.99
TP181,C359,CMP02,2024-03-25 20:16:00,2024-03-25,3,7,Web,website,web_referral,CMP02_email,Retention,Mobile,945,3,16,0.44,0.88,0.67,0.15,0.04,3.45
TP1796,C359,CMP19,2024-04-01 20:09:00,2024-04-01,4,7,Web,website,web_referral,CMP19_social_media,Awareness,Tablet,750,4,74,0.13,-0.16,0.41,0.07,0.96,7.28
TP2524,C359,CMP10,2024-04-15 16:44:00,2024-04-15,5,7,Email,email,email,CMP10_email,Conversion,Mobile,489,3,143,0.34,0.19,0.62,0.72,0.53,1.34
TP1681,C359,CMP06,2024-05-17 01:33:00,2024-05-17,6,7,In-Store,offline_store,offline,CMP06_display,Awareness,Mobile,565,2,59,0.85,0.21,0.87,0.26,0.98,9.18
TP2504,C359,CMP11,2024-06-08 01:26:00,2024-06-08,7,7,Social,social_media,paid_social,CMP11_display,Conversion,Mobile,409,8,119,0.3,-0.31,0.48,0.96,0.04,9.05
TP341,C360,CMP13,2024-03-06 23:50:00,2024-03-06,1,10,Mobile,mobile_app,mobile_push,CMP13_social_media,Awareness,Tablet,750,2,182,0.92,0.99,0.55,0.85,0.54,2.56
TP018,C360,CMP05,2024-03-29 06:13:00,2024-03-29,2,10,In-Store,offline_store,offline,CMP05_email,Conversion,Desktop,220,0,114,0.53,0.97,0.04,0.12,0.6,1.81
TP1517,C360,CMP12,2024-03-30 14:17:00,2024-03-30,3,10,Email,email,email,CMP12_influencer,Conversion,Tablet,1172,1,98,0.23,0.51,0.35,0.39,0.25,1.08
TP1141,C360,CMP01,2024-04-23 03:29:00,2024-04-23,4,10,Web,website,web_referral,CMP01_email,Awareness,Mobile,495,8,27,0.28,0.94,0.98,0.79,0.58,0.77
TP1639,C360,CMP08,2024-05-08 08:19:00,2024-05-08,5,10,Mobile,mobile_app,mobile_push,CMP08_search,Consideration,Tablet,300,7,175,0.9,-0.97,0.11,0.77,0.6,2.6
TP492,C360,CMP13,2024-05-13 17:21:00,2024-05-13,6,10,Web,website,web_referral,CMP13_social_media,Retention,Mobile,80,3,42,0.59,-0.66,0.89,0.58,0.6,6.98
TP2273,C360,CMP09,2024-05-20 03:56:00,2024-05-20,7,10,Social,social_media,paid_social,CMP09_social_media,Conversion,Tablet,676,8,7,0.68,-0.28,0.24,0.98,0.37,2.85
TP2515,C360,CMP07,2024-06-05 09:16:00,2024-06-05,8,10,In-Store,offline_store,offline,CMP07_email,Awareness,Desktop,1099,7,60,0.91,0.59,0.45,0.32,0.78,3.54
TP166,C360,CMP03,2024-06-17 09:38:00,2024-06-17,9,10,Web,website,web_referral,CMP03_influencer,Consideration,Desktop,933,0,68,0.6,-0.64,0.85,0.71,0.82,8.87
TP086,C360,CMP18,2024-06-22 20:29:00,2024-06-22,10,10,Email,email,email,CMP18_influencer,Conversion,Tablet,520,1,50,0.71,-0.34,0.21,0.25,0.11,5.91
TP768,C361,CMP10,2024-03-15 18:07:00,2024-03-15,1,5,Web,website,web_referral,CMP10_email,Consideration,Desktop,111,10,177,0.3,-0.02,0.03,0.71,0.49,6.07
TP887,C361,CMP16,2024-04-17 09:49:00,2024-04-17,2,5,In-Store,offline_store,offline,CMP16_social_media,Retention,Mobile,730,3,46,0.73,-0.45,0.64,0.56,0.71,0.65
TP2587,C361,CMP18,2024-05-23 00:28:00,2024-05-23,3,5,Email,email,email,CMP18_influencer,Conversion,Desktop,1165,5,12,0.94,-0.44,0.11,0.89,0.45,8.9
TP1404,C361,CMP08,2024-06-12 18:54:00,2024-06-12,4,5,Email,email,email,CMP08_search,Awareness,Desktop,102,7,191,0.2,-0.09,0.93,0.79,0.62,9.32
TP1631,C361,CMP03,2024-06-15 10:06:00,2024-06-15,5,5,Email,email,email,CMP03_influencer,Conversion,Desktop,818,9,87,0.26,-0.26,0.39,0.5,0.95,6.6
TP2554,C362,CMP08,2024-05-22 15:21:00,2024-05-22,1,2,Social,social_media,paid_social,CMP08_search,Retention,Tablet,115,1,132,0.65,0.16,0.3,0.18,0.5,5.4
TP1828,C362,CMP04,2024-06-23 15:58:00,2024-06-23,2,2,Social,social_media,paid_social,CMP04_display,Consideration,Mobile,437,1,5,0.22,-0.08,0.54,0.08,0.22,6.29
TP2230,C363,CMP09,2024-03-04 18:51:00,2024-03-04,1,5,In-Store,offline_store,offline,CMP09_social_media,Consideration,Desktop,864,8,54,0.43,0.5,0.33,0.33,0.92,2.72
TP2252,C363,CMP07,2024-03-21 22:55:00,2024-03-21,2,5,Mobile,mobile_app,mobile_push,CMP07_email,Consideration,Desktop,316,9,96,0.6,-0.33,0.68,0.73,0.94,6.92
TP1525,C363,CMP12,2024-03-31 21:43:00,2024-03-31,3,5,Social,social_media,paid_social,CMP12_influencer,Retention,Mobile,427,3,52,0.52,0.52,0.08,0.33,0.7,0.56
TP1222,C363,CMP05,2024-04-14 03:40:00,2024-04-14,4,5,Social,social_media,paid_social,CMP05_email,Retention,Tablet,986,4,111,0.27,0.9,0.14,0.68,0.65,5.12
TP1854,C363,CMP18,2024-06-06 06:37:00,2024-06-06,5,5,Social,social_media,paid_social,CMP18_influencer,Conversion,Tablet,141,9,175,0.03,0.99,0.75,0.7,0.09,6.85
TP052,C364,CMP12,2024-03-02 17:12:00,2024-03-02,1,6,In-Store,offline_store,offline,CMP12_influencer,Conversion,Tablet,1030,10,63,0.59,0.72,0.18,0.83,0.06,8.85
TP1607,C364,CMP02,2024-03-08 08:26:00,2024-03-08,2,6,Web,website,web_referral,CMP02_email,Conversion,Mobile,421,5,157,0.61,0.74,0.63,0.52,0.89,3.59
TP1775,C364,CMP01,2024-03-27 13:13:00,2024-03-27,3,6,Social,social_media,paid_social,CMP01_email,Awareness,Tablet,73,5,156,0.83,0.38,0.47,0.72,0.1,8.79
TP866,C364,CMP19,2024-04-24 13:57:00,2024-04-24,4,6,In-Store,offline_store,offline,CMP19_social_media,Consideration,Mobile,1089,5,13,0.37,0.72,0.97,0.19,0.98,9.09
TP2008,C364,CMP03,2024-04-25 03:53:00,2024-04-25,5,6,Social,social_media,paid_social,CMP03_influencer,Consideration,Desktop,170,9,32,0.71,0.59,0.96,0.16,0.23,2.52
TP2613,C364,CMP16,2024-05-10 15:32:00,2024-05-10,6,6,Social,social_media,paid_social,CMP16_social_media,Conversion,Desktop,242,7,175,0.02,-0.52,0.59,0.27,0.15,8.85
TP2279,C365,CMP14,2024-04-04 13:02:00,2024-04-04,1,10,In-Store,offline_store,offline,CMP14_email,Conversion,Mobile,781,2,1,0.0,0.12,0.49,0.97,0.2,3.98
TP432,C365,CMP04,2024-04-09 18:02:00,2024-04-09,2,10,Mobile,mobile_app,mobile_push,CMP04_display,Consideration,Mobile,581,10,1,0.37,0.68,0.94,0.36,0.87,3.92
TP989,C365,CMP06,2024-04-10 02:37:00,2024-04-10,3,10,Mobile,mobile_app,mobile_push,CMP06_display,Conversion,Mobile,920,9,123,0.98,0.55,0.38,0.02,0.81,2.46
TP1211,C365,CMP03,2024-05-07 15:31:00,2024-05-07,4,10,Mobile,mobile_app,mobile_push,CMP03_influencer,Conversion,Tablet,236,7,30,0.61,-0.78,0.32,0.04,0.02,7.92
TP1489,C365,CMP11,2024-05-19 23:43:00,2024-05-19,5,10,Social,social_media,paid_social,CMP11_display,Retention,Desktop,515,2,3,0.94,0.07,0.61,0.03,0.25,1.48
TP1892,C365,CMP15,2024-05-26 03:19:00,2024-05-26,6,10,Mobile,mobile_app,mobile_push,CMP15_display,Consideration,Desktop,662,0,54,0.14,0.88,0.58,0.9,0.57,1.73
TP1956,C365,CMP19,2024-06-05 10:25:00,2024-06-05,7,10,Mobile,mobile_app,mobile_push,CMP19_social_media,Consideration,Tablet,890,1,51,0.15,-0.18,0.65,0.01,0.28,5.74
TP852,C365,CMP17,2024-06-17 07:05:00,2024-06-17,8,10,Mobile,mobile_app,mobile_push,CMP17_display,Conversion,Tablet,1127,4,159,0.08,0.59,0.28,0.25,0.64,8.56
TP1277,C365,CMP16,2024-06-20 09:53:00,2024-06-20,9,10,In-Store,offline_store,offline,CMP16_social_media,Consideration,Desktop,1188,9,123,0.93,0.01,0.96,0.12,0.08,3.01
TP574,C365,CMP09,2024-06-23 04:38:00,2024-06-23,10,10,Social,social_media,paid_social,CMP09_social_media,Retention,Tablet,330,7,113,0.81,-0.29,0.65,0.77,0.65,7.25
TP2456,C366,CMP12,2024-03-17 16:13:00,2024-03-17,1,5,Mobile,mobile_app,mobile_push,CMP12_influencer,Consideration,Mobile,1012,1,72,0.52,0.99,0.58,0.52,0.14,6.55
TP1037,C366,CMP12,2024-03-21 18:24:00,2024-03-21,2,5,Mobile,mobile_app,mobile_push,CMP12_influencer,Awareness,Mobile,49,2,104,0.72,0.92,0.03,0.59,0.68,2.44
TP2116,C366,CMP17,2024-03-29 15:28:00,2024-03-29,3,5,Mobile,mobile_app,mobile_push,CMP17_display,Retention,Desktop,713,1,178,0.71,0.4,0.29,0.53,0.08,8.63
TP398,C366,CMP14,2024-05-18 05:57:00,2024-05-18,4,5,Social,social_media,paid_social,CMP14_email,Retention,Desktop,500,2,119,0.1,-0.08,0.69,0.14,0.12,8.97
TP1687,C366,CMP13,2024-06-23 07:13:00,2024-06-23,5,5,Mobile,mobile_app,mobile_push,CMP13_social_media,Conversion,Mobile,573,2,36,0.6,-0.27,0.84,0.99,0.34,6.58
TP075,C367,CMP05,2024-04-11 06:59:00,2024-04-11,1,5,Mobile,mobile_app,mobile_push,CMP05_email,Consideration,Desktop,1156,7,164,0.24,-0.49,0.18,0.0,0.28,8.01
TP117,C367,CMP08,2024-04-17 23:34:00,2024-04-17,2,5,Mobile,mobile_app,mobile_push,CMP08_search,Retention,Desktop,498,9,10,0.04,-0.39,0.59,0.29,0.33,7.53
TP443,C367,CMP05,2024-04-24 06:41:00,2024-04-24,3,5,In-Store,offline_store,offline,CMP05_email,Retention,Desktop,488,3,91,0.15,0.6,0.3,0.83,0.61,8.8
TP795,C367,CMP05,2024-05-06 17:42:00,2024-05-06,4,5,Email,email,email,CMP05_email,Consideration,Mobile,143,8,52,0.98,-0.72,0.2,0.54,0.5,4.12
TP2334,C367,CMP19,2024-06-29 17:19:00,2024-06-29,5,5,Mobile,mobile_app,mobile_push,CMP19_social_media,Awareness,Desktop,887,0,52,0.01,-0.29,0.56,0.0,0.99,9.02
TP774,C368,CMP12,2024-06-01 00:03:00,2024-06-01,1,1,Mobile,mobile_app,mobile_push,CMP12_influencer,Retention,Mobile,1121,4,94,0.39,-0.48,0.81,0.47,0.83,1.24
TP1263,C369,CMP05,2024-03-26 22:44:00,2024-03-26,1,7,Email,email,email,CMP05_email,Awareness,Mobile,421,5,152,0.87,0.59,0.06,0.66,0.82,5.94
TP762,C369,CMP04,2024-04-02 01:13:00,2024-04-02,2,7,Mobile,mobile_app,mobile_push,CMP04_display,Consideration,Tablet,155,1,52,0.24,0.54,0.27,0.51,0.34,2.52
TP895,C369,CMP01,2024-04-25 00:11:00,2024-04-25,3,7,Social,social_media,paid_social,CMP01_email,Awareness,Desktop,1063,5,5,0.08,0.26,0.58,0.42,0.12,1.03
TP1316,C369,CMP05,2024-05-17 03:48:00,2024-05-17,4,7,Social,social_media,paid_social,CMP05_email,Consideration,Mobile,1080,7,66,0.25,0.78,0.46,0.32,0.59,3.21
TP1045,C369,CMP03,2024-06-01 05:16:00,2024-06-01,5,7,Web,website,web_referral,CMP03_influencer,Conversion,Tablet,424,9,132,0.38,0.19,0.87,0.38,0.8,2.96
TP359,C369,CMP01,2024-06-05 06:11:00,2024-06-05,6,7,Email,email,email,CMP01_email,Awareness,Mobile,456,3,164,0.61,0.78,0.71,0.17,0.61,0.85
TP771,C369,CMP10,2024-06-21 07:27:00,2024-06-21,7,7,In-Store,offline_store,offline,CMP10_email,Awareness,Mobile,307,8,163,0.11,-0.86,0.12,0.58,0.85,9.18
TP1625,C370,CMP08,2024-03-14 09:43:00,2024-03-14,1,4,Social,social_media,paid_social,CMP08_search,Retention,Desktop,1079,10,22,0.82,0.66,0.12,0.54,0.33,7.43
TP1787,C370,CMP13,2024-03-27 05:17:00,2024-03-27,2,4,Mobile,mobile_app,mobile_push,CMP13_social_media,Awareness,Mobile,713,9,50,0.49,0.26,0.09,0.31,0.13,2.35
TP585,C370,CMP10,2024-04-02 18:08:00,2024-04-02,3,4,Social,social_media,paid_social,CMP10_email,Awareness,Desktop,206,3,4,0.19,0.98,0.77,0.07,0.62,7.75
TP2528,C370,CMP15,2024-05-09 20:39:00,2024-05-09,4,4,Email,email,email,CMP15_display,Conversion,Desktop,925,9,138,0.56,-0.56,0.09,0.71,0.4,2.91
TP1859,C371,CMP16,2024-03-15 08:42:00,2024-03-15,1,11,Mobile,mobile_app,mobile_push,CMP16_social_media,Retention,Tablet,357,10,97,0.23,-0.86,0.07,0.18,0.35,8.22
TP424,C371,CMP09,2024-03-18 12:43:00,2024-03-18,2,11,Email,email,email,CMP09_social_media,Consideration,Tablet,77,4,113,0.08,-0.61,0.85,0.64,0.92,1.79
TP1665,C371,CMP15,2024-03-18 19:59:00,2024-03-18,3,11,Web,website,web_referral,CMP15_display,Retention,Mobile,634,9,103,0.53,-0.79,0.48,0.19,0.06,9.58
TP535,C371,CMP13,2024-03-26 06:37:00,2024-03-26,4,11,Email,email,email,CMP13_social_media,Retention,Tablet,603,8,132,0.92,-0.38,0.01,0.08,0.87,9.55
TP2636,C371,CMP16,2024-03-30 05:57:00,2024-03-30,5,11,In-Store,offline_store,offline,CMP16_social_media,Retention,Tablet,912,1,197,0.22,0.2,0.29,0.15,0.77,2.17
TP1129,C371,CMP14,2024-04-29 05:39:00,2024-04-29,6,11,Social,social_media,paid_social,CMP14_email,Consideration,Tablet,822,4,57,0.89,-0.91,0.14,0.44,0.44,8.08
TP1216,C371,CMP11,2024-05-01 16:13:00,2024-05-01,7,11,Web,website,web_referral,CMP11_display,Conversion,Desktop,792,8,54,0.13,0.28,0.65,0.39,0.61,4.13
TP978,C371,CMP07,2024-05-03 20:57:00,2024-05-03,8,11,Social,social_media,paid_social,CMP07_email,Consideration,Desktop,1165,6,20,0.74,-0.55,0.95,0.58,0.3,6.75
TP1576,C371,CMP10,2024-06-01 21:32:00,2024-06-01,9,11,In-Store,offline_store,offline,CMP10_email,Retention,Mobile,662,3,63,0.5,0.85,0.42,0.06,0.35,8.17
TP1228,C371,CMP15,2024-06-12 08:42:00,2024-06-12,10,11,Email,email,email,CMP15_display,Retention,Mobile,736,9,150,0.34,-0.74,0.81,0.69,0.27,0.53
TP1975,C371,CMP09,2024-06-15 07:00:00,2024-06-15,11,11,Mobile,mobile_app,mobile_push,CMP09_social_media,Awareness,Mobile,812,10,180,0.61,-0.43,0.26,0.85,0.88,9.11
TP2357,C372,CMP10,2024-03-19 19:50:00,2024-03-19,1,4,Email,email,email,CMP10_email,Consideration,Mobile,505,10,117,0.27,0.99,0.63,0.38,0.35,8.93
TP1985,C372,CMP15,2024-04-03 08:55:00,2024-04-03,2,4,Email,email,email,CMP15_display,Retention,Desktop,362,5,36,0.52,-0.44,0.46,0.9,0.21,3.81
TP576,C372,CMP10,2024-05-20 21:07:00,2024-05-20,3,4,Social,social_media,paid_social,CMP10_email,Retention,Mobile,1120,3,86,0.86,-0.29,0.99,0.34,0.47,8.46
TP308,C372,CMP04,2024-06-09 08:17:00,2024-06-09,4,4,Social,social_media,paid_social,CMP04_display,Conversion,Mobile,405,8,36,0.63,0.76,0.32,0.17,0.5,6.0
TP619,C373,CMP15,2024-03-14 10:27:00,2024-03-14,1,8,Social,social_media,paid_social,CMP15_display,Consideration,Desktop,114,4,82,0.75,0.09,0.25,0.52,0.38,4.28
TP460,C373,CMP16,2024-03-19 06:37:00,2024-03-19,2,8,Mobile,mobile_app,mobile_push,CMP16_social_media,Awareness,Tablet,68,7,38,0.0,-0.88,0.03,0.09,0.53,6.05
TP016,C373,CMP02,2024-05-22 04:17:00,2024-05-22,3,8,Mobile,mobile_app,mobile_push,CMP02_email,Retention,Tablet,61,6,108,0.83,0.54,0.5,0.07,0.32,8.93
TP797,C373,CMP05,2024-06-09 23:11:00,2024-06-09,4,8,In-Store,offline_store,offline,CMP05_email,Conversion,Tablet,984,7,84,0.11,0.13,0.55,0.98,0.86,7.0
TP2113,C373,CMP19,2024-06-10 11:24:00,2024-06-10,5,8,Mobile,mobile_app,mobile_push,CMP19_social_media,Consideration,Tablet,1039,5,7,0.37,0.38,0.68,0.15,0.17,1.84
TP1387,C373,CMP15,2024-06-14 09:50:00,2024-06-14,6,8,Email,email,email,CMP15_display,Conversion,Mobile,604,2,89,0.82,0.25,0.87,0.2,0.67,8.92
TP929,C373,CMP12,2024-06-20 18:26:00,2024-06-20,7,8,In-Store,offline_store,offline,CMP12_influencer,Conversion,Mobile,172,0,143,0.93,0.47,0.5,0.69,0.63,1.61
TP946,C373,CMP18,2024-06-24 12:18:00,2024-06-24,8,8,In-Store,offline_store,offline,CMP18_influencer,Conversion,Tablet,124,2,139,0.13,-0.2,0.39,0.73,0.53,5.39
TP1137,C374,CMP08,2024-03-05 04:13:00,2024-03-05,1,7,Web,website,web_referral,CMP08_search,Conversion,Tablet,654,8,198,0.86,-0.59,0.96,0.87,0.01,9.44
TP257,C374,CMP19,2024-03-15 22:28:00,2024-03-15,2,7,Email,email,email,CMP19_social_media,Consideration,Tablet,348,1,61,0.26,-0.38,0.73,0.63,0.79,2.73
TP911,C374,CMP01,2024-03-24 21:15:00,2024-03-24,3,7,Web,website,web_referral,CMP01_email,Retention,Tablet,407,7,89,0.8,-0.71,0.55,0.68,0.0,9.94
TP931,C374,CMP02,2024-04-04 03:15:00,2024-04-04,4,7,In-Store,offline_store,offline,CMP02_email,Retention,Tablet,267,6,17,0.63,-0.57,0.62,0.57,0.76,9.26
TP2311,C374,CMP03,2024-05-02 09:53:00,2024-05-02,5,7,Web,website,web_referral,CMP03_influencer,Conversion,Tablet,897,9,56,0.08,0.31,0.13,0.21,0.35,8.82
TP1944,C374,CMP04,2024-05-04 15:23:00,2024-05-04,6,7,Mobile,mobile_app,mobile_push,CMP04_display,Conversion,Desktop,1120,6,159,0.16,0.12,0.27,0.76,0.19,6.51
TP993,C374,CMP03,2024-06-24 21:18:00,2024-06-24,7,7,Web,website,web_referral,CMP03_influencer,Conversion,Tablet,107,3,167,0.2,-0.18,0.02,0.7,0.92,5.23
TP2353,C375,CMP08,2024-03-25 02:25:00,2024-03-25,1,3,Social,social_media,paid_social,CMP08_search,Consideration,Tablet,290,7,11,0.89,0.98,0.13,0.98,0.57,2.04
TP2512,C375,CMP16,2024-04-09 06:51:00,2024-04-09,2,3,Mobile,mobile_app,mobile_push,CMP16_social_media,Awareness,Mobile,756,5,189,0.8,-0.77,0.09,0.43,0.09,1.56
TP426,C375,CMP13,2024-05-02 22:31:00,2024-05-02,3,3,Email,email,email,CMP13_social_media,Consideration,Mobile,1160,5,180,0.95,-0.5,0.62,0.88,0.6,6.84
TP736,C376,CMP17,2024-03-03 08:57:00,2024-03-03,1,6,Mobile,mobile_app,mobile_push,CMP17_display,Retention,Mobile,270,7,150,0.24,-0.34,0.94,0.73,0.25,2.71
TP2125,C376,CMP18,2024-03-05 17:59:00,2024-03-05,2,6,In-Store,offline_store,offline,CMP18_influencer,Consideration,Mobile,1116,7,156,0.24,-0.52,0.84,0.91,0.53,9.71
TP2067,C376,CMP18,2024-03-07 17:13:00,2024-03-07,3,6,In-Store,offline_store,offline,CMP18_influencer,Retention,Tablet,714,10,128,0.16,0.27,0.85,0.47,0.63,3.7
TP1388,C376,CMP03,2024-03-10 05:48:00,2024-03-10,4,6,Email,email,email,CMP03_influencer,Conversion,Tablet,1020,7,178,0.56,-0.5,0.73,0.59,0.54,4.08
TP2011,C376,CMP10,2024-03-12 08:24:00,2024-03-12,5,6,Web,website,web_referral,CMP10_email,Awareness,Desktop,455,0,131,0.86,-0.84,0.47,0.09,0.75,0.65
TP1544,C376,CMP18,2024-04-10 02:31:00,2024-04-10,6,6,Mobile,mobile_app,mobile_push,CMP18_influencer,Awareness,Tablet,704,7,69,0.53,0.97,0.85,0.56,0.44,2.27
TP2083,C377,CMP15,2024-03-08 16:41:00,2024-03-08,1,5,In-Store,offline_store,offline,CMP15_display,Consideration,Tablet,874,8,149,0.6,0.08,0.61,0.5,0.03,2.74
TP2475,C377,CMP07,2024-03-13 22:11:00,2024-03-13,2,5,Social,social_media,paid_social,CMP07_email,Awareness,Desktop,284,1,198,0.28,0.97,0.39,0.71,0.26,6.55
TP235,C377,CMP10,2024-03-18 22:49:00,2024-03-18,3,5,In-Store,offline_store,offline,CMP10_email,Conversion,Desktop,647,5,31,0.26,-0.73,0.94,1.0,0.33,4.2
TP2054,C377,CMP01,2024-06-09 01:11:00,2024-06-09,4,5,Mobile,mobile_app,mobile_push,CMP01_email,Retention,Desktop,295,8,171,0.84,-0.67,0.87,0.68,0.48,7.94
TP1280,C377,CMP05,2024-06-16 12:29:00,2024-06-16,5,5,Mobile,mobile_app,mobile_push,CMP05_email,Conversion,Mobile,767,6,23,0.5,-0.41,0.61,0.45,0.2,1.73
TP2136,C378,CMP02,2024-03-14 19:56:00,2024-03-14,1,4,Mobile,mobile_app,mobile_push,CMP02_email,Awareness,Tablet,735,3,62,0.31,-0.13,0.92,0.64,0.05,0.65
TP2422,C378,CMP17,2024-04-08 15:44:00,2024-04-08,2,4,Web,website,web_referral,CMP17_display,Retention,Tablet,414,10,63,0.28,0.97,0.91,0.51,0.12,4.22
TP1552,C378,CMP06,2024-04-09 23:27:00,2024-04-09,3,4,Email,email,email,CMP06_display,Retention,Mobile,63,8,200,0.31,0.24,0.75,0.25,0.41,7.61
TP1824,C378,CMP08,2024-05-17 00:22:00,2024-05-17,4,4,Social,social_media,paid_social,CMP08_search,Consideration,Mobile,783,8,97,0.27,0.89,0.66,0.32,0.98,8.92
TP803,C379,CMP12,2024-03-22 16:56:00,2024-03-22,1,7,In-Store,offline_store,offline,CMP12_influencer,Conversion,Tablet,126,0,154,0.12,-0.98,0.36,0.46,0.18,5.8
TP1059,C379,CMP12,2024-04-26 05:59:00,2024-04-26,2,7,Social,social_media,paid_social,CMP12_influencer,Conversion,Tablet,994,10,159,0.33,0.65,0.03,0.02,0.0,1.78
TP1414,C379,CMP02,2024-04-29 05:16:00,2024-04-29,3,7,Email,email,email,CMP02_email,Retention,Mobile,527,5,39,0.13,0.31,0.1,0.29,0.06,5.26
TP1648,C379,CMP07,2024-05-27 12:58:00,2024-05-27,4,7,In-Store,offline_store,offline,CMP07_email,Consideration,Tablet,885,9,127,0.52,-0.17,0.19,0.13,0.04,5.23
TP2139,C379,CMP04,2024-05-30 23:59:00,2024-05-30,5,7,Social,social_media,paid_social,CMP04_display,Consideration,Tablet,95,4,79,0.15,-0.34,0.28,0.27,0.12,7.46
TP147,C379,CMP06,2024-06-11 04:20:00,2024-06-11,6,7,In-Store,offline_store,offline,CMP06_display,Consideration,Desktop,1119,0,198,0.18,-0.42,0.48,0.87,0.62,2.79
TP2039,C379,CMP15,2024-06-19 03:05:00,2024-06-19,7,7,Mobile,mobile_app,mobile_push,CMP15_display,Consideration,Tablet,338,6,153,0.05,0.16,0.28,0.69,0.67,8.28
TP188,C380,CMP15,2024-03-18 08:32:00,2024-03-18,1,7,Mobile,mobile_app,mobile_push,CMP15_display,Conversion,Desktop,100,8,42,0.16,-0.75,0.64,0.73,0.32,8.21
TP124,C380,CMP14,2024-03-24 22:01:00,2024-03-24,2,7,Mobile,mobile_app,mobile_push,CMP14_email,Awareness,Tablet,795,5,12,0.54,0.24,0.76,0.73,0.43,3.26
TP1689,C380,CMP06,2024-03-29 14:22:00,2024-03-29,3,7,Social,social_media,paid_social,CMP06_display,Conversion,Desktop,643,3,98,0.71,-0.48,0.81,0.6,0.12,9.49
TP693,C380,CMP19,2024-05-16 06:27:00,2024-05-16,4,7,Web,website,web_referral,CMP19_social_media,Retention,Tablet,853,5,20,0.26,-0.75,0.22,0.94,0.05,3.12
TP2386,C380,CMP05,2024-05-25 01:59:00,2024-05-25,5,7,In-Store,offline_store,offline,CMP05_email,Retention,Mobile,754,8,16,0.4,-0.03,0.91,0.8,0.89,4.29
TP463,C380,CMP04,2024-05-27 05:25:00,2024-05-27,6,7,In-Store,offline_store,offline,CMP04_display,Retention,Mobile,235,7,158,0.33,-0.17,0.56,0.58,0.18,6.31
TP2092,C380,CMP11,2024-06-12 12:11:00,2024-06-12,7,7,In-Store,offline_store,offline,CMP11_display,Retention,Mobile,923,6,78,0.42,0.43,0.33,0.7,0.85,9.66
TP1745,C381,CMP11,2024-03-21 19:25:00,2024-03-21,1,3,Social,social_media,paid_social,CMP11_display,Retention,Desktop,1004,4,88,0.81,0.56,0.68,0.55,0.1,6.25
TP2153,C381,CMP05,2024-05-19 04:15:00,2024-05-19,2,3,Email,email,email,CMP05_email,Awareness,Desktop,1081,5,43,0.37,0.0,0.69,0.08,0.07,5.02
TP2327,C381,CMP05,2024-06-15 01:56:00,2024-06-15,3,3,Email,email,email,CMP05_email,Awareness,Mobile,549,2,69,0.84,0.99,0.4,0.38,0.72,7.87
TP1348,C382,CMP18,2024-03-17 19:57:00,2024-03-17,1,5,Social,social_media,paid_social,CMP18_influencer,Awareness,Mobile,139,10,161,0.41,0.23,0.52,0.31,0.45,7.73
TP2024,C382,CMP03,2024-03-23 14:59:00,2024-03-23,2,5,In-Store,offline_store,offline,CMP03_influencer,Consideration,Desktop,1065,7,91,0.14,-0.89,0.98,0.14,0.87,7.56
TP2614,C382,CMP07,2024-04-14 00:10:00,2024-04-14,3,5,Web,website,web_referral,CMP07_email,Retention,Mobile,82,6,60,0.98,-0.62,0.25,0.56,0.0,2.43
TP2432,C382,CMP17,2024-05-31 23:19:00,2024-05-31,4,5,Web,website,web_referral,CMP17_display,Consideration,Mobile,443,0,108,0.17,0.37,0.53,0.85,0.6,8.72
TP2368,C382,CMP17,2024-06-14 20:11:00,2024-06-14,5,5,Web,website,web_referral,CMP17_display,Retention,Desktop,187,7,37,0.32,-0.15,0.06,0.18,0.98,0.54
TP2539,C383,CMP18,2024-04-15 23:30:00,2024-04-15,1,3,Email,email,email,CMP18_influencer,Consideration,Desktop,830,1,52,0.6,-0.87,0.15,0.95,0.58,5.11
TP2549,C383,CMP05,2024-05-11 20:15:00,2024-05-11,2,3,Mobile,mobile_app,mobile_push,CMP05_email,Awareness,Mobile,1173,9,50,0.94,0.43,0.01,0.24,0.5,9.4
TP886,C383,CMP07,2024-06-06 06:41:00,2024-06-06,3,3,Mobile,mobile_app,mobile_push,CMP07_email,Consideration,Desktop,687,0,73,0.09,0.94,0.91,0.34,0.3,7.46
TP685,C384,CMP04,2024-03-08 03:26:00,2024-03-08,1,4,Social,social_media,paid_social,CMP04_display,Consideration,Desktop,997,6,33,0.36,-0.05,0.48,0.71,0.99,1.74
TP397,C384,CMP10,2024-06-04 06:17:00,2024-06-04,2,4,Social,social_media,paid_social,CMP10_email,Awareness,Mobile,953,2,168,0.74,-0.11,0.86,0.39,0.05,6.53
TP414,C384,CMP02,2024-06-12 00:30:00,2024-06-12,3,4,Social,social_media,paid_social,CMP02_email,Retention,Tablet,950,9,36,0.32,-0.06,0.9,0.36,0.49,4.38
TP792,C384,CMP10,2024-06-13 09:09:00,2024-06-13,4,4,Email,email,email,CMP10_email,Awareness,Desktop,866,4,80,0.41,0.94,0.94,0.62,0.82,9.74
TP234,C385,CMP17,2024-03-08 10:36:00,2024-03-08,1,7,Social,social_media,paid_social,CMP17_display,Retention,Tablet,1051,3,132,0.81,0.58,0.26,0.95,0.43,1.93
TP1677,C385,CMP02,2024-04-06 15:06:00,2024-04-06,2,7,Mobile,mobile_app,mobile_push,CMP02_email,Conversion,Desktop,1055,1,82,0.45,-0.44,0.62,0.2,0.43,3.03
TP620,C385,CMP19,2024-04-11 02:58:00,2024-04-11,3,7,In-Store,offline_store,offline,CMP19_social_media,Awareness,Mobile,656,6,145,0.74,-0.25,0.97,0.86,0.12,9.47
TP1013,C385,CMP15,2024-05-02 21:44:00,2024-05-02,4,7,Social,social_media,paid_social,CMP15_display,Retention,Desktop,716,3,117,0.91,0.21,0.09,0.72,0.83,2.59
TP1752,C385,CMP03,2024-05-03 22:05:00,2024-05-03,5,7,Mobile,mobile_app,mobile_push,CMP03_influencer,Retention,Mobile,263,8,78,0.5,0.83,0.21,0.87,0.84,5.48
TP287,C385,CMP07,2024-05-21 11:47:00,2024-05-21,6,7,Mobile,mobile_app,mobile_push,CMP07_email,Conversion,Desktop,511,3,100,0.37,0.21,0.85,0.15,0.32,7.09
TP361,C385,CMP18,2024-06-14 15:25:00,2024-06-14,7,7,Email,email,email,CMP18_influencer,Consideration,Desktop,544,7,140,0.88,0.06,0.34,0.83,0.33,5.54
TP1210,C386,CMP03,2024-03-11 11:56:00,2024-03-11,1,10,Social,social_media,paid_social,CMP03_influencer,Consideration,Mobile,231,9,66,0.95,-0.14,0.59,0.51,0.14,7.2
TP1758,C386,CMP09,2024-04-22 12:28:00,2024-04-22,2,10,In-Store,offline_store,offline,CMP09_social_media,Consideration,Tablet,725,7,34,0.69,0.23,0.28,0.57,0.45,7.88
TP504,C386,CMP09,2024-04-26 01:09:00,2024-04-26,3,10,Email,email,email,CMP09_social_media,Conversion,Tablet,783,8,129,0.08,0.32,0.61,0.94,0.52,7.46
TP713,C386,CMP01,2024-05-01 14:06:00,2024-05-01,4,10,Email,email,email,CMP01_email,Conversion,Desktop,615,9,62,0.68,-0.95,0.18,0.69,0.74,6.7
TP072,C386,CMP01,2024-05-14 14:07:00,2024-05-14,5,10,Email,email,email,CMP01_email,Consideration,Mobile,201,6,106,0.02,0.4,0.32,0.98,0.63,6.16
TP1597,C386,CMP06,2024-05-24 18:49:00,2024-05-24,6,10,In-Store,offline_store,offline,CMP06_display,Retention,Tablet,260,8,58,0.38,0.62,0.26,0.84,0.83,6.04
TP1362,C386,CMP08,2024-06-01 05:25:00,2024-06-01,7,10,Mobile,mobile_app,mobile_push,CMP08_search,Awareness,Desktop,864,2,25,0.11,0.64,0.91,0.65,0.07,3.5
TP2443,C386,CMP19,2024-06-11 08:36:00,2024-06-11,8,10,Email,email,email,CMP19_social_media,Consideration,Mobile,573,10,183,0.67,0.69,0.01,0.53,0.72,7.34
TP270,C386,CMP03,2024-06-12 06:22:00,2024-06-12,9,10,In-Store,offline_store,offline,CMP03_influencer,Retention,Desktop,246,4,134,0.81,0.67,0.07,0.39,0.17,0.56
TP028,C386,CMP17,2024-06-28 09:28:00,2024-06-28,10,10,Web,website,web_referral,CMP17_display,Awareness,Tablet,368,4,27,0.9,0.06,0.58,0.99,0.65,8.66
TP2383,C387,CMP15,2024-03-13 07:42:00,2024-03-13,1,6,Social,social_media,paid_social,CMP15_display,Awareness,Desktop,467,5,189,0.4,-0.77,0.27,0.87,0.6,9.16
TP2415,C387,CMP10,2024-03-28 01:46:00,2024-03-28,2,6,Email,email,email,CMP10_email,Conversion,Tablet,825,7,20,0.51,0.37,0.15,0.48,0.16,5.42
TP2423,C387,CMP03,2024-05-17 16:11:00,2024-05-17,3,6,In-Store,offline_store,offline,CMP03_influencer,Conversion,Mobile,848,5,89,0.97,-0.85,0.29,0.58,0.14,2.92
TP271,C387,CMP12,2024-05-24 01:10:00,2024-05-24,4,6,Web,website,web_referral,CMP12_influencer,Consideration,Mobile,479,3,67,0.97,-0.93,0.23,0.75,0.04,4.43
TP1299,C387,CMP19,2024-06-01 02:26:00,2024-06-01,5,6,Email,email,email,CMP19_social_media,Consideration,Desktop,737,6,61,0.77,-0.64,0.39,0.67,0.2,8.35
TP890,C387,CMP03,2024-06-19 00:37:00,2024-06-19,6,6,In-Store,offline_store,offline,CMP03_influencer,Awareness,Tablet,1014,7,171,0.16,-0.98,0.29,0.38,0.99,2.58
TP1110,C388,CMP17,2024-03-04 20:12:00,2024-03-04,1,7,Social,social_media,paid_social,CMP17_display,Retention,Tablet,1041,7,46,0.71,-0.33,0.63,0.71,0.42,2.96
TP197,C388,CMP12,2024-03-16 07:11:00,2024-03-16,2,7,In-Store,offline_store,offline,CMP12_influencer,Conversion,Tablet,500,1,145,0.8,-0.88,0.12,0.77,0.03,5.73
TP087,C388,CMP07,2024-03-26 15:12:00,2024-03-26,3,7,Email,email,email,CMP07_email,Consideration,Desktop,312,9,4,0.44,0.06,0.68,0.89,0.1,4.84
TP2544,C388,CMP06,2024-04-01 17:26:00,2024-04-01,4,7,In-Store,offline_store,offline,CMP06_display,Consideration,Tablet,1016,10,3,0.2,-0.97,0.9,0.22,0.59,9.91
TP1142,C388,CMP13,2024-05-22 08:52:00,2024-05-22,5,7,Social,social_media,paid_social,CMP13_social_media,Conversion,Tablet,521,1,183,0.97,0.17,0.42,0.83,0.37,1.12
TP064,C388,CMP15,2024-06-06 17:20:00,2024-06-06,6,7,Mobile,mobile_app,mobile_push,CMP15_display,Consideration,Tablet,1015,9,98,0.74,-0.69,0.65,0.72,0.56,9.66
TP1140,C388,CMP16,2024-06-24 18:46:00,2024-06-24,7,7,Email,email,email,CMP16_social_media,Retention,Mobile,975,8,164,0.9,-0.31,0.2,0.84,0.05,7.97
TP2188,C389,CMP05,2024-04-17 00:50:00,2024-04-17,1,3,Web,website,web_referral,CMP05_email,Consideration,Mobile,770,1,132,0.8,-0.38,0.88,0.22,0.02,6.94
TP2060,C389,CMP10,2024-04-25 16:07:00,2024-04-25,2,3,Web,website,web_referral,CMP10_email,Conversion,Tablet,946,8,176,0.94,0.08,0.28,0.13,0.13,2.83
TP1065,C389,CMP19,2024-04-28 19:32:00,2024-04-28,3,3,Email,email,email,CMP19_social_media,Retention,Mobile,944,0,158,0.01,-0.34,0.24,0.72,0.73,9.36
TP1355,C390,CMP15,2024-03-17 08:49:00,2024-03-17,1,5,Mobile,mobile_app,mobile_push,CMP15_display,Conversion,Mobile,988,1,154,0.43,-0.29,0.8,0.15,0.7,1.16
TP089,C390,CMP11,2024-04-17 00:48:00,2024-04-17,2,5,Web,website,web_referral,CMP11_display,Awareness,Tablet,142,9,84,0.46,-0.54,0.1,0.57,0.12,0.73
TP2520,C390,CMP09,2024-05-01 21:19:00,2024-05-01,3,5,Web,website,web_referral,CMP09_social_media,Awareness,Tablet,1008,6,168,0.08,-0.24,0.63,0.02,0.0,7.63
TP976,C390,CMP12,2024-06-14 23:22:00,2024-06-14,4,5,Web,website,web_referral,CMP12_influencer,Conversion,Tablet,1032,4,180,0.15,-0.97,0.37,0.35,0.55,5.12
TP2545,C390,CMP10,2024-06-28 19:03:00,2024-06-28,5,5,Email,email,email,CMP10_email,Consideration,Mobile,816,8,193,0.02,0.57,0.3,0.53,0.47,9.86
TP524,C391,CMP08,2024-03-10 01:37:00,2024-03-10,1,7,Social,social_media,paid_social,CMP08_search,Consideration,Tablet,743,8,8,0.74,-0.73,0.38,0.61,0.6,7.56
TP1598,C391,CMP01,2024-03-11 23:06:00,2024-03-11,2,7,Web,website,web_referral,CMP01_email,Consideration,Tablet,1190,2,143,0.55,-0.49,0.36,0.77,0.57,1.81
TP1696,C391,CMP17,2024-03-19 04:22:00,2024-03-19,3,7,Mobile,mobile_app,mobile_push,CMP17_display,Awareness,Tablet,555,9,27,0.84,0.92,0.03,0.33,0.12,1.37
TP2600,C391,CMP08,2024-03-25 06:43:00,2024-03-25,4,7,Email,email,email,CMP08_search,Awareness,Mobile,453,3,5,0.85,0.84,0.83,0.81,0.05,2.1
TP1969,C391,CMP05,2024-04-16 04:24:00,2024-04-16,5,7,Social,social_media,paid_social,CMP05_email,Consideration,Tablet,879,2,35,0.31,0.23,0.46,0.76,0.96,6.97
TP729,C391,CMP18,2024-04-18 06:46:00,2024-04-18,6,7,Social,social_media,paid_social,CMP18_influencer,Conversion,Desktop,397,3,194,0.17,-0.64,0.63,0.98,0.84,5.91
TP1453,C391,CMP19,2024-05-02 09:38:00,2024-05-02,7,7,Web,website,web_referral,CMP19_social_media,Consideration,Desktop,105,4,118,0.69,0.24,0.54,0.7,0.7,3.57
TP415,C392,CMP01,2024-04-23 11:33:00,2024-04-23,1,5,Mobile,mobile_app,mobile_push,CMP01_email,Awareness,Tablet,881,0,89,0.92,0.37,0.78,0.25,0.32,8.16
TP2467,C392,CMP11,2024-04-28 01:10:00,2024-04-28,2,5,Mobile,mobile_app,mobile_push,CMP11_display,Consideration,Tablet,556,6,39,0.76,0.02,0.03,0.48,0.33,7.96
TP2571,C392,CMP05,2024-05-04 03:49:00,2024-05-04,3,5,Mobile,mobile_app,mobile_push,CMP05_email,Retention,Mobile,1033,5,131,0.73,-0.61,0.85,0.8,0.52,3.08
TP143,C392,CMP14,2024-06-02 13:36:00,2024-06-02,4,5,Mobile,mobile_app,mobile_push,CMP14_email,Conversion,Desktop,877,10,54,0.95,-0.07,0.31,0.8,0.85,8.61
TP1325,C392,CMP12,2024-06-23 13:33:00,2024-06-23,5,5,In-Store,offline_store,offline,CMP12_influencer,Conversion,Tablet,245,9,131,0.6,-0.07,0.42,0.57,0.45,5.9
TP840,C393,CMP03,2024-03-01 15:38:00,2024-03-01,1,6,Mobile,mobile_app,mobile_push,CMP03_influencer,Retention,Desktop,428,0,149,0.1,0.95,0.89,0.17,0.69,5.29
TP509,C393,CMP17,2024-03-06 00:05:00,2024-03-06,2,6,Mobile,mobile_app,mobile_push,CMP17_display,Consideration,Desktop,975,6,6,0.57,-0.37,0.87,0.5,0.39,6.91
TP604,C393,CMP18,2024-04-11 04:28:00,2024-04-11,3,6,Web,website,web_referral,CMP18_influencer,Conversion,Mobile,193,2,104,0.54,0.59,0.96,0.28,0.89,8.16
TP183,C393,CMP12,2024-04-27 13:28:00,2024-04-27,4,6,Web,website,web_referral,CMP12_influencer,Consideration,Tablet,905,7,154,0.34,-0.74,0.13,0.89,0.56,4.66
TP1553,C393,CMP11,2024-05-17 12:02:00,2024-05-17,5,6,Mobile,mobile_app,mobile_push,CMP11_display,Awareness,Desktop,48,0,158,0.29,-0.9,0.08,0.91,0.78,3.75
TP1769,C393,CMP14,2024-06-11 17:53:00,2024-06-11,6,6,In-Store,offline_store,offline,CMP14_email,Retention,Desktop,86,3,45,0.44,-0.24,0.09,0.56,0.24,2.66
TP1250,C394,CMP05,2024-03-28 06:37:00,2024-03-28,1,6,In-Store,offline_store,offline,CMP05_email,Retention,Tablet,926,8,199,0.09,0.2,0.16,0.75,0.94,8.18
TP2310,C394,CMP19,2024-04-13 20:15:00,2024-04-13,2,6,Email,email,email,CMP19_social_media,Consideration,Desktop,1013,3,144,0.05,0.51,0.52,0.68,0.55,4.25
TP669,C394,CMP04,2024-04-14 16:15:00,2024-04-14,3,6,In-Store,offline_store,offline,CMP04_display,Consideration,Tablet,397,1,118,0.52,0.91,0.85,0.1,0.02,2.02
TP742,C394,CMP14,2024-05-04 17:50:00,2024-05-04,4,6,Social,social_media,paid_social,CMP14_email,Awareness,Mobile,608,4,108,0.21,0.3,0.91,0.21,0.09,2.73
TP2250,C394,CMP16,2024-05-13 01:43:00,2024-05-13,5,6,Social,social_media,paid_social,CMP16_social_media,Awareness,Tablet,732,0,84,0.16,-0.36,0.22,0.98,0.26,3.23
TP1842,C394,CMP03,2024-06-08 06:33:00,2024-06-08,6,6,Social,social_media,paid_social,CMP03_influencer,Consideration,Desktop,769,4,86,0.75,0.15,0.83,0.52,0.63,2.77
TP2179,C395,CMP01,2024-05-20 21:51:00,2024-05-20,1,4,Social,social_media,paid_social,CMP01_email,Awareness,Desktop,983,1,43,0.69,0.05,0.28,0.01,0.14,9.36
TP2446,C395,CMP10,2024-05-25 22:18:00,2024-05-25,2,4,Email,email,email,CMP10_email,Retention,Tablet,832,4,160,0.42,-0.63,0.12,0.22,0.55,5.24
TP312,C395,CMP01,2024-06-01 01:08:00,2024-06-01,3,4,In-Store,offline_store,offline,CMP01_email,Conversion,Mobile,104,8,38,0.92,-0.86,0.61,0.04,0.74,3.66
TP2331,C395,CMP17,2024-06-25 03:16:00,2024-06-25,4,4,Social,social_media,paid_social,CMP17_display,Consideration,Tablet,942,5,69,0.62,-0.36,0.08,0.55,0.82,4.22
TP800,C396,CMP17,2024-03-23 12:39:00,2024-03-23,1,6,Email,email,email,CMP17_display,Retention,Tablet,998,6,26,0.81,-0.87,0.31,0.93,0.83,5.83
TP782,C396,CMP18,2024-04-10 08:51:00,2024-04-10,2,6,Social,social_media,paid_social,CMP18_influencer,Consideration,Mobile,377,8,188,0.2,-0.21,0.78,0.26,0.08,1.29
TP690,C396,CMP04,2024-05-16 08:03:00,2024-05-16,3,6,Social,social_media,paid_social,CMP04_display,Awareness,Mobile,545,4,179,0.98,-0.55,0.07,0.12,0.4,6.97
TP605,C396,CMP13,2024-05-21 09:41:00,2024-05-21,4,6,Email,email,email,CMP13_social_media,Conversion,Mobile,301,8,86,0.71,-0.96,0.29,0.34,0.55,1.02
TP1526,C396,CMP05,2024-05-31 12:24:00,2024-05-31,5,6,Email,email,email,CMP05_email,Conversion,Desktop,249,2,143,0.27,-0.57,0.13,0.74,0.09,1.62
TP1762,C396,CMP07,2024-06-04 04:15:00,2024-06-04,6,6,In-Store,offline_store,offline,CMP07_email,Consideration,Mobile,1066,2,156,0.62,-0.45,0.9,0.36,0.79,5.86
TP2017,C397,CMP09,2024-03-27 20:43:00,2024-03-27,1,7,Email,email,email,CMP09_social_media,Conversion,Tablet,1193,10,19,0.95,-0.18,0.1,0.66,0.52,5.15
TP972,C397,CMP03,2024-03-28 20:51:00,2024-03-28,2,7,Web,website,web_referral,CMP03_influencer,Awareness,Desktop,369,5,108,0.81,-0.93,0.29,0.52,0.32,1.8
TP2349,C397,CMP11,2024-04-12 03:55:00,2024-04-12,3,7,Social,social_media,paid_social,CMP11_display,Retention,Desktop,363,2,101,0.66,0.19,0.14,0.39,0.53,7.03
TP709,C397,CMP17,2024-04-20 21:32:00,2024-04-20,4,7,Mobile,mobile_app,mobile_push,CMP17_display,Retention,Tablet,468,3,62,0.96,-0.62,0.6,0.24,0.74,7.48
TP1485,C397,CMP09,2024-04-21 06:24:00,2024-04-21,5,7,Email,email,email,CMP09_social_media,Retention,Tablet,930,4,173,0.51,0.81,0.41,0.41,0.01,4.61
TP2561,C397,CMP04,2024-04-22 14:49:00,2024-04-22,6,7,Mobile,mobile_app,mobile_push,CMP04_display,Retention,Desktop,30,7,52,0.5,0.56,0.79,0.73,0.14,3.33
TP777,C397,CMP04,2024-05-26 19:14:00,2024-05-26,7,7,Social,social_media,paid_social,CMP04_display,Conversion,Mobile,669,5,71,0.32,-0.21,0.08,0.46,0.24,5.12
TP1732,C398,CMP15,2024-04-12 07:12:00,2024-04-12,1,6,Social,social_media,paid_social,CMP15_display,Retention,Mobile,1187,8,194,0.83,-0.12,0.99,0.01,0.52,8.93
TP410,C398,CMP18,2024-04-15 21:07:00,2024-04-15,2,6,In-Store,offline_store,offline,CMP18_influencer,Conversion,Desktop,804,8,55,0.81,-0.61,0.89,0.01,0.8,7.7
TP1078,C398,CMP02,2024-04-19 20:30:00,2024-04-19,3,6,Email,email,email,CMP02_email,Consideration,Desktop,1149,9,20,0.31,0.58,0.71,0.22,0.36,1.5
TP2158,C398,CMP03,2024-05-16 15:34:00,2024-05-16,4,6,Social,social_media,paid_social,CMP03_influencer,Conversion,Desktop,551,8,94,0.13,-0.92,0.74,0.26,0.86,9.81
TP180,C398,CMP16,2024-05-18 16:32:00,2024-05-18,5,6,In-Store,offline_store,offline,CMP16_social_media,Retention,Desktop,830,2,98,0.79,-0.1,0.12,0.54,0.34,6.88
TP816,C398,CMP17,2024-05-24 00:31:00,2024-05-24,6,6,Social,social_media,paid_social,CMP17_display,Retention,Tablet,433,10,142,0.1,-0.31,0.31,0.05,0.83,1.98
TP2081,C399,CMP07,2024-03-01 20:57:00,2024-03-01,1,3,Mobile,mobile_app,mobile_push,CMP07_email,Awareness,Mobile,520,6,177,0.29,0.96,0.16,0.15,0.61,3.96
TP1374,C399,CMP15,2024-03-19 01:38:00,2024-03-19,2,3,Social,social_media,paid_social,CMP15_display,Conversion,Mobile,142,8,52,0.57,0.99,0.03,0.23,0.05,8.59
TP1578,C399,CMP15,2024-03-29 21:44:00,2024-03-29,3,3,Web,website,web_referral,CMP15_display,Consideration,Mobile,772,5,56,0.08,-0.38,0.44,0.47,0.89,4.7
TP1727,C400,CMP08,2024-03-24 10:12:00,2024-03-24,1,4,In-Store,offline_store,offline,CMP08_search,Retention,Desktop,650,1,143,0.23,-0.52,0.3,0.88,0.45,5.4
TP649,C400,CMP14,2024-04-20 16:05:00,2024-04-20,2,4,Web,website,web_referral,CMP14_email,Consideration,Desktop,657,3,56,0.46,-0.77,0.51,0.19,0.7,3.11
TP532,C400,CMP01,2024-05-21 19:40:00,2024-05-21,3,4,In-Store,offline_store,offline,CMP01_email,Consideration,Tablet,620,9,137,0.9,0.08,0.78,0.63,0.69,6.87
TP1138,C400,CMP13,2024-05-30 22:13:00,2024-05-30,4,4,Web,website,web_referral,CMP13_social_media,Consideration,Desktop,106,9,193,0.74,-0.0,0.12,0.83,0.58,6.66
TP2473,C401,CMP19,2024-03-08 07:54:00,2024-03-08,1,9,Social,social_media,paid_social,CMP19_social_media,Awareness,Tablet,831,9,107,0.79,-0.3,0.3,0.54,0.73,8.35
TP2309,C401,CMP03,2024-04-07 03:11:00,2024-04-07,2,9,In-Store,offline_store,offline,CMP03_influencer,Retention,Tablet,974,9,101,0.58,0.83,0.35,0.53,0.37,9.04
TP418,C401,CMP01,2024-04-15 23:06:00,2024-04-15,3,9,Social,social_media,paid_social,CMP01_email,Retention,Tablet,428,5,109,0.03,-0.53,0.25,1.0,0.12,2.92
TP1844,C401,CMP15,2024-04-21 07:07:00,2024-04-21,4,9,Social,social_media,paid_social,CMP15_display,Awareness,Desktop,764,8,18,0.95,-0.16,0.03,0.48,0.99,8.38
TP303,C401,CMP14,2024-05-02 03:50:00,2024-05-02,5,9,Mobile,mobile_app,mobile_push,CMP14_email,Awareness,Desktop,810,2,83,0.01,-0.24,0.77,0.26,0.41,9.44
TP1113,C401,CMP09,2024-05-08 04:16:00,2024-05-08,6,9,Email,email,email,CMP09_social_media,Consideration,Mobile,486,7,22,0.43,0.17,0.71,0.69,0.48,7.81
TP1070,C401,CMP04,2024-05-19 17:58:00,2024-05-19,7,9,Web,website,web_referral,CMP04_display,Consideration,Mobile,360,4,83,0.67,-0.32,0.97,0.11,0.74,2.5
TP832,C401,CMP16,2024-05-21 11:35:00,2024-05-21,8,9,Social,social_media,paid_social,CMP16_social_media,Consideration,Mobile,913,5,6,0.47,0.42,0.15,0.31,0.87,6.06
TP1963,C401,CMP11,2024-06-03 08:36:00,2024-06-03,9,9,Email,email,email,CMP11_display,Awareness,Tablet,224,1,61,0.87,-0.26,0.15,0.03,0.89,5.18
TP096,C402,CMP10,2024-03-22 21:05:00,2024-03-22,1,7,In-Store,offline_store,offline,CMP10_email,Consideration,Tablet,1151,1,173,0.05,-0.78,0.1,0.68,0.3,6.52
TP396,C402,CMP03,2024-04-11 15:11:00,2024-04-11,2,7,Web,website,web_referral,CMP03_influencer,Conversion,Tablet,602,5,30,0.71,-0.08,0.13,0.93,0.37,9.05
TP1423,C402,CMP14,2024-05-03 00:24:00,2024-05-03,3,7,Email,email,email,CMP14_email,Conversion,Tablet,1180,7,19,0.23,-0.23,0.61,0.06,0.29,9.76
TP2191,C402,CMP12,2024-05-06 18:35:00,2024-05-06,4,7,Web,website,web_referral,CMP12_influencer,Conversion,Tablet,766,4,10,0.24,-0.42,0.3,0.89,0.37,8.88
TP921,C402,CMP02,2024-05-13 15:06:00,2024-05-13,5,7,Mobile,mobile_app,mobile_push,CMP02_email,Retention,Desktop,1089,0,19,0.96,0.8,0.55,0.35,0.4,2.35
TP2581,C402,CMP10,2024-05-19 06:46:00,2024-05-19,6,7,Social,social_media,paid_social,CMP10_email,Awareness,Tablet,376,1,167,0.13,0.7,0.1,0.02,0.92,3.77
TP1988,C402,CMP18,2024-05-28 14:03:00,2024-05-28,7,7,Web,website,web_referral,CMP18_influencer,Consideration,Tablet,535,4,80,0.96,0.14,0.44,0.97,0.19,0.78
TP1155,C403,CMP01,2024-03-08 21:03:00,2024-03-08,1,5,Web,website,web_referral,CMP01_email,Retention,Tablet,765,2,35,0.0,0.1,0.73,0.8,0.02,8.0
TP288,C403,CMP18,2024-03-25 06:37:00,2024-03-25,2,5,Web,website,web_referral,CMP18_influencer,Awareness,Mobile,977,1,135,0.38,0.38,0.55,0.56,0.63,4.13
TP785,C403,CMP06,2024-05-02 04:28:00,2024-05-02,3,5,Web,website,web_referral,CMP06_display,Conversion,Mobile,255,8,12,0.23,0.82,0.89,0.18,0.27,9.96
TP327,C403,CMP12,2024-05-06 22:45:00,2024-05-06,4,5,In-Store,offline_store,offline,CMP12_influencer,Awareness,Tablet,899,1,33,0.41,0.76,0.89,0.85,0.06,8.8
TP1746,C403,CMP10,2024-06-15 21:20:00,2024-06-15,5,5,Social,social_media,paid_social,CMP10_email,Awareness,Tablet,512,7,109,0.9,-0.82,0.86,0.1,0.63,2.84
TP2609,C404,CMP07,2024-03-09 01:54:00,2024-03-09,1,6,Web,website,web_referral,CMP07_email,Retention,Desktop,1030,9,126,0.24,-0.59,0.25,0.38,0.99,9.33
TP413,C404,CMP10,2024-04-03 10:53:00,2024-04-03,2,6,Web,website,web_referral,CMP10_email,Awareness,Mobile,1083,1,56,0.7,0.6,0.85,0.07,0.96,2.36
TP2299,C404,CMP04,2024-05-13 17:47:00,2024-05-13,3,6,Email,email,email,CMP04_display,Awareness,Desktop,475,1,134,0.35,-0.88,0.69,0.56,0.19,8.2
TP2424,C404,CMP11,2024-06-01 23:23:00,2024-06-01,4,6,In-Store,offline_store,offline,CMP11_display,Awareness,Desktop,1178,6,189,0.55,-0.39,0.14,0.63,0.94,2.25
TP375,C404,CMP09,2024-06-09 15:57:00,2024-06-09,5,6,Email,email,email,CMP09_social_media,Consideration,Mobile,1161,2,124,0.43,-0.63,0.09,0.27,0.02,9.88
TP1755,C404,CMP13,2024-06-12 13:43:00,2024-06-12,6,6,In-Store,offline_store,offline,CMP13_social_media,Retention,Mobile,44,9,80,0.63,-0.33,0.21,0.02,0.92,6.76
TP1163,C405,CMP01,2024-04-01 17:40:00,2024-04-01,1,3,Web,website,web_referral,CMP01_email,Awareness,Tablet,157,8,23,0.34,-0.09,0.73,0.52,0.05,4.21
TP1014,C405,CMP14,2024-04-30 22:29:00,2024-04-30,2,3,Social,social_media,paid_social,CMP14_email,Conversion,Mobile,571,0,174,0.56,0.84,0.77,0.94,0.99,7.44
TP1565,C405,CMP03,2024-06-05 15:07:00,2024-06-05,3,3,Web,website,web_referral,CMP03_influencer,Retention,Desktop,775,7,123,0.43,-0.96,0.24,0.25,0.35,2.78
TP1878,C406,CMP05,2024-04-21 04:49:00,2024-04-21,1,4,In-Store,offline_store,offline,CMP05_email,Consideration,Tablet,681,0,126,0.49,-0.69,0.99,0.47,0.91,2.6
TP2308,C406,CMP10,2024-05-12 02:07:00,2024-05-12,2,4,Mobile,mobile_app,mobile_push,CMP10_email,Awareness,Desktop,487,8,144,0.76,-0.32,0.21,0.21,0.36,9.85
TP1398,C406,CMP04,2024-06-06 16:40:00,2024-06-06,3,4,Web,website,web_referral,CMP04_display,Conversion,Desktop,165,9,79,0.91,0.54,0.9,0.14,0.83,2.72
TP2500,C406,CMP17,2024-06-27 18:44:00,2024-06-27,4,4,In-Store,offline_store,offline,CMP17_display,Conversion,Desktop,377,8,189,1.0,-0.23,0.8,0.74,0.08,3.36
TP1964,C407,CMP05,2024-03-02 01:38:00,2024-03-02,1,7,Web,website,web_referral,CMP05_email,Awareness,Desktop,1072,7,106,0.47,0.18,0.88,0.43,0.72,7.56
TP160,C407,CMP07,2024-03-03 20:19:00,2024-03-03,2,7,Email,email,email,CMP07_email,Retention,Mobile,877,6,121,0.16,0.83,0.73,0.45,0.99,1.74
TP1074,C407,CMP13,2024-04-18 17:00:00,2024-04-18,3,7,In-Store,offline_store,offline,CMP13_social_media,Conversion,Tablet,166,4,42,0.73,-0.69,0.86,0.03,0.88,1.84
TP1359,C407,CMP03,2024-05-09 09:15:00,2024-05-09,4,7,Web,website,web_referral,CMP03_influencer,Awareness,Desktop,906,4,182,0.49,0.18,0.26,0.77,0.73,1.75
TP1220,C407,CMP07,2024-05-16 18:53:00,2024-05-16,5,7,Social,social_media,paid_social,CMP07_email,Consideration,Tablet,233,1,183,0.03,0.96,0.6,0.99,0.5,4.36
TP1561,C407,CMP08,2024-05-27 16:50:00,2024-05-27,6,7,Social,social_media,paid_social,CMP08_search,Awareness,Tablet,475,9,14,0.93,-0.12,0.29,0.07,0.66,9.07
TP200,C407,CMP11,2024-06-20 16:31:00,2024-06-20,7,7,Mobile,mobile_app,mobile_push,CMP11_display,Conversion,Desktop,289,3,37,0.7,0.9,0.46,0.68,0.46,0.85
TP1305,C408,CMP11,2024-03-11 01:49:00,2024-03-11,1,6,Email,email,email,CMP11_display,Awareness,Tablet,476,2,192,0.56,0.69,0.27,0.17,0.48,3.8
TP521,C408,CMP11,2024-03-18 08:57:00,2024-03-18,2,6,In-Store,offline_store,offline,CMP11_display,Retention,Tablet,226,10,37,0.22,0.58,0.39,0.26,0.63,3.42
TP745,C408,CMP05,2024-04-12 11:45:00,2024-04-12,3,6,Social,social_media,paid_social,CMP05_email,Awareness,Tablet,815,4,191,0.82,-0.21,0.62,0.25,0.61,6.11
TP1375,C408,CMP14,2024-05-12 18:15:00,2024-05-12,4,6,In-Store,offline_store,offline,CMP14_email,Conversion,Mobile,786,3,13,0.11,-0.52,0.96,0.58,0.65,1.14
TP944,C408,CMP19,2024-05-16 16:38:00,2024-05-16,5,6,Mobile,mobile_app,mobile_push,CMP19_social_media,Retention,Tablet,90,7,28,0.81,-0.03,0.61,0.83,0.88,2.56
TP380,C408,CMP03,2024-06-04 02:44:00,2024-06-04,6,6,Mobile,mobile_app,mobile_push,CMP03_influencer,Conversion,Desktop,655,0,184,0.85,-0.27,0.04,0.57,0.31,4.8
TP2016,C409,CMP06,2024-03-20 10:31:00,2024-03-20,1,6,Web,website,web_referral,CMP06_display,Conversion,Tablet,899,5,22,0.98,-0.2,0.66,0.7,0.47,5.95
TP520,C409,CMP08,2024-03-31 00:12:00,2024-03-31,2,6,In-Store,offline_store,offline,CMP08_search,Retention,Desktop,263,4,52,0.19,-0.3,0.88,0.2,0.9,1.32
TP2057,C409,CMP09,2024-04-07 10:00:00,2024-04-07,3,6,Email,email,email,CMP09_social_media,Consideration,Mobile,247,10,134,0.21,0.59,0.62,0.61,0.94,7.73
TP982,C409,CMP15,2024-04-30 03:48:00,2024-04-30,4,6,Email,email,email,CMP15_display,Consideration,Mobile,968,5,91,0.84,-0.23,0.94,0.49,0.27,4.79
TP896,C409,CMP01,2024-05-08 23:05:00,2024-05-08,5,6,Email,email,email,CMP01_email,Consideration,Mobile,1049,10,79,0.46,-0.81,0.9,0.94,0.08,2.35
TP2170,C409,CMP14,2024-06-18 11:16:00,2024-06-18,6,6,Web,website,web_referral,CMP14_email,Consideration,Mobile,110,8,131,0.39,0.74,0.03,0.88,0.14,9.8
TP1954,C410,CMP16,2024-03-23 13:51:00,2024-03-23,1,7,Email,email,email,CMP16_social_media,Conversion,Tablet,1130,2,14,0.34,-0.39,0.57,0.77,0.39,1.73
TP1332,C410,CMP12,2024-03-27 11:06:00,2024-03-27,2,7,Social,social_media,paid_social,CMP12_influencer,Retention,Tablet,586,0,138,0.49,-0.81,0.43,0.24,0.82,3.81
TP120,C410,CMP01,2024-04-04 15:53:00,2024-04-04,3,7,Email,email,email,CMP01_email,Retention,Desktop,495,4,153,0.1,0.04,0.43,0.17,0.55,0.84
TP2548,C410,CMP03,2024-04-17 19:23:00,2024-04-17,4,7,Social,social_media,paid_social,CMP03_influencer,Conversion,Desktop,1063,7,34,0.56,-0.92,0.33,0.95,0.34,4.26
TP1845,C410,CMP04,2024-04-30 07:39:00,2024-04-30,5,7,In-Store,offline_store,offline,CMP04_display,Awareness,Desktop,486,8,27,0.7,-0.44,0.06,0.45,0.07,8.79
TP1416,C410,CMP14,2024-05-01 16:53:00,2024-05-01,6,7,Social,social_media,paid_social,CMP14_email,Retention,Desktop,127,3,48,0.05,0.74,0.83,0.14,0.5,7.46
TP723,C410,CMP11,2024-06-26 15:44:00,2024-06-26,7,7,In-Store,offline_store,offline,CMP11_display,Awareness,Mobile,1160,4,33,0.24,-0.41,0.04,0.87,0.37,6.58
TP1464,C411,CMP15,2024-03-07 15:18:00,2024-03-07,1,6,Mobile,mobile_app,mobile_push,CMP15_display,Retention,Mobile,531,7,74,0.86,-0.36,0.15,0.88,0.63,5.36
TP1503,C411,CMP17,2024-04-03 11:52:00,2024-04-03,2,6,In-Store,offline_store,offline,CMP17_display,Conversion,Desktop,562,10,49,0.61,-0.42,0.78,0.1,0.08,5.75
TP962,C411,CMP07,2024-04-05 02:57:00,2024-04-05,3,6,Web,website,web_referral,CMP07_email,Conversion,Mobile,84,6,134,0.86,-0.68,0.93,0.26,0.3,9.43
TP1471,C411,CMP02,2024-04-06 11:57:00,2024-04-06,4,6,Email,email,email,CMP02_email,Conversion,Tablet,73,8,55,0.64,0.25,0.73,0.63,0.86,2.57
TP246,C411,CMP09,2024-04-19 22:12:00,2024-04-19,5,6,Web,website,web_referral,CMP09_social_media,Awareness,Desktop,103,3,94,0.17,0.27,0.66,0.57,0.13,5.14
TP1176,C411,CMP10,2024-06-23 12:46:00,2024-06-23,6,6,Social,social_media,paid_social,CMP10_email,Retention,Mobile,1085,9,167,0.35,-0.65,0.4,0.83,0.51,2.14
TP2291,C412,CMP19,2024-04-30 13:17:00,2024-04-30,1,2,Social,social_media,paid_social,CMP19_social_media,Consideration,Desktop,1186,4,189,0.8,0.92,0.91,0.32,0.44,3.69
TP2590,C412,CMP08,2024-06-28 12:07:00,2024-06-28,2,2,Email,email,email,CMP08_search,Awareness,Mobile,457,9,41,0.19,0.67,0.61,0.45,0.76,8.07
TP1679,C413,CMP14,2024-03-11 11:50:00,2024-03-11,1,3,Mobile,mobile_app,mobile_push,CMP14_email,Conversion,Tablet,197,2,26,0.04,-0.96,0.42,0.62,0.28,7.66
TP735,C413,CMP06,2024-03-30 19:36:00,2024-03-30,2,3,Web,website,web_referral,CMP06_display,Conversion,Mobile,128,5,149,0.69,0.07,0.52,0.77,0.27,8.62
TP971,C413,CMP15,2024-05-18 04:03:00,2024-05-18,3,3,Web,website,web_referral,CMP15_display,Consideration,Tablet,596,2,134,0.49,-0.91,0.53,0.05,0.75,8.12
TP026,C414,CMP07,2024-03-29 17:13:00,2024-03-29,1,5,Web,website,web_referral,CMP07_email,Consideration,Mobile,143,8,140,0.81,-0.53,0.04,0.09,0.13,6.98
TP2495,C414,CMP03,2024-04-24 20:49:00,2024-04-24,2,5,Email,email,email,CMP03_influencer,Conversion,Mobile,957,7,167,0.22,0.53,0.18,0.26,0.42,4.53
TP2030,C414,CMP16,2024-05-18 23:15:00,2024-05-18,3,5,Web,website,web_referral,CMP16_social_media,Awareness,Tablet,279,5,140,0.72,-0.39,0.53,0.92,0.54,4.88
TP2284,C414,CMP13,2024-06-15 00:39:00,2024-06-15,4,5,Social,social_media,paid_social,CMP13_social_media,Retention,Tablet,800,7,108,0.66,-0.64,0.57,0.74,0.7,3.17
TP2056,C414,CMP04,2024-06-15 03:36:00,2024-06-15,5,5,Mobile,mobile_app,mobile_push,CMP04_display,Conversion,Desktop,927,0,199,0.16,-0.59,0.24,0.69,0.42,6.46
TP863,C415,CMP11,2024-04-02 06:59:00,2024-04-02,1,4,Social,social_media,paid_social,CMP11_display,Conversion,Tablet,606,9,186,0.56,-0.28,0.41,0.91,0.07,1.26
TP349,C415,CMP12,2024-04-05 06:52:00,2024-04-05,2,4,Mobile,mobile_app,mobile_push,CMP12_influencer,Awareness,Desktop,1011,6,101,0.62,-0.75,0.4,0.57,0.27,8.84
TP2256,C415,CMP05,2024-05-15 13:47:00,2024-05-15,3,4,Mobile,mobile_app,mobile_push,CMP05_email,Consideration,Mobile,320,3,178,0.62,-0.6,0.08,0.08,0.07,6.01
TP927,C415,CMP06,2024-06-07 08:37:00,2024-06-07,4,4,In-Store,offline_store,offline,CMP06_display,Conversion,Tablet,411,8,100,0.14,0.17,0.75,0.52,0.35,9.5
TP2336,C416,CMP07,2024-03-27 07:31:00,2024-03-27,1,6,Web,website,web_referral,CMP07_email,Conversion,Desktop,1183,6,193,0.49,0.51,0.81,0.82,0.42,1.44
TP2487,C416,CMP18,2024-04-20 03:56:00,2024-04-20,2,6,Mobile,mobile_app,mobile_push,CMP18_influencer,Retention,Tablet,316,3,140,0.23,0.83,0.74,0.72,0.18,4.22
TP296,C416,CMP14,2024-04-27 08:47:00,2024-04-27,3,6,Web,website,web_referral,CMP14_email,Awareness,Tablet,733,2,196,0.22,0.69,0.62,0.68,0.15,1.56
TP2036,C416,CMP01,2024-05-17 04:55:00,2024-05-17,4,6,Mobile,mobile_app,mobile_push,CMP01_email,Conversion,Mobile,779,2,147,0.1,-0.89,0.99,0.86,0.97,2.83
TP479,C416,CMP05,2024-05-25 01:54:00,2024-05-25,5,6,Social,social_media,paid_social,CMP05_email,Conversion,Mobile,852,5,155,0.1,0.94,0.62,0.27,0.39,1.45
TP2526,C416,CMP15,2024-06-29 13:01:00,2024-06-29,6,6,Social,social_media,paid_social,CMP15_display,Retention,Desktop,804,6,189,0.57,0.06,0.89,0.19,0.93,6.68
TP898,C417,CMP05,2024-03-01 09:41:00,2024-03-01,1,8,Social,social_media,paid_social,CMP05_email,Awareness,Desktop,667,1,9,0.27,-0.53,0.25,0.49,0.98,7.14
TP508,C417,CMP13,2024-03-23 12:36:00,2024-03-23,2,8,In-Store,offline_store,offline,CMP13_social_media,Consideration,Tablet,1172,6,73,0.91,-0.67,0.97,0.08,0.82,3.25
TP703,C417,CMP16,2024-05-05 16:31:00,2024-05-05,3,8,In-Store,offline_store,offline,CMP16_social_media,Consideration,Mobile,862,10,58,0.82,-0.86,0.79,0.65,0.79,9.23
TP2496,C417,CMP13,2024-05-11 14:44:00,2024-05-11,4,8,Web,website,web_referral,CMP13_social_media,Awareness,Mobile,443,0,33,0.61,-0.46,0.41,0.72,0.07,9.72
TP966,C417,CMP08,2024-05-15 00:20:00,2024-05-15,5,8,In-Store,offline_store,offline,CMP08_search,Awareness,Tablet,671,0,195,0.16,0.43,0.78,0.38,0.78,2.28
TP695,C417,CMP17,2024-05-22 16:12:00,2024-05-22,6,8,In-Store,offline_store,offline,CMP17_display,Conversion,Tablet,158,7,151,0.01,0.48,0.0,0.39,0.07,8.11
TP1009,C417,CMP07,2024-06-04 12:32:00,2024-06-04,7,8,Web,website,web_referral,CMP07_email,Awareness,Desktop,828,1,18,0.24,0.54,0.31,0.09,0.09,9.52
TP336,C417,CMP02,2024-06-18 19:53:00,2024-06-18,8,8,Social,social_media,paid_social,CMP02_email,Retention,Desktop,875,7,99,0.02,-0.68,0.86,0.44,0.93,0.8
TP1601,C418,CMP17,2024-03-21 17:34:00,2024-03-21,1,6,Mobile,mobile_app,mobile_push,CMP17_display,Retention,Mobile,175,9,47,0.33,-0.16,0.56,0.42,0.74,5.87
TP726,C418,CMP16,2024-04-23 13:35:00,2024-04-23,2,6,Email,email,email,CMP16_social_media,Awareness,Mobile,998,10,68,0.95,0.24,0.15,0.31,0.87,7.62
TP1391,C418,CMP08,2024-04-28 18:49:00,2024-04-28,3,6,Social,social_media,paid_social,CMP08_search,Conversion,Tablet,947,4,137,0.4,-0.79,0.39,0.21,0.64,3.04
TP157,C418,CMP15,2024-05-15 04:33:00,2024-05-15,4,6,Email,email,email,CMP15_display,Awareness,Mobile,303,5,53,0.46,-0.22,0.73,0.07,0.92,3.1
TP2630,C418,CMP06,2024-05-16 11:53:00,2024-05-16,5,6,Web,website,web_referral,CMP06_display,Conversion,Tablet,663,9,25,0.43,-0.7,0.0,0.69,0.51,8.19
TP1718,C418,CMP12,2024-06-14 18:07:00,2024-06-14,6,6,Email,email,email,CMP12_influencer,Retention,Mobile,1019,8,145,0.68,-1.0,0.18,0.12,0.29,9.57
TP1377,C419,CMP18,2024-03-23 20:20:00,2024-03-23,1,3,Web,website,web_referral,CMP18_influencer,Awareness,Desktop,850,4,143,0.09,-0.81,0.87,0.54,0.33,5.87
TP2141,C419,CMP11,2024-03-31 20:26:00,2024-03-31,2,3,Email,email,email,CMP11_display,Consideration,Tablet,283,8,107,0.68,-0.43,0.13,0.71,0.48,2.92
TP145,C419,CMP06,2024-06-29 01:39:00,2024-06-29,3,3,Web,website,web_referral,CMP06_display,Consideration,Tablet,204,1,114,0.7,0.04,0.84,0.71,0.87,9.37
TP1507,C420,CMP19,2024-03-19 10:40:00,2024-03-19,1,9,In-Store,offline_store,offline,CMP19_social_media,Awareness,Mobile,164,10,112,0.95,-0.77,0.16,0.88,0.68,3.13
TP084,C420,CMP11,2024-04-02 10:22:00,2024-04-02,2,9,Social,social_media,paid_social,CMP11_display,Conversion,Mobile,572,3,65,0.7,0.76,0.1,0.05,0.81,8.56
TP737,C420,CMP13,2024-04-10 06:25:00,2024-04-10,3,9,Email,email,email,CMP13_social_media,Retention,Mobile,231,1,9,0.74,-0.13,0.02,0.84,0.17,4.72
TP385,C420,CMP11,2024-04-11 11:47:00,2024-04-11,4,9,Web,website,web_referral,CMP11_display,Consideration,Mobile,905,3,185,0.65,-0.12,0.51,0.46,0.29,4.19
TP1568,C420,CMP12,2024-04-23 22:13:00,2024-04-23,5,9,Web,website,web_referral,CMP12_influencer,Consideration,Tablet,998,4,70,1.0,-0.41,0.19,0.46,0.11,2.72
TP2623,C420,CMP19,2024-04-27 14:54:00,2024-04-27,6,9,Mobile,mobile_app,mobile_push,CMP19_social_media,Awareness,Desktop,515,4,169,0.53,0.15,0.3,0.32,0.17,7.76
TP2631,C420,CMP06,2024-05-05 20:34:00,2024-05-05,7,9,In-Store,offline_store,offline,CMP06_display,Consideration,Mobile,301,0,33,0.98,-0.62,0.67,0.05,0.51,6.59
TP326,C420,CMP03,2024-05-23 17:24:00,2024-05-23,8,9,Web,website,web_referral,CMP03_influencer,Retention,Desktop,986,0,32,0.64,0.3,0.52,0.39,0.9,7.83
TP1465,C420,CMP04,2024-06-11 05:49:00,2024-06-11,9,9,In-Store,offline_store,offline,CMP04_display,Retention,Mobile,1186,10,58,0.31,-0.22,0.08,0.49,0.21,1.43
TP899,C422,CMP16,2024-03-03 16:18:00,2024-03-03,1,9,Mobile,mobile_app,mobile_push,CMP16_social_media,Awareness,Desktop,296,4,173,0.76,0.26,0.8,0.82,0.25,8.01
TP848,C422,CMP15,2024-03-05 22:30:00,2024-03-05,2,9,In-Store,offline_store,offline,CMP15_display,Conversion,Tablet,461,6,60,0.31,-0.74,0.34,0.98,0.69,9.19
TP1818,C422,CMP15,2024-03-06 11:24:00,2024-03-06,3,9,Social,social_media,paid_social,CMP15_display,Retention,Desktop,927,3,119,0.06,-0.06,0.58,0.08,0.82,4.09
TP1432,C422,CMP08,2024-03-15 00:25:00,2024-03-15,4,9,Email,email,email,CMP08_search,Consideration,Desktop,653,5,39,0.27,0.42,0.94,0.91,0.4,2.54
TP2238,C422,CMP15,2024-04-17 12:36:00,2024-04-17,5,9,Email,email,email,CMP15_display,Retention,Mobile,1171,2,72,0.61,-0.78,0.31,0.83,0.86,8.75
TP2387,C422,CMP12,2024-05-16 22:24:00,2024-05-16,6,9,In-Store,offline_store,offline,CMP12_influencer,Conversion,Mobile,843,4,156,0.82,0.23,0.28,0.1,0.44,2.88
TP1766,C422,CMP03,2024-05-23 14:17:00,2024-05-23,7,9,Web,website,web_referral,CMP03_influencer,Retention,Desktop,744,3,135,0.94,-0.72,0.92,0.48,0.78,2.49
TP1083,C422,CMP06,2024-06-15 20:47:00,2024-06-15,8,9,Email,email,email,CMP06_display,Awareness,Mobile,720,4,89,0.16,0.28,0.39,0.35,0.21,6.8
TP386,C422,CMP15,2024-06-18 15:07:00,2024-06-18,9,9,Web,website,web_referral,CMP15_display,Awareness,Tablet,991,10,109,0.06,-0.41,0.05,0.42,0.47,8.38
TP888,C423,CMP03,2024-05-20 20:59:00,2024-05-20,1,3,Web,website,web_referral,CMP03_influencer,Awareness,Mobile,1110,5,195,0.34,0.42,0.36,0.92,0.34,0.64
TP1986,C423,CMP14,2024-06-23 12:04:00,2024-06-23,2,3,Web,website,web_referral,CMP14_email,Consideration,Mobile,1077,7,148,0.76,-0.06,0.97,0.66,0.2,1.75
TP815,C423,CMP07,2024-06-28 05:44:00,2024-06-28,3,3,In-Store,offline_store,offline,CMP07_email,Awareness,Tablet,646,0,172,0.95,-0.23,0.31,0.25,0.76,4.07
TP2486,C424,CMP18,2024-04-04 06:27:00,2024-04-04,1,7,Email,email,email,CMP18_influencer,Awareness,Desktop,429,9,18,0.15,-0.7,0.83,0.69,0.84,3.09
TP1262,C424,CMP10,2024-04-18 08:28:00,2024-04-18,2,7,Social,social_media,paid_social,CMP10_email,Consideration,Mobile,314,7,171,0.19,0.79,0.5,0.84,0.76,6.51
TP1660,C424,CMP11,2024-04-27 18:13:00,2024-04-27,3,7,Email,email,email,CMP11_display,Consideration,Tablet,428,1,96,0.07,-0.61,0.16,0.83,0.61,7.05
TP337,C424,CMP08,2024-05-19 08:32:00,2024-05-19,4,7,Social,social_media,paid_social,CMP08_search,Conversion,Tablet,469,6,98,0.16,0.38,0.7,0.52,0.07,6.49
TP2004,C424,CMP07,2024-05-22 05:39:00,2024-05-22,5,7,Email,email,email,CMP07_email,Conversion,Mobile,359,2,163,0.05,0.81,0.22,0.4,0.81,5.76
TP1577,C424,CMP12,2024-06-25 06:46:00,2024-06-25,6,7,Web,website,web_referral,CMP12_influencer,Awareness,Desktop,304,3,49,0.05,-0.52,0.84,0.36,0.21,8.61
TP581,C424,CMP13,2024-06-28 03:36:00,2024-06-28,7,7,In-Store,offline_store,offline,CMP13_social_media,Retention,Mobile,1184,0,92,0.0,-0.3,0.56,0.61,0.59,2.37
TP1589,C425,CMP03,2024-03-21 00:06:00,2024-03-21,1,4,Social,social_media,paid_social,CMP03_influencer,Conversion,Tablet,1135,4,47,0.73,0.29,0.73,0.78,0.12,1.49
TP2122,C425,CMP01,2024-03-30 20:59:00,2024-03-30,2,4,Email,email,email,CMP01_email,Consideration,Tablet,907,8,195,0.49,-0.26,0.32,0.58,0.52,5.51
TP2466,C425,CMP18,2024-05-20 07:45:00,2024-05-20,3,4,Social,social_media,paid_social,CMP18_influencer,Consideration,Desktop,1165,8,71,0.63,0.2,0.69,0.41,0.73,7.05
TP1267,C425,CMP03,2024-06-27 18:16:00,2024-06-27,4,4,Email,email,email,CMP03_influencer,Conversion,Desktop,961,2,130,0.21,0.01,0.39,0.07,0.47,8.86
TP2634,C426,CMP13,2024-03-07 14:31:00,2024-03-07,1,3,In-Store,offline_store,offline,CMP13_social_media,Conversion,Desktop,835,0,15,0.58,0.78,0.79,0.24,0.6,8.48
TP2022,C426,CMP02,2024-03-21 13:24:00,2024-03-21,2,3,Social,social_media,paid_social,CMP02_email,Consideration,Desktop,773,9,40,0.48,0.04,0.49,0.19,0.97,1.28
TP2249,C426,CMP13,2024-05-27 16:39:00,2024-05-27,3,3,Social,social_media,paid_social,CMP13_social_media,Awareness,Mobile,278,5,159,0.17,-0.05,0.57,0.05,0.28,6.6
TP1605,C427,CMP15,2024-04-06 05:06:00,2024-04-06,1,4,Web,website,web_referral,CMP15_display,Awareness,Mobile,872,3,171,0.94,0.82,0.93,0.56,0.27,7.04
TP2091,C427,CMP08,2024-04-09 09:46:00,2024-04-09,2,4,Mobile,mobile_app,mobile_push,CMP08_search,Retention,Mobile,866,7,134,0.46,0.77,0.19,0.2,0.27,0.8
TP698,C427,CMP13,2024-04-27 08:32:00,2024-04-27,3,4,Email,email,email,CMP13_social_media,Consideration,Tablet,414,6,125,0.99,0.38,0.92,0.57,0.86,6.47
TP1905,C427,CMP16,2024-05-06 21:25:00,2024-05-06,4,4,Mobile,mobile_app,mobile_push,CMP16_social_media,Conversion,Mobile,773,0,188,0.8,-0.34,0.65,0.96,0.33,0.73
TP1772,C428,CMP13,2024-03-05 08:39:00,2024-03-05,1,4,Web,website,web_referral,CMP13_social_media,Consideration,Mobile,1186,2,180,0.78,0.34,0.33,0.28,0.49,5.82
TP2513,C428,CMP14,2024-04-01 11:08:00,2024-04-01,2,4,Mobile,mobile_app,mobile_push,CMP14_email,Consideration,Tablet,710,0,174,0.66,0.12,0.61,0.98,0.06,1.5
TP2418,C428,CMP03,2024-04-02 00:38:00,2024-04-02,3,4,Social,social_media,paid_social,CMP03_influencer,Conversion,Desktop,72,10,160,0.18,-0.55,0.35,0.63,0.2,9.81
TP078,C428,CMP17,2024-06-19 15:22:00,2024-06-19,4,4,Web,website,web_referral,CMP17_display,Consideration,Mobile,813,4,58,0.82,-0.24,0.5,0.74,0.41,8.11
TP2065,C429,CMP10,2024-05-30 21:16:00,2024-05-30,1,2,Social,social_media,paid_social,CMP10_email,Retention,Mobile,731,1,147,0.98,0.43,0.84,0.77,0.21,2.67
TP1656,C429,CMP08,2024-06-13 23:56:00,2024-06-13,2,2,In-Store,offline_store,offline,CMP08_search,Conversion,Mobile,745,7,160,0.96,0.33,0.8,0.55,0.7,2.51
TP2343,C430,CMP10,2024-04-05 00:13:00,2024-04-05,1,2,Web,website,web_referral,CMP10_email,Retention,Tablet,117,8,52,0.25,-0.86,0.76,0.01,0.75,3.29
TP2404,C430,CMP13,2024-06-25 05:02:00,2024-06-25,2,2,In-Store,offline_store,offline,CMP13_social_media,Consideration,Mobile,76,2,85,0.38,-0.45,0.51,0.57,0.28,9.58
TP080,C431,CMP14,2024-03-05 09:27:00,2024-03-05,1,4,Email,email,email,CMP14_email,Consideration,Desktop,823,2,93,0.93,0.4,0.33,0.01,0.09,2.54
TP1580,C431,CMP14,2024-03-15 03:12:00,2024-03-15,2,4,Web,website,web_referral,CMP14_email,Conversion,Mobile,1116,1,58,0.82,0.8,0.34,0.41,0.75,4.83
TP497,C431,CMP11,2024-05-06 14:50:00,2024-05-06,3,4,Mobile,mobile_app,mobile_push,CMP11_display,Awareness,Desktop,879,7,155,0.55,-0.22,0.72,0.38,0.36,5.19
TP173,C431,CMP14,2024-05-25 15:40:00,2024-05-25,4,4,Mobile,mobile_app,mobile_push,CMP14_email,Conversion,Desktop,347,0,149,0.43,-0.53,0.64,0.88,0.44,6.98
TP1735,C432,CMP07,2024-03-15 01:50:00,2024-03-15,1,4,Web,website,web_referral,CMP07_email,Conversion,Desktop,696,4,22,0.44,0.02,0.72,0.12,0.53,5.9
TP2438,C432,CMP16,2024-03-28 20:44:00,2024-03-28,2,4,Social,social_media,paid_social,CMP16_social_media,Conversion,Mobile,775,0,169,0.15,0.26,0.04,0.03,0.17,1.57
TP652,C432,CMP09,2024-05-10 23:21:00,2024-05-10,3,4,Social,social_media,paid_social,CMP09_social_media,Retention,Tablet,36,3,13,0.97,-0.32,0.79,0.83,0.4,7.19
TP2075,C432,CMP11,2024-06-01 08:55:00,2024-06-01,4,4,Social,social_media,paid_social,CMP11_display,Retention,Tablet,978,7,143,0.92,0.04,0.96,0.72,0.06,2.14
TP1172,C433,CMP02,2024-03-15 15:07:00,2024-03-15,1,1,In-Store,offline_store,offline,CMP02_email,Awareness,Desktop,428,10,17,0.96,0.5,0.78,0.46,0.05,6.89
TP841,C434,CMP19,2024-03-03 22:03:00,2024-03-03,1,4,Email,email,email,CMP19_social_media,Conversion,Tablet,757,10,100,0.66,-0.9,0.33,0.19,0.18,2.95
TP347,C434,CMP17,2024-03-25 16:48:00,2024-03-25,2,4,In-Store,offline_store,offline,CMP17_display,Conversion,Tablet,119,6,139,0.32,0.06,0.76,0.07,0.28,7.35
TP1385,C434,CMP09,2024-05-07 08:28:00,2024-05-07,3,4,Social,social_media,paid_social,CMP09_social_media,Awareness,Tablet,288,7,196,0.76,-0.81,0.67,0.57,0.87,8.28
TP1151,C434,CMP18,2024-06-01 01:39:00,2024-06-01,4,4,Web,website,web_referral,CMP18_influencer,Conversion,Tablet,400,0,155,0.26,-0.62,0.05,0.03,0.29,2.34
TP2337,C435,CMP09,2024-03-01 16:56:00,2024-03-01,1,12,Web,website,web_referral,CMP09_social_media,Retention,Desktop,872,3,118,0.95,-0.54,0.92,0.91,0.45,2.83
TP1647,C435,CMP12,2024-03-03 05:03:00,2024-03-03,2,12,Mobile,mobile_app,mobile_push,CMP12_influencer,Consideration,Mobile,917,10,189,0.45,-0.48,0.49,0.24,0.03,3.64
TP1449,C435,CMP01,2024-03-17 07:06:00,2024-03-17,3,12,Social,social_media,paid_social,CMP01_email,Retention,Tablet,631,2,70,0.09,0.62,0.65,0.82,0.49,9.3
TP2620,C435,CMP17,2024-03-27 19:48:00,2024-03-27,4,12,Mobile,mobile_app,mobile_push,CMP17_display,Conversion,Desktop,172,10,95,0.28,0.55,0.35,0.36,0.38,1.0
TP634,C435,CMP10,2024-05-05 09:15:00,2024-05-05,5,12,Mobile,mobile_app,mobile_push,CMP10_email,Retention,Tablet,545,7,17,0.82,0.73,0.14,0.0,0.94,1.42
TP1327,C435,CMP07,2024-05-10 05:10:00,2024-05-10,6,12,Social,social_media,paid_social,CMP07_email,Awareness,Tablet,131,6,65,0.18,0.6,0.42,0.92,0.22,7.29
TP1319,C435,CMP04,2024-05-11 01:05:00,2024-05-11,7,12,In-Store,offline_store,offline,CMP04_display,Retention,Desktop,558,0,65,0.03,-0.47,0.43,0.58,0.4,3.32
TP1081,C435,CMP08,2024-05-19 14:37:00,2024-05-19,8,12,Mobile,mobile_app,mobile_push,CMP08_search,Conversion,Desktop,661,2,125,0.48,-0.02,0.63,0.85,0.9,6.76
TP1916,C435,CMP19,2024-05-19 15:39:00,2024-05-19,9,12,Mobile,mobile_app,mobile_push,CMP19_social_media,Consideration,Tablet,854,7,185,0.87,0.57,0.56,0.84,0.65,7.31
TP1674,C435,CMP01,2024-06-04 04:03:00,2024-06-04,10,12,Social,social_media,paid_social,CMP01_email,Consideration,Tablet,985,4,98,0.34,0.8,0.75,0.37,0.73,5.74
TP1094,C435,CMP03,2024-06-08 12:16:00,2024-06-08,11,12,In-Store,offline_store,offline,CMP03_influencer,Awareness,Tablet,62,5,133,0.75,-0.9,0.92,0.11,0.5,5.87
TP1447,C435,CMP07,2024-06-24 03:32:00,2024-06-24,12,12,Web,website,web_referral,CMP07_email,Consideration,Mobile,418,2,146,0.12,-0.99,0.32,0.75,0.2,9.95
TP802,C436,CMP19,2024-04-20 00:15:00,2024-04-20,1,5,Email,email,email,CMP19_social_media,Conversion,Desktop,168,2,61,0.93,-0.37,0.8,0.7,0.45,3.53
TP002,C436,CMP03,2024-04-22 17:49:00,2024-04-22,2,5,Email,email,email,CMP03_influencer,Retention,Tablet,557,3,68,0.09,0.78,0.28,0.48,0.07,8.94
TP1585,C436,CMP17,2024-04-30 07:16:00,2024-04-30,3,5,Mobile,mobile_app,mobile_push,CMP17_display,Retention,Desktop,651,2,151,0.15,-0.05,0.48,0.43,0.79,3.18
TP2326,C436,CMP09,2024-05-11 17:48:00,2024-05-11,4,5,Social,social_media,paid_social,CMP09_social_media,Awareness,Mobile,951,4,166,0.08,-0.57,0.75,0.73,0.74,1.86
TP1491,C436,CMP11,2024-06-11 14:05:00,2024-06-11,5,5,Mobile,mobile_app,mobile_push,CMP11_display,Consideration,Tablet,950,3,136,0.75,-0.56,0.14,0.79,0.35,2.73
TP1025,C437,CMP14,2024-03-20 15:20:00,2024-03-20,1,4,Social,social_media,paid_social,CMP14_email,Conversion,Tablet,274,6,44,0.36,-0.92,0.32,0.26,0.33,1.98
TP2253,C437,CMP17,2024-04-04 16:28:00,2024-04-04,2,4,Social,social_media,paid_social,CMP17_display,Retention,Tablet,306,8,42,0.63,-0.35,0.37,0.03,0.86,4.78
TP1282,C437,CMP17,2024-04-24 18:28:00,2024-04-24,3,4,Email,email,email,CMP17_display,Retention,Tablet,100,7,162,0.17,-0.0,0.58,0.03,0.94,8.16
TP2077,C437,CMP10,2024-05-30 03:31:00,2024-05-30,4,4,Mobile,mobile_app,mobile_push,CMP10_email,Awareness,Tablet,61,9,163,0.22,-0.42,0.35,0.34,0.79,6.95
TP1574,C438,CMP13,2024-03-12 19:44:00,2024-03-12,1,4,In-Store,offline_store,offline,CMP13_social_media,Retention,Mobile,298,3,162,0.74,-0.64,0.94,0.56,0.51,8.46
TP2596,C438,CMP07,2024-03-27 14:58:00,2024-03-27,2,4,In-Store,offline_store,offline,CMP07_email,Consideration,Tablet,261,5,5,0.98,0.4,0.32,0.69,0.58,3.98
TP434,C438,CMP12,2024-05-03 18:46:00,2024-05-03,3,4,In-Store,offline_store,offline,CMP12_influencer,Conversion,Tablet,1069,5,138,0.16,-0.41,0.63,0.59,0.4,5.77
TP1056,C438,CMP13,2024-05-10 00:30:00,2024-05-10,4,4,In-Store,offline_store,offline,CMP13_social_media,Consideration,Mobile,697,9,112,0.78,0.07,0.09,0.67,0.13,1.54
TP299,C439,CMP06,2024-03-25 19:13:00,2024-03-25,1,3,Mobile,mobile_app,mobile_push,CMP06_display,Awareness,Desktop,160,9,89,0.39,-0.37,0.06,0.56,0.23,1.33
TP596,C439,CMP14,2024-04-20 05:36:00,2024-04-20,2,3,Social,social_media,paid_social,CMP14_email,Consideration,Desktop,1007,7,115,0.94,-0.98,0.4,0.33,0.73,0.97
TP1472,C439,CMP18,2024-06-07 07:53:00,2024-06-07,3,3,In-Store,offline_store,offline,CMP18_influencer,Awareness,Desktop,849,7,28,0.28,0.17,0.99,0.69,0.86,5.19
TP1649,C440,CMP10,2024-04-14 10:36:00,2024-04-14,1,7,Mobile,mobile_app,mobile_push,CMP10_email,Consideration,Tablet,473,10,93,0.56,0.36,0.59,0.22,0.72,2.85
TP1275,C440,CMP17,2024-05-16 05:14:00,2024-05-16,2,7,Email,email,email,CMP17_display,Conversion,Tablet,1105,0,14,0.16,-0.28,0.81,0.96,0.81,4.32
TP2370,C440,CMP15,2024-05-20 08:54:00,2024-05-20,3,7,Email,email,email,CMP15_display,Consideration,Mobile,699,8,193,0.09,0.99,0.33,0.11,0.8,1.3
TP2163,C440,CMP04,2024-05-27 14:04:00,2024-05-27,4,7,Social,social_media,paid_social,CMP04_display,Awareness,Tablet,361,7,199,0.39,-0.29,0.49,0.98,0.55,2.88
TP275,C440,CMP16,2024-05-31 23:07:00,2024-05-31,5,7,In-Store,offline_store,offline,CMP16_social_media,Awareness,Mobile,639,0,131,0.45,0.56,0.95,0.91,0.72,6.97
TP2051,C440,CMP09,2024-06-08 00:35:00,2024-06-08,6,7,In-Store,offline_store,offline,CMP09_social_media,Retention,Tablet,865,6,155,0.56,-0.91,0.9,0.64,0.54,3.55
TP2095,C440,CMP01,2024-06-18 17:44:00,2024-06-18,7,7,Mobile,mobile_app,mobile_push,CMP01_email,Conversion,Mobile,652,9,2,0.28,-0.37,0.42,0.28,0.82,6.37
TP1468,C441,CMP18,2024-03-12 20:09:00,2024-03-12,1,8,Web,website,web_referral,CMP18_influencer,Retention,Desktop,479,0,157,0.89,0.19,0.76,0.05,0.29,2.7
TP1237,C441,CMP17,2024-03-17 01:14:00,2024-03-17,2,8,Web,website,web_referral,CMP17_display,Awareness,Mobile,991,4,144,0.09,-0.58,0.99,0.99,0.11,4.14
TP935,C441,CMP09,2024-03-22 22:57:00,2024-03-22,3,8,Social,social_media,paid_social,CMP09_social_media,Awareness,Tablet,371,7,74,0.36,-0.64,0.92,0.33,0.26,1.51
TP218,C441,CMP08,2024-03-26 08:59:00,2024-03-26,4,8,In-Store,offline_store,offline,CMP08_search,Conversion,Tablet,337,4,3,0.76,0.54,0.16,0.24,0.48,8.83
TP2381,C441,CMP07,2024-04-06 13:36:00,2024-04-06,5,8,Mobile,mobile_app,mobile_push,CMP07_email,Awareness,Desktop,274,10,53,0.06,0.45,0.27,0.93,0.73,2.4
TP920,C441,CMP04,2024-04-30 13:20:00,2024-04-30,6,8,Email,email,email,CMP04_display,Conversion,Desktop,719,4,140,0.38,0.02,0.41,0.84,0.75,6.28
TP1321,C441,CMP02,2024-06-16 20:41:00,2024-06-16,7,8,Social,social_media,paid_social,CMP02_email,Consideration,Desktop,642,5,14,0.97,0.68,0.27,0.37,0.7,4.58
TP345,C441,CMP16,2024-06-21 08:02:00,2024-06-21,8,8,In-Store,offline_store,offline,CMP16_social_media,Conversion,Tablet,667,4,48,0.92,0.33,0.6,0.53,0.11,9.94
TP672,C442,CMP10,2024-03-18 19:46:00,2024-03-18,1,5,Web,website,web_referral,CMP10_email,Consideration,Desktop,987,6,164,0.23,0.37,0.79,0.09,0.98,4.15
TP1804,C442,CMP04,2024-03-26 07:45:00,2024-03-26,2,5,Email,email,email,CMP04_display,Retention,Tablet,1067,2,3,0.16,0.03,0.88,0.5,0.73,5.62
TP266,C442,CMP18,2024-05-18 10:21:00,2024-05-18,3,5,Email,email,email,CMP18_influencer,Retention,Tablet,1123,6,96,0.16,-0.52,0.81,0.64,0.85,1.68
TP830,C442,CMP02,2024-05-22 23:25:00,2024-05-22,4,5,Mobile,mobile_app,mobile_push,CMP02_email,Conversion,Mobile,877,3,31,0.64,-0.49,0.29,0.55,0.74,9.56
TP2606,C442,CMP12,2024-06-22 20:32:00,2024-06-22,5,5,Email,email,email,CMP12_influencer,Awareness,Mobile,788,5,108,0.12,-0.13,0.33,0.56,0.12,6.57
TP1705,C443,CMP16,2024-03-02 09:21:00,2024-03-02,1,9,In-Store,offline_store,offline,CMP16_social_media,Consideration,Mobile,868,9,193,0.51,-0.38,0.89,0.75,0.21,5.71
TP423,C443,CMP03,2024-03-10 02:19:00,2024-03-10,2,9,Social,social_media,paid_social,CMP03_influencer,Conversion,Desktop,618,10,57,0.47,0.35,0.71,0.27,0.13,5.79
TP1606,C443,CMP09,2024-03-26 09:47:00,2024-03-26,3,9,Web,website,web_referral,CMP09_social_media,Retention,Tablet,294,0,84,0.55,0.06,0.87,0.31,0.17,5.39
TP1274,C443,CMP15,2024-04-02 22:18:00,2024-04-02,4,9,Mobile,mobile_app,mobile_push,CMP15_display,Consideration,Desktop,553,7,82,0.42,0.43,0.8,0.46,0.12,0.83
TP325,C443,CMP18,2024-05-18 20:53:00,2024-05-18,5,9,Email,email,email,CMP18_influencer,Consideration,Desktop,283,1,92,0.58,-0.23,0.11,0.42,0.27,6.74
TP1924,C443,CMP04,2024-06-05 12:22:00,2024-06-05,6,9,In-Store,offline_store,offline,CMP04_display,Consideration,Mobile,282,10,37,0.71,-0.37,0.39,0.91,0.42,7.53
TP1989,C443,CMP10,2024-06-08 19:09:00,2024-06-08,7,9,Mobile,mobile_app,mobile_push,CMP10_email,Conversion,Mobile,1029,0,191,0.06,0.04,0.51,0.59,0.19,4.68
TP2180,C443,CMP17,2024-06-14 12:43:00,2024-06-14,8,9,Social,social_media,paid_social,CMP17_display,Awareness,Mobile,962,2,181,0.33,-0.08,0.48,0.37,0.32,1.53
TP2377,C443,CMP13,2024-06-17 22:05:00,2024-06-17,9,9,Web,website,web_referral,CMP13_social_media,Consideration,Tablet,465,10,110,0.17,0.09,0.7,0.59,0.37,6.58
TP076,C444,CMP05,2024-04-10 00:18:00,2024-04-10,1,6,Web,website,web_referral,CMP05_email,Consideration,Tablet,731,0,136,0.22,0.72,0.32,0.25,0.8,8.64
TP1383,C444,CMP12,2024-05-01 04:51:00,2024-05-01,2,6,Mobile,mobile_app,mobile_push,CMP12_influencer,Awareness,Desktop,1145,5,107,0.19,0.35,0.84,0.79,0.7,8.69
TP562,C444,CMP08,2024-05-10 19:26:00,2024-05-10,3,6,Email,email,email,CMP08_search,Consideration,Mobile,859,1,96,0.9,0.31,0.78,0.05,0.31,3.49
TP2616,C444,CMP08,2024-06-16 04:40:00,2024-06-16,4,6,Mobile,mobile_app,mobile_push,CMP08_search,Consideration,Desktop,781,2,81,0.7,0.24,0.5,0.37,0.38,3.49
TP2439,C444,CMP05,2024-06-22 06:01:00,2024-06-22,5,6,Email,email,email,CMP05_email,Retention,Tablet,288,5,108,0.53,0.38,0.73,0.56,0.73,5.55
TP030,C444,CMP03,2024-06-22 16:43:00,2024-06-22,6,6,In-Store,offline_store,offline,CMP03_influencer,Consideration,Mobile,108,4,90,0.05,-0.82,0.85,0.08,0.95,1.5
TP2607,C445,CMP06,2024-03-24 20:43:00,2024-03-24,1,8,Email,email,email,CMP06_display,Consideration,Mobile,657,3,46,0.89,-0.35,0.95,0.76,0.09,8.53
TP783,C445,CMP01,2024-03-28 00:16:00,2024-03-28,2,8,Mobile,mobile_app,mobile_push,CMP01_email,Retention,Mobile,30,4,113,0.74,0.8,0.13,0.45,0.98,2.3
TP865,C445,CMP05,2024-03-31 02:53:00,2024-03-31,3,8,In-Store,offline_store,offline,CMP05_email,Awareness,Desktop,783,1,11,0.31,-0.71,0.97,0.83,0.2,5.46
TP696,C445,CMP14,2024-05-16 20:01:00,2024-05-16,4,8,Mobile,mobile_app,mobile_push,CMP14_email,Consideration,Tablet,540,1,41,0.88,-0.27,0.32,0.25,0.75,7.33
TP2390,C445,CMP01,2024-05-20 07:33:00,2024-05-20,5,8,Social,social_media,paid_social,CMP01_email,Consideration,Mobile,194,10,198,0.89,0.21,0.78,0.9,0.35,0.9
TP404,C445,CMP09,2024-06-04 19:21:00,2024-06-04,6,8,Mobile,mobile_app,mobile_push,CMP09_social_media,Consideration,Desktop,936,10,32,0.72,0.52,0.12,0.4,0.66,1.7
TP1926,C445,CMP06,2024-06-07 00:46:00,2024-06-07,7,8,Web,website,web_referral,CMP06_display,Retention,Desktop,653,4,147,0.28,0.8,0.13,0.03,0.1,4.82
TP2594,C445,CMP15,2024-06-16 19:51:00,2024-06-16,8,8,Mobile,mobile_app,mobile_push,CMP15_display,Awareness,Tablet,442,7,16,0.52,0.55,0.46,0.01,0.82,7.43
TP050,C446,CMP08,2024-03-02 21:40:00,2024-03-02,1,12,In-Store,offline_store,offline,CMP08_search,Conversion,Mobile,848,1,13,0.86,-0.52,0.95,0.57,0.5,1.92
TP226,C446,CMP04,2024-03-15 10:36:00,2024-03-15,2,12,Social,social_media,paid_social,CMP04_display,Retention,Mobile,844,7,3,0.19,-0.77,0.92,0.97,0.41,3.05
TP1043,C446,CMP16,2024-03-19 13:19:00,2024-03-19,3,12,Mobile,mobile_app,mobile_push,CMP16_social_media,Conversion,Mobile,55,1,109,0.48,-0.94,0.64,0.1,0.56,2.14
TP1891,C446,CMP01,2024-03-19 18:27:00,2024-03-19,4,12,In-Store,offline_store,offline,CMP01_email,Conversion,Mobile,1002,9,46,0.6,0.16,0.36,0.7,0.6,9.57
TP2043,C446,CMP02,2024-04-05 13:03:00,2024-04-05,5,12,Mobile,mobile_app,mobile_push,CMP02_email,Awareness,Mobile,274,7,194,0.33,-0.1,1.0,0.5,0.3,6.43
TP1291,C446,CMP19,2024-04-13 04:54:00,2024-04-13,6,12,Email,email,email,CMP19_social_media,Conversion,Mobile,263,8,171,0.72,0.82,0.47,0.29,0.03,8.66
TP646,C446,CMP02,2024-05-07 05:13:00,2024-05-07,7,12,In-Store,offline_store,offline,CMP02_email,Awareness,Tablet,522,5,122,0.57,0.58,0.81,0.87,0.82,1.12
TP101,C446,CMP06,2024-05-28 12:20:00,2024-05-28,8,12,Email,email,email,CMP06_display,Conversion,Mobile,653,5,100,0.26,-0.19,0.56,0.39,0.43,2.24
TP2072,C446,CMP09,2024-06-01 20:05:00,2024-06-01,9,12,In-Store,offline_store,offline,CMP09_social_media,Awareness,Desktop,789,10,20,0.3,1.0,0.17,0.9,0.86,5.99
TP237,C446,CMP04,2024-06-07 08:34:00,2024-06-07,10,12,In-Store,offline_store,offline,CMP04_display,Conversion,Mobile,1035,4,101,0.34,-0.07,0.78,0.11,0.27,7.42
TP1530,C446,CMP16,2024-06-08 18:08:00,2024-06-08,11,12,Web,website,web_referral,CMP16_social_media,Consideration,Mobile,790,3,107,0.68,-0.2,0.0,0.61,0.2,4.05
TP048,C446,CMP01,2024-06-11 11:34:00,2024-06-11,12,12,In-Store,offline_store,offline,CMP01_email,Consideration,Mobile,449,4,14,0.87,-0.64,1.0,0.08,0.33,3.39
TP543,C447,CMP05,2024-03-01 00:23:00,2024-03-01,1,5,Email,email,email,CMP05_email,Retention,Desktop,292,2,125,0.42,-0.99,0.51,0.26,0.68,4.87
TP625,C447,CMP01,2024-03-30 16:10:00,2024-03-30,2,5,Mobile,mobile_app,mobile_push,CMP01_email,Consideration,Desktop,816,10,40,0.97,-0.01,0.98,0.87,0.13,4.09
TP1095,C447,CMP08,2024-04-25 01:45:00,2024-04-25,3,5,In-Store,offline_store,offline,CMP08_search,Consideration,Desktop,533,1,51,0.75,-0.04,0.0,0.48,0.01,7.4
TP963,C447,CMP06,2024-05-27 22:56:00,2024-05-27,4,5,Social,social_media,paid_social,CMP06_display,Awareness,Desktop,768,6,186,0.21,-0.62,0.06,0.7,0.55,0.81
TP2597,C447,CMP13,2024-06-07 05:59:00,2024-06-07,5,5,Email,email,email,CMP13_social_media,Conversion,Desktop,864,6,30,0.6,0.86,0.61,0.11,0.62,1.5
TP2417,C448,CMP13,2024-03-31 03:43:00,2024-03-31,1,4,Mobile,mobile_app,mobile_push,CMP13_social_media,Awareness,Mobile,127,9,98,0.99,0.94,0.2,0.68,0.06,0.91
TP1457,C448,CMP10,2024-05-17 10:06:00,2024-05-17,2,4,Web,website,web_referral,CMP10_email,Retention,Tablet,859,2,76,0.85,0.25,0.03,0.56,0.83,7.64
TP2277,C448,CMP09,2024-05-17 14:02:00,2024-05-17,3,4,Email,email,email,CMP09_social_media,Retention,Mobile,821,1,194,0.36,-0.84,0.6,0.53,0.99,2.19
TP444,C448,CMP19,2024-05-20 06:32:00,2024-05-20,4,4,Email,email,email,CMP19_social_media,Consideration,Mobile,655,9,95,0.17,0.87,0.55,0.66,0.16,8.69
TP1062,C449,CMP15,2024-03-14 00:09:00,2024-03-14,1,3,Web,website,web_referral,CMP15_display,Consideration,Desktop,683,9,35,0.39,-0.07,0.79,0.09,0.33,1.19
TP1044,C449,CMP05,2024-06-14 08:41:00,2024-06-14,2,3,In-Store,offline_store,offline,CMP05_email,Awareness,Tablet,595,7,43,0.27,0.38,0.47,0.05,0.5,8.21
TP170,C449,CMP03,2024-06-22 22:49:00,2024-06-22,3,3,Social,social_media,paid_social,CMP03_influencer,Retention,Mobile,439,4,42,0.24,0.66,0.89,0.49,0.44,7.75
TP1122,C450,CMP07,2024-03-10 00:28:00,2024-03-10,1,8,Web,website,web_referral,CMP07_email,Consideration,Desktop,752,6,134,0.03,0.51,0.65,0.06,0.71,5.69
TP500,C450,CMP16,2024-03-12 11:28:00,2024-03-12,2,8,Social,social_media,paid_social,CMP16_social_media,Retention,Mobile,806,7,128,0.36,0.15,0.52,0.97,0.52,7.42
TP983,C450,CMP18,2024-03-14 17:26:00,2024-03-14,3,8,In-Store,offline_store,offline,CMP18_influencer,Awareness,Tablet,986,6,114,0.81,0.17,0.71,0.78,0.99,6.21
TP1793,C450,CMP03,2024-03-25 01:35:00,2024-03-25,4,8,Social,social_media,paid_social,CMP03_influencer,Consideration,Tablet,494,4,140,0.5,-0.62,0.66,0.64,0.86,0.83
TP2025,C450,CMP06,2024-03-29 14:29:00,2024-03-29,5,8,Email,email,email,CMP06_display,Conversion,Desktop,1020,7,72,0.49,-0.15,0.99,0.28,0.38,5.81
TP2265,C450,CMP11,2024-04-13 00:59:00,2024-04-13,6,8,Social,social_media,paid_social,CMP11_display,Awareness,Tablet,50,10,163,0.84,0.14,0.93,0.0,0.35,1.66
TP1897,C450,CMP09,2024-04-21 21:18:00,2024-04-21,7,8,Mobile,mobile_app,mobile_push,CMP09_social_media,Conversion,Desktop,1067,5,57,0.22,0.72,0.87,0.24,0.27,9.91
TP1442,C450,CMP02,2024-05-01 21:14:00,2024-05-01,8,8,In-Store,offline_store,offline,CMP02_email,Conversion,Tablet,423,5,23,0.25,0.33,0.79,0.55,0.19,9.11
TP875,C451,CMP09,2024-03-11 09:58:00,2024-03-11,1,4,Social,social_media,paid_social,CMP09_social_media,Retention,Tablet,41,9,160,0.03,0.15,0.71,0.84,0.8,7.04
TP329,C451,CMP06,2024-03-22 10:47:00,2024-03-22,2,4,Mobile,mobile_app,mobile_push,CMP06_display,Consideration,Desktop,1078,0,26,0.4,-0.94,0.27,0.85,0.39,8.21
TP2518,C451,CMP15,2024-03-23 01:07:00,2024-03-23,3,4,Mobile,mobile_app,mobile_push,CMP15_display,Conversion,Tablet,502,5,73,0.19,-0.36,0.3,0.33,0.42,5.72
TP630,C451,CMP15,2024-05-25 22:11:00,2024-05-25,4,4,Web,website,web_referral,CMP15_display,Conversion,Mobile,162,5,23,0.43,-0.59,0.92,0.33,0.08,3.27
TP2085,C452,CMP01,2024-03-25 05:20:00,2024-03-25,1,2,Web,website,web_referral,CMP01_email,Retention,Tablet,1156,8,36,0.19,-0.52,0.64,0.95,0.58,4.18
TP1728,C452,CMP13,2024-05-30 07:09:00,2024-05-30,2,2,Web,website,web_referral,CMP13_social_media,Consideration,Tablet,869,6,103,0.19,0.1,0.92,0.76,0.47,5.08
TP2382,C453,CMP15,2024-03-08 06:12:00,2024-03-08,1,5,Web,website,web_referral,CMP15_display,Awareness,Mobile,330,8,22,0.92,-0.98,0.59,0.33,0.21,7.69
TP2198,C453,CMP14,2024-05-06 17:49:00,2024-05-06,2,5,In-Store,offline_store,offline,CMP14_email,Conversion,Desktop,882,3,103,0.16,-0.6,0.15,0.96,0.13,7.93
TP647,C453,CMP11,2024-05-07 14:47:00,2024-05-07,3,5,In-Store,offline_store,offline,CMP11_display,Retention,Desktop,678,7,134,0.44,-0.43,0.71,0.91,0.08,3.4
TP446,C453,CMP10,2024-05-12 11:34:00,2024-05-12,4,5,In-Store,offline_store,offline,CMP10_email,Conversion,Tablet,190,6,138,0.32,-0.24,0.65,0.87,0.74,1.04
TP365,C453,CMP16,2024-05-28 23:43:00,2024-05-28,5,5,Mobile,mobile_app,mobile_push,CMP16_social_media,Awareness,Desktop,1119,0,33,0.91,0.63,0.4,0.22,0.64,0.53
TP2580,C454,CMP01,2024-04-10 07:10:00,2024-04-10,1,3,Web,website,web_referral,CMP01_email,Conversion,Tablet,987,4,135,0.91,-0.85,0.12,0.65,0.34,8.08
TP2192,C454,CMP16,2024-06-04 06:54:00,2024-06-04,2,3,Mobile,mobile_app,mobile_push,CMP16_social_media,Awareness,Mobile,108,6,75,0.58,-0.53,0.98,0.18,0.21,6.06
TP1278,C454,CMP04,2024-06-13 08:48:00,2024-06-13,3,3,Web,website,web_referral,CMP04_display,Conversion,Mobile,686,8,16,0.14,-0.86,0.73,0.85,0.99,9.56
TP2430,C455,CMP14,2024-03-26 18:46:00,2024-03-26,1,7,Mobile,mobile_app,mobile_push,CMP14_email,Awareness,Mobile,1084,1,26,0.86,0.11,0.74,0.02,0.37,4.7
TP1613,C455,CMP12,2024-04-11 14:27:00,2024-04-11,2,7,Email,email,email,CMP12_influencer,Retention,Desktop,1142,2,66,0.84,-0.06,0.41,0.05,0.46,1.47
TP1628,C455,CMP13,2024-05-26 08:52:00,2024-05-26,3,7,Web,website,web_referral,CMP13_social_media,Retention,Desktop,1113,0,136,0.05,0.63,0.55,0.25,0.74,5.66
TP077,C455,CMP01,2024-06-09 18:32:00,2024-06-09,4,7,In-Store,offline_store,offline,CMP01_email,Retention,Mobile,578,2,146,0.61,0.02,0.61,0.26,0.94,8.97
TP788,C455,CMP11,2024-06-12 11:52:00,2024-06-12,5,7,In-Store,offline_store,offline,CMP11_display,Conversion,Tablet,60,3,46,0.66,-0.69,0.5,0.08,0.61,7.81
TP1841,C455,CMP06,2024-06-15 11:12:00,2024-06-15,6,7,Email,email,email,CMP06_display,Retention,Mobile,1198,0,49,0.0,0.52,0.07,0.32,0.63,8.62
TP2285,C455,CMP15,2024-06-19 00:06:00,2024-06-19,7,7,Mobile,mobile_app,mobile_push,CMP15_display,Conversion,Mobile,892,7,135,0.94,0.86,0.2,0.3,0.74,5.3
TP384,C456,CMP03,2024-04-02 13:16:00,2024-04-02,1,6,Email,email,email,CMP03_influencer,Conversion,Mobile,1198,1,83,0.31,0.81,0.91,0.79,0.08,7.47
TP1455,C456,CMP17,2024-04-17 08:06:00,2024-04-17,2,6,Email,email,email,CMP17_display,Consideration,Mobile,679,0,81,0.8,0.93,0.93,0.62,0.34,7.39
TP941,C456,CMP03,2024-05-14 15:15:00,2024-05-14,3,6,Mobile,mobile_app,mobile_push,CMP03_influencer,Consideration,Tablet,116,3,3,0.66,0.43,0.18,0.81,0.12,7.52
TP884,C456,CMP12,2024-05-17 14:57:00,2024-05-17,4,6,Web,website,web_referral,CMP12_influencer,Retention,Mobile,781,8,31,0.91,0.41,0.46,0.59,0.19,7.99
TP107,C456,CMP11,2024-06-10 02:41:00,2024-06-10,5,6,Email,email,email,CMP11_display,Conversion,Mobile,625,9,179,0.06,-0.8,0.03,0.88,0.3,6.36
TP245,C456,CMP13,2024-06-24 11:31:00,2024-06-24,6,6,Mobile,mobile_app,mobile_push,CMP13_social_media,Retention,Desktop,805,4,22,0.85,-0.17,0.59,0.31,0.65,5.31
TP1036,C457,CMP16,2024-03-02 06:47:00,2024-03-02,1,3,Mobile,mobile_app,mobile_push,CMP16_social_media,Conversion,Desktop,1013,6,136,0.63,-0.58,0.52,0.21,0.7,5.5
TP744,C457,CMP05,2024-04-24 12:14:00,2024-04-24,2,3,Email,email,email,CMP05_email,Conversion,Desktop,302,6,169,0.4,-0.34,0.27,0.43,0.5,3.18
TP1581,C457,CMP13,2024-05-30 11:36:00,2024-05-30,3,3,Social,social_media,paid_social,CMP13_social_media,Retention,Mobile,433,7,155,0.68,0.56,0.8,0.43,0.57,6.7
TP1685,C458,CMP10,2024-05-22 05:18:00,2024-05-22,1,3,In-Store,offline_store,offline,CMP10_email,Conversion,Mobile,236,8,130,0.2,-0.31,0.14,0.61,0.02,7.44
TP1031,C458,CMP09,2024-06-23 08:41:00,2024-06-23,2,3,Email,email,email,CMP09_social_media,Consideration,Mobile,1043,7,128,0.59,-0.47,0.87,0.41,0.51,5.15
TP724,C458,CMP07,2024-06-24 14:00:00,2024-06-24,3,3,In-Store,offline_store,offline,CMP07_email,Conversion,Mobile,100,0,123,0.56,0.58,0.19,0.49,0.61,2.67
TP1389,C459,CMP19,2024-03-05 05:58:00,2024-03-05,1,11,Web,website,web_referral,CMP19_social_media,Conversion,Desktop,456,8,12,0.0,-0.4,0.15,0.13,0.98,8.6
TP2338,C459,CMP06,2024-03-09 19:44:00,2024-03-09,2,11,In-Store,offline_store,offline,CMP06_display,Consideration,Desktop,1134,8,10,0.71,0.17,0.47,0.97,0.68,9.55
TP936,C459,CMP02,2024-05-02 23:27:00,2024-05-02,3,11,In-Store,offline_store,offline,CMP02_email,Retention,Desktop,484,7,116,0.63,-0.43,0.98,0.09,0.62,1.9
TP2364,C459,CMP18,2024-05-04 15:54:00,2024-05-04,4,11,Social,social_media,paid_social,CMP18_influencer,Conversion,Desktop,884,0,194,0.4,0.64,0.43,0.28,0.38,5.71
TP1128,C459,CMP13,2024-05-14 10:48:00,2024-05-14,5,11,Email,email,email,CMP13_social_media,Retention,Desktop,252,5,199,0.86,0.33,0.02,0.69,0.81,6.12
TP2541,C459,CMP12,2024-05-16 21:07:00,2024-05-16,6,11,Social,social_media,paid_social,CMP12_influencer,Conversion,Tablet,1024,9,181,0.79,0.96,0.91,0.74,0.58,8.88
TP2556,C459,CMP14,2024-05-18 00:01:00,2024-05-18,7,11,Social,social_media,paid_social,CMP14_email,Conversion,Desktop,172,3,182,0.95,0.03,0.81,0.3,0.16,9.51
TP1136,C459,CMP08,2024-05-23 12:32:00,2024-05-23,8,11,Email,email,email,CMP08_search,Retention,Desktop,555,4,138,0.44,0.53,0.49,0.78,0.64,3.91
TP1373,C459,CMP13,2024-06-18 21:03:00,2024-06-18,9,11,Mobile,mobile_app,mobile_push,CMP13_social_media,Retention,Tablet,1125,3,133,0.54,0.94,0.53,0.96,0.28,6.57
TP014,C459,CMP14,2024-06-19 18:19:00,2024-06-19,10,11,In-Store,offline_store,offline,CMP14_email,Consideration,Mobile,878,7,84,0.77,-0.17,0.54,0.23,0.23,6.93
TP2516,C459,CMP16,2024-06-21 16:35:00,2024-06-21,11,11,Web,website,web_referral,CMP16_social_media,Retention,Mobile,1102,0,51,0.97,-0.91,0.25,0.37,0.05,4.28
TP1538,C460,CMP03,2024-03-18 22:43:00,2024-03-18,1,6,Web,website,web_referral,CMP03_influencer,Consideration,Desktop,244,0,137,0.66,0.87,0.72,0.1,0.11,8.94
TP422,C460,CMP03,2024-03-30 16:58:00,2024-03-30,2,6,Email,email,email,CMP03_influencer,Retention,Mobile,1040,8,188,0.49,0.85,0.09,0.45,0.33,4.62
TP943,C460,CMP09,2024-05-11 10:41:00,2024-05-11,3,6,Email,email,email,CMP09_social_media,Consideration,Desktop,891,9,5,0.03,-0.88,0.67,0.49,0.64,4.17
TP534,C460,CMP08,2024-05-23 01:42:00,2024-05-23,4,6,Web,website,web_referral,CMP08_search,Retention,Desktop,447,0,91,0.27,-0.38,0.31,0.88,0.69,9.99
TP033,C460,CMP01,2024-06-22 09:37:00,2024-06-22,5,6,Social,social_media,paid_social,CMP01_email,Consideration,Desktop,591,7,74,0.08,-0.17,0.01,0.73,0.78,3.09
TP2328,C460,CMP16,2024-06-25 23:18:00,2024-06-25,6,6,Email,email,email,CMP16_social_media,Conversion,Tablet,1106,4,63,0.43,0.48,0.12,0.1,0.87,2.76
TP2494,C461,CMP06,2024-03-05 17:59:00,2024-03-05,1,9,Social,social_media,paid_social,CMP06_display,Consideration,Desktop,844,9,151,0.71,0.16,0.81,0.9,0.6,5.89
TP2215,C461,CMP10,2024-03-06 02:40:00,2024-03-06,2,9,Web,website,web_referral,CMP10_email,Awareness,Mobile,864,10,15,0.31,-0.52,0.39,0.51,0.06,0.83
TP891,C461,CMP18,2024-03-25 12:58:00,2024-03-25,3,9,Social,social_media,paid_social,CMP18_influencer,Awareness,Mobile,53,0,1,0.54,0.77,0.22,0.89,0.83,4.05
TP2199,C461,CMP15,2024-03-30 01:04:00,2024-03-30,4,9,Mobile,mobile_app,mobile_push,CMP15_display,Awareness,Mobile,491,6,17,0.4,-0.93,0.94,0.33,0.74,7.15
TP189,C461,CMP12,2024-04-01 21:16:00,2024-04-01,5,9,In-Store,offline_store,offline,CMP12_influencer,Awareness,Mobile,856,6,37,0.41,-0.31,0.21,0.23,0.55,9.56
TP240,C461,CMP01,2024-05-17 23:27:00,2024-05-17,6,9,Social,social_media,paid_social,CMP01_email,Awareness,Desktop,548,9,117,0.35,-0.11,0.51,0.01,0.88,1.88
TP968,C461,CMP04,2024-05-21 10:51:00,2024-05-21,7,9,Web,website,web_referral,CMP04_display,Conversion,Desktop,831,4,118,0.24,-0.0,0.1,0.98,0.46,4.46
TP1008,C461,CMP13,2024-05-22 22:44:00,2024-05-22,8,9,In-Store,offline_store,offline,CMP13_social_media,Consideration,Tablet,943,9,144,0.19,0.72,0.2,0.62,0.25,9.23
TP2196,C461,CMP05,2024-06-14 11:39:00,2024-06-14,9,9,Email,email,email,CMP05_email,Consideration,Tablet,917,9,47,0.59,0.48,0.68,0.04,0.09,3.66
TP639,C462,CMP05,2024-04-15 04:49:00,2024-04-15,1,6,Email,email,email,CMP05_email,Retention,Desktop,586,8,35,0.92,-0.44,0.66,0.34,0.84,4.35
TP1443,C462,CMP07,2024-05-08 02:36:00,2024-05-08,2,6,Email,email,email,CMP07_email,Awareness,Mobile,1074,3,145,0.41,-0.41,0.05,0.95,0.09,3.74
TP174,C462,CMP10,2024-05-13 23:17:00,2024-05-13,3,6,Mobile,mobile_app,mobile_push,CMP10_email,Awareness,Desktop,554,7,101,0.29,-0.47,0.13,0.14,0.6,1.8
TP2361,C462,CMP16,2024-06-11 00:04:00,2024-06-11,4,6,Web,website,web_referral,CMP16_social_media,Consideration,Mobile,604,3,155,0.74,0.44,0.93,0.82,0.74,1.51
TP1556,C462,CMP13,2024-06-13 09:43:00,2024-06-13,5,6,Mobile,mobile_app,mobile_push,CMP13_social_media,Consideration,Mobile,388,6,58,0.95,0.14,0.91,0.72,0.16,6.56
TP108,C462,CMP10,2024-06-28 05:54:00,2024-06-28,6,6,Mobile,mobile_app,mobile_push,CMP10_email,Retention,Tablet,988,0,100,0.81,0.72,0.97,0.97,0.01,3.73
TP255,C463,CMP04,2024-03-12 03:11:00,2024-03-12,1,5,In-Store,offline_store,offline,CMP04_display,Conversion,Mobile,507,10,96,0.59,-0.04,0.61,0.27,0.09,3.11
TP2079,C463,CMP13,2024-03-16 18:47:00,2024-03-16,2,5,In-Store,offline_store,offline,CMP13_social_media,Awareness,Tablet,1049,0,57,0.46,0.07,0.29,0.69,0.74,9.36
TP2175,C463,CMP17,2024-03-31 10:12:00,2024-03-31,3,5,Web,website,web_referral,CMP17_display,Consideration,Tablet,1174,2,192,0.46,-0.86,0.78,0.11,0.67,6.76
TP2184,C463,CMP13,2024-04-13 01:36:00,2024-04-13,4,5,Social,social_media,paid_social,CMP13_social_media,Retention,Desktop,1099,8,96,0.96,0.43,0.35,0.01,0.18,6.76
TP2478,C463,CMP15,2024-05-03 01:44:00,2024-05-03,5,5,In-Store,offline_store,offline,CMP15_display,Consideration,Desktop,828,10,147,0.95,-0.6,0.71,0.44,0.93,3.75
TP045,C464,CMP10,2024-04-26 08:25:00,2024-04-26,1,4,Social,social_media,paid_social,CMP10_email,Awareness,Desktop,823,2,123,0.16,0.31,0.1,0.18,0.17,2.58
TP1945,C464,CMP12,2024-05-01 11:18:00,2024-05-01,2,4,Mobile,mobile_app,mobile_push,CMP12_influencer,Consideration,Tablet,1094,6,92,0.59,-0.68,0.9,0.44,0.96,8.68
TP2375,C464,CMP13,2024-05-18 05:20:00,2024-05-18,3,4,Web,website,web_referral,CMP13_social_media,Conversion,Desktop,677,9,103,0.51,0.75,0.2,0.16,0.84,5.67
TP320,C464,CMP05,2024-06-24 00:39:00,2024-06-24,4,4,Social,social_media,paid_social,CMP05_email,Consideration,Tablet,258,7,25,0.85,0.9,0.93,0.34,0.61,5.52
TP1019,C465,CMP09,2024-04-21 03:33:00,2024-04-21,1,2,Social,social_media,paid_social,CMP09_social_media,Retention,Mobile,359,9,148,0.73,0.33,0.94,0.97,0.36,7.06
TP2347,C465,CMP10,2024-06-27 06:41:00,2024-06-27,2,2,Email,email,email,CMP10_email,Awareness,Tablet,798,4,134,0.9,-0.79,0.17,0.75,0.26,8.39
TP1949,C466,CMP08,2024-04-14 00:37:00,2024-04-14,1,5,Social,social_media,paid_social,CMP08_search,Awareness,Tablet,517,7,60,0.43,-0.45,0.87,0.6,0.92,6.7
TP2557,C466,CMP08,2024-05-03 07:21:00,2024-05-03,2,5,Social,social_media,paid_social,CMP08_search,Awareness,Mobile,234,9,33,0.86,-0.64,0.9,0.25,0.0,6.38
TP1736,C466,CMP17,2024-05-15 19:35:00,2024-05-15,3,5,Email,email,email,CMP17_display,Consideration,Desktop,108,2,172,0.42,-0.75,0.05,0.25,0.54,8.3
TP1158,C466,CMP05,2024-06-03 05:52:00,2024-06-03,4,5,Mobile,mobile_app,mobile_push,CMP05_email,Consideration,Tablet,1096,5,99,0.75,-0.39,0.64,0.03,0.03,7.42
TP752,C466,CMP07,2024-06-09 19:24:00,2024-06-09,5,5,Web,website,web_referral,CMP07_email,Consideration,Desktop,1027,9,128,0.51,0.01,0.19,0.87,0.44,3.94
TP011,C467,CMP16,2024-04-17 13:13:00,2024-04-17,1,4,Mobile,mobile_app,mobile_push,CMP16_social_media,Retention,Mobile,835,4,40,0.38,-0.95,0.26,0.29,0.28,6.13
TP1686,C467,CMP14,2024-04-28 20:51:00,2024-04-28,2,4,Mobile,mobile_app,mobile_push,CMP14_email,Retention,Desktop,1102,5,145,0.95,-0.15,0.05,0.26,0.64,7.02
TP2283,C467,CMP09,2024-05-07 03:50:00,2024-05-07,3,4,In-Store,offline_store,offline,CMP09_social_media,Consideration,Tablet,294,1,18,0.39,-0.97,0.01,0.96,0.24,1.63
TP1886,C467,CMP02,2024-05-22 00:00:00,2024-05-22,4,4,Email,email,email,CMP02_email,Awareness,Mobile,847,10,59,0.28,0.44,0.19,0.74,0.57,3.77
TP1309,C468,CMP03,2024-06-22 19:24:00,2024-06-22,1,1,Web,website,web_referral,CMP03_influencer,Conversion,Desktop,665,7,176,0.73,0.47,0.44,0.38,0.84,8.54
TP478,C469,CMP05,2024-03-26 20:16:00,2024-03-26,1,7,Social,social_media,paid_social,CMP05_email,Consideration,Mobile,843,8,43,0.3,0.51,0.24,0.84,0.97,4.84
TP1731,C469,CMP04,2024-03-28 01:56:00,2024-03-28,2,7,Web,website,web_referral,CMP04_display,Consideration,Desktop,606,3,55,0.23,-0.51,0.01,0.52,0.49,8.72
TP1966,C469,CMP17,2024-04-03 09:19:00,2024-04-03,3,7,In-Store,offline_store,offline,CMP17_display,Retention,Tablet,1102,8,63,0.71,-0.84,0.73,0.98,0.92,5.16
TP1830,C469,CMP02,2024-04-10 05:25:00,2024-04-10,4,7,Mobile,mobile_app,mobile_push,CMP02_email,Retention,Mobile,609,6,47,0.14,-0.34,0.32,0.7,0.12,3.0
TP804,C469,CMP09,2024-05-01 17:42:00,2024-05-01,5,7,Mobile,mobile_app,mobile_push,CMP09_social_media,Conversion,Desktop,176,10,37,0.03,-0.98,0.92,0.14,0.01,0.67
TP1626,C469,CMP01,2024-05-19 14:41:00,2024-05-19,6,7,Social,social_media,paid_social,CMP01_email,Conversion,Mobile,1136,3,17,0.64,0.78,0.35,0.63,0.86,7.41
TP1846,C469,CMP12,2024-06-05 01:43:00,2024-06-05,7,7,Mobile,mobile_app,mobile_push,CMP12_influencer,Conversion,Mobile,730,7,72,0.32,0.09,0.37,0.23,0.99,3.23
TP425,C470,CMP06,2024-05-30 16:35:00,2024-05-30,1,4,In-Store,offline_store,offline,CMP06_display,Conversion,Tablet,1054,1,70,0.26,-0.7,1.0,0.22,0.94,3.93
TP1258,C470,CMP19,2024-05-31 14:15:00,2024-05-31,2,4,In-Store,offline_store,offline,CMP19_social_media,Consideration,Mobile,930,6,195,0.28,0.83,0.42,0.34,0.95,6.17
TP2015,C470,CMP15,2024-06-15 07:05:00,2024-06-15,3,4,Social,social_media,paid_social,CMP15_display,Retention,Tablet,740,10,30,0.66,-0.57,0.82,0.26,0.52,7.63
TP311,C470,CMP08,2024-06-15 07:43:00,2024-06-15,4,4,Mobile,mobile_app,mobile_push,CMP08_search,Conversion,Mobile,690,9,186,0.81,0.66,0.46,0.18,0.52,9.27
TP1760,C471,CMP19,2024-03-23 20:41:00,2024-03-23,1,9,Mobile,mobile_app,mobile_push,CMP19_social_media,Awareness,Desktop,855,2,80,0.41,-0.31,0.89,0.89,0.35,3.17
TP1704,C471,CMP09,2024-04-09 00:11:00,2024-04-09,2,9,Mobile,mobile_app,mobile_push,CMP09_social_media,Conversion,Mobile,709,6,172,0.66,-0.92,0.82,0.55,0.74,0.91
TP2340,C471,CMP16,2024-04-14 08:29:00,2024-04-14,3,9,Mobile,mobile_app,mobile_push,CMP16_social_media,Retention,Desktop,298,0,103,0.16,0.43,0.05,0.35,0.79,8.25
TP1570,C471,CMP01,2024-04-22 06:26:00,2024-04-22,4,9,Social,social_media,paid_social,CMP01_email,Conversion,Tablet,1085,8,102,0.41,0.98,0.72,0.7,0.79,9.21
TP2007,C471,CMP02,2024-05-07 00:12:00,2024-05-07,5,9,Social,social_media,paid_social,CMP02_email,Retention,Tablet,472,10,70,0.43,-0.87,0.22,0.31,0.1,0.86
TP934,C471,CMP12,2024-05-20 12:25:00,2024-05-20,6,9,Email,email,email,CMP12_influencer,Conversion,Desktop,956,6,152,0.97,0.16,0.96,0.02,0.51,5.21
TP480,C471,CMP02,2024-05-25 04:03:00,2024-05-25,7,9,In-Store,offline_store,offline,CMP02_email,Awareness,Desktop,971,6,51,0.25,-0.62,0.22,0.86,0.24,6.42
TP536,C471,CMP08,2024-06-02 09:04:00,2024-06-02,8,9,In-Store,offline_store,offline,CMP08_search,Consideration,Mobile,158,4,2,0.95,-0.03,0.9,0.6,0.22,7.32
TP1207,C471,CMP06,2024-06-06 06:06:00,2024-06-06,9,9,Email,email,email,CMP06_display,Awareness,Mobile,605,0,164,0.47,-0.97,0.47,0.26,0.82,0.55
TP1117,C472,CMP09,2024-03-16 04:14:00,2024-03-16,1,6,Web,website,web_referral,CMP09_social_media,Retention,Mobile,256,3,61,0.15,0.43,0.36,0.66,0.8,4.74
TP260,C472,CMP10,2024-03-30 16:31:00,2024-03-30,2,6,Web,website,web_referral,CMP10_email,Conversion,Mobile,396,2,14,0.63,-0.35,0.79,0.11,0.25,1.85
TP1101,C472,CMP13,2024-05-16 15:40:00,2024-05-16,3,6,Web,website,web_referral,CMP13_social_media,Consideration,Mobile,848,9,98,0.38,-0.98,0.79,0.11,0.86,4.01
TP138,C472,CMP09,2024-05-25 22:29:00,2024-05-25,4,6,Social,social_media,paid_social,CMP09_social_media,Consideration,Tablet,417,8,28,0.96,-0.26,0.18,0.08,0.55,9.61
TP1703,C472,CMP06,2024-06-05 11:41:00,2024-06-05,5,6,Social,social_media,paid_social,CMP06_display,Conversion,Mobile,641,2,23,0.95,0.06,0.09,0.75,0.99,8.94
TP2182,C472,CMP06,2024-06-26 20:25:00,2024-06-26,6,6,Email,email,email,CMP06_display,Awareness,Tablet,926,5,169,0.86,-0.63,0.18,0.91,0.81,7.31
TP346,C473,CMP12,2024-03-11 11:09:00,2024-03-11,1,6,Social,social_media,paid_social,CMP12_influencer,Awareness,Desktop,504,7,2,0.78,0.83,0.51,0.35,0.76,3.2
TP230,C473,CMP10,2024-03-15 19:03:00,2024-03-15,2,6,Email,email,email,CMP10_email,Awareness,Desktop,563,1,131,0.44,0.31,1.0,0.46,0.1,6.64
TP1532,C473,CMP09,2024-04-09 23:47:00,2024-04-09,3,6,Web,website,web_referral,CMP09_social_media,Retention,Tablet,1166,1,41,0.91,-0.45,0.13,0.15,0.3,1.95
TP392,C473,CMP10,2024-04-22 08:35:00,2024-04-22,4,6,Web,website,web_referral,CMP10_email,Retention,Mobile,486,5,144,0.03,0.06,0.1,0.59,0.2,5.62
TP1231,C473,CMP18,2024-04-25 11:56:00,2024-04-25,5,6,Email,email,email,CMP18_influencer,Retention,Desktop,373,1,59,0.95,0.14,0.36,0.36,0.03,3.67
TP2405,C473,CMP06,2024-04-26 21:51:00,2024-04-26,6,6,In-Store,offline_store,offline,CMP06_display,Consideration,Desktop,492,7,196,0.69,-0.15,0.09,0.91,0.49,7.79
TP651,C474,CMP02,2024-03-30 07:10:00,2024-03-30,1,7,Mobile,mobile_app,mobile_push,CMP02_email,Retention,Desktop,572,6,115,0.73,0.22,0.91,0.39,0.22,2.35
TP599,C474,CMP07,2024-04-05 20:14:00,2024-04-05,2,7,Web,website,web_referral,CMP07_email,Consideration,Desktop,830,4,15,0.34,-0.41,0.37,0.29,0.56,9.84
TP1241,C474,CMP02,2024-04-07 10:25:00,2024-04-07,3,7,Web,website,web_referral,CMP02_email,Retention,Mobile,960,4,55,0.03,-0.15,0.19,0.13,0.27,5.99
TP1205,C474,CMP13,2024-04-08 10:42:00,2024-04-08,4,7,In-Store,offline_store,offline,CMP13_social_media,Retention,Tablet,760,4,38,0.45,-0.44,0.81,0.19,0.61,8.17
TP2005,C474,CMP03,2024-04-23 12:43:00,2024-04-23,5,7,Email,email,email,CMP03_influencer,Awareness,Desktop,792,0,38,0.13,-0.5,0.82,0.88,0.04,7.62
TP505,C474,CMP06,2024-05-13 10:59:00,2024-05-13,6,7,In-Store,offline_store,offline,CMP06_display,Conversion,Desktop,1093,2,102,0.33,0.16,0.3,0.32,0.5,3.35
TP2314,C474,CMP04,2024-06-22 03:01:00,2024-06-22,7,7,Email,email,email,CMP04_display,Conversion,Tablet,698,4,6,0.33,0.77,0.92,0.31,0.49,7.4
TP687,C475,CMP03,2024-04-16 11:47:00,2024-04-16,1,4,Mobile,mobile_app,mobile_push,CMP03_influencer,Awareness,Mobile,513,8,112,0.35,-0.52,0.56,0.35,0.94,2.69
TP168,C475,CMP06,2024-05-27 15:46:00,2024-05-27,2,4,Mobile,mobile_app,mobile_push,CMP06_display,Retention,Mobile,679,6,175,0.2,-0.99,0.96,0.94,0.05,4.19
TP040,C475,CMP10,2024-06-16 04:53:00,2024-06-16,3,4,In-Store,offline_store,offline,CMP10_email,Awareness,Desktop,265,7,147,0.84,-1.0,0.05,0.19,0.38,8.71
TP1600,C475,CMP15,2024-06-16 15:56:00,2024-06-16,4,4,Social,social_media,paid_social,CMP15_display,Awareness,Mobile,384,6,97,0.64,0.06,0.53,0.59,0.02,9.94
TP344,C476,CMP10,2024-03-08 09:08:00,2024-03-08,1,10,In-Store,offline_store,offline,CMP10_email,Conversion,Desktop,298,8,147,0.33,-0.7,0.17,0.23,0.83,1.74
TP043,C476,CMP16,2024-03-30 17:11:00,2024-03-30,2,10,Web,website,web_referral,CMP16_social_media,Retention,Mobile,792,9,124,0.62,0.8,0.55,0.1,0.5,5.48
TP1669,C476,CMP17,2024-04-02 05:44:00,2024-04-02,3,10,Mobile,mobile_app,mobile_push,CMP17_display,Consideration,Mobile,974,8,35,0.12,-0.03,0.39,0.89,0.53,7.44
TP883,C476,CMP06,2024-04-16 17:51:00,2024-04-16,4,10,Email,email,email,CMP06_display,Consideration,Tablet,63,7,150,0.9,-0.98,0.16,0.04,0.27,3.03
TP1693,C476,CMP11,2024-05-06 06:54:00,2024-05-06,5,10,Mobile,mobile_app,mobile_push,CMP11_display,Awareness,Tablet,106,6,122,0.98,-0.32,0.38,0.74,0.48,7.59
TP1847,C476,CMP06,2024-05-18 03:59:00,2024-05-18,6,10,In-Store,offline_store,offline,CMP06_display,Awareness,Desktop,1008,0,134,0.32,-0.25,0.6,0.2,0.91,1.49
TP1018,C476,CMP17,2024-05-31 07:14:00,2024-05-31,7,10,In-Store,offline_store,offline,CMP17_display,Retention,Tablet,714,10,84,0.91,-0.89,0.12,0.01,0.84,5.95
TP2166,C476,CMP04,2024-06-10 01:42:00,2024-06-10,8,10,Web,website,web_referral,CMP04_display,Conversion,Tablet,1142,3,194,0.83,0.84,0.17,0.57,0.23,6.71
TP1636,C476,CMP15,2024-06-18 02:49:00,2024-06-18,9,10,Web,website,web_referral,CMP15_display,Awareness,Desktop,262,7,157,0.44,0.45,0.1,0.35,0.16,3.94
TP684,C476,CMP07,2024-06-18 10:51:00,2024-06-18,10,10,In-Store,offline_store,offline,CMP07_email,Conversion,Tablet,323,9,106,0.68,-0.79,0.04,0.4,0.9,2.11
TP2262,C477,CMP01,2024-04-05 02:40:00,2024-04-05,1,9,Mobile,mobile_app,mobile_push,CMP01_email,Conversion,Tablet,282,0,45,0.24,-0.38,0.63,0.65,0.25,7.58
TP2296,C477,CMP12,2024-04-05 06:35:00,2024-04-05,2,9,In-Store,offline_store,offline,CMP12_influencer,Consideration,Mobile,845,5,98,0.4,0.34,0.79,0.36,0.97,4.49
TP458,C477,CMP07,2024-04-08 12:36:00,2024-04-08,3,9,In-Store,offline_store,offline,CMP07_email,Awareness,Desktop,223,9,136,0.59,0.75,0.27,1.0,0.75,1.97
TP1981,C477,CMP04,2024-04-17 07:12:00,2024-04-17,4,9,In-Store,offline_store,offline,CMP04_display,Consideration,Mobile,1016,5,115,0.69,-0.65,0.93,0.4,0.83,2.22
TP2372,C477,CMP06,2024-05-10 08:21:00,2024-05-10,5,9,Email,email,email,CMP06_display,Retention,Desktop,550,3,1,0.09,0.08,0.48,0.92,0.76,5.12
TP1657,C477,CMP04,2024-05-13 19:40:00,2024-05-13,6,9,Mobile,mobile_app,mobile_push,CMP04_display,Consideration,Desktop,279,0,91,0.46,0.06,0.11,0.63,0.46,0.62
TP094,C477,CMP16,2024-05-31 09:16:00,2024-05-31,7,9,Social,social_media,paid_social,CMP16_social_media,Consideration,Desktop,853,2,131,0.45,-0.72,0.04,0.35,0.61,8.94
TP2045,C477,CMP01,2024-06-08 17:44:00,2024-06-08,8,9,In-Store,offline_store,offline,CMP01_email,Retention,Tablet,152,3,96,0.72,-0.97,0.02,0.94,0.76,7.28
TP514,C477,CMP01,2024-06-26 02:41:00,2024-06-26,9,9,Social,social_media,paid_social,CMP01_email,Awareness,Tablet,146,0,12,0.06,0.8,0.98,0.05,0.89,6.75
TP1984,C478,CMP07,2024-03-26 16:55:00,2024-03-26,1,8,Email,email,email,CMP07_email,Retention,Tablet,609,10,11,0.62,-0.38,0.98,0.59,0.81,3.96
TP2062,C478,CMP16,2024-04-21 17:26:00,2024-04-21,2,8,In-Store,offline_store,offline,CMP16_social_media,Consideration,Desktop,1163,5,2,0.51,0.11,0.04,0.38,0.18,9.01
TP1645,C478,CMP09,2024-05-08 14:46:00,2024-05-08,3,8,Email,email,email,CMP09_social_media,Conversion,Desktop,434,5,150,0.02,-0.53,0.49,0.61,0.55,4.14
TP350,C478,CMP08,2024-05-29 13:38:00,2024-05-29,4,8,In-Store,offline_store,offline,CMP08_search,Consideration,Tablet,317,3,187,0.26,-0.41,0.1,0.61,0.86,4.18
TP1917,C478,CMP11,2024-06-11 05:01:00,2024-06-11,5,8,Email,email,email,CMP11_display,Awareness,Mobile,627,6,68,0.06,0.71,0.46,0.77,0.7,3.48
TP1462,C478,CMP18,2024-06-17 00:33:00,2024-06-17,6,8,In-Store,offline_store,offline,CMP18_influencer,Conversion,Desktop,579,7,189,0.86,-0.68,0.25,0.47,0.42,9.82
TP1066,C478,CMP08,2024-06-20 18:20:00,2024-06-20,7,8,Email,email,email,CMP08_search,Consideration,Mobile,317,10,44,0.4,-0.55,0.06,0.36,0.15,4.5
TP2453,C478,CMP05,2024-06-29 02:29:00,2024-06-29,8,8,Email,email,email,CMP05_email,Consideration,Desktop,459,7,18,0.01,0.59,0.45,0.56,0.91,5.85
TP1939,C479,CMP19,2024-03-17 12:00:00,2024-03-17,1,1,Web,website,web_referral,CMP19_social_media,Conversion,Tablet,1000,9,66,0.64,0.17,0.57,0.04,0.87,2.2
TP575,C480,CMP18,2024-05-22 21:36:00,2024-05-22,1,1,Mobile,mobile_app,mobile_push,CMP18_influencer,Consideration,Mobile,862,9,24,0.36,-0.34,0.4,0.13,0.07,4.21
TP1690,C481,CMP08,2024-03-23 17:45:00,2024-03-23,1,7,Web,website,web_referral,CMP08_search,Retention,Desktop,64,3,124,0.87,0.4,0.3,0.17,0.33,3.56
TP1100,C481,CMP17,2024-04-23 09:24:00,2024-04-23,2,7,Social,social_media,paid_social,CMP17_display,Retention,Mobile,1029,4,150,0.07,-0.98,0.2,0.85,0.45,9.14
TP1533,C481,CMP03,2024-05-02 04:52:00,2024-05-02,3,7,Email,email,email,CMP03_influencer,Consideration,Tablet,827,3,99,0.49,-0.07,0.99,0.29,0.58,3.95
TP445,C481,CMP02,2024-05-10 23:10:00,2024-05-10,4,7,Web,website,web_referral,CMP02_email,Retention,Tablet,188,2,43,0.0,-0.84,0.94,0.56,0.34,4.21
TP474,C481,CMP03,2024-05-23 00:51:00,2024-05-23,5,7,In-Store,offline_store,offline,CMP03_influencer,Conversion,Tablet,731,10,37,0.31,-0.08,0.6,0.17,0.13,9.95
TP564,C481,CMP09,2024-06-18 16:00:00,2024-06-18,6,7,Email,email,email,CMP09_social_media,Conversion,Mobile,1136,6,63,0.32,0.8,0.23,0.79,0.34,2.9
TP1437,C481,CMP06,2024-06-29 20:58:00,2024-06-29,7,7,Web,website,web_referral,CMP06_display,Awareness,Desktop,719,9,180,0.67,0.82,0.88,0.74,0.76,1.84
TP2342,C482,CMP04,2024-03-01 04:34:00,2024-03-01,1,5,Social,social_media,paid_social,CMP04_display,Conversion,Mobile,564,6,37,0.92,0.6,0.64,0.93,0.42,4.09
TP2289,C482,CMP08,2024-04-15 11:48:00,2024-04-15,2,5,Email,email,email,CMP08_search,Retention,Tablet,557,10,93,0.85,0.17,0.03,0.83,0.36,3.83
TP1894,C482,CMP17,2024-04-26 01:03:00,2024-04-26,3,5,In-Store,offline_store,offline,CMP17_display,Awareness,Tablet,753,2,84,0.36,-0.88,0.45,0.6,0.5,8.33
TP1096,C482,CMP14,2024-05-06 04:13:00,2024-05-06,4,5,Mobile,mobile_app,mobile_push,CMP14_email,Retention,Desktop,656,5,106,0.52,0.81,0.7,0.04,0.62,7.63
TP2510,C482,CMP08,2024-05-20 17:19:00,2024-05-20,5,5,Social,social_media,paid_social,CMP08_search,Retention,Mobile,385,2,96,0.79,0.91,0.45,0.16,0.36,4.16
TP1987,C483,CMP19,2024-04-10 12:00:00,2024-04-10,1,3,Social,social_media,paid_social,CMP19_social_media,Retention,Mobile,771,4,63,0.77,0.83,0.82,0.02,0.46,9.18
TP1393,C483,CMP08,2024-04-17 23:50:00,2024-04-17,2,3,Mobile,mobile_app,mobile_push,CMP08_search,Consideration,Mobile,656,6,173,0.77,0.88,0.28,0.9,0.55,5.89
TP1996,C483,CMP05,2024-05-17 02:48:00,2024-05-17,3,3,Mobile,mobile_app,mobile_push,CMP05_email,Retention,Tablet,556,3,84,0.16,-0.67,0.53,0.08,0.46,6.97
TP406,C484,CMP03,2024-04-25 11:52:00,2024-04-25,1,4,Social,social_media,paid_social,CMP03_influencer,Conversion,Tablet,1068,6,51,0.99,0.53,0.2,0.86,0.82,4.74
TP2301,C484,CMP17,2024-05-08 23:39:00,2024-05-08,2,4,Mobile,mobile_app,mobile_push,CMP17_display,Awareness,Desktop,48,2,56,0.79,-0.74,0.74,0.16,0.31,1.33
TP805,C484,CMP01,2024-05-21 06:49:00,2024-05-21,3,4,Social,social_media,paid_social,CMP01_email,Awareness,Desktop,1110,8,158,0.3,-0.34,0.11,0.08,0.88,4.65
TP102,C484,CMP05,2024-06-13 09:52:00,2024-06-13,4,4,Email,email,email,CMP05_email,Consideration,Mobile,746,6,65,0.36,0.61,0.51,0.14,0.11,2.15
TP284,C485,CMP13,2024-04-08 06:27:00,2024-04-08,1,9,Email,email,email,CMP13_social_media,Conversion,Desktop,926,3,48,0.17,0.32,0.62,0.5,0.53,0.63
TP1943,C485,CMP10,2024-04-16 02:47:00,2024-04-16,2,9,In-Store,offline_store,offline,CMP10_email,Consideration,Mobile,983,0,109,0.19,-0.95,0.28,0.44,0.82,8.8
TP199,C485,CMP13,2024-04-19 10:35:00,2024-04-19,3,9,Email,email,email,CMP13_social_media,Retention,Desktop,1146,3,145,0.79,-0.47,0.63,0.51,0.89,2.27
TP057,C485,CMP05,2024-05-10 05:53:00,2024-05-10,4,9,Email,email,email,CMP05_email,Retention,Mobile,1067,8,174,0.81,0.25,0.4,0.5,0.11,5.96
TP635,C485,CMP16,2024-05-15 00:52:00,2024-05-15,5,9,Social,social_media,paid_social,CMP16_social_media,Consideration,Desktop,989,6,112,0.79,0.49,0.79,0.94,0.96,9.23
TP1027,C485,CMP04,2024-05-29 22:17:00,2024-05-29,6,9,Mobile,mobile_app,mobile_push,CMP04_display,Retention,Mobile,1052,10,100,0.89,0.52,0.64,0.94,0.23,6.07
TP2090,C485,CMP02,2024-05-31 15:38:00,2024-05-31,7,9,Web,website,web_referral,CMP02_email,Retention,Tablet,784,0,16,1.0,0.85,0.68,0.04,0.96,8.63
TP1470,C485,CMP14,2024-05-31 23:04:00,2024-05-31,8,9,Web,website,web_referral,CMP14_email,Consideration,Tablet,1076,0,39,0.63,-0.05,0.76,0.34,0.86,5.38
TP1233,C485,CMP11,2024-06-22 17:03:00,2024-06-22,9,9,Mobile,mobile_app,mobile_push,CMP11_display,Consideration,Mobile,384,7,182,0.08,0.52,0.95,0.94,0.47,5.66
TP1823,C486,CMP15,2024-03-09 08:07:00,2024-03-09,1,3,Social,social_media,paid_social,CMP15_display,Awareness,Tablet,167,1,182,0.41,0.67,0.17,0.08,0.53,9.17
TP2150,C486,CMP06,2024-06-09 07:47:00,2024-06-09,2,3,Email,email,email,CMP06_display,Awareness,Tablet,127,6,13,0.17,-0.34,0.44,0.74,0.77,2.96
TP1318,C486,CMP05,2024-06-16 21:54:00,2024-06-16,3,3,Email,email,email,CMP05_email,Conversion,Tablet,1150,1,64,0.54,-0.17,0.82,0.26,0.04,2.45
TP754,C487,CMP18,2024-03-11 08:49:00,2024-03-11,1,2,Email,email,email,CMP18_influencer,Consideration,Tablet,457,9,64,0.08,0.67,0.94,0.02,0.94,7.52
TP623,C487,CMP11,2024-03-21 12:58:00,2024-03-21,2,2,Social,social_media,paid_social,CMP11_display,Consideration,Tablet,1102,1,89,0.64,0.63,0.77,0.54,0.48,1.85
TP1046,C488,CMP12,2024-05-28 05:03:00,2024-05-28,1,2,In-Store,offline_store,offline,CMP12_influencer,Conversion,Mobile,1030,9,71,0.35,-0.71,0.28,0.74,0.14,3.01
TP617,C488,CMP15,2024-06-17 10:16:00,2024-06-17,2,2,In-Store,offline_store,offline,CMP15_display,Retention,Tablet,933,10,170,0.7,0.82,0.27,0.62,0.26,1.08
TP1955,C489,CMP19,2024-03-10 13:27:00,2024-03-10,1,3,Social,social_media,paid_social,CMP19_social_media,Retention,Mobile,1165,0,170,0.53,0.73,0.23,0.09,0.31,2.63
TP2350,C489,CMP16,2024-03-14 17:07:00,2024-03-14,2,3,Email,email,email,CMP16_social_media,Conversion,Desktop,135,0,128,0.04,0.69,0.44,0.41,0.93,1.78
TP335,C489,CMP03,2024-03-17 00:46:00,2024-03-17,3,3,Social,social_media,paid_social,CMP03_influencer,Consideration,Tablet,590,4,130,0.46,0.72,0.05,0.66,0.2,3.53
TP487,C490,CMP13,2024-03-21 13:15:00,2024-03-21,1,5,In-Store,offline_store,offline,CMP13_social_media,Conversion,Tablet,482,7,68,0.68,0.05,0.96,0.58,0.72,5.74
TP1990,C490,CMP09,2024-03-28 05:26:00,2024-03-28,2,5,In-Store,offline_store,offline,CMP09_social_media,Retention,Desktop,762,0,197,0.04,0.61,0.28,0.6,0.27,9.81
TP149,C490,CMP18,2024-04-14 20:28:00,2024-04-14,3,5,Social,social_media,paid_social,CMP18_influencer,Conversion,Desktop,787,9,166,0.06,-0.12,0.29,0.43,0.72,5.78
TP2140,C490,CMP07,2024-04-29 09:24:00,2024-04-29,4,5,In-Store,offline_store,offline,CMP07_email,Retention,Mobile,959,0,194,0.84,-0.86,0.65,0.79,0.87,4.93
TP503,C490,CMP03,2024-05-26 19:10:00,2024-05-26,5,5,Mobile,mobile_app,mobile_push,CMP03_influencer,Retention,Desktop,145,6,72,0.92,0.91,0.15,0.95,0.13,7.21
TP1621,C491,CMP15,2024-03-15 13:22:00,2024-03-15,1,6,Social,social_media,paid_social,CMP15_display,Retention,Tablet,920,8,76,0.22,0.66,0.3,0.47,0.89,6.06
TP1726,C491,CMP02,2024-04-18 19:23:00,2024-04-18,2,6,In-Store,offline_store,offline,CMP02_email,Conversion,Tablet,136,3,132,0.1,-0.64,0.01,0.55,0.2,2.64
TP561,C491,CMP17,2024-05-20 23:38:00,2024-05-20,3,6,Mobile,mobile_app,mobile_push,CMP17_display,Consideration,Mobile,128,10,200,0.54,0.42,0.84,0.82,0.13,7.79
TP1893,C491,CMP07,2024-05-22 09:26:00,2024-05-22,4,6,Social,social_media,paid_social,CMP07_email,Awareness,Tablet,375,3,34,0.26,0.44,0.06,0.53,0.32,8.32
TP1352,C491,CMP18,2024-05-25 01:59:00,2024-05-25,5,6,Web,website,web_referral,CMP18_influencer,Retention,Desktop,727,1,36,0.59,-0.02,0.47,0.43,0.02,9.58
TP1889,C491,CMP07,2024-06-02 13:34:00,2024-06-02,6,6,Social,social_media,paid_social,CMP07_email,Conversion,Mobile,1048,0,25,1.0,0.84,0.24,0.63,0.9,5.12
TP568,C492,CMP03,2024-03-09 08:21:00,2024-03-09,1,6,Social,social_media,paid_social,CMP03_influencer,Awareness,Mobile,214,5,52,0.03,0.69,0.41,0.4,0.74,9.69
TP025,C492,CMP02,2024-03-18 08:56:00,2024-03-18,2,6,In-Store,offline_store,offline,CMP02_email,Consideration,Desktop,502,0,126,0.04,0.5,0.29,0.83,0.96,6.96
TP1539,C492,CMP12,2024-04-07 00:03:00,2024-04-07,3,6,In-Store,offline_store,offline,CMP12_influencer,Awareness,Desktop,517,9,130,0.17,-0.98,0.9,0.94,0.09,9.17
TP831,C492,CMP16,2024-04-14 13:55:00,2024-04-14,4,6,Web,website,web_referral,CMP16_social_media,Retention,Tablet,1046,2,181,0.14,0.53,0.46,0.09,0.92,7.09
TP2399,C492,CMP06,2024-04-21 15:12:00,2024-04-21,5,6,In-Store,offline_store,offline,CMP06_display,Conversion,Tablet,1035,10,7,0.28,0.33,0.51,0.22,0.97,7.43
TP136,C492,CMP09,2024-05-15 06:11:00,2024-05-15,6,6,Web,website,web_referral,CMP09_social_media,Awareness,Tablet,842,9,105,0.21,0.51,0.92,0.83,0.44,3.19
TP1224,C493,CMP04,2024-03-07 14:59:00,2024-03-07,1,6,Social,social_media,paid_social,CMP04_display,Consideration,Desktop,545,6,89,0.19,0.9,0.44,0.03,0.17,5.0
TP733,C493,CMP17,2024-03-15 02:46:00,2024-03-15,2,6,In-Store,offline_store,offline,CMP17_display,Retention,Desktop,289,3,171,0.06,-0.93,0.2,0.56,0.15,5.32
TP2021,C493,CMP15,2024-03-18 13:36:00,2024-03-18,3,6,Mobile,mobile_app,mobile_push,CMP15_display,Retention,Desktop,79,0,130,0.83,-0.96,0.55,0.98,0.08,7.93
TP676,C493,CMP08,2024-03-25 18:07:00,2024-03-25,4,6,Mobile,mobile_app,mobile_push,CMP08_search,Conversion,Mobile,144,4,58,0.02,0.86,0.31,0.12,0.6,9.97
TP125,C493,CMP16,2024-04-07 18:39:00,2024-04-07,5,6,Social,social_media,paid_social,CMP16_social_media,Consideration,Tablet,988,9,4,0.88,-0.04,0.19,0.32,0.92,1.89
TP2115,C493,CMP10,2024-04-18 09:06:00,2024-04-18,6,6,Web,website,web_referral,CMP10_email,Consideration,Desktop,96,8,3,0.04,-0.35,0.24,0.92,0.32,7.01
TP2078,C494,CMP18,2024-03-01 20:53:00,2024-03-01,1,4,Email,email,email,CMP18_influencer,Awareness,Mobile,57,5,136,0.16,-0.11,0.47,0.19,0.77,5.24
TP531,C494,CMP12,2024-05-10 14:17:00,2024-05-10,2,4,Web,website,web_referral,CMP12_influencer,Retention,Desktop,1189,5,125,0.72,-0.4,0.46,0.16,0.91,4.92
TP1782,C494,CMP09,2024-06-12 22:53:00,2024-06-12,3,4,In-Store,offline_store,offline,CMP09_social_media,Retention,Mobile,67,0,176,0.09,-0.16,0.08,0.46,1.0,2.02
TP1801,C494,CMP08,2024-06-27 04:18:00,2024-06-27,4,4,Social,social_media,paid_social,CMP08_search,Consideration,Tablet,900,1,52,0.61,-0.03,0.07,0.51,0.12,9.22
TP2154,C495,CMP17,2024-03-07 18:00:00,2024-03-07,1,4,Mobile,mobile_app,mobile_push,CMP17_display,Retention,Tablet,109,7,178,0.98,-0.46,0.87,0.97,0.56,8.7
TP1441,C495,CMP15,2024-03-24 01:12:00,2024-03-24,2,4,Email,email,email,CMP15_display,Retention,Mobile,977,7,131,0.32,0.52,0.42,0.86,0.23,1.93
TP2457,C495,CMP18,2024-03-24 17:56:00,2024-03-24,3,4,In-Store,offline_store,offline,CMP18_influencer,Conversion,Tablet,1142,3,46,0.05,-0.97,0.54,0.89,0.68,2.95
TP1716,C495,CMP06,2024-04-29 01:57:00,2024-04-29,4,4,Email,email,email,CMP06_display,Awareness,Tablet,93,5,140,0.04,0.76,0.81,0.81,0.54,4.72
TP1541,C496,CMP07,2024-04-04 22:26:00,2024-04-04,1,5,Social,social_media,paid_social,CMP07_email,Conversion,Desktop,108,5,117,0.46,-0.08,0.38,0.36,0.37,9.79
TP1015,C496,CMP06,2024-04-29 17:31:00,2024-04-29,2,5,In-Store,offline_store,offline,CMP06_display,Conversion,Mobile,1108,6,117,0.27,-0.68,0.87,0.22,0.5,9.79
TP750,C496,CMP06,2024-05-14 11:17:00,2024-05-14,3,5,Social,social_media,paid_social,CMP06_display,Awareness,Desktop,460,2,144,0.13,0.83,0.31,0.35,0.28,6.5
TP2281,C496,CMP19,2024-05-17 20:25:00,2024-05-17,4,5,In-Store,offline_store,offline,CMP19_social_media,Consideration,Desktop,677,2,87,0.89,-0.44,0.64,0.74,0.81,7.57
TP851,C496,CMP08,2024-06-06 22:47:00,2024-06-06,5,5,Email,email,email,CMP08_search,Awareness,Tablet,846,2,47,0.7,0.96,0.41,0.74,0.89,6.04
TP753,C497,CMP07,2024-03-12 20:24:00,2024-03-12,1,10,Email,email,email,CMP07_email,Consideration,Desktop,924,5,65,0.9,0.65,0.15,0.78,0.14,8.0
TP1549,C497,CMP16,2024-04-01 15:00:00,2024-04-01,2,10,Social,social_media,paid_social,CMP16_social_media,Awareness,Mobile,128,9,141,0.07,0.95,0.85,0.18,0.49,8.2
TP265,C497,CMP01,2024-04-03 07:46:00,2024-04-03,3,10,In-Store,offline_store,offline,CMP01_email,Conversion,Mobile,299,7,32,0.14,-0.48,0.19,0.25,0.76,2.34
TP683,C497,CMP17,2024-04-04 20:46:00,2024-04-04,4,10,Email,email,email,CMP17_display,Conversion,Tablet,875,2,132,0.21,0.36,0.01,1.0,0.57,7.32
TP2044,C497,CMP13,2024-04-13 23:41:00,2024-04-13,5,10,In-Store,offline_store,offline,CMP13_social_media,Consideration,Desktop,280,3,102,0.19,0.64,0.88,0.55,0.63,3.29
TP1931,C497,CMP01,2024-04-23 09:23:00,2024-04-23,6,10,Mobile,mobile_app,mobile_push,CMP01_email,Conversion,Desktop,276,9,87,0.03,0.97,0.57,0.18,0.6,4.39
TP468,C497,CMP07,2024-05-09 16:56:00,2024-05-09,7,10,In-Store,offline_store,offline,CMP07_email,Retention,Mobile,278,0,162,0.49,0.46,0.24,0.56,0.16,7.21
TP2393,C497,CMP03,2024-05-19 12:25:00,2024-05-19,8,10,Social,social_media,paid_social,CMP03_influencer,Consideration,Mobile,117,1,71,0.81,-0.14,0.45,0.61,0.34,6.82
TP643,C497,CMP08,2024-05-21 17:09:00,2024-05-21,9,10,Email,email,email,CMP08_search,Conversion,Mobile,786,0,179,0.6,0.63,0.79,0.24,0.59,7.49
TP2012,C497,CMP06,2024-06-14 02:02:00,2024-06-14,10,10,Email,email,email,CMP06_display,Consideration,Mobile,479,9,177,0.65,-0.22,0.17,0.59,0.04,4.5
TP2508,C498,CMP11,2024-03-15 13:53:00,2024-03-15,1,5,Web,website,web_referral,CMP11_display,Consideration,Tablet,441,3,85,0.65,0.37,0.98,0.66,0.33,6.39
TP1667,C498,CMP14,2024-03-19 21:46:00,2024-03-19,2,5,Mobile,mobile_app,mobile_push,CMP14_email,Consideration,Mobile,851,9,144,0.55,-0.48,0.8,0.06,0.04,4.87
TP1978,C498,CMP02,2024-03-24 10:16:00,2024-03-24,3,5,In-Store,offline_store,offline,CMP02_email,Awareness,Desktop,802,8,24,0.41,-0.87,0.86,0.5,0.16,7.26
TP1912,C498,CMP04,2024-06-04 05:22:00,2024-06-04,4,5,Email,email,email,CMP04_display,Conversion,Desktop,621,5,190,0.35,0.87,0.9,0.03,0.57,0.72
TP2069,C498,CMP15,2024-06-19 14:47:00,2024-06-19,5,5,Social,social_media,paid_social,CMP15_display,Conversion,Mobile,987,9,51,0.27,-0.28,0.13,0.08,0.74,9.85
TP2246,C499,CMP02,2024-03-03 05:12:00,2024-03-03,1,3,Social,social_media,paid_social,CMP02_email,Conversion,Mobile,670,1,52,0.9,0.64,0.62,1.0,0.05,0.56
TP715,C499,CMP06,2024-04-15 05:45:00,2024-04-15,2,3,In-Store,offline_store,offline,CMP06_display,Consideration,Mobile,977,4,85,0.48,-0.91,0.62,0.64,0.33,2.43
TP141,C499,CMP02,2024-05-30 16:01:00,2024-05-30,3,3,Social,social_media,paid_social,CMP02_email,Consideration,Mobile,742,8,77,0.35,0.01,0.45,0.03,0.44,0.64
